// Generated by tools/led-matrix-sim/badapple.py from the Bad Apple!! shadow-art PV
// (6572 frames at 30 fps). Do not edit; rerun the script instead.
// 3286 frames, 12x16, 4 grey levels, 15 fps, run-length encoded:
// each byte is (level << 6) | (run length - 1), row-major from the top-left.

#pragma once

#include <stdint.h>

#define BKLM_BADAPPLE_FRAMES 3286
#define BKLM_BADAPPLE_FPS 15

static const uint8_t bklm_badapple_rle[141747] = {
    0x3F, 0x3F, 0x3F, 0x3F, 0x3F, 0x3F, 0x3F, 0x3F, 0x3F, 0x3F, 0x3F, 0x3F, 0x3F, 0x3F, 0x3F, 0x3F, 0x3F, 0x3F, 0x3F, 0x3F, 0x3F, 0x3F, 0x3F, 0x3F,
    0x3F, 0x3F, 0x3F, 0x3F, 0x3F, 0x3F, 0x3F, 0x3F, 0x3F, 0x3F, 0x3F, 0x3F, 0x3F, 0x3F, 0x3F, 0x3F, 0x3F, 0x3F, 0x3F, 0x3F, 0x3F, 0x3F, 0x3F, 0x3F,
    0x3F, 0x3F, 0x3F, 0x3F, 0x3F, 0x3F, 0x3F, 0x3F, 0x3F, 0x3F, 0x3F, 0x3F, 0x3F, 0x3F, 0x3F, 0x3F, 0x3F, 0x3F, 0x3F, 0x3F, 0x3F, 0x3F, 0x12, 0x40,
    0x0A, 0x40, 0x3F, 0x1F, 0x3F, 0x3F, 0x3F, 0x08, 0x80, 0xC1, 0x08, 0x80, 0xC1, 0x08, 0x80, 0xC1, 0x08, 0x40, 0xC1, 0x08, 0x40, 0xC1, 0x08, 0x40,
    0xC1, 0x09, 0xC1, 0x08, 0x40, 0xC1, 0x08, 0x40, 0xC1, 0x08, 0x40, 0xC1, 0x09, 0xC1, 0x09, 0x40, 0xC0, 0x0A, 0xC0, 0x0A, 0x40, 0x17, 0x08, 0x80,
    0xC1, 0x08, 0xC2, 0x07, 0xC3, 0x07, 0xC3, 0x07, 0xC3, 0x07, 0xC3, 0x08, 0xC2, 0x07, 0x80, 0xC2, 0x08, 0x80, 0xC1, 0x09, 0x40, 0xC0, 0x0A, 0x40,
    0x3B, 0x09, 0x80, 0xC0, 0x08, 0x40, 0xC1, 0x08, 0xC2, 0x07, 0x80, 0xC2, 0x07, 0xC3, 0x09, 0x80, 0xC0, 0x09, 0xC1, 0x09, 0x40, 0xC0, 0x3F, 0x1F,
    0x0A, 0xC0, 0x09, 0x80, 0xC0, 0x08, 0x40, 0xC1, 0x08, 0x80, 0xC1, 0x08, 0x40, 0x81, 0x0A, 0x80, 0x0A, 0x40, 0x3F, 0x2B, 0x0A, 0x80, 0x0A, 0xC0,
    0x0A, 0xC0, 0x09, 0x40, 0xC0, 0x09, 0x40, 0x80, 0x0A, 0x40, 0x3F, 0x37, 0x2E, 0x40, 0x01, 0x40, 0x07, 0x80, 0x01, 0x40, 0x13, 0x40, 0x3F, 0x2B,
    0x3F, 0x0A, 0x40, 0x3F, 0x33, 0x17, 0x80, 0x0A, 0x40, 0x0A, 0x40, 0x22, 0x40, 0x0A, 0x40, 0x3F, 0x1E, 0x40, 0x0A, 0xC0, 0x0A, 0xC0, 0x40, 0x09,
    0xC0, 0x0A, 0xC0, 0x00, 0x40, 0x08, 0xC0, 0x00, 0x40, 0x08, 0xC0, 0x0A, 0xC0, 0x0A, 0xC0, 0x0A, 0x80, 0x3F, 0x12, 0xC0, 0x40, 0x09, 0xC1, 0x09,
    0xC1, 0x09, 0xC0, 0x80, 0x09, 0xC0, 0x80, 0x00, 0x80, 0x07, 0xC0, 0x80, 0x00, 0x80, 0x07, 0xC1, 0x00, 0x40, 0x07, 0xC1, 0x09, 0xC0, 0x80, 0x09,
    0xC0, 0x40, 0x09, 0xC0, 0x0A, 0x40, 0x3A, 0xC1, 0x40, 0x08, 0xC1, 0x80, 0x08, 0xC1, 0x80, 0x08, 0xC1, 0x40, 0x08, 0xC1, 0x41, 0x07, 0xC1, 0x41,
    0x07, 0xC1, 0x81, 0x07, 0xC1, 0x80, 0x08, 0xC1, 0x40, 0x08, 0xC1, 0x09, 0xC0, 0x80, 0x09, 0x80, 0x0A, 0x80, 0x0A, 0x40, 0x22, 0xC2, 0x08, 0xC2,
    0x40, 0x07, 0xC2, 0x08, 0xC2, 0x08, 0xC2, 0x08, 0xC2, 0x00, 0x40, 0x06, 0xC2, 0x40, 0x07, 0xC2, 0x08, 0xC2, 0x08, 0xC2, 0x08, 0xC0, 0x80, 0x09,
    0xC0, 0x40, 0x09, 0xC0, 0x80, 0x09, 0xC0, 0x40, 0x09, 0xC0, 0x0A, 0x80, 0x0A, 0xC2, 0x80, 0x07, 0xC3, 0x07, 0xC3, 0x07, 0xC2, 0x80, 0x07, 0xC2,
    0x80, 0x07, 0xC2, 0x40, 0x07, 0xC2, 0x80, 0x07, 0xC2, 0x80, 0x07, 0xC2, 0x40, 0x07, 0xC2, 0x40, 0x07, 0xC1, 0x09, 0xC1, 0x09, 0xC1, 0x09, 0xC1,
    0x09, 0xC0, 0x40, 0x09, 0xC0, 0x0A, 0xC2, 0x40, 0x07, 0xC3, 0x07, 0xC3, 0x07, 0xC3, 0x80, 0x06, 0xC3, 0x40, 0x06, 0xC3, 0x07, 0xC3, 0x07, 0xC3,
    0x40, 0x06, 0xC3, 0x07, 0xC2, 0x80, 0x07, 0xC1, 0x40, 0x08, 0xC1, 0x40, 0x08, 0xC1, 0x40, 0x08, 0xC1, 0x09, 0xC0, 0x80, 0x09, 0xC0, 0x0A, 0xC2,
    0x40, 0x07, 0xC3, 0x07, 0xC3, 0x07, 0xC3, 0x40, 0x06, 0xC3, 0x80, 0x06, 0xC3, 0x80, 0x06, 0xC3, 0x80, 0x06, 0xC3, 0x07, 0xC2, 0x40, 0x07, 0xC2,
    0x08, 0xC1, 0x09, 0xC1, 0x09, 0xC1, 0x09, 0xC1, 0x09, 0xC0, 0x40, 0x09, 0xC0, 0x0A, 0xC2, 0x40, 0x07, 0xC2, 0x08, 0xC2, 0x40, 0x06, 0x40, 0xC3,
    0x07, 0xC3, 0x80, 0x06, 0xC3, 0x40, 0x06, 0xC2, 0x80, 0x06, 0x40, 0xC2, 0x08, 0xC1, 0x80, 0x08, 0xC1, 0x40, 0x08, 0xC0, 0x40, 0x09, 0xC1, 0x09,
    0xC0, 0x80, 0x07, 0x80, 0x00, 0xC0, 0x40, 0x07, 0x80, 0x00, 0xC0, 0x07, 0x40, 0x80, 0x00, 0x80, 0x07, 0x40, 0x80, 0x00, 0xC2, 0x07, 0x80, 0xC1,
    0x40, 0x07, 0xC3, 0x40, 0x06, 0xC4, 0x06, 0xC4, 0x06, 0x80, 0xC2, 0x80, 0x06, 0x80, 0xC2, 0x07, 0xC2, 0x08, 0x80, 0xC1, 0x08, 0x40, 0xC0, 0x80,
    0x09, 0xC0, 0x0A, 0xC0, 0x40, 0x06, 0x40, 0x01, 0xC0, 0x07, 0xC0, 0x01, 0xC0, 0x07, 0xC0, 0x01, 0x40, 0x07, 0xC0, 0x0A, 0xC0, 0x01, 0xC1, 0x80,
    0x07, 0xC2, 0x07, 0x40, 0xC3, 0x06, 0xC4, 0x40, 0x05, 0x80, 0xC3, 0x80, 0x05, 0x40, 0xC3, 0x40, 0x05, 0x40, 0xC2, 0x80, 0x06, 0x40, 0xC2, 0x08,
    0xC2, 0x08, 0x80, 0xC0, 0x40, 0x08, 0x40, 0xC0, 0x0A, 0xC0, 0x0A, 0xC0, 0x06, 0x40, 0x02, 0x40, 0x06, 0x80, 0x0A, 0x80, 0x0A, 0x80, 0x40, 0x01,
    0xC1, 0x80, 0x07, 0xC2, 0x07, 0x80, 0xC3, 0x06, 0xC4, 0x05, 0x40, 0xC4, 0x06, 0xC4, 0x40, 0x05, 0xC3, 0x80, 0x06, 0xC3, 0x07, 0x80, 0xC1, 0x80,
    0x08, 0xC1, 0x40, 0x08, 0x81, 0x09, 0x40, 0x80, 0x0A, 0x40, 0x06, 0x40, 0x0A, 0x80, 0x0A, 0x80, 0x0A, 0x80, 0x02, 0xC0, 0x80, 0x08, 0xC2, 0x40,
    0x06, 0x80, 0xC2, 0x07, 0xC4, 0x05, 0x80, 0xC4, 0x05, 0xC5, 0x05, 0x80, 0xC4, 0x05, 0x80, 0xC3, 0x06, 0x40, 0xC2, 0x80, 0x07, 0x80, 0xC1, 0x40,
    0x08, 0xC0, 0x80, 0x09, 0xC0, 0x80, 0x09, 0x40, 0x09, 0x40, 0x07, 0x40, 0x0A, 0x40, 0x0F, 0xC0, 0x40, 0x07, 0x40, 0xC2, 0x40, 0x06, 0xC3, 0x06,
    0x80, 0xC3, 0x80, 0x05, 0xC4, 0x80, 0x04, 0x40, 0xC4, 0x80, 0x05, 0xC4, 0x80, 0x05, 0xC4, 0x06, 0xC3, 0x80, 0x06, 0x40, 0xC2, 0x40, 0x07, 0x80,
    0xC0, 0x40, 0x08, 0x40, 0xC0, 0x40, 0x09, 0xC0, 0x0A, 0x80, 0x06, 0x40, 0x02, 0x40, 0x06, 0x40, 0x02, 0x40, 0x0B, 0xC0, 0x40, 0x07, 0x80, 0xC2,
    0x40, 0x05, 0x40, 0xC3, 0x06, 0xC4, 0x40, 0x04, 0x40, 0xC4, 0x40, 0x04, 0x80, 0xC4, 0x40, 0x04, 0x80, 0xC4, 0x40, 0x04, 0x80, 0xC3, 0x80, 0x05,
    0x40, 0xC3, 0x40, 0x06, 0x80, 0xC1, 0x80, 0x08, 0xC1, 0x40, 0x08, 0x80, 0xC0, 0x09, 0x40, 0xC0, 0x0A, 0xC0, 0x0A, 0xC0, 0x0A, 0x80, 0x0A, 0x80,
    0xC0, 0x40, 0x07, 0xC3, 0x06, 0x80, 0xC2, 0x80, 0x05, 0x40, 0xC4, 0x40, 0x04, 0xC5, 0x05, 0xC5, 0x40, 0x04, 0xC5, 0x05, 0xC4, 0x40, 0x05, 0x80,
    0xC3, 0x07, 0xC2, 0x40, 0x07, 0x80, 0xC1, 0x40, 0x08, 0xC1, 0x09, 0xC1, 0x09, 0x80, 0xC0, 0x09, 0x40, 0xC0, 0x0A, 0xC0, 0x0A, 0xC0, 0xC0, 0x07,
    0x80, 0xC2, 0x80, 0x06, 0xC3, 0x40, 0x05, 0xC5, 0x05, 0xC5, 0x05, 0xC5, 0x05, 0xC4, 0x80, 0x04, 0x40, 0xC4, 0x06, 0xC4, 0x06, 0x40, 0xC2, 0x08,
    0xC2, 0x08, 0x80, 0xC1, 0x01, 0x40, 0x05, 0x40, 0xC1, 0x01, 0x40, 0x06, 0xC1, 0x09, 0xC1, 0x09, 0x80, 0xC0, 0x09, 0x80, 0xC0, 0x80, 0x07, 0xC3,
    0x80, 0x05, 0x80, 0xC3, 0x40, 0x05, 0xC5, 0x04, 0x80, 0xC5, 0x04, 0x80, 0xC5, 0x04, 0x40, 0xC4, 0x80, 0x04, 0x80, 0xC4, 0x05, 0x40, 0xC4, 0x06,
    0x80, 0xC2, 0x07, 0x40, 0xC2, 0x08, 0xC2, 0x01, 0x40, 0x05, 0xC2, 0x01, 0x40, 0x05, 0x80, 0xC1, 0x09, 0xC1, 0x09, 0xC1, 0x09, 0xC1, 0x80, 0x06,
    0x40, 0xC3, 0x40, 0x05, 0x80, 0xC3, 0x05, 0x40, 0xC4, 0x80, 0x04, 0xC6, 0x04, 0xC6, 0x04, 0xC5, 0x80, 0x04, 0xC5, 0x05, 0x80, 0xC4, 0x06, 0xC3,
    0x07, 0x80, 0xC2, 0x40, 0x06, 0x40, 0xC2, 0x08, 0xC2, 0x01, 0x40, 0x05, 0x80, 0xC1, 0x01, 0x40, 0x06, 0xC1, 0x09, 0xC1, 0x09, 0xC1, 0x80, 0x06,
    0x40, 0xC3, 0x06, 0x80, 0xC3, 0x05, 0x40, 0xC4, 0x40, 0x04, 0xC5, 0x80, 0x04, 0xC6, 0x04, 0xC6, 0x04, 0xC5, 0x05, 0x80, 0xC4, 0x06, 0xC3, 0x40,
    0x06, 0x80, 0xC2, 0x80, 0x06, 0x80, 0xC2, 0x40, 0x07, 0xC2, 0x08, 0x80, 0xC1, 0x09, 0xC1, 0x08, 0x40, 0xC1, 0x09, 0xC1, 0xC0, 0x07, 0xC3, 0x06,
    0x80, 0xC4, 0x04, 0x40, 0xC5, 0x04, 0x80, 0xC5, 0x04, 0xC6, 0x03, 0x40, 0xC6, 0x04, 0xC5, 0x40, 0x04, 0x40, 0xC4, 0x40, 0x05, 0x80, 0xC3, 0x06,
    0x80, 0xC3, 0x06, 0x40, 0xC2, 0x80, 0x07, 0xC2, 0x40, 0x07, 0x80, 0xC1, 0x09, 0xC1, 0x09, 0xC1, 0x09, 0xC1, 0xC0, 0x40, 0x06, 0xC3, 0x80, 0x05,
    0x40, 0xC4, 0x40, 0x03, 0x40, 0xC5, 0x04, 0x40, 0xC5, 0x04, 0xC6, 0x04, 0xC6, 0x04, 0x40, 0xC5, 0x05, 0xC4, 0x80, 0x05, 0x40, 0xC3, 0x40, 0x05,
    0x40, 0xC3, 0x40, 0x00, 0x40, 0x04, 0xC3, 0x01, 0x80, 0x04, 0x80, 0xC1, 0x80, 0x01, 0x80, 0x05, 0xC1, 0x02, 0x40, 0x05, 0xC1, 0x09, 0xC1, 0x01,
    0x40, 0x06, 0xC1, 0xC0, 0x80, 0x06, 0xC4, 0x05, 0x40, 0xC4, 0x80, 0x04, 0xC5, 0x80, 0x04, 0xC5, 0x40, 0x03, 0x80, 0xC5, 0x40, 0x03, 0x80, 0xC5,
    0x40, 0x04, 0x80, 0xC4, 0x05, 0x40, 0xC3, 0x80, 0x06, 0xC3, 0x80, 0x06, 0xC3, 0x80, 0x00, 0x40, 0x04, 0x80, 0xC2, 0x80, 0x00, 0x40, 0x04, 0x40,
    0xC2, 0x01, 0x40, 0x05, 0xC2, 0x01, 0x40, 0x05, 0x80, 0xC0, 0x80, 0x01, 0x40, 0x05, 0x80, 0xC0, 0x80, 0x00, 0x40, 0x06, 0xC1, 0xC1, 0x06, 0xC4,
    0x05, 0x40, 0xC5, 0x04, 0x80, 0xC5, 0x04, 0xC6, 0x03, 0x40, 0xC5, 0x80, 0x03, 0x40, 0xC5, 0x80, 0x04, 0x80, 0xC4, 0x06, 0xC4, 0x06, 0x80, 0xC2,
    0x80, 0x06, 0x80, 0xC2, 0x40, 0x01, 0x40, 0x03, 0x40, 0xC2, 0x80, 0x01, 0x40, 0x04, 0xC2, 0x80, 0x01, 0x40, 0x04, 0x80, 0xC1, 0x40, 0x08, 0xC1,
    0x40, 0x00, 0x40, 0x05, 0x40, 0xC1, 0x01, 0x40, 0x05, 0x40, 0xC0, 0xC1, 0x06, 0xC4, 0x40, 0x05, 0xC5, 0x04, 0x80, 0xC5, 0x40, 0x03, 0x80, 0xC5,
    0x40, 0x03, 0xC6, 0x04, 0xC6, 0x04, 0x80, 0xC4, 0x40, 0x05, 0xC4, 0x06, 0x80, 0xC2, 0x80, 0x40, 0x05, 0x40, 0xC2, 0x80, 0x40, 0x06, 0xC2, 0x80,
    0x07, 0x80, 0xC1, 0x80, 0x07, 0x40, 0xC1, 0x80, 0x08, 0xC2, 0x08, 0xC2, 0x08, 0xC0, 0xC1, 0x80, 0x42, 0x02, 0xC4, 0x40, 0x05, 0xC5, 0x04, 0x40,
    0xC5, 0x40, 0x04, 0xC6, 0x03, 0x80, 0xC5, 0x80, 0x03, 0xC6, 0x40, 0x03, 0x80, 0xC5, 0x05, 0xC4, 0x40, 0x05, 0x80, 0xC3, 0x07, 0xC2, 0x80, 0x41,
    0x05, 0xC2, 0x81, 0x06, 0x80, 0xC1, 0x80, 0x08, 0xC1, 0x80, 0x08, 0x80, 0xC1, 0x40, 0x07, 0xC2, 0x40, 0x07, 0xC0, 0xC2, 0x82, 0x40, 0x01, 0xC4,
    0x80, 0x05, 0x80, 0xC4, 0x04, 0x40, 0xC5, 0x80, 0x04, 0xC6, 0x03, 0x40, 0xC6, 0x03, 0x40, 0xC6, 0x03, 0x40, 0xC5, 0x40, 0x04, 0xC4, 0x80, 0x05,
    0x40, 0xC3, 0x41, 0x05, 0xC3, 0x00, 0x80, 0x05, 0xC3, 0x41, 0x05, 0x40, 0xC1, 0x80, 0x40, 0x07, 0xC2, 0x40, 0x07, 0x80, 0xC1, 0x80, 0x07, 0x80,
    0xC2, 0x07, 0x80, 0xC2, 0x80, 0x40, 0x80, 0x40, 0x01, 0x80, 0xC4, 0x05, 0x80, 0xC4, 0x40, 0x04, 0xC6, 0x04, 0xC6, 0x04, 0xC6, 0x03, 0x40, 0xC6,
    0x04, 0xC5, 0x80, 0x04, 0xC5, 0x05, 0x40, 0xC3, 0x80, 0x06, 0xC3, 0x40, 0x80, 0x05, 0x80, 0xC2, 0x00, 0x40, 0x06, 0xC2, 0x08, 0x80, 0xC1, 0x80,
    0x07, 0x40, 0xC2, 0x07, 0x80, 0xC2, 0x07, 0x80, 0xC2, 0x80, 0x42, 0x01, 0x40, 0xC4, 0x05, 0x40, 0xC4, 0x80, 0x04, 0xC6, 0x04, 0xC6, 0x40, 0x03,
    0xC6, 0x40, 0x03, 0xC6, 0x40, 0x03, 0xC6, 0x04, 0x80, 0xC4, 0x40, 0x05, 0xC4, 0x06, 0xC3, 0x80, 0x06, 0x40, 0xC2, 0x40, 0x07, 0xC2, 0x08, 0x80,
    0xC1, 0x80, 0x07, 0x40, 0xC2, 0x07, 0x40, 0xC2, 0x80, 0x06, 0x40, 0xC2, 0x80, 0x42, 0x02, 0xC4, 0x40, 0x04, 0x40, 0xC5, 0x04, 0xC6, 0x80, 0x03,
    0xC6, 0x80, 0x03, 0xC6, 0x80, 0x03, 0xC6, 0x80, 0x03, 0x80, 0xC5, 0x40, 0x03, 0x40, 0xC5, 0x05, 0xC4, 0x40, 0x05, 0x80, 0xC3, 0x06, 0x40, 0xC2,
    0x80, 0x07, 0xC2, 0x40, 0x07, 0x40, 0xC2, 0x07, 0x40, 0xC2, 0x40, 0x06, 0x40, 0xC3, 0x06, 0x40, 0xC2, 0x80, 0x01, 0x40, 0x02, 0xC4, 0x80, 0x05,
    0xC5, 0x40, 0x03, 0x80, 0xC6, 0x03, 0xC7, 0x03, 0xC7, 0x03, 0xC7, 0x03, 0x40, 0xC5, 0x40, 0x04, 0xC5, 0x05, 0x80, 0xC4, 0x05, 0x80, 0xC3, 0x40,
    0x03, 0x40, 0x00, 0x40, 0xC3, 0x07, 0xC3, 0x07, 0x40, 0xC2, 0x07, 0x80, 0xC2, 0x80, 0x06, 0x40, 0xC3, 0x06, 0x40, 0xC3, 0x43, 0x01, 0xC5, 0x05,
    0xC5, 0x40, 0x03, 0x40, 0xC6, 0x03, 0x80, 0xC6, 0x03, 0xC7, 0x03, 0xC7, 0x03, 0x40, 0xC5, 0x80, 0x04, 0xC5, 0x05, 0x80, 0xC4, 0x05, 0x80, 0xC3,
    0x40, 0x05, 0x40, 0xC3, 0x07, 0xC3, 0x07, 0x40, 0xC2, 0x07, 0x80, 0xC2, 0x80, 0x06, 0x40, 0xC3, 0x06, 0x40, 0xC7, 0x40, 0x00, 0xC5, 0x05, 0xC5,
    0x05, 0xC6, 0x03, 0x40, 0xC6, 0x03, 0xC7, 0x03, 0xC7, 0x03, 0x80, 0xC6, 0x04, 0xC5, 0x05, 0xC5, 0x05, 0xC4, 0x40, 0x05, 0x80, 0xC3, 0x07, 0xC3,
    0x07, 0x80, 0xC2, 0x07, 0x80, 0xC2, 0x80, 0x06, 0x80, 0xC3, 0x06, 0x80, 0xC4, 0x80, 0xC1, 0x41, 0xC5, 0x05, 0xC5, 0x04, 0x40, 0xC6, 0x03, 0xC7,
    0x03, 0xC7, 0x40, 0x02, 0xC7, 0x03, 0xC6, 0x40, 0x03, 0x40, 0xC5, 0x05, 0xC4, 0x80, 0x05, 0xC4, 0x40, 0x05, 0xC3, 0x80, 0x06, 0x40, 0xC2, 0x80,
    0x07, 0xC3, 0x07, 0xC3, 0x40, 0x06, 0xC3, 0x80, 0x04, 0x40, 0x00, 0x80, 0xC3, 0x81, 0xC0, 0x80, 0x40, 0x80, 0xC4, 0x80, 0x04, 0x40, 0xC5, 0x04,
    0x80, 0xC5, 0x80, 0x03, 0xC7, 0x03, 0xC7, 0x03, 0xC6, 0x80, 0x03, 0xC6, 0x04, 0xC5, 0x80, 0x04, 0x40, 0xC4, 0x40, 0x03, 0x40, 0x00, 0xC4, 0x04,
    0x40, 0x00, 0xC3, 0x80, 0x04, 0x40, 0x00, 0x40, 0xC2, 0x80, 0x07, 0xC2, 0x80, 0x07, 0xC3, 0x07, 0xC3, 0x05, 0x80, 0x00, 0xC0, 0xC3, 0x41, 0x82,
    0xC5, 0x80, 0x04, 0x80, 0xC5, 0x04, 0xC6, 0x03, 0x40, 0xC7, 0x02, 0x40, 0xC7, 0x03, 0xC6, 0x04, 0xC6, 0x04, 0xC5, 0x40, 0x04, 0x80, 0xC4, 0x03,
    0x80, 0x00, 0x40, 0xC4, 0x03, 0x80, 0x01, 0xC3, 0x40, 0x03, 0x40, 0x01, 0x80, 0xC2, 0x40, 0x04, 0x40, 0x00, 0x40, 0xC2, 0x40, 0x04, 0x40, 0x00,
    0x40, 0xC3, 0x04, 0x40, 0x00, 0x40, 0xC2, 0x80, 0x05, 0x80, 0x00, 0xC0, 0xC2, 0x80, 0x40, 0x80, 0xC1, 0x80, 0xC5, 0x80, 0x04, 0x80, 0xC5, 0x04,
    0xC6, 0x03, 0x80, 0xC6, 0x80, 0x02, 0x80, 0xC6, 0x80, 0x02, 0x80, 0xC6, 0x03, 0x40, 0xC5, 0x80, 0x04, 0xC5, 0x05, 0x80, 0xC4, 0x03, 0x80, 0x00,
    0x80, 0xC3, 0x80, 0x03, 0x80, 0x00, 0x40, 0xC3, 0x04, 0x80, 0x01, 0xC3, 0x04, 0x40, 0x01, 0xC3, 0x05, 0x40, 0x00, 0x80, 0xC2, 0x40, 0x04, 0x40,
    0x00, 0x80, 0xC2, 0x40, 0x05, 0x40, 0x80, 0xC0, 0xC3, 0x40, 0x80, 0xC8, 0x80, 0x04, 0x80, 0xC5, 0x04, 0xC6, 0x03, 0x80, 0xC6, 0x40, 0x02, 0xC7,
    0x40, 0x02, 0xC7, 0x03, 0x80, 0xC5, 0x80, 0x04, 0xC5, 0x05, 0xC5, 0x03, 0x40, 0x00, 0x80, 0xC3, 0x40, 0x03, 0x40, 0x00, 0x80, 0xC3, 0x04, 0x40,
    0x00, 0x40, 0xC3, 0x04, 0x40, 0x01, 0xC3, 0x07, 0xC3, 0x05, 0x40, 0x00, 0xC3, 0x40, 0x04, 0x40, 0x00, 0xC1, 0xC3, 0x80, 0xC9, 0x40, 0x01, 0x42,
    0xC5, 0x80, 0x04, 0xC5, 0x80, 0x03, 0x80, 0xC6, 0x03, 0xC7, 0x03, 0xC7, 0x03, 0xC6, 0x40, 0x03, 0x40, 0xC5, 0x05, 0xC4, 0x80, 0x05, 0x80, 0xC3,
    0x40, 0x03, 0x40, 0x00, 0x80, 0xC3, 0x04, 0x40, 0x00, 0x80, 0xC2, 0x80, 0x04, 0x40, 0x00, 0x40, 0xC2, 0x80, 0x04, 0x40, 0x00, 0x40, 0xC3, 0x06,
    0x40, 0xC3, 0x05, 0x41, 0xC1, 0xCE, 0x40, 0x01, 0x41, 0x80, 0xC5, 0x40, 0x04, 0xC5, 0x80, 0x03, 0xC7, 0x02, 0x40, 0xC7, 0x02, 0x40, 0xC7, 0x02,
    0x40, 0xC6, 0x40, 0x03, 0x80, 0xC5, 0x05, 0xC4, 0x80, 0x05, 0xC4, 0x06, 0x80, 0xC2, 0x80, 0x06, 0x80, 0xC2, 0x40, 0x06, 0x80, 0xC2, 0x80, 0x06,
    0x80, 0xC2, 0x80, 0x06, 0x80, 0xC2, 0x80, 0x06, 0xC2, 0xC3, 0x80, 0xC9, 0x02, 0x41, 0x80, 0xC5, 0x40, 0x03, 0x40, 0xC5, 0x80, 0x03, 0xC6, 0x80,
    0x02, 0x40, 0xC7, 0x02, 0x80, 0xC6, 0x80, 0x02, 0x40, 0xC6, 0x04, 0xC5, 0x80, 0x04, 0x40, 0xC4, 0x40, 0x05, 0xC4, 0x06, 0xC3, 0x80, 0x06, 0x80,
    0xC2, 0x40, 0x06, 0xC3, 0x40, 0x06, 0xC3, 0x40, 0x06, 0xC3, 0x40, 0x06, 0xC2, 0xC2, 0x81, 0xC9, 0x02, 0x40, 0x00, 0x80, 0xC5, 0x04, 0x80, 0xC5,
    0x40, 0x02, 0x40, 0xC6, 0x80, 0x02, 0x80, 0xC6, 0x80, 0x02, 0x80, 0xC6, 0x40, 0x02, 0x80, 0xC6, 0x04, 0xC5, 0x80, 0x04, 0x80, 0xC4, 0x40, 0x04,
    0x40, 0xC4, 0x06, 0xC3, 0x40, 0x06, 0xC3, 0x40, 0x06, 0xC3, 0x40, 0x06, 0xC3, 0x06, 0x40, 0xC3, 0x40, 0x05, 0x80, 0xC2, 0xC2, 0x40, 0x80, 0xC9,
    0x04, 0x80, 0xC5, 0x04, 0xC6, 0x03, 0x40, 0xC6, 0x40, 0x02, 0xC7, 0x40, 0x02, 0xC7, 0x03, 0xC7, 0x03, 0x40, 0xC5, 0x40, 0x04, 0xC5, 0x05, 0x80,
    0xC3, 0x80, 0x05, 0x40, 0xC3, 0x40, 0x06, 0xC3, 0x07, 0xC3, 0x06, 0x40, 0xC3, 0x06, 0x80, 0xC3, 0x06, 0xC3, 0xC2, 0x40, 0xC9, 0x80, 0x04, 0xC6,
    0x04, 0xC6, 0x03, 0x80, 0xC6, 0x40, 0x02, 0xC7, 0x40, 0x02, 0xC7, 0x03, 0xC6, 0x80, 0x03, 0x80, 0xC5, 0x05, 0xC5, 0x05, 0xC4, 0x80, 0x05, 0x80,
    0xC3, 0x06, 0x40, 0xC3, 0x06, 0x40, 0xC3, 0x06, 0x80, 0xC3, 0x06, 0xC4, 0x40, 0x05, 0xC3, 0xC1, 0x81, 0xC9, 0x40, 0x03, 0x40, 0xC5, 0x80, 0x03,
    0x40, 0xC5, 0x80, 0x03, 0xC7, 0x02, 0x40, 0xC7, 0x40, 0x02, 0xC7, 0x03, 0xC6, 0x80, 0x03, 0x80, 0xC5, 0x04, 0x40, 0xC5, 0x05, 0xC4, 0x80, 0x05,
    0x80, 0xC3, 0x06, 0x40, 0xC3, 0x06, 0x40, 0xC3, 0x06, 0x80, 0xC3, 0x06, 0xC4, 0x40, 0x05, 0xC3, 0xCD, 0x40, 0x00, 0x42, 0x80, 0xC5, 0x40, 0x03,
    0x40, 0xC5, 0x80, 0x03, 0xC7, 0x02, 0x40, 0xC7, 0x02, 0x40, 0xC7, 0x02, 0x40, 0xC6, 0x80, 0x03, 0xC6, 0x04, 0x40, 0xC5, 0x05, 0xC5, 0x05, 0x80,
    0xC3, 0x40, 0x05, 0x40, 0xC3, 0x06, 0x40, 0xC3, 0x06, 0x80, 0xC3, 0x06, 0xC4, 0x40, 0x05, 0xC3, 0xCD, 0x40, 0x01, 0x40, 0x00, 0x40, 0xC5, 0x40,
    0x04, 0xC6, 0x03, 0xC7, 0x02, 0x40, 0xC7, 0x02, 0x80, 0xC7, 0x03, 0xC7, 0x03, 0x80, 0xC5, 0x40, 0x04, 0xC5, 0x40, 0x04, 0xC5, 0x05, 0x80, 0xC3,
    0x40, 0x05, 0x40, 0xC3, 0x40, 0x05, 0x40, 0xC3, 0x40, 0x05, 0x80, 0xC3, 0x40, 0x05, 0xC4, 0x41, 0x04, 0x80, 0xC2, 0xCD, 0x80, 0x04, 0xC6, 0x04,
    0xC6, 0x40, 0x02, 0x80, 0xC6, 0x03, 0xC7, 0x02, 0x40, 0xC7, 0x03, 0x80, 0xC6, 0x03, 0x40, 0xC5, 0x80, 0x04, 0xC5, 0x40, 0x00, 0x40, 0x02, 0x80,
    0xC4, 0x01, 0x40, 0x02, 0x40, 0xC3, 0x80, 0x06, 0xC3, 0x80, 0x06, 0xC3, 0x80, 0x05, 0x40, 0xC3, 0x41, 0x04, 0x40, 0xC3, 0x81, 0x05, 0xC2, 0xC6,
    0x80, 0xC5, 0x80, 0x04, 0x80, 0xC5, 0x04, 0xC6, 0x80, 0x02, 0x40, 0xC6, 0x40, 0x02, 0xC7, 0x40, 0x02, 0xC7, 0x04, 0xC6, 0x04, 0xC5, 0x80, 0x04,
    0x80, 0xC4, 0x80, 0x00, 0x80, 0x02, 0x40, 0xC4, 0x40, 0x00, 0x80, 0x03, 0xC4, 0x01, 0x40, 0x03, 0xC4, 0x00, 0x40, 0x04, 0xC4, 0x00, 0x40, 0x04,
    0xC3, 0x80, 0x00, 0x40, 0x04, 0xC4, 0x80, 0x05, 0x80, 0xC1, 0xC6, 0x80, 0xC6, 0x04, 0x80, 0xC5, 0x04, 0xC6, 0x80, 0x03, 0xC6, 0x80, 0x02, 0x80,
    0xC6, 0x80, 0x02, 0xC7, 0x40, 0x03, 0xC6, 0x04, 0x80, 0xC4, 0x80, 0x04, 0x40, 0xC4, 0x80, 0x00, 0x40, 0x03, 0xC4, 0x80, 0x00, 0x40, 0x03, 0xC4,
    0x01, 0x40, 0x03, 0x40, 0xC3, 0x01, 0x40, 0x03, 0x80, 0xC3, 0x00, 0x40, 0x04, 0xC4, 0x00, 0x40, 0x04, 0xC4, 0x80, 0x05, 0x40, 0xC1, 0xC6, 0x80,
    0xC6, 0x01, 0x40, 0x01, 0x80, 0xC5, 0x04, 0xC6, 0x80, 0x03, 0xC7, 0x02, 0x40, 0xC7, 0x02, 0x80, 0xC6, 0x80, 0x03, 0xC6, 0x04, 0x80, 0xC4, 0x80,
    0x05, 0xC4, 0x40, 0x00, 0x40, 0x03, 0xC4, 0x40, 0x00, 0x40, 0x03, 0x80, 0xC3, 0x40, 0x00, 0x40, 0x04, 0xC3, 0x40, 0x06, 0xC3, 0x40, 0x05, 0x40,
    0xC3, 0x41, 0x04, 0x80, 0xC3, 0x80, 0x40, 0x04, 0x40, 0xC1, 0xCE, 0x80, 0x41, 0x01, 0x80, 0xC5, 0x04, 0x80, 0xC6, 0x03, 0xC7, 0x03, 0xC7, 0x03,
    0xC7, 0x03, 0xC6, 0x40, 0x03, 0x80, 0xC5, 0x05, 0xC4, 0x80, 0x40, 0x04, 0x80, 0xC3, 0x40, 0x05, 0x40, 0xC3, 0x40, 0x00, 0x40, 0x04, 0xC3, 0x80,
    0x06, 0xC3, 0x80, 0x00, 0x40, 0x04, 0xC3, 0x80, 0x40, 0x04, 0x40, 0xC4, 0x40, 0x04, 0x40, 0xC1, 0xCE, 0x80, 0x40, 0x80, 0x40, 0x00, 0x40, 0xC5,
    0x40, 0x03, 0x40, 0xC6, 0x03, 0x80, 0xC6, 0x40, 0x02, 0xC7, 0x40, 0x02, 0xC7, 0x03, 0xC6, 0x80, 0x03, 0x40, 0xC5, 0x05, 0xC4, 0x80, 0x40, 0x04,
    0x80, 0xC3, 0x80, 0x06, 0xC3, 0x40, 0x06, 0x80, 0xC2, 0x80, 0x06, 0x80, 0xC3, 0x06, 0xC4, 0x06, 0xC4, 0x40, 0x05, 0xC1, 0xCE, 0x80, 0x42, 0x01,
    0xC5, 0x40, 0x03, 0x40, 0xC6, 0x03, 0x80, 0xC6, 0x40, 0x02, 0x80, 0xC6, 0x40, 0x02, 0x80, 0xC6, 0x40, 0x02, 0x80, 0xC6, 0x04, 0xC5, 0x40, 0x04,
    0x80, 0xC4, 0x05, 0x40, 0xC3, 0x80, 0x06, 0xC3, 0x80, 0x06, 0x80, 0xC2, 0x80, 0x06, 0x40, 0xC3, 0x06, 0x80, 0xC3, 0x06, 0x80, 0xC3, 0x80, 0x05,
    0xC1, 0xC7, 0x80, 0xC5, 0x80, 0x00, 0x40, 0x02, 0xC5, 0x80, 0x04, 0xC6, 0x40, 0x02, 0x40, 0xC6, 0x80, 0x02, 0x80, 0xC6, 0x80, 0x02, 0x40, 0xC6,
    0x80, 0x02, 0x40, 0xC6, 0x04, 0xC5, 0x80, 0x04, 0x80, 0xC4, 0x40, 0x04, 0x40, 0xC4, 0x06, 0xC3, 0x80, 0x06, 0x40, 0xC3, 0x06, 0x40, 0xC3, 0x06,
    0x40, 0xC3, 0x80, 0x05, 0x40, 0xC3, 0x80, 0x05, 0x80, 0xC0, 0xC6, 0x80, 0x40, 0xC5, 0x80, 0x04, 0xC6, 0x04, 0xC6, 0x80, 0x03, 0xC7, 0x02, 0x40,
    0xC7, 0x02, 0x40, 0xC7, 0x03, 0xC6, 0x40, 0x03, 0x80, 0xC5, 0x04, 0x40, 0xC4, 0x80, 0x05, 0xC4, 0x06, 0x80, 0xC3, 0x07, 0xC3, 0x06, 0x40, 0xC3,
    0x40, 0x06, 0xC4, 0x06, 0xC4, 0x05, 0x40, 0xC0, 0xC6, 0x80, 0x40, 0x80, 0xC5, 0x04, 0x80, 0xC5, 0x04, 0xC7, 0x03, 0xC7, 0x02, 0x40, 0xC7, 0x02,
    0x40, 0xC7, 0x03, 0xC6, 0x40, 0x03, 0x80, 0xC5, 0x04, 0x40, 0xC4, 0x80, 0x05, 0xC4, 0x06, 0x80, 0xC3, 0x07, 0xC3, 0x07, 0xC3, 0x40, 0x06, 0xC4,
    0x06, 0xC4, 0x05, 0x40, 0xC0, 0xC7, 0x40, 0x80, 0xC5, 0x04, 0x40, 0xC5, 0x40, 0x03, 0x80, 0xC6, 0x03, 0xC7, 0x03, 0xC7, 0x02, 0x40, 0xC7, 0x03,
    0xC6, 0x40, 0x03, 0x40, 0xC5, 0x05, 0xC4, 0x80, 0x05, 0xC4, 0x06, 0x80, 0xC3, 0x07, 0xC3, 0x07, 0xC3, 0x40, 0x06, 0xC4, 0x06, 0xC4, 0x05, 0x80,
    0xC0, 0xCF, 0x43, 0x00, 0x40, 0xC5, 0x40, 0x03, 0x40, 0xC6, 0x03, 0xC7, 0x40, 0x02, 0xC7, 0x40, 0x01, 0x40, 0xC7, 0x40, 0x02, 0xC6, 0x80, 0x03,
    0x80, 0xC5, 0x05, 0xC4, 0x80, 0x04, 0x40, 0xC4, 0x06, 0xC3, 0x80, 0x07, 0xC3, 0x07, 0xC3, 0x40, 0x06, 0xC4, 0x06, 0xC4, 0x05, 0x40, 0xC0, 0xCF,
    0x40, 0x00, 0x40, 0x01, 0x40, 0xC5, 0x04, 0x80, 0xC6, 0x03, 0xC7, 0x03, 0xC7, 0x40, 0x02, 0xC7, 0x03, 0xC6, 0x40, 0x03, 0xC6, 0x04, 0x40, 0xC4,
    0x80, 0x04, 0x40, 0xC4, 0x06, 0xC3, 0x80, 0x06, 0x40, 0xC3, 0x06, 0x40, 0xC3, 0x06, 0x40, 0xC3, 0x80, 0x04, 0x40, 0x00, 0xC3, 0x80, 0x04, 0x41,
    0xC0, 0xCF, 0x04, 0x80, 0xC5, 0x04, 0xC6, 0x80, 0x02, 0x40, 0xC7, 0x02, 0x40, 0xC7, 0x40, 0x02, 0xC6, 0x80, 0x03, 0xC6, 0x04, 0xC6, 0x04, 0x80,
    0xC4, 0x40, 0x02, 0x40, 0x00, 0x80, 0xC4, 0x03, 0x40, 0x01, 0xC3, 0x80, 0x06, 0x80, 0xC2, 0x80, 0x06, 0x80, 0xC3, 0x04, 0x40, 0x00, 0x40, 0xC3,
    0x40, 0x04, 0x41, 0xC3, 0x05, 0x81, 0xC0, 0xC3, 0x80, 0xC9, 0x80, 0x04, 0x80, 0xC5, 0x04, 0xC6, 0x40, 0x02, 0x80, 0xC7, 0x02, 0x80, 0xC7, 0x02,
    0x40, 0xC6, 0x03, 0x40, 0xC6, 0x04, 0xC5, 0x80, 0x04, 0xC5, 0x03, 0x80, 0x00, 0x80, 0xC3, 0x80, 0x03, 0x80, 0x00, 0x40, 0xC3, 0x40, 0x03, 0x40,
    0x01, 0xC3, 0x40, 0x04, 0x40, 0x00, 0xC3, 0x80, 0x04, 0x40, 0x00, 0xC4, 0x04, 0x41, 0x80, 0xC2, 0x80, 0x05, 0xC0, 0x80, 0xC0, 0xC3, 0x80, 0xC9,
    0x80, 0x04, 0xC6, 0x04, 0xC6, 0x03, 0x80, 0xC6, 0x80, 0x02, 0xC7, 0x80, 0x02, 0x80, 0xC6, 0x03, 0x80, 0xC5, 0x80, 0x04, 0xC5, 0x40, 0x04, 0xC5,
    0x03, 0x40, 0x00, 0x80, 0xC3, 0x80, 0x03, 0x40, 0x00, 0x80, 0xC3, 0x04, 0x40, 0x01, 0xC3, 0x40, 0x06, 0xC3, 0x40, 0x04, 0x40, 0x00, 0xC3, 0x80,
    0x04, 0x40, 0x00, 0xC3, 0x40, 0x05, 0xC2, 0xC3, 0x80, 0xC9, 0x80, 0x01, 0x40, 0x01, 0xC6, 0x04, 0xC6, 0x03, 0x80, 0xC6, 0x40, 0x02, 0xC7, 0x80,
    0x02, 0xC7, 0x03, 0x80, 0xC5, 0x80, 0x04, 0xC5, 0x05, 0xC5, 0x03, 0x40, 0x00, 0x80, 0xC3, 0x40, 0x03, 0x40, 0x00, 0x80, 0xC3, 0x04, 0x40, 0x00,
    0x40, 0xC3, 0x06, 0x40, 0xC3, 0x06, 0x40, 0xC3, 0x40, 0x04, 0x40, 0x00, 0xC3, 0x40, 0x04, 0x40, 0xC2, 0xC3, 0x80, 0xC9, 0x80, 0x01, 0x80, 0x40,
    0x80, 0xC5, 0x80, 0x04, 0xC6, 0x03, 0x80, 0xC6, 0x03, 0xC7, 0x03, 0xC7, 0x03, 0xC6, 0x80, 0x03, 0x40, 0xC5, 0x05, 0xC4, 0x80, 0x05, 0xC4, 0x40,
    0x05, 0x80, 0xC3, 0x06, 0x80, 0xC3, 0x06, 0x80, 0xC3, 0x06, 0x80, 0xC3, 0x05, 0x40, 0x80, 0xC3, 0x05, 0x40, 0xC2, 0xCE, 0x40, 0x00, 0x40, 0x82,
    0xC5, 0x40, 0x04, 0xC5, 0x80, 0x03, 0xC7, 0x02, 0x40, 0xC7, 0x02, 0x40, 0xC7, 0x02, 0x40, 0xC6, 0x40, 0x03, 0x80, 0xC5, 0x05, 0xC4, 0x80, 0x05,
    0xC4, 0x06, 0x80, 0xC2, 0x80, 0x06, 0x80, 0xC2, 0x80, 0x06, 0x80, 0xC2, 0x80, 0x06, 0xC3, 0x80, 0x06, 0xC4, 0x05, 0x40, 0xC2, 0xCE, 0x40, 0x01,
    0x41, 0x80, 0xC5, 0x40, 0x04, 0xC6, 0x03, 0xC7, 0x03, 0xC7, 0x02, 0x40, 0xC7, 0x02, 0x40, 0xC6, 0x40, 0x03, 0xC6, 0x04, 0x40, 0xC4, 0x80, 0x05,
    0xC4, 0x40, 0x05, 0x80, 0xC3, 0x06, 0x40, 0xC2, 0x80, 0x06, 0x40, 0xC2, 0x80, 0x06, 0x80, 0xC2, 0x80, 0x06, 0xC3, 0x80, 0x06, 0xC2, 0xC2, 0x81,
    0xC9, 0x40, 0x01, 0x40, 0x01, 0xC5, 0x40, 0x04, 0xC5, 0x80, 0x03, 0x80, 0xC6, 0x03, 0xC7, 0x03, 0xC7, 0x03, 0xC6, 0x40, 0x03, 0x80, 0xC5, 0x05,
    0xC5, 0x05, 0x80, 0xC3, 0x40, 0x05, 0x40, 0xC3, 0x07, 0xC2, 0x80, 0x07, 0xC2, 0x80, 0x07, 0xC2, 0x80, 0x06, 0x40, 0xC2, 0x80, 0x06, 0x80, 0xC1,
    0xC2, 0x41, 0x80, 0xC8, 0x05, 0x40, 0xC4, 0x40, 0x04, 0x80, 0xC5, 0x03, 0x40, 0xC6, 0x03, 0x80, 0xC6, 0x03, 0x80, 0xC6, 0x03, 0x80, 0xC5, 0x80,
    0x03, 0x40, 0xC5, 0x40, 0x04, 0xC5, 0x05, 0x40, 0xC4, 0x06, 0xC3, 0x40, 0x06, 0xC3, 0x07, 0x40, 0xC1, 0x80, 0x07, 0x40, 0xC1, 0x80, 0x08, 0xC1,
    0x80, 0x07, 0x80, 0xC0, 0xC2, 0x01, 0x40, 0x80, 0xC0, 0x81, 0xC4, 0x06, 0x80, 0xC3, 0x40, 0x05, 0xC5, 0x04, 0xC6, 0x04, 0xC6, 0x40, 0x03, 0xC6,
    0x40, 0x02, 0x40, 0xC5, 0x80, 0x04, 0xC5, 0x40, 0x04, 0x80, 0xC4, 0x06, 0xC4, 0x06, 0x80, 0xC3, 0x04, 0x40, 0x00, 0x40, 0xC2, 0x40, 0x04, 0x40,
    0x01, 0xC2, 0x08, 0x40, 0xC0, 0x80, 0x08, 0x40, 0xC1, 0x09, 0xC2, 0x01, 0x40, 0x80, 0xC0, 0x80, 0x40, 0xC4, 0x07, 0xC3, 0x40, 0x05, 0x40, 0xC4,
    0x04, 0x40, 0xC5, 0x04, 0x40, 0xC5, 0x40, 0x03, 0x80, 0xC5, 0x40, 0x03, 0x80, 0xC5, 0x04, 0x80, 0xC4, 0x80, 0x04, 0x40, 0xC4, 0x40, 0x05, 0x40,
    0xC3, 0x07, 0xC3, 0x05, 0x40, 0x00, 0x80, 0xC2, 0x05, 0x80, 0x01, 0xC1, 0x40, 0x05, 0x80, 0x01, 0xC1, 0x06, 0x80, 0x01, 0xC1, 0x06, 0x40, 0x01,
    0xC2, 0x80, 0x40, 0x80, 0xC2, 0x81, 0xC3, 0x07, 0x80, 0xC2, 0x40, 0x06, 0xC4, 0x06, 0xC4, 0x05, 0xC5, 0x40, 0x04, 0xC5, 0x05, 0xC5, 0x04, 0x40,
    0xC5, 0x05, 0xC5, 0x05, 0x80, 0xC3, 0x40, 0x06, 0x80, 0xC2, 0x40, 0x07, 0xC2, 0x40, 0x04, 0x80, 0x40, 0x00, 0xC2, 0x05, 0x80, 0x40, 0x00, 0xC2,
    0x05, 0x40, 0x80, 0x00, 0xC1, 0x80, 0x06, 0x80, 0x00, 0xC2, 0x80, 0x41, 0x80, 0xC1, 0x41, 0x80, 0xC2, 0x40, 0x07, 0xC2, 0x80, 0x07, 0xC3, 0x06,
    0x40, 0xC3, 0x06, 0xC4, 0x40, 0x05, 0xC4, 0x05, 0xC5, 0x40, 0x04, 0xC5, 0x40, 0x04, 0xC5, 0x05, 0x40, 0xC4, 0x40, 0x05, 0x40, 0xC3, 0x07, 0xC3,
    0x40, 0x06, 0xC3, 0x40, 0x04, 0x80, 0x00, 0xC3, 0x05, 0xC0, 0x00, 0xC2, 0x40, 0x05, 0xC0, 0x00, 0xC3, 0x42, 0x81, 0x40, 0x01, 0xC3, 0x07, 0xC3,
    0x40, 0x06, 0xC3, 0x80, 0x06, 0xC3, 0x80, 0x06, 0xC3, 0x80, 0x06, 0xC3, 0x40, 0x05, 0xC4, 0x41, 0x04, 0xC4, 0x80, 0x04, 0x40, 0xC4, 0x80, 0x05,
    0xC5, 0x06, 0xC3, 0x80, 0x06, 0xC4, 0x06, 0xC4, 0x04, 0x40, 0x00, 0xC3, 0x80, 0x04, 0x80, 0x00, 0xC3, 0x05, 0x40, 0x00, 0xC4, 0x40, 0x01, 0x80,
    0x40, 0x01, 0xC3, 0x80, 0x06, 0xC4, 0x06, 0xC4, 0x06, 0xC4, 0x06, 0xC4, 0x40, 0x05, 0xC4, 0x06, 0xC4, 0x40, 0x05, 0xC4, 0x40, 0x04, 0x40, 0xC4,
    0x40, 0x04, 0x40, 0xC4, 0x40, 0x05, 0xC4, 0x40, 0x05, 0xC4, 0x06, 0xC4, 0x40, 0x05, 0xC4, 0x40, 0x04, 0x80, 0xC3, 0x40, 0x05, 0x80, 0xC5, 0x40,
    0x00, 0x41, 0x01, 0xC4, 0x80, 0x05, 0xC5, 0x05, 0xC4, 0x40, 0x05, 0xC4, 0x40, 0x05, 0xC5, 0x05, 0xC5, 0x05, 0xC5, 0x05, 0xC5, 0x05, 0xC5, 0x05,
    0xC5, 0x05, 0xC5, 0x05, 0xC4, 0x80, 0x05, 0xC5, 0x05, 0xC5, 0x04, 0x40, 0xC3, 0x80, 0x05, 0x80, 0xC6, 0x80, 0x40, 0x81, 0x00, 0xC6, 0x04, 0xC5,
    0x40, 0x04, 0xC5, 0x05, 0xC5, 0x05, 0xC5, 0x80, 0x04, 0xC6, 0x04, 0xC6, 0x04, 0xC6, 0x04, 0xC6, 0x04, 0xC5, 0x80, 0x04, 0xC5, 0x40, 0x04, 0xC5,
    0x05, 0xC5, 0x40, 0x04, 0xC4, 0x80, 0x05, 0xC0, 0x01, 0x40, 0x07, 0xCA, 0x00, 0xC6, 0x80, 0x03, 0xC6, 0x04, 0xC5, 0x40, 0x04, 0xC5, 0x40, 0x04,
    0xC6, 0x04, 0xC6, 0x04, 0xC6, 0x40, 0x03, 0xC6, 0x80, 0x03, 0xC6, 0x80, 0x03, 0xC6, 0x40, 0x03, 0xC6, 0x04, 0xC5, 0x80, 0x04, 0xC0, 0x40, 0x00,
    0xC2, 0x80, 0x04, 0x80, 0x01, 0x42, 0x05, 0x80, 0x0A, 0xC9, 0x40, 0x00, 0xC7, 0x80, 0x40, 0x01, 0xC6, 0x40, 0x03, 0xC5, 0x80, 0x04, 0xC5, 0x40,
    0x04, 0xC6, 0x04, 0xC6, 0x04, 0xC6, 0x80, 0x03, 0xC7, 0x03, 0xC7, 0x03, 0xC6, 0x80, 0x03, 0xC6, 0x04, 0xC0, 0x80, 0x40, 0xC3, 0x04, 0x80, 0x01,
    0x40, 0xC1, 0x80, 0x04, 0xC0, 0x0A, 0xC0, 0x80, 0x40, 0x08, 0xC9, 0x40, 0xC9, 0x80, 0x00, 0x40, 0xC6, 0x80, 0x03, 0xC6, 0x04, 0xC5, 0x40, 0x04,
    0xC5, 0x80, 0x04, 0xC6, 0x04, 0xC6, 0x40, 0x03, 0xC7, 0x03, 0xC7, 0x40, 0x02, 0xC7, 0x03, 0xC1, 0x80, 0xC3, 0x40, 0x03, 0xC0, 0x01, 0x40, 0xC2,
    0x04, 0xC0, 0x02, 0x42, 0x04, 0xC0, 0x80, 0x09, 0xC2, 0x40, 0x07, 0xC9, 0x80, 0xC9, 0x40, 0x00, 0xC8, 0x40, 0x02, 0xC6, 0x04, 0xC5, 0x80, 0x04,
    0xC5, 0x80, 0x04, 0xC6, 0x04, 0xC6, 0x40, 0x03, 0xC7, 0x03, 0xC7, 0x40, 0x02, 0xC7, 0x03, 0xC0, 0x80, 0x00, 0x80, 0xC2, 0x40, 0x03, 0xC0, 0x02,
    0xC2, 0x04, 0xC0, 0x40, 0x09, 0xC2, 0x08, 0xC2, 0x40, 0x07, 0xC8, 0x80, 0xCA, 0x01, 0xC8, 0x40, 0x02, 0xC6, 0x04, 0xC5, 0x40, 0x04, 0xC5, 0x80,
    0x04, 0xC6, 0x04, 0xC6, 0x40, 0x03, 0xC7, 0x03, 0xC7, 0x40, 0x02, 0xC7, 0x03, 0xC0, 0x40, 0x00, 0x40, 0xC2, 0x40, 0x03, 0xC0, 0x02, 0x81, 0xC0,
    0x04, 0xC1, 0x09, 0xC2, 0x08, 0xC2, 0x08, 0xC8, 0x80, 0xC9, 0x80, 0x00, 0x40, 0xC8, 0x40, 0x02, 0xC6, 0x04, 0xC5, 0x40, 0x04, 0xC5, 0x40, 0x04,
    0xC6, 0x04, 0xC6, 0x40, 0x03, 0xC7, 0x03, 0xC7, 0x03, 0xC1, 0x80, 0xC4, 0x03, 0xC0, 0x01, 0x40, 0xC2, 0x04, 0xC0, 0x40, 0x01, 0x40, 0x81, 0x04,
    0xC1, 0x80, 0x08, 0xC2, 0x08, 0xC2, 0x08, 0xC8, 0x80, 0xC9, 0x40, 0x00, 0x80, 0xC8, 0x40, 0x02, 0xC6, 0x04, 0xC5, 0x40, 0x04, 0xC5, 0x40, 0x04,
    0xC6, 0x04, 0xC6, 0x40, 0x03, 0xC7, 0x03, 0xC7, 0x03, 0xC0, 0x80, 0x40, 0x80, 0xC3, 0x03, 0xC0, 0x01, 0x40, 0xC2, 0x04, 0xC0, 0x40, 0x02, 0x41,
    0x04, 0xC1, 0x80, 0x08, 0xC2, 0x08, 0xC1, 0x40, 0x08, 0xD3, 0x01, 0xC9, 0x03, 0xC5, 0x80, 0x04, 0xC5, 0x05, 0xC5, 0x05, 0xC6, 0x04, 0xC6, 0x04,
    0xC7, 0x03, 0xC7, 0x03, 0xC0, 0x80, 0x00, 0x80, 0xC3, 0x03, 0xC0, 0x01, 0x40, 0xC2, 0x04, 0xC0, 0x80, 0x03, 0x40, 0x04, 0xC2, 0x08, 0xC1, 0x80,
    0x08, 0xC1, 0x40, 0x08, 0xD3, 0x00, 0x40, 0xC9, 0x03, 0xC5, 0x80, 0x04, 0xC5, 0x05, 0xC5, 0x05, 0xC5, 0x80, 0x04, 0xC6, 0x04, 0xC7, 0x03, 0xC7,
    0x03, 0xC0, 0x40, 0x00, 0x80, 0xC3, 0x03, 0xC0, 0x02, 0xC2, 0x04, 0xC0, 0x80, 0x09, 0xC2, 0x08, 0xC1, 0x80, 0x08, 0xC1, 0x04, 0x40, 0x03, 0xD3,
    0x00, 0x80, 0xC8, 0x80, 0x03, 0xC5, 0x80, 0x04, 0xC5, 0x05, 0xC5, 0x05, 0xC5, 0x80, 0x04, 0xC6, 0x04, 0xC6, 0x80, 0x03, 0xC7, 0x03, 0xC0, 0x40,
    0x00, 0x80, 0xC3, 0x03, 0xC0, 0x02, 0xC2, 0x04, 0xC0, 0x80, 0x09, 0xC2, 0x08, 0xC1, 0x80, 0x08, 0xC1, 0x09, 0xD2, 0x80, 0x00, 0x80, 0xC8, 0x80,
    0x02, 0x40, 0xC5, 0x80, 0x04, 0xC5, 0x05, 0xC5, 0x05, 0xC5, 0x40, 0x04, 0xC6, 0x04, 0xC6, 0x80, 0x03, 0xC7, 0x03, 0xC0, 0x40, 0x00, 0x80, 0xC3,
    0x03, 0xC0, 0x01, 0x40, 0xC2, 0x04, 0xC0, 0x80, 0x09, 0xC2, 0x08, 0xC1, 0x80, 0x08, 0xC1, 0x40, 0x08, 0xD2, 0x80, 0x00, 0xC9, 0x40, 0x02, 0x40,
    0xC5, 0x80, 0x04, 0xC5, 0x05, 0xC5, 0x05, 0xC5, 0x40, 0x04, 0xC6, 0x04, 0xC6, 0x80, 0x03, 0xC7, 0x03, 0xC0, 0x40, 0x00, 0x80, 0xC3, 0x03, 0xC0,
    0x01, 0x40, 0xC2, 0x04, 0xC0, 0x80, 0x09, 0xC2, 0x08, 0xC1, 0x80, 0x08, 0xC1, 0x40, 0x08, 0xD2, 0x80, 0x40, 0xC9, 0x40, 0x02, 0x40, 0xC5, 0x80,
    0x04, 0xC5, 0x05, 0xC5, 0x05, 0xC5, 0x40, 0x04, 0xC6, 0x04, 0xC6, 0x80, 0x03, 0xC6, 0x80, 0x03, 0xC0, 0x40, 0x00, 0x80, 0xC3, 0x03, 0xC0, 0x01,
    0x40, 0xC2, 0x04, 0xC0, 0x80, 0x09, 0xC2, 0x08, 0xC2, 0x08, 0xC1, 0x80, 0x08, 0xD2, 0x80, 0x40, 0xC9, 0x40, 0x02, 0x40, 0xC5, 0x80, 0x04, 0xC5,
    0x05, 0xC5, 0x05, 0xC5, 0x40, 0x04, 0xC6, 0x04, 0xC6, 0x80, 0x03, 0xC6, 0x80, 0x03, 0xC0, 0x40, 0x00, 0x80, 0xC3, 0x03, 0xC0, 0x01, 0x40, 0xC2,
    0x04, 0xC0, 0x80, 0x02, 0x40, 0x05, 0xC2, 0x08, 0xC2, 0x08, 0xC1, 0x80, 0x08, 0xD2, 0x80, 0x00, 0x80, 0xC8, 0x40, 0x02, 0x40, 0xC5, 0x40, 0x04,
    0xC5, 0x05, 0xC5, 0x05, 0xC5, 0x40, 0x04, 0xC6, 0x04, 0xC6, 0x80, 0x03, 0xC6, 0x80, 0x03, 0xC0, 0x40, 0x00, 0x40, 0xC3, 0x03, 0xC0, 0x02, 0xC2,
    0x04, 0xC0, 0x80, 0x02, 0x40, 0x05, 0xC2, 0x08, 0xC2, 0x08, 0xC1, 0x80, 0x08, 0xD2, 0x80, 0x00, 0x80, 0xC8, 0x40, 0x03, 0xC5, 0x40, 0x04, 0xC5,
    0x05, 0xC4, 0x80, 0x05, 0xC5, 0x40, 0x04, 0xC6, 0x04, 0xC6, 0x80, 0x03, 0xC6, 0x80, 0x03, 0xC0, 0x40, 0x00, 0x40, 0xC3, 0x03, 0xC0, 0x40, 0x01,
    0xC2, 0x04, 0xC0, 0x80, 0x02, 0x41, 0x04, 0xC2, 0x08, 0xC2, 0x08, 0xC2, 0x08, 0xD2, 0x80, 0x00, 0x80, 0xC8, 0x40, 0x03, 0xC5, 0x40, 0x04, 0xC5,
    0x05, 0xC4, 0x80, 0x05, 0xC5, 0x40, 0x04, 0xC6, 0x04, 0xC6, 0x80, 0x03, 0xC6, 0x80, 0x03, 0xC0, 0x40, 0x01, 0xC3, 0x03, 0xC0, 0x40, 0x01, 0xC2,
    0x04, 0xC1, 0x03, 0x40, 0x04, 0xC2, 0x08, 0xC2, 0x08, 0xC2, 0x08, 0xD2, 0x80, 0x00, 0x40, 0x80, 0xC7, 0x40, 0x03, 0xC5, 0x40, 0x04, 0xC5, 0x05,
    0xC4, 0x80, 0x05, 0xC5, 0x40, 0x04, 0xC6, 0x04, 0xC6, 0x80, 0x03, 0xC6, 0x80, 0x03, 0xC0, 0x80, 0x01, 0xC3, 0x03, 0xC0, 0x40, 0x01, 0x80, 0xC1,
    0x04, 0xC1, 0x40, 0x02, 0x40, 0x04, 0xC2, 0x08, 0xC2, 0x08, 0xC2, 0x08, 0xC7, 0x80, 0xC9, 0x80, 0x00, 0x40, 0x80, 0xC7, 0x40, 0x03, 0xC5, 0x40,
    0x04, 0xC5, 0x05, 0xC4, 0x80, 0x05, 0xC5, 0x40, 0x04, 0xC6, 0x04, 0xC6, 0x80, 0x03, 0xC2, 0x80, 0xC3, 0x03, 0xC0, 0x80, 0x01, 0xC3, 0x03, 0xC0,
    0x80, 0x01, 0x80, 0xC1, 0x04, 0xC1, 0x40, 0x02, 0x40, 0x04, 0xC2, 0x08, 0xC2, 0x08, 0xC2, 0x08, 0xC7, 0x80, 0xC9, 0x80, 0x01, 0x81, 0xC6, 0x40,
    0x03, 0xC5, 0x05, 0xC4, 0x80, 0x05, 0xC4, 0x80, 0x05, 0xC5, 0x40, 0x04, 0xC6, 0x04, 0xC6, 0x80, 0x03, 0xC1, 0x81, 0xC3, 0x03, 0xC0, 0x80, 0x01,
    0x80, 0xC2, 0x03, 0xC0, 0x80, 0x01, 0x40, 0xC1, 0x04, 0xC1, 0x40, 0x02, 0x40, 0x04, 0xC2, 0x08, 0xC2, 0x08, 0xC2, 0x08, 0xC7, 0x40, 0xC9, 0x80,
    0x01, 0x40, 0x80, 0xC6, 0x40, 0x03, 0xC5, 0x05, 0xC4, 0x80, 0x05, 0xC4, 0x80, 0x05, 0xC5, 0x40, 0x04, 0xC6, 0x04, 0xC6, 0x80, 0x03, 0xC1, 0x80,
    0x40, 0xC3, 0x03, 0xC0, 0x80, 0x01, 0x80, 0xC2, 0x03, 0xC1, 0x02, 0xC1, 0x40, 0x03, 0xC1, 0x80, 0x02, 0x40, 0x04, 0xC2, 0x08, 0xC2, 0x08, 0xC2,
    0x08, 0xC7, 0x00, 0x80, 0xC8, 0x80, 0x01, 0x41, 0xC6, 0x04, 0xC5, 0x05, 0xC4, 0x80, 0x05, 0xC4, 0x80, 0x05, 0xC5, 0x40, 0x04, 0xC6, 0x04, 0xC6,
    0x80, 0x03, 0xC1, 0x80, 0x40, 0x80, 0xC1, 0x80, 0x03, 0xC1, 0x01, 0x40, 0xC2, 0x03, 0xC1, 0x02, 0xC1, 0x40, 0x03, 0xC1, 0x80, 0x02, 0x40, 0x04,
    0xC2, 0x08, 0xC2, 0x08, 0xC2, 0x08, 0xC7, 0x00, 0x40, 0xC9, 0x02, 0x40, 0xC6, 0x04, 0xC5, 0x05, 0xC4, 0x80, 0x05, 0xC4, 0x80, 0x05, 0xC5, 0x80,
    0x04, 0xC6, 0x04, 0xC6, 0x80, 0x03, 0xC1, 0x80, 0x00, 0x80, 0xC1, 0x80, 0x03, 0xC1, 0x02, 0xC2, 0x03, 0xC1, 0x02, 0x80, 0xC0, 0x40, 0x03, 0xC2,
    0x02, 0x40, 0x04, 0xC2, 0x40, 0x07, 0xC2, 0x08, 0xC2, 0x08, 0xC7, 0x01, 0xC9, 0x03, 0xC5, 0x80, 0x04, 0xC5, 0x05, 0xC4, 0x80, 0x05, 0xC4, 0x80,
    0x05, 0xC5, 0x80, 0x04, 0xC6, 0x04, 0xC6, 0x80, 0x03, 0xC1, 0x80, 0x01, 0xC1, 0x80, 0x03, 0xC1, 0x02, 0xC2, 0x03, 0xC1, 0x40, 0x01, 0x40, 0xC0,
    0x80, 0x03, 0xC2, 0x40, 0x01, 0x40, 0x04, 0xC2, 0x40, 0x07, 0xC2, 0x08, 0xC2, 0x08, 0xC7, 0x01, 0xC9, 0x03, 0xC5, 0x80, 0x04, 0xC5, 0x05, 0xC4,
    0x80, 0x05, 0xC4, 0x80, 0x05, 0xC5, 0x80, 0x04, 0xC6, 0x04, 0xC6, 0x80, 0x03, 0xC1, 0x80, 0x01, 0xC1, 0x80, 0x03, 0xC1, 0x02, 0xC2, 0x03, 0xC1,
    0x40, 0x02, 0xC0, 0x80, 0x03, 0xC2, 0x40, 0x07, 0xC2, 0x40, 0x07, 0xC2, 0x08, 0xC2, 0x08, 0xC7, 0x01, 0x80, 0xC8, 0x03, 0xC5, 0x80, 0x04, 0xC5,
    0x05, 0xC4, 0x80, 0x05, 0xC4, 0x80, 0x05, 0xC5, 0x80, 0x04, 0xC6, 0x04, 0xC6, 0x80, 0x03, 0xC1, 0x80, 0x01, 0x80, 0xC1, 0x03, 0xC1, 0x40, 0x01,
    0x80, 0xC1, 0x03, 0xC1, 0x80, 0x02, 0x80, 0xC0, 0x03, 0xC2, 0x80, 0x07, 0xC2, 0x40, 0x07, 0xC2, 0x40, 0x07, 0xC2, 0x08, 0xC7, 0x01, 0x40, 0xC8,
    0x03, 0xC5, 0x80, 0x04, 0xC5, 0x05, 0xC4, 0x80, 0x05, 0xC4, 0x80, 0x05, 0xC5, 0x80, 0x04, 0xC6, 0x04, 0xC3, 0x80, 0xC1, 0x80, 0x03, 0xC1, 0x80,
    0x01, 0x40, 0xC1, 0x03, 0xC1, 0x40, 0x01, 0x40, 0xC1, 0x03, 0xC2, 0x02, 0x80, 0xC0, 0x03, 0xC2, 0x80, 0x07, 0xC2, 0x80, 0x07, 0xC2, 0x40, 0x07,
    0xC2, 0x08, 0xC7, 0x02, 0xC7, 0x80, 0x03, 0xC5, 0x40, 0x04, 0xC5, 0x05, 0xC4, 0x80, 0x05, 0xC4, 0x80, 0x05, 0xC5, 0x80, 0x04, 0xC6, 0x04, 0xC3,
    0x80, 0xC1, 0x80, 0x03, 0xC1, 0x80, 0x01, 0x40, 0xC1, 0x03, 0xC1, 0x80, 0x02, 0xC1, 0x03, 0xC2, 0x02, 0x80, 0xC0, 0x03, 0xC3, 0x07, 0xC2, 0x80,
    0x07, 0xC2, 0x40, 0x07, 0xC2, 0x40, 0x07, 0xC7, 0x40, 0x01, 0x80, 0xC6, 0x80, 0x03, 0xC5, 0x40, 0x04, 0xC5, 0x05, 0xC4, 0x80, 0x05, 0xC4, 0x80,
    0x05, 0xC5, 0x80, 0x04, 0xC6, 0x04, 0xC3, 0x40, 0x80, 0xC0, 0x80, 0x03, 0xC2, 0x02, 0xC1, 0x03, 0xC2, 0x02, 0xC1, 0x03, 0xC2, 0x02, 0x40, 0xC0,
    0x03, 0xC3, 0x07, 0xC2, 0x80, 0x07, 0xC2, 0x80, 0x07, 0xC2, 0x40, 0x07, 0xC7, 0x40, 0x01, 0x40, 0xC6, 0x80, 0x03, 0xC5, 0x40, 0x04, 0xC5, 0x05,
    0xC4, 0x80, 0x05, 0xC5, 0x05, 0xC5, 0x80, 0x04, 0xC6, 0x04, 0xC3, 0x41, 0xC0, 0x80, 0x03, 0xC2, 0x02, 0xC1, 0x03, 0xC2, 0x02, 0xC1, 0x03, 0xC2,
    0x40, 0x02, 0xC0, 0x03, 0xC3, 0x07, 0xC3, 0x07, 0xC2, 0x80, 0x07, 0xC2, 0x80, 0x07, 0xC7, 0x80, 0x01, 0x40, 0xC6, 0x80, 0x03, 0xC5, 0x40, 0x04,
    0xC5, 0x05, 0xC4, 0x80, 0x05, 0xC5, 0x05, 0xC5, 0x80, 0x04, 0xC6, 0x04, 0xC2, 0x80, 0x41, 0xC0, 0x80, 0x03, 0xC2, 0x02, 0x80, 0xC0, 0x03, 0xC2,
    0x02, 0x80, 0xC0, 0x03, 0xC2, 0x80, 0x02, 0xC0, 0x03, 0xC3, 0x07, 0xC3, 0x07, 0xC3, 0x07, 0xC2, 0x80, 0x07, 0xC7, 0x80, 0x01, 0x40, 0xC6, 0x40,
    0x03, 0xC5, 0x40, 0x04, 0xC5, 0x05, 0xC4, 0x80, 0x05, 0xC5, 0x05, 0xC5, 0x80, 0x04, 0xC6, 0x04, 0xC2, 0x80, 0x01, 0xC0, 0x80, 0x03, 0xC2, 0x02,
    0x80, 0xC0, 0x03, 0xC2, 0x02, 0x40, 0xC0, 0x03, 0xC3, 0x02, 0x80, 0x03, 0xC3, 0x40, 0x06, 0xC3, 0x07, 0xC3, 0x07, 0xC3, 0x07, 0xC7, 0x80, 0x02,
    0xC6, 0x40, 0x03, 0xC5, 0x40, 0x04, 0xC4, 0x80, 0x05, 0xC4, 0x80, 0x05, 0xC5, 0x05, 0xC5, 0x80, 0x04, 0xC6, 0x04, 0xC2, 0x80, 0x01, 0x81, 0x03,
    0xC2, 0x02, 0x40, 0xC0, 0x03, 0xC2, 0x40, 0x02, 0xC0, 0x03, 0xC3, 0x02, 0x80, 0x03, 0xC3, 0x40, 0x06, 0xC3, 0x07, 0xC3, 0x07, 0xC3, 0x07, 0xC8,
    0x02, 0xC6, 0x40, 0x03, 0xC5, 0x40, 0x04, 0xC4, 0x80, 0x05, 0xC4, 0x80, 0x05, 0xC5, 0x05, 0xC5, 0x80, 0x04, 0xC5, 0x80, 0x04, 0xC2, 0x80, 0x01,
    0x81, 0x03, 0xC2, 0x40, 0x01, 0x40, 0xC0, 0x03, 0xC2, 0x40, 0x02, 0xC0, 0x03, 0xC3, 0x02, 0x40, 0x03, 0xC3, 0x40, 0x06, 0xC3, 0x07, 0xC3, 0x07,
    0xC3, 0x07, 0xC8, 0x02, 0xC6, 0x40, 0x03, 0xC5, 0x40, 0x04, 0xC4, 0x80, 0x05, 0xC4, 0x40, 0x05, 0xC5, 0x05, 0xC5, 0x80, 0x04, 0xC5, 0x80, 0x04,
    0xC2, 0x80, 0x01, 0x41, 0x03, 0xC2, 0x40, 0x01, 0x40, 0xC0, 0x03, 0xC2, 0x80, 0x02, 0xC0, 0x03, 0xC3, 0x40, 0x01, 0x40, 0x03, 0xC3, 0x40, 0x06,
    0xC3, 0x07, 0xC3, 0x07, 0xC3, 0x07, 0xC8, 0x02, 0xC6, 0x40, 0x03, 0xC5, 0x40, 0x04, 0xC4, 0x80, 0x05, 0xC4, 0x40, 0x05, 0xC5, 0x05, 0xC5, 0x80,
    0x04, 0xC5, 0x80, 0x04, 0xC2, 0x80, 0x01, 0x41, 0x03, 0xC2, 0x40, 0x01, 0x40, 0xC0, 0x03, 0xC2, 0x80, 0x02, 0xC0, 0x03, 0xC3, 0x40, 0x01, 0x40,
    0x03, 0xC3, 0x40, 0x06, 0xC3, 0x07, 0xC3, 0x07, 0xC3, 0x07, 0xC8, 0x02, 0xC6, 0x40, 0x03, 0xC5, 0x40, 0x04, 0xC4, 0x80, 0x05, 0xC4, 0x40, 0x05,
    0xC5, 0x05, 0xC5, 0x80, 0x04, 0xC5, 0x80, 0x04, 0xC2, 0x80, 0x01, 0x41, 0x03, 0xC2, 0x40, 0x01, 0x40, 0xC0, 0x03, 0xC2, 0x80, 0x02, 0xC0, 0x03,
    0xC3, 0x40, 0x01, 0x40, 0x03, 0xC3, 0x40, 0x06, 0xC3, 0x07, 0xC3, 0x07, 0xC3, 0x07, 0xC8, 0x02, 0xC6, 0x40, 0x03, 0xC5, 0x40, 0x04, 0xC4, 0x80,
    0x05, 0xC4, 0x40, 0x05, 0xC5, 0x05, 0xC5, 0x80, 0x04, 0xC5, 0x80, 0x04, 0xC2, 0x80, 0x01, 0x41, 0x03, 0xC2, 0x40, 0x01, 0x40, 0xC0, 0x03, 0xC2,
    0x80, 0x02, 0xC0, 0x03, 0xC3, 0x40, 0x01, 0x40, 0x03, 0xC3, 0x40, 0x06, 0xC3, 0x07, 0xC3, 0x07, 0xC3, 0x01, 0x40, 0x04, 0xC8, 0x02, 0xC6, 0x40,
    0x03, 0xC5, 0x40, 0x04, 0xC4, 0x80, 0x05, 0xC4, 0x40, 0x05, 0xC4, 0x80, 0x05, 0xC5, 0x80, 0x04, 0xC5, 0x80, 0x04, 0xC2, 0x80, 0x01, 0x41, 0x03,
    0xC2, 0x40, 0x01, 0x40, 0xC0, 0x03, 0xC2, 0x40, 0x02, 0xC0, 0x03, 0xC3, 0x40, 0x01, 0x40, 0x03, 0xC3, 0x40, 0x06, 0xC3, 0x07, 0xC3, 0x07, 0xC3,
    0x01, 0x40, 0x04, 0xC8, 0x01, 0x40, 0xC6, 0x40, 0x03, 0xC5, 0x05, 0xC4, 0x80, 0x05, 0xC4, 0x40, 0x05, 0xC4, 0x80, 0x05, 0xC5, 0x80, 0x04, 0xC5,
    0x80, 0x04, 0xC2, 0x80, 0x01, 0x80, 0x40, 0x03, 0xC2, 0x40, 0x01, 0x40, 0xC0, 0x03, 0xC2, 0x40, 0x02, 0xC0, 0x03, 0xC3, 0x40, 0x01, 0x40, 0x03,
    0xC3, 0x40, 0x06, 0xC3, 0x07, 0xC3, 0x07, 0xC3, 0x01, 0x40, 0x04, 0xC7, 0x80, 0x01, 0x40, 0xC6, 0x40, 0x03, 0xC5, 0x05, 0xC4, 0x80, 0x05, 0xC4,
    0x40, 0x05, 0xC4, 0x80, 0x05, 0xC5, 0x40, 0x04, 0xC5, 0x80, 0x04, 0xC2, 0x80, 0x01, 0x80, 0x40, 0x03, 0xC2, 0x02, 0x40, 0x80, 0x03, 0xC2, 0x40,
    0x02, 0xC0, 0x03, 0xC3, 0x02, 0x40, 0x03, 0xC3, 0x40, 0x06, 0xC3, 0x07, 0xC3, 0x07, 0xC3, 0x01, 0x40, 0x04, 0xC7, 0x80, 0x01, 0x40, 0xC6, 0x40,
    0x03, 0xC5, 0x05, 0xC4, 0x80, 0x05, 0xC4, 0x40, 0x05, 0xC4, 0x80, 0x05, 0xC5, 0x40, 0x04, 0xC5, 0x80, 0x04, 0xC2, 0x80, 0x01, 0x80, 0x40, 0x03,
    0xC2, 0x02, 0x40, 0x80, 0x03, 0xC2, 0x40, 0x02, 0xC0, 0x03, 0xC3, 0x02, 0x40, 0x03, 0xC3, 0x40, 0x06, 0xC3, 0x07, 0xC3, 0x07, 0xC3, 0x01, 0x40,
    0x04, 0xC7, 0x80, 0x01, 0x40, 0xC6, 0x40, 0x03, 0xC5, 0x05, 0xC4, 0x80, 0x05, 0xC4, 0x40, 0x05, 0xC4, 0x80, 0x05, 0xC5, 0x40, 0x04, 0xC5, 0x80,
    0x04, 0xC2, 0x80, 0x01, 0x80, 0x40, 0x03, 0xC2, 0x02, 0x40, 0x80, 0x03, 0xC2, 0x40, 0x01, 0x40, 0xC0, 0x03, 0xC3, 0x02, 0x40, 0x03, 0xC3, 0x40,
    0x06, 0xC3, 0x07, 0xC3, 0x07, 0xC3, 0x01, 0x40, 0x04, 0xC7, 0x40, 0x01, 0x40, 0xC6, 0x40, 0x03, 0xC5, 0x05, 0xC4, 0x80, 0x05, 0xC4, 0x40, 0x05,
    0xC4, 0x40, 0x05, 0xC5, 0x40, 0x04, 0xC5, 0x40, 0x04, 0xC2, 0x80, 0x01, 0xC0, 0x04, 0xC2, 0x02, 0x81, 0x03, 0xC2, 0x02, 0x40, 0xC0, 0x03, 0xC2,
    0x80, 0x02, 0x80, 0x03, 0xC3, 0x07, 0xC3, 0x07, 0xC3, 0x07, 0xC2, 0x80, 0x01, 0x40, 0x04, 0xC7, 0x40, 0x01, 0x40, 0xC6, 0x40, 0x03, 0xC5, 0x05,
    0xC4, 0x40, 0x05, 0xC4, 0x06, 0xC4, 0x40, 0x05, 0xC5, 0x40, 0x04, 0xC5, 0x40, 0x04, 0xC2, 0x80, 0x01, 0xC0, 0x04, 0xC2, 0x02, 0x81, 0x03, 0xC2,
    0x02, 0x80, 0xC0, 0x03, 0xC2, 0x80, 0x02, 0x80, 0x03, 0xC3, 0x07, 0xC3, 0x07, 0xC3, 0x07, 0xC2, 0x80, 0x01, 0x40, 0x04, 0xC7, 0x02, 0x80, 0xC6,
    0x40, 0x03, 0xC5, 0x05, 0xC4, 0x40, 0x05, 0xC4, 0x06, 0xC4, 0x40, 0x05, 0xC5, 0x40, 0x04, 0xC5, 0x40, 0x04, 0xC2, 0x80, 0x41, 0xC0, 0x04, 0xC2,
    0x02, 0xC0, 0x80, 0x03, 0xC2, 0x02, 0x80, 0xC0, 0x03, 0xC2, 0x40, 0x02, 0x80, 0x03, 0xC3, 0x07, 0xC3, 0x07, 0xC2, 0x80, 0x07, 0xC2, 0x80, 0x01,
    0x40, 0x04, 0xC7, 0x02, 0x80, 0xC6, 0x40, 0x03, 0xC5, 0x05, 0xC4, 0x06, 0xC4, 0x06, 0xC4, 0x06, 0xC5, 0x05, 0xC5, 0x40, 0x04, 0xC2, 0x80, 0x41,
    0xC0, 0x04, 0xC2, 0x02, 0xC0, 0x40, 0x03, 0xC2, 0x02, 0xC0, 0x80, 0x03, 0xC2, 0x40, 0x02, 0x80, 0x03, 0xC3, 0x07, 0xC2, 0x80, 0x07, 0xC2, 0x80,
    0x07, 0xC2, 0x80, 0x01, 0x40, 0x04, 0xC6, 0x40, 0x01, 0x40, 0x80, 0xC6, 0x40, 0x03, 0xC4, 0x80, 0x05, 0xC4, 0x06, 0xC4, 0x06, 0xC4, 0x06, 0xC4,
    0x80, 0x05, 0xC5, 0x05, 0xC2, 0x80, 0x40, 0x80, 0xC0, 0x04, 0xC1, 0x80, 0x02, 0xC0, 0x40, 0x03, 0xC1, 0x80, 0x02, 0xC0, 0x80, 0x03, 0xC2, 0x02,
    0x40, 0x80, 0x03, 0xC3, 0x07, 0xC2, 0x80, 0x07, 0xC2, 0x80, 0x07, 0xC2, 0x40, 0x01, 0x40, 0x04, 0xC6, 0x02, 0x40, 0x80, 0xC5, 0x80, 0x04, 0xC4,
    0x80, 0x05, 0xC4, 0x06, 0xC3, 0x80, 0x06, 0xC3, 0x80, 0x06, 0xC4, 0x40, 0x05, 0xC5, 0x05, 0xC2, 0x80, 0x40, 0x81, 0x04, 0xC1, 0x80, 0x02, 0xC0,
    0x04, 0xC1, 0x80, 0x02, 0xC0, 0x40, 0x03, 0xC2, 0x02, 0x40, 0x80, 0x03, 0xC2, 0x80, 0x07, 0xC2, 0x80, 0x07, 0xC2, 0x40, 0x07, 0xC2, 0x40, 0x01,
    0x40, 0x04, 0xC5, 0x80, 0x02, 0x40, 0x80, 0xC5, 0x80, 0x04, 0xC4, 0x40, 0x05, 0xC4, 0x06, 0xC3, 0x80, 0x06, 0xC3, 0x80, 0x06, 0xC4, 0x40, 0x05,
    0xC5, 0x05, 0xC2, 0x81, 0xC0, 0x80, 0x04, 0xC1, 0x80, 0x01, 0x40, 0xC0, 0x04, 0xC1, 0x40, 0x02, 0xC0, 0x04, 0xC1, 0x80, 0x02, 0x80, 0x40, 0x03,
    0xC2, 0x80, 0x07, 0xC2, 0x40, 0x07, 0xC2, 0x40, 0x07, 0xC2, 0x08, 0xC5, 0x40, 0x01, 0x41, 0x80, 0xC5, 0x80, 0x04, 0xC4, 0x40, 0x05, 0xC4, 0x06,
    0xC3, 0x40, 0x06, 0xC3, 0x40, 0x06, 0xC4, 0x40, 0x05, 0xC5, 0x05, 0xC3, 0x80, 0xC0, 0x40, 0x04, 0xC1, 0x40, 0x01, 0x80, 0xC0, 0x00, 0x40, 0x02,
    0xC1, 0x02, 0x40, 0xC0, 0x04, 0xC1, 0x40, 0x02, 0xC0, 0x40, 0x03, 0xC2, 0x40, 0x07, 0xC2, 0x40, 0x07, 0xC2, 0x08, 0xC2, 0x08, 0xC5, 0x02, 0x41,
    0x80, 0xC5, 0x40, 0x04, 0xC4, 0x40, 0x05, 0xC4, 0x06, 0xC3, 0x80, 0x06, 0xC3, 0x40, 0x06, 0xC4, 0x06, 0xC5, 0x05, 0xC5, 0x80, 0x04, 0xC1, 0x80,
    0x01, 0xC0, 0x80, 0x00, 0x80, 0x02, 0xC1, 0x02, 0x80, 0xC0, 0x00, 0x40, 0x02, 0xC1, 0x02, 0x40, 0xC0, 0x40, 0x03, 0xC1, 0x80, 0x08, 0xC2, 0x40,
    0x07, 0xC2, 0x08, 0xC2, 0x08, 0xC4, 0x80, 0x02, 0x40, 0x00, 0x80, 0xC5, 0x05, 0xC4, 0x40, 0x05, 0xC4, 0x06, 0xC3, 0x80, 0x06, 0xC3, 0x40, 0x06,
    0xC4, 0x06, 0xC5, 0x05, 0xC5, 0x80, 0x04, 0xC2, 0x40, 0xC1, 0x80, 0x00, 0xC0, 0x02, 0xC1, 0x02, 0xC0, 0x80, 0x41, 0x02, 0xC0, 0x80, 0x02, 0xC1,
    0x40, 0x03, 0xC1, 0x03, 0x40, 0x04, 0xC2, 0x08, 0xC2, 0x08, 0xC2, 0x08, 0xC4, 0x40, 0x02, 0x40, 0x00, 0x80, 0xC5, 0x05, 0xC4, 0x40, 0x05, 0xC4,
    0x06, 0xC3, 0x40, 0x06, 0xC3, 0x40, 0x06, 0xC4, 0x06, 0xC5, 0x05, 0xC5, 0x80, 0x04, 0xC5, 0x80, 0x00, 0xC0, 0x02, 0xC1, 0x01, 0x80, 0xC0, 0x80,
    0x00, 0x40, 0x02, 0xC0, 0x40, 0x01, 0x40, 0xC1, 0x40, 0x03, 0xC0, 0x80, 0x02, 0x40, 0xC0, 0x04, 0xC1, 0x40, 0x08, 0xC2, 0x40, 0x07, 0xC2, 0x08,
    0xC3, 0x80, 0x05, 0x80, 0xC4, 0x40, 0x05, 0xC4, 0x06, 0xC3, 0x80, 0x06, 0xC3, 0x40, 0x06, 0xC3, 0x07, 0xC3, 0x80, 0x06, 0xC5, 0x05, 0xC5, 0x40,
    0x04, 0xC5, 0x80, 0x00, 0x80, 0x02, 0xC1, 0x80, 0x40, 0xC1, 0x80, 0x00, 0x40, 0x02, 0xC0, 0x40, 0x01, 0x80, 0xC1, 0x04, 0xC0, 0x02, 0x40, 0xC1,
    0x04, 0xC0, 0x80, 0x03, 0x80, 0x04, 0xC1, 0x80, 0x40, 0x07, 0xC2, 0x40, 0x07, 0xC3, 0x06, 0xC4, 0x40, 0x06, 0xC4, 0x06, 0xC3, 0x07, 0xC3, 0x07,
    0xC3, 0x07, 0xC3, 0x40, 0x06, 0xC5, 0x05, 0xC5, 0x40, 0x04, 0xC5, 0x40, 0x00, 0x80, 0x02, 0xC5, 0x80, 0x00, 0x40, 0x02, 0xC0, 0x80, 0x40, 0xC3,
    0x40, 0x03, 0x40, 0x01, 0x40, 0xC2, 0x04, 0x40, 0x02, 0x80, 0xC1, 0x04, 0x80, 0x04, 0x40, 0x04, 0xC0, 0x81, 0x08, 0xC2, 0x07, 0xC3, 0x40, 0x06,
    0x80, 0xC3, 0x07, 0xC3, 0x07, 0xC2, 0x80, 0x07, 0xC2, 0x80, 0x07, 0xC3, 0x07, 0xC4, 0x80, 0x05, 0xC5, 0x05, 0xC5, 0x01, 0x40, 0x02, 0xC5, 0x41,
    0x03, 0xC5, 0x80, 0x40, 0x03, 0xC0, 0x80, 0xC4, 0x06, 0x40, 0xC3, 0x07, 0xC3, 0x10, 0xC1, 0x07, 0x80, 0xC2, 0x40, 0x07, 0xC3, 0x40, 0x07, 0xC2,
    0x80, 0x07, 0xC2, 0x40, 0x07, 0xC2, 0x40, 0x07, 0xC2, 0x40, 0x07, 0xC3, 0x80, 0x40, 0x05, 0xC5, 0x05, 0xC5, 0x00, 0x41, 0x02, 0xC5, 0x00, 0x80,
    0x03, 0xC5, 0x40, 0x80, 0x03, 0xC5, 0x80, 0x40, 0x03, 0xC6, 0x04, 0x41, 0xC4, 0x06, 0x80, 0xC2, 0x80, 0x04, 0xC1, 0x42, 0x80, 0x40, 0x02, 0xC3,
    0x07, 0x40, 0xC2, 0x40, 0x07, 0x80, 0xC2, 0x40, 0x07, 0xC2, 0x08, 0xC2, 0x08, 0xC2, 0x40, 0x07, 0xC2, 0x80, 0x07, 0xC4, 0x80, 0x05, 0xC4, 0x80,
    0x01, 0x40, 0x02, 0xC4, 0x80, 0x40, 0x81, 0x02, 0xC5, 0x40, 0xC0, 0x03, 0xC5, 0x80, 0x40, 0x03, 0xC6, 0x40, 0x03, 0xC6, 0x40, 0x03, 0xC6, 0x40,
    0x03, 0xC6, 0x80, 0x00, 0x40, 0xC3, 0x40, 0x06, 0x40, 0xC2, 0x08, 0x80, 0xC2, 0x08, 0xC2, 0x80, 0x07, 0xC2, 0x40, 0x07, 0xC2, 0x40, 0x07, 0xC2,
    0x80, 0x07, 0xC3, 0x80, 0x40, 0x05, 0xC4, 0x80, 0x05, 0xC4, 0x41, 0x00, 0xC0, 0x02, 0xC4, 0x40, 0x81, 0xC0, 0x02, 0xC4, 0x81, 0xC0, 0x03, 0xC5,
    0x81, 0x03, 0xC6, 0x80, 0x03, 0xC6, 0x80, 0x03, 0xCF, 0x41, 0x80, 0x40, 0x01, 0x40, 0xC3, 0x07, 0x40, 0xC2, 0x40, 0x07, 0xC3, 0x07, 0xC3, 0x07,
    0xC3, 0x07, 0xC3, 0x07, 0xC3, 0x80, 0x06, 0xC5, 0x05, 0xC4, 0x80, 0x40, 0x00, 0x40, 0x02, 0xC4, 0x42, 0xC0, 0x40, 0x01, 0xC4, 0x40, 0x80, 0xC1,
    0x02, 0xC4, 0x80, 0xC1, 0x80, 0x02, 0xC7, 0x03, 0xC7, 0x03, 0xD5, 0x80, 0xC4, 0x80, 0x06, 0xC3, 0x80, 0x06, 0xC4, 0x06, 0xC4, 0x06, 0xC3, 0x80,
    0x06, 0xC3, 0x80, 0x06, 0xC4, 0x06, 0xC5, 0x40, 0x04, 0xC5, 0x40, 0x04, 0xC5, 0x01, 0x80, 0x40, 0x01, 0xC4, 0x80, 0x00, 0x80, 0xC1, 0x01, 0xC4,
    0x81, 0xC1, 0x80, 0x01, 0xC4, 0x80, 0xC2, 0x02, 0xC8, 0x02, 0xDE, 0x01, 0x42, 0xC6, 0x04, 0xC6, 0x04, 0xC5, 0x05, 0xC5, 0x05, 0xC4, 0x80, 0x05,
    0xC5, 0x05, 0xC6, 0x40, 0x03, 0xC6, 0x40, 0x03, 0xC6, 0x01, 0x80, 0x01, 0xC5, 0x80, 0x00, 0xC1, 0x40, 0x00, 0xC5, 0x41, 0xC1, 0x80, 0x00, 0xC5,
    0x80, 0xC2, 0x01, 0xC9, 0x01, 0xE0, 0x40, 0x01, 0xC8, 0x02, 0xC7, 0x03, 0xC6, 0x40, 0x03, 0xC6, 0x04, 0xC6, 0x04, 0xC6, 0x40, 0x03, 0xC7, 0x03,
    0xC7, 0x80, 0x02, 0xC7, 0x40, 0x00, 0x40, 0x00, 0xC7, 0x00, 0x80, 0xC0, 0x00, 0xC7, 0x40, 0xC1, 0x00, 0xC6, 0x80, 0xC2, 0x00, 0xC9, 0x80, 0x00,
    0xE2, 0x40, 0xC8, 0x80, 0x01, 0xC7, 0x80, 0x02, 0xC7, 0x40, 0x02, 0xC7, 0x40, 0x02, 0xC7, 0x80, 0x02, 0xC8, 0x40, 0x01, 0xC8, 0x80, 0x01, 0xC9,
    0x01, 0xC8, 0x80, 0x00, 0x80, 0xC8, 0x80, 0x40, 0xC9, 0x80, 0xCC, 0x80, 0xCA, 0x80, 0xE2, 0x00, 0xC9, 0x01, 0xC9, 0x01, 0xC9, 0x01, 0xC9, 0x80,
    0x00, 0xC9, 0x80, 0x00, 0xCA, 0x00, 0xCA, 0x00, 0xCA, 0x40, 0xFB, 0xEE, 0x40, 0xCA, 0x40, 0xCA, 0x80, 0xFF, 0xF7, 0xFF, 0xFF, 0xCE, 0x00, 0xC9,
    0x40, 0x00, 0xC7, 0x80, 0x02, 0xC6, 0x80, 0x03, 0xC5, 0x40, 0x03, 0x40, 0xFF, 0xD3, 0x80, 0xCA, 0x40, 0x80, 0xC0, 0x81, 0xC5, 0x80, 0x00, 0x41,
    0x01, 0x41, 0x81, 0x40, 0x02, 0x41, 0x08, 0x40, 0x80, 0x40, 0x06, 0x40, 0x00, 0xC1, 0x40, 0x05, 0x40, 0xC0, 0x00, 0xC1, 0x40, 0x06, 0xC0, 0x00,
    0xC1, 0x40, 0x06, 0x40, 0x00, 0xC1, 0x40, 0x06, 0x40, 0x00, 0x43, 0x00, 0x40, 0x80, 0xC4, 0x84, 0x01, 0x80, 0xC7, 0x02, 0x40, 0xC6, 0x04, 0x80,
    0xC4, 0x05, 0x40, 0xC2, 0x80, 0x07, 0x40, 0xC1, 0x0A, 0x80, 0x14, 0x40, 0x01, 0x40, 0x06, 0x80, 0xC0, 0x80, 0x40, 0xC0, 0x80, 0x05, 0xC2, 0x80,
    0xC1, 0x80, 0x40, 0x02, 0x40, 0xC2, 0x00, 0xC3, 0x80, 0x41, 0x80, 0xC2, 0x00, 0xC9, 0x80, 0x00, 0xC9, 0x40, 0x00, 0xC9, 0x40, 0x00, 0xC8, 0x81,
    0xC9, 0x40, 0x80, 0xC2, 0x80, 0xC5, 0x41, 0xC2, 0x80, 0x40, 0xC4, 0x00, 0x40, 0xC2, 0x80, 0x01, 0xC3, 0x01, 0xC3, 0x02, 0x82, 0x01, 0xC3, 0x07,
    0xC3, 0x07, 0xC3, 0x07, 0x80, 0xC2, 0x07, 0x40, 0xC2, 0x08, 0xC2, 0x40, 0x07, 0xC2, 0x80, 0x07, 0xC4, 0x80, 0x40, 0x83, 0x40, 0xD7, 0xFF, 0xF4,
    0x82, 0xC8, 0x40, 0x80, 0x40, 0xC7, 0x80, 0x00, 0x40, 0x00, 0xC6, 0x80, 0x40, 0x02, 0xC6, 0x40, 0x03, 0xC5, 0x40, 0x04, 0xC4, 0x80, 0x05, 0xFF,
    0xFF, 0xFF, 0xC2, 0x40, 0x00, 0x80, 0xFF, 0xFF, 0xF9, 0xC2, 0x03, 0xC7, 0x40, 0x01, 0x40, 0xC8, 0x81, 0xFF, 0xFF, 0xE1, 0xC3, 0x02, 0xC7, 0x40,
    0x02, 0x80, 0xC6, 0x40, 0x02, 0xC8, 0x40, 0x00, 0x40, 0xFF, 0xFF, 0xD4, 0xCF, 0x40, 0x01, 0xC7, 0x80, 0x02, 0x40, 0xC6, 0x40, 0x03, 0xC7, 0x02,
    0x40, 0xC8, 0x81, 0xFF, 0xFC, 0xDB, 0x80, 0x01, 0x80, 0xC7, 0x03, 0xC6, 0x80, 0x03, 0x80, 0xC6, 0x03, 0xC7, 0x80, 0x00, 0x40, 0xFF, 0xF0, 0xE8,
    0x41, 0x80, 0xC7, 0x03, 0x80, 0xC6, 0x03, 0x80, 0xC6, 0x03, 0x80, 0xC6, 0x80, 0x02, 0xC9, 0x80, 0xFF, 0xD8, 0xF4, 0x80, 0x40, 0x80, 0xC7, 0x40,
    0x02, 0x80, 0xC6, 0x04, 0xC6, 0x04, 0xC6, 0x80, 0x02, 0x80, 0xC8, 0x80, 0xFF, 0xCC, 0xFF, 0xC1, 0x40, 0x80, 0xC7, 0x80, 0x02, 0x40, 0xC6, 0x40,
    0x03, 0xC6, 0x04, 0xC6, 0x80, 0x02, 0x40, 0xC8, 0x81, 0xFF, 0xFF, 0xCC, 0x40, 0x00, 0x40, 0xC7, 0x80, 0x03, 0xC6, 0x40, 0x03, 0x80, 0xC5, 0x40,
    0x03, 0x80, 0xC6, 0x02, 0x40, 0xC8, 0x80, 0xF4, 0xFF, 0xD8, 0x80, 0x01, 0x40, 0xC6, 0x40, 0x03, 0x80, 0xC5, 0x40, 0x03, 0x40, 0xC5, 0x80, 0x03,
    0x80, 0xC6, 0x40, 0x01, 0x40, 0xF2, 0xFF, 0xD9, 0x81, 0xC8, 0x40, 0x02, 0xC6, 0x80, 0x03, 0x80, 0xC5, 0x40, 0x03, 0x40, 0xC5, 0x80, 0x03, 0x80,
    0xC6, 0x80, 0x01, 0x40, 0xE6, 0xFF, 0xE4, 0x80, 0x40, 0x00, 0x80, 0xC7, 0x03, 0x80, 0xC5, 0x80, 0x03, 0x40, 0xC5, 0x80, 0x04, 0xC6, 0x03, 0x80,
    0xC6, 0x80, 0x40, 0x80, 0xDB, 0xFF, 0xE5, 0x81, 0xC8, 0x40, 0x02, 0xC6, 0x80, 0x04, 0xC5, 0x40, 0x04, 0xC6, 0x03, 0x80, 0xC6, 0x80, 0x01, 0x80,
    0xDA, 0xFF, 0xE6, 0x80, 0xC8, 0x03, 0x80, 0xC5, 0x80, 0x03, 0x40, 0xC5, 0x40, 0x04, 0xC5, 0x80, 0x03, 0x80, 0xC6, 0x80, 0x02, 0xDA, 0xFF, 0xE5,
    0x41, 0xC8, 0x03, 0x80, 0xC5, 0x40, 0x03, 0x40, 0xC5, 0x40, 0x04, 0xC6, 0x03, 0x40, 0xC6, 0x80, 0x01, 0x80, 0xDA, 0xFF, 0xE4, 0x40, 0x01, 0x40,
    0xC6, 0x80, 0x03, 0x40, 0xC5, 0x40, 0x04, 0xC5, 0x40, 0x03, 0x40, 0xC6, 0x03, 0xC8, 0x80, 0x40, 0xDB, 0xFF, 0xD9, 0x41, 0x80, 0xC6, 0x80, 0x03,
    0x80, 0xC5, 0x04, 0x40, 0xC5, 0x40, 0x03, 0x40, 0xC5, 0x80, 0x03, 0x80, 0xC6, 0x40, 0x00, 0x41, 0xE6, 0xFF, 0xCD, 0x80, 0x40, 0xC8, 0x03, 0xC6,
    0x40, 0x03, 0x80, 0xC5, 0x05, 0xC5, 0x40, 0x03, 0x40, 0xC6, 0x40, 0x01, 0x40, 0xC9, 0x80, 0xE7, 0xFF, 0xC1, 0x80, 0xC9, 0x02, 0x40, 0xC6, 0x40,
    0x03, 0x40, 0xC5, 0x04, 0x40, 0xC5, 0x04, 0x80, 0xC5, 0x80, 0x03, 0xC8, 0x81, 0xF3, 0xFF, 0xC0, 0x40, 0x01, 0x80, 0xC6, 0x04, 0xC6, 0x04, 0x40,
    0xC5, 0x04, 0x40, 0xC5, 0x80, 0x03, 0xC7, 0x40, 0x00, 0x40, 0xFF, 0xF4, 0x80, 0x41, 0xC7, 0x40, 0x03, 0xC5, 0x80, 0x04, 0x80, 0xC4, 0x80, 0x04,
    0x80, 0xC5, 0x04, 0xC6, 0x80, 0x40, 0x01, 0x80, 0xFF, 0xCA, 0xF3, 0x80, 0x02, 0x80, 0xC6, 0x04, 0xC5, 0x80, 0x04, 0x80, 0xC4, 0x80, 0x04, 0x80,
    0xC5, 0x04, 0xC8, 0x40, 0x80, 0xFF, 0xCB, 0xE8, 0x80, 0x40, 0xC8, 0x40, 0x02, 0x80, 0xC5, 0x80, 0x04, 0xC5, 0x80, 0x04, 0x40, 0xC5, 0x04, 0x80,
    0xC5, 0x40, 0x02, 0x80, 0xC7, 0x40, 0x80, 0xFF, 0xCC, 0xE8, 0x81, 0xC8, 0x03, 0x40, 0xC6, 0x04, 0x80, 0xC4, 0x40, 0x04, 0x80, 0xC4, 0x80, 0x04,
    0xC6, 0x40, 0x02, 0x80, 0xC7, 0x80, 0x41, 0xFF, 0xCB, 0xE9, 0x81, 0xC7, 0x80, 0x02, 0x40, 0xC5, 0x80, 0x04, 0xC5, 0x80, 0x04, 0x40, 0xC4, 0x80,
    0x04, 0x80, 0xC5, 0x04, 0xC7, 0x80, 0x41, 0xFF, 0xCB, 0xE9, 0x80, 0xC9, 0x02, 0x81, 0xC5, 0x04, 0xC5, 0x80, 0x04, 0x40, 0xC4, 0x80, 0x05, 0xC5,
    0x04, 0x80, 0xC6, 0x40, 0x00, 0x40, 0xFF, 0xCB, 0xF4, 0x01, 0x40, 0xC7, 0x40, 0x03, 0x40, 0xC5, 0x05, 0xC5, 0x05, 0xC5, 0x04, 0x40, 0xC6, 0x02,
    0x40, 0xFF, 0xCA, 0xF5, 0x40, 0x81, 0xC6, 0x80, 0x03, 0x40, 0xC5, 0x05, 0xC5, 0x05, 0xC5, 0x40, 0x04, 0xC6, 0x03, 0x80, 0xC7, 0x40, 0x80, 0xFF,
    0xF5, 0x80, 0x40, 0x80, 0xC7, 0x03, 0x80, 0xC5, 0x40, 0x04, 0xC5, 0x05, 0x80, 0xC4, 0x05, 0x80, 0xC5, 0x03, 0x40, 0xC7, 0x40, 0x00, 0x40, 0xFE,
    0xFF, 0xC0, 0x40, 0x02, 0x80, 0xC5, 0x80, 0x04, 0x80, 0xC4, 0x40, 0x04, 0x40, 0xC4, 0x40, 0x04, 0x80, 0xC4, 0x80, 0x04, 0x80, 0xC5, 0x80, 0x02,
    0x80, 0xFD, 0xFF, 0xC0, 0x80, 0x40, 0x00, 0x40, 0x80, 0xC6, 0x04, 0x80, 0xC4, 0x40, 0x04, 0x40, 0xC4, 0x40, 0x05, 0xC4, 0x80, 0x04, 0x40, 0xC5,
    0x40, 0x02, 0x40, 0xC7, 0x81, 0xF3, 0xFF, 0xC1, 0x80, 0x41, 0x80, 0xC6, 0x40, 0x03, 0xC5, 0x80, 0x05, 0xC4, 0x40, 0x05, 0xC4, 0x80, 0x04, 0x40,
    0xC5, 0x04, 0xC7, 0x80, 0x00, 0x40, 0xF2, 0xFF, 0xC1, 0x80, 0x40, 0x80, 0xC7, 0x80, 0x03, 0x80, 0xC5, 0x04, 0x40, 0xC4, 0x80, 0x05, 0xC4, 0x80,
    0x05, 0xC5, 0x04, 0x80, 0xC6, 0x40, 0x01, 0x80, 0xF1, 0xFF, 0xC3, 0x80, 0xC7, 0x40, 0x03, 0xC6, 0x04, 0x80, 0xC4, 0x80, 0x05, 0xC4, 0x80, 0x05,
    0xC5, 0x04, 0x80, 0xC6, 0x01, 0x40, 0x80, 0xF1, 0xFF, 0xC2, 0x80, 0xC8, 0x40, 0x02, 0x40, 0xC5, 0x80, 0x04, 0x80, 0xC4, 0x40, 0x05, 0xC4, 0x80,
    0x04, 0x40, 0xC5, 0x03, 0x40, 0xC6, 0x80, 0x01, 0x80, 0xF2, 0xFF, 0xCC, 0x40, 0x02, 0x40, 0xC5, 0x40, 0x04, 0x80, 0xC4, 0x05, 0x80, 0xC4, 0x40,
    0x04, 0x80, 0xC5, 0x04, 0xC7, 0x02, 0x80, 0xF1, 0xFF, 0xCC, 0x40, 0x02, 0x80, 0xC5, 0x80, 0x04, 0xC5, 0x05, 0x80, 0xC4, 0x05, 0x80, 0xC4, 0x80,
    0x04, 0xC6, 0x80, 0x01, 0x40, 0xF2, 0xC1, 0x81, 0x41, 0x05, 0xFF, 0xC0, 0x03, 0xC6, 0x40, 0x04, 0xC5, 0x05, 0x80, 0xC4, 0x05, 0xC5, 0x40, 0x03,
    0x40, 0xC6, 0x40, 0x01, 0x40, 0xF2, 0x17, 0xC6, 0x80, 0x40, 0x02, 0xC6, 0x80, 0x40, 0x02, 0xC7, 0x80, 0x40, 0x01, 0xD0, 0x80, 0x02, 0xC6, 0x04,
    0x40, 0xC5, 0x05, 0xC5, 0x05, 0xC5, 0x40, 0x03, 0x40, 0xC6, 0x40, 0x01, 0x40, 0xF2, 0x00, 0x43, 0xC6, 0x03, 0xC7, 0x03, 0xC7, 0x04, 0x40, 0xC1,
    0x01, 0x40, 0x80, 0x04, 0x40, 0xC0, 0x80, 0x08, 0x40, 0xC1, 0x08, 0xC3, 0x06, 0xC4, 0x40, 0x04, 0x40, 0xC4, 0x80, 0x05, 0xC5, 0x05, 0x80, 0xC4,
    0x06, 0x80, 0xC2, 0x40, 0x08, 0x40, 0x27, 0x00, 0x43, 0xC6, 0x03, 0xC7, 0x03, 0xC7, 0x04, 0x40, 0xC1, 0x01, 0x40, 0x80, 0x04, 0x40, 0xC0, 0x80,
    0x08, 0x40, 0xC1, 0x08, 0xC3, 0x06, 0xC4, 0x40, 0x04, 0x40, 0xC4, 0x80, 0x05, 0xC5, 0x05, 0x80, 0xC4, 0x06, 0x80, 0xC2, 0x40, 0x08, 0x40, 0x27,
    0x00, 0x43, 0xC6, 0x03, 0xC7, 0x03, 0xC7, 0x04, 0x40, 0xC1, 0x01, 0x40, 0x80, 0x04, 0x40, 0xC0, 0x80, 0x08, 0x40, 0xC1, 0x08, 0xC3, 0x06, 0xC4,
    0x40, 0x04, 0x40, 0xC4, 0x80, 0x05, 0xC5, 0x05, 0x80, 0xC4, 0x06, 0x80, 0xC2, 0x40, 0x08, 0x40, 0x27, 0x00, 0x43, 0xC6, 0x03, 0xC7, 0x03, 0xC7,
    0x04, 0x40, 0xC1, 0x01, 0x40, 0x80, 0x04, 0x40, 0xC0, 0x80, 0x08, 0x40, 0xC1, 0x08, 0xC3, 0x06, 0xC4, 0x40, 0x04, 0x40, 0xC4, 0x80, 0x05, 0xC5,
    0x05, 0x80, 0xC4, 0x06, 0x80, 0xC2, 0x40, 0x08, 0x40, 0x27, 0x00, 0x43, 0xC6, 0x03, 0xC7, 0x03, 0xC7, 0x04, 0x40, 0xC1, 0x01, 0x40, 0x80, 0x04,
    0x40, 0xC0, 0x80, 0x08, 0x40, 0xC1, 0x08, 0xC3, 0x06, 0xC4, 0x40, 0x04, 0x40, 0xC4, 0x80, 0x05, 0xC5, 0x05, 0x80, 0xC4, 0x06, 0x80, 0xC2, 0x40,
    0x08, 0x40, 0x27, 0x00, 0x43, 0xC6, 0x03, 0xC7, 0x03, 0xC7, 0x04, 0x40, 0xC1, 0x01, 0x40, 0x80, 0x04, 0x40, 0xC0, 0x80, 0x08, 0x40, 0xC1, 0x08,
    0xC3, 0x06, 0xC4, 0x40, 0x04, 0x40, 0xC4, 0x80, 0x05, 0xC5, 0x05, 0x80, 0xC4, 0x06, 0x80, 0xC2, 0x40, 0x08, 0x40, 0x27, 0x00, 0x43, 0xC6, 0x03,
    0xC7, 0x03, 0xC7, 0x04, 0x40, 0xC1, 0x01, 0x40, 0x80, 0x04, 0x40, 0xC0, 0x80, 0x08, 0x40, 0xC1, 0x08, 0xC3, 0x06, 0xC4, 0x40, 0x04, 0x40, 0xC4,
    0x80, 0x05, 0xC5, 0x05, 0x80, 0xC4, 0x06, 0x80, 0xC2, 0x40, 0x08, 0x40, 0x27, 0x80, 0xCA, 0x00, 0x80, 0xC9, 0x01, 0xC9, 0x02, 0xC8, 0x02, 0x40,
    0xC7, 0x00, 0x40, 0xC9, 0x00, 0x40, 0xC9, 0x00, 0x80, 0xC6, 0x40, 0xC0, 0x80, 0x00, 0x80, 0xC6, 0x03, 0x40, 0xC6, 0x04, 0x40, 0xC4, 0x40, 0x06,
    0x40, 0x80, 0x40, 0x34, 0xFF, 0xC9, 0x81, 0xC6, 0x00, 0xC1, 0x80, 0x02, 0x80, 0xC2, 0x80, 0x00, 0xC1, 0x80, 0x05, 0x40, 0x80, 0x00, 0xC1, 0x80,
    0x08, 0xC1, 0x09, 0x40, 0x3A, 0xC8, 0x80, 0x41, 0xC9, 0x80, 0xFF, 0xC8, 0x80, 0xC1, 0x40, 0xC1, 0x80, 0x09, 0xC1, 0x09, 0x41, 0x3F, 0x00, 0x80,
    0xC2, 0x07, 0xC3, 0x40, 0x06, 0xC3, 0x80, 0x06, 0xC3, 0x80, 0x06, 0xC4, 0x40, 0x01, 0x43, 0xFE, 0x80, 0x43, 0xC3, 0x00, 0x80, 0xC0, 0x80, 0x05,
    0x40, 0x80, 0x01, 0x81, 0x2B, 0x0B, 0x40, 0x0A, 0xC0, 0x0A, 0xC0, 0x40, 0x09, 0xC0, 0x40, 0x09, 0xC0, 0x80, 0x01, 0x81, 0x05, 0xC2, 0x40, 0xC0,
    0x80, 0x01, 0x41, 0x81, 0xC2, 0x41, 0x80, 0xF9, 0x40, 0x80, 0xC8, 0x40, 0x03, 0x41, 0x80, 0xC1, 0x16, 0x3F, 0x07, 0x40, 0x0A, 0xC0, 0x04, 0x40,
    0x81, 0xC0, 0x81, 0xFC, 0x80, 0x00, 0x40, 0x80, 0xC6, 0x80, 0x05, 0x41, 0x80, 0xC1, 0x0B, 0x3F, 0x07, 0x40, 0x0A, 0xC0, 0x40, 0x80, 0x40, 0x02,
    0x40, 0x81, 0x40, 0x00, 0xFC, 0x00, 0x40, 0xC8, 0x80, 0x03, 0x41, 0x80, 0xC3, 0x09, 0x40, 0x80, 0x2F, 0x40, 0x0A, 0x40, 0x0A, 0xC0, 0x40, 0x09,
    0x81, 0xC0, 0x80, 0x07, 0xC0, 0x81, 0xC1, 0x80, 0x40, 0x80, 0xFF, 0xC1, 0x40, 0x01, 0x80, 0xC6, 0x80, 0x06, 0x41, 0x80, 0x40, 0x0A, 0xC0, 0x40,
    0x09, 0xC1, 0x09, 0xC1, 0x80, 0x08, 0xC2, 0x08, 0xC2, 0x08, 0xC2, 0x40, 0x07, 0xC3, 0x80, 0x43, 0x02, 0xC4, 0x80, 0x40, 0x04, 0xC3, 0x40, 0x80,
    0xC0, 0x81, 0xFF, 0xC3, 0x02, 0x40, 0x80, 0xC1, 0xC4, 0x80, 0x40, 0x04, 0xC5, 0x40, 0x04, 0xC5, 0x80, 0x40, 0x03, 0xC5, 0x80, 0x04, 0xC2, 0x80,
    0xC1, 0x40, 0x04, 0xC1, 0x80, 0xC2, 0x40, 0x04, 0xC5, 0x80, 0x04, 0xC5, 0x80, 0x04, 0xC7, 0x41, 0x81, 0xC6, 0x40, 0x80, 0xC1, 0x80, 0xC7, 0x81,
    0xFD, 0xE0, 0x42, 0xC7, 0x80, 0x40, 0x01, 0xC7, 0x40, 0x02, 0xC5, 0x00, 0xC1, 0x80, 0x01, 0xC5, 0x40, 0xC2, 0x80, 0x40, 0xCA, 0x80, 0xCA, 0x40,
    0xC0, 0x40, 0xC9, 0x40, 0x00, 0x80, 0xC7, 0x40, 0x00, 0x40, 0xC9, 0x80, 0xEE, 0x00, 0xCA, 0x00, 0x40, 0xC9, 0x02, 0x80, 0xC7, 0x02, 0x40, 0xC7,
    0x02, 0x40, 0xC7, 0x80, 0x01, 0x80, 0xC6, 0x81, 0x01, 0xC5, 0x80, 0x00, 0xC2, 0x00, 0x80, 0xC5, 0x80, 0xC0, 0x80, 0xCA, 0x00, 0x80, 0xC9, 0x01,
    0xC2, 0x00, 0xC5, 0x00, 0x40, 0xC0, 0x80, 0x00, 0x40, 0xC5, 0x00, 0xC1, 0x01, 0xC8, 0x41, 0xDF, 0x02, 0x80, 0xC7, 0x03, 0xC7, 0x04, 0xC6, 0x05,
    0x80, 0xC4, 0x00, 0x81, 0x02, 0x40, 0xC7, 0x80, 0x01, 0x80, 0xC7, 0x80, 0x00, 0x40, 0xC5, 0x00, 0x80, 0xC1, 0x80, 0x00, 0xC5, 0x02, 0x80, 0xC7,
    0x03, 0x80, 0xC6, 0x04, 0xC6, 0x03, 0x40, 0xC1, 0x01, 0xC2, 0x03, 0xC1, 0x01, 0x80, 0xC2, 0x02, 0x80, 0xC0, 0x40, 0x00, 0x80, 0xC3, 0x01, 0x40,
    0xC1, 0x00, 0x80, 0xD0, 0x02, 0x80, 0xC7, 0x03, 0x40, 0xC6, 0x05, 0xC5, 0x05, 0x40, 0xC4, 0x02, 0x40, 0x03, 0xC3, 0x01, 0xC2, 0x02, 0xC3, 0x01,
    0xC2, 0x01, 0x40, 0xC3, 0x01, 0x80, 0xC1, 0x80, 0x00, 0xC4, 0x03, 0x40, 0xC6, 0x04, 0x40, 0xC5, 0x05, 0x40, 0xC4, 0x05, 0x40, 0xC0, 0x80, 0x00,
    0xC1, 0x05, 0xC1, 0x01, 0x80, 0xC0, 0x04, 0x80, 0xC0, 0x01, 0x40, 0xC1, 0x03, 0x40, 0xC0, 0x40, 0x00, 0x40, 0xC2, 0x03, 0xC1, 0x00, 0x40, 0xC3,
    0x02, 0x80, 0xC7, 0x03, 0x40, 0xC6, 0x05, 0x80, 0xC4, 0x06, 0x80, 0xC3, 0x07, 0x40, 0xC2, 0x02, 0x40, 0xC0, 0x80, 0x02, 0xC2, 0x02, 0xC2, 0x40,
    0x01, 0xC2, 0x02, 0xC2, 0x40, 0x00, 0x80, 0xC2, 0x03, 0x40, 0xC1, 0x40, 0xC3, 0x05, 0xC5, 0x06, 0xC4, 0x07, 0xC3, 0x06, 0x80, 0xC0, 0x80, 0x00,
    0x80, 0x06, 0xC1, 0x01, 0x40, 0x05, 0x80, 0xC0, 0x02, 0xC0, 0x04, 0x40, 0xC0, 0x40, 0x00, 0x40, 0xC1, 0x02, 0x80, 0xC7, 0x03, 0x40, 0xC6, 0x05,
    0x80, 0xC4, 0x06, 0x40, 0xC3, 0x07, 0x80, 0xC2, 0x04, 0x80, 0x03, 0xC1, 0x03, 0xC2, 0x02, 0xC1, 0x02, 0x40, 0xC2, 0x01, 0x40, 0xC1, 0x03, 0x80,
    0xC1, 0x40, 0x00, 0xC2, 0x05, 0x80, 0xC0, 0x80, 0xC2, 0x06, 0x80, 0xC3, 0x07, 0xC3, 0x07, 0x40, 0xC1, 0x80, 0x07, 0xC1, 0x08, 0x40, 0xC0, 0x40,
    0x08, 0xC0, 0x80, 0x01, 0x40, 0x02, 0x80, 0xC7, 0x03, 0x40, 0xC6, 0x05, 0x80, 0xC4, 0x06, 0x40, 0xC3, 0x07, 0x80, 0xC2, 0x08, 0x40, 0xC1, 0x03,
    0x80, 0xC1, 0x02, 0x80, 0xC0, 0x03, 0xC2, 0x40, 0x01, 0xC1, 0x03, 0xC2, 0x40, 0x01, 0xC1, 0x04, 0x40, 0x80, 0xC0, 0x40, 0xC2, 0x06, 0xC4, 0x07,
    0xC3, 0x07, 0x80, 0xC2, 0x08, 0xC1, 0x40, 0x07, 0xC1, 0x09, 0xC0, 0x80, 0x01, 0x02, 0xC8, 0x02, 0x40, 0xC7, 0x04, 0x80, 0xC5, 0x06, 0xC4, 0x07,
    0xC3, 0x07, 0x40, 0xC2, 0x03, 0x40, 0xC1, 0x02, 0x80, 0xC0, 0x03, 0xC2, 0x40, 0x01, 0x40, 0xC0, 0x03, 0xC2, 0x40, 0x01, 0xC1, 0x03, 0x40, 0x80,
    0xC1, 0x00, 0x40, 0xC1, 0x06, 0xC4, 0x06, 0x40, 0xC3, 0x07, 0xC3, 0x07, 0x40, 0xC2, 0x07, 0x40, 0xC1, 0x08, 0xC1, 0x01, 0x00, 0x40, 0xC9, 0x01,
    0x40, 0xC8, 0x03, 0xC7, 0x04, 0x80, 0xC5, 0x06, 0xC4, 0x07, 0xC3, 0x04, 0xC0, 0x80, 0x01, 0x80, 0xC1, 0x03, 0xC2, 0x40, 0x01, 0x40, 0xC0, 0x02,
    0x40, 0xC2, 0x40, 0x01, 0x80, 0xC0, 0x03, 0x80, 0xC1, 0x80, 0x01, 0xC1, 0x05, 0x80, 0xC0, 0x40, 0x80, 0xC1, 0x06, 0xC4, 0x06, 0x40, 0xC3, 0x07,
    0xC3, 0x07, 0x80, 0xC2, 0x07, 0x80, 0xC0, 0x80, 0x00, 0x00, 0xCA, 0x01, 0x80, 0xC8, 0x02, 0x80, 0xC7, 0x03, 0x40, 0xC6, 0x05, 0x80, 0xC4, 0x06,
    0x80, 0xC3, 0x04, 0x80, 0x40, 0x00, 0xC3, 0x03, 0xC2, 0x01, 0x40, 0xC1, 0x02, 0x40, 0xC2, 0x40, 0x01, 0x80, 0xC0, 0x03, 0xC2, 0x40, 0x01, 0xC1,
    0x04, 0x40, 0xC1, 0x00, 0x40, 0xC1, 0x06, 0xC0, 0x80, 0xC2, 0x06, 0xC4, 0x06, 0x80, 0xC3, 0x06, 0x40, 0xC3, 0x07, 0xC2, 0x80, 0x00, 0xCA, 0x01,
    0xC9, 0x02, 0x80, 0xC7, 0x03, 0x40, 0xC6, 0x05, 0xC5, 0x06, 0x80, 0xC3, 0x04, 0x40, 0x00, 0x40, 0xC3, 0x03, 0xC2, 0x00, 0x81, 0xC1, 0x02, 0x80,
    0xC2, 0x40, 0x01, 0xC1, 0x02, 0x40, 0xC2, 0x40, 0x01, 0xC1, 0x03, 0x40, 0x80, 0xC1, 0x01, 0xC1, 0x05, 0x40, 0xC0, 0x40, 0xC2, 0x06, 0xC4, 0x06,
    0xC4, 0x06, 0x80, 0xC3, 0x06, 0x40, 0xC3, 0x00, 0x80, 0xC9, 0x01, 0x80, 0xC8, 0x02, 0x80, 0xC7, 0x04, 0xC6, 0x05, 0xC5, 0x06, 0xC4, 0x06, 0x80,
    0xC3, 0x03, 0x40, 0xC1, 0x40, 0xC3, 0x03, 0xC2, 0x80, 0x01, 0xC1, 0x03, 0xC2, 0x80, 0x01, 0xC1, 0x03, 0x40, 0xC2, 0x01, 0xC1, 0x06, 0xC0, 0x40,
    0x80, 0xC1, 0x06, 0xC4, 0x06, 0xC4, 0x06, 0x80, 0xC3, 0x06, 0x40, 0xC3, 0x00, 0x40, 0xC9, 0x01, 0x40, 0xC8, 0x02, 0x80, 0xC7, 0x03, 0x40, 0xC6,
    0x05, 0xC5, 0x05, 0x40, 0xC4, 0x06, 0x80, 0xC3, 0x04, 0x80, 0xC0, 0x80, 0xC3, 0x03, 0xC3, 0x40, 0x80, 0xC1, 0x03, 0xC3, 0x01, 0xC1, 0x04, 0xC2,
    0x01, 0xC1, 0x06, 0xC0, 0x80, 0x40, 0xC1, 0x06, 0xC4, 0x06, 0x80, 0xC3, 0x06, 0x80, 0xC3, 0x06, 0x40, 0xC3, 0x00, 0x40, 0xC3, 0x81, 0xC3, 0x01,
    0x40, 0xC8, 0x02, 0x80, 0xC7, 0x03, 0x80, 0xC6, 0x04, 0x40, 0xC5, 0x05, 0x80, 0xC4, 0x06, 0xC4, 0x05, 0x80, 0xC4, 0x03, 0x40, 0xC6, 0x03, 0x80,
    0xC2, 0x40, 0x00, 0xC1, 0x04, 0xC2, 0x01, 0xC1, 0x05, 0x40, 0xC0, 0x80, 0x40, 0xC1, 0x06, 0x80, 0xC3, 0x06, 0x40, 0xC3, 0x06, 0x40, 0xC3, 0x06,
    0x40, 0xC3, 0x00, 0x80, 0xC3, 0x41, 0x80, 0xC2, 0x01, 0x80, 0xC8, 0x02, 0xC8, 0x03, 0xC7, 0x04, 0xC6, 0x05, 0xC5, 0x06, 0xC4, 0x05, 0x40, 0xC4,
    0x04, 0x80, 0xC5, 0x03, 0x40, 0xC3, 0x80, 0xC1, 0x04, 0xC2, 0x40, 0x00, 0xC1, 0x04, 0x40, 0x80, 0xC1, 0x80, 0xC1, 0x06, 0x40, 0xC3, 0x07, 0xC3,
    0x07, 0xC3, 0x07, 0xC3, 0x00, 0xC4, 0x02, 0xC2, 0x00, 0x80, 0xC9, 0x01, 0x80, 0xC8, 0x02, 0x80, 0xC7, 0x03, 0x80, 0xC6, 0x04, 0x40, 0xC5, 0x05,
    0x80, 0xC4, 0x06, 0xC4, 0x04, 0x40, 0xC5, 0x04, 0xC6, 0x04, 0xC2, 0x80, 0x40, 0xC1, 0x04, 0x40, 0xC2, 0x80, 0xC1, 0x06, 0x40, 0xC3, 0x07, 0xC3,
    0x07, 0xC3, 0x07, 0xC3, 0x40, 0x80, 0xC2, 0x02, 0x40, 0xC7, 0x41, 0x80, 0xC3, 0x40, 0xCA, 0x00, 0x40, 0xC9, 0x01, 0x40, 0xC8, 0x03, 0x80, 0xC6,
    0x04, 0x80, 0xC5, 0x05, 0x40, 0xC4, 0x05, 0x80, 0xC4, 0x04, 0xC6, 0x04, 0xC3, 0x80, 0xC1, 0x04, 0x40, 0xC5, 0x06, 0x40, 0xC3, 0x07, 0xC3, 0x07,
    0xC3, 0x07, 0x80, 0xC2, 0x00, 0xC3, 0x02, 0xC3, 0x00, 0x80, 0xC1, 0x40, 0x01, 0xC5, 0x80, 0xC1, 0x81, 0xD1, 0x00, 0xCA, 0x01, 0x40, 0xC8, 0x03,
    0x40, 0xC6, 0x04, 0x40, 0x80, 0xC4, 0x05, 0x80, 0xC4, 0x04, 0x80, 0xC5, 0x04, 0xC2, 0x80, 0xC2, 0x04, 0x40, 0xC5, 0x06, 0x40, 0xC3, 0x07, 0x80,
    0xC2, 0x07, 0xC3, 0x07, 0x80, 0xC2, 0x40, 0xC1, 0x80, 0x40, 0x01, 0x40, 0xC3, 0x40, 0xC2, 0x80, 0x01, 0xC4, 0x00, 0xC2, 0x01, 0xC5, 0x81, 0xD5,
    0x40, 0xCA, 0x02, 0x80, 0xC7, 0x04, 0xC6, 0x05, 0x80, 0xC4, 0x04, 0x80, 0xC5, 0x04, 0xC2, 0x80, 0xC2, 0x04, 0x80, 0xC5, 0x06, 0x40, 0xC3, 0x07,
    0xC3, 0x07, 0xC3, 0x07, 0x80, 0xC2, 0x07, 0x80, 0xC2, 0x81, 0x04, 0xC7, 0x80, 0x01, 0xC5, 0x80, 0xC1, 0x81, 0xC6, 0x80, 0xD6, 0x00, 0x40, 0x80,
    0xC8, 0x03, 0x40, 0xC6, 0x05, 0xC5, 0x04, 0x80, 0xC5, 0x04, 0xC2, 0x40, 0xC2, 0x04, 0x80, 0xC5, 0x06, 0x40, 0xC3, 0x07, 0xC3, 0x07, 0xC3, 0x07,
    0xC3, 0x07, 0x41, 0x80, 0x40, 0x06, 0xC4, 0x05, 0x80, 0xC7, 0x41, 0x80, 0xDD, 0x01, 0x80, 0xC8, 0x03, 0x40, 0x80, 0xC5, 0x05, 0xC5, 0x04, 0xC6,
    0x04, 0xC2, 0x40, 0xC2, 0x04, 0x40, 0xC5, 0x06, 0x80, 0xC3, 0x06, 0x80, 0xC3, 0x06, 0x40, 0xC3, 0x06, 0x40, 0xC3, 0x12, 0x80, 0xC3, 0x01, 0x41,
    0x01, 0x80, 0xC4, 0x00, 0x40, 0xC1, 0x41, 0xC5, 0x40, 0xCA, 0x00, 0xCA, 0x01, 0x40, 0x80, 0xC7, 0x04, 0x40, 0xC5, 0x04, 0x40, 0xC5, 0x04, 0xC1,
    0x80, 0xC3, 0x04, 0xC1, 0x81, 0xC2, 0x05, 0x40, 0xC4, 0x06, 0xC4, 0x06, 0xC4, 0x06, 0xC4, 0x06, 0x80, 0xC0, 0x40, 0xC1, 0x13, 0x82, 0x40, 0x02,
    0x81, 0x00, 0x40, 0xC4, 0x01, 0x40, 0xC0, 0x80, 0x40, 0xC4, 0x80, 0x00, 0xC9, 0x01, 0x40, 0xC9, 0x03, 0x80, 0xC6, 0x05, 0xC5, 0x04, 0x80, 0xC5,
    0x03, 0x40, 0xC1, 0x40, 0xC3, 0x04, 0x80, 0xC0, 0x80, 0xC3, 0x05, 0x40, 0xC4, 0x06, 0xC4, 0x06, 0xC4, 0x06, 0xC0, 0x81, 0xC1, 0x06, 0xC0, 0x40,
    0x00, 0xC1, 0x1A, 0x41, 0x01, 0xC3, 0x80, 0x01, 0xC1, 0x80, 0x00, 0xC4, 0x80, 0x00, 0x40, 0xC7, 0x80, 0x02, 0x40, 0xC7, 0x80, 0x03, 0x40, 0xC6,
    0x05, 0xC5, 0x04, 0xC1, 0x80, 0xC3, 0x04, 0xC1, 0x40, 0xC3, 0x05, 0x80, 0xC3, 0x80, 0x05, 0x40, 0xC4, 0x05, 0x40, 0xC4, 0x05, 0x40, 0xC0, 0x40,
    0xC2, 0x05, 0x40, 0xC0, 0x00, 0x40, 0xC1, 0x05, 0xC0, 0x40, 0x00, 0xC2, 0x1A, 0x40, 0x02, 0x80, 0xC1, 0x40, 0x02, 0x40, 0xC0, 0x40, 0x00, 0xC4,
    0x80, 0x01, 0x80, 0xC6, 0x00, 0x40, 0x02, 0x80, 0xC5, 0x80, 0x40, 0x04, 0x80, 0xC5, 0x04, 0x40, 0xC5, 0x03, 0x40, 0xC0, 0x80, 0x40, 0xC3, 0x04,
    0x40, 0xC5, 0x05, 0x80, 0xC3, 0x40, 0x05, 0x80, 0xC3, 0x80, 0x05, 0x40, 0xC0, 0x40, 0xC2, 0x05, 0x81, 0x00, 0xC2, 0x04, 0x40, 0xC0, 0x00, 0x80,
    0xC2, 0x40, 0x03, 0xC0, 0x80, 0xC4, 0x1E, 0x40, 0x80, 0x40, 0x04, 0x40, 0xC0, 0x00, 0x80, 0xC3, 0x03, 0xC5, 0x80, 0x00, 0x80, 0x03, 0x80, 0xC4,
    0x80, 0x40, 0x05, 0xC5, 0x04, 0xC0, 0x80, 0xC4, 0x04, 0xC0, 0x80, 0xC4, 0x05, 0xC4, 0x80, 0x05, 0x80, 0xC4, 0x05, 0x81, 0xC3, 0x05, 0xC0, 0x41,
    0xC2, 0x04, 0x40, 0x80, 0x40, 0xC3, 0x84, 0xC6, 0x82, 0xC8, 0x1E, 0x41, 0x06, 0xC0, 0x40, 0x80, 0xC2, 0x40, 0x03, 0x80, 0xC4, 0x00, 0x40, 0x04,
    0x40, 0xC4, 0x80, 0x06, 0xC4, 0x80, 0x04, 0xC0, 0x40, 0xC4, 0x04, 0x40, 0xC4, 0x80, 0x05, 0xC3, 0x40, 0xC0, 0x05, 0x81, 0xC3, 0x05, 0xC0, 0x00,
    0xC3, 0x04, 0x80, 0x40, 0x80, 0xC6, 0x81, 0xC7, 0x43, 0x80, 0xC5, 0x81, 0x03, 0xC5, 0x27, 0xC0, 0x00, 0x80, 0xC1, 0x80, 0x04, 0x40, 0xC4, 0x00,
    0x40, 0x05, 0x80, 0xC3, 0x40, 0x05, 0x40, 0xC4, 0x05, 0xC0, 0x80, 0xC4, 0x05, 0xC2, 0x82, 0x05, 0xC5, 0x05, 0x80, 0x00, 0xC3, 0x04, 0x41, 0x80,
    0xC7, 0x80, 0xC6, 0x81, 0x01, 0x41, 0xC5, 0x00, 0x40, 0x03, 0x42, 0xC2, 0x08, 0x41, 0x80, 0x27, 0x80, 0x00, 0x80, 0xC1, 0x06, 0xC3, 0x80, 0x40,
    0x06, 0x80, 0xC2, 0x80, 0x06, 0x81, 0xC2, 0x80, 0x05, 0x40, 0x80, 0xC3, 0x40, 0x05, 0xC2, 0x80, 0xC0, 0x06, 0x81, 0xC2, 0x40, 0x05, 0x40, 0x80,
    0xC2, 0x80, 0xC1, 0x82, 0xC6, 0x40, 0xC0, 0x43, 0xC5, 0x01, 0x40, 0x02, 0x42, 0xC1, 0x80, 0x08, 0x40, 0x80, 0x0C, 0x27, 0x80, 0x40, 0x80, 0xC0,
    0x80, 0x06, 0xC3, 0x41, 0x06, 0x40, 0xC2, 0x80, 0x06, 0xC0, 0x80, 0xC2, 0x40, 0x06, 0xC2, 0x81, 0x06, 0xC3, 0x80, 0x06, 0x81, 0xC2, 0x81, 0x42,
    0x00, 0x80, 0x40, 0xC4, 0x40, 0x80, 0xC0, 0x82, 0xC5, 0x05, 0x80, 0x40, 0x80, 0xC0, 0x80, 0x40, 0x08, 0x41, 0x18, 0x27, 0x40, 0x81, 0xC0, 0x40,
    0x06, 0x80, 0xC2, 0x40, 0x07, 0x40, 0xC2, 0x80, 0x06, 0xC0, 0x80, 0xC2, 0x80, 0x06, 0xC1, 0x81, 0x07, 0x80, 0xC2, 0x80, 0x05, 0x41, 0xC8, 0x80,
    0xC6, 0x05, 0xC0, 0x80, 0xC1, 0x80, 0xC0, 0x07, 0x40, 0x80, 0x25, 0x27, 0x40, 0x82, 0x40, 0x06, 0x40, 0xC2, 0x40, 0x07, 0x40, 0xC2, 0x80, 0x06,
    0x81, 0xC1, 0x80, 0x07, 0xC1, 0x80, 0xC0, 0x07, 0x80, 0xC2, 0x82, 0x42, 0x00, 0x80, 0x40, 0xC4, 0x41, 0x81, 0x40, 0x80, 0xC5, 0x07, 0x81, 0x00,
    0x40, 0x2F, 0x27, 0x40, 0x80, 0x40, 0x80, 0x07, 0x40, 0xC2, 0x40, 0x07, 0x40, 0xC2, 0x80, 0x06, 0x40, 0x80, 0xC0, 0x80, 0x40, 0x07, 0xC2, 0x80,
    0x07, 0x40, 0xC3, 0x40, 0xC2, 0x81, 0xC6, 0x02, 0x40, 0x01, 0x81, 0xC0, 0x81, 0xC0, 0x07, 0x41, 0x31, 0x28, 0x41, 0x80, 0x07, 0x40, 0xC2, 0x40,
    0x07, 0x40, 0xC2, 0x40, 0x06, 0x40, 0xC1, 0x80, 0x08, 0x80, 0xC1, 0x40, 0x01, 0x41, 0x02, 0x41, 0xC3, 0x80, 0x00, 0x84, 0xC5, 0x07, 0xC0, 0x00,
    0x40, 0x80, 0x3B, 0x28, 0x42, 0x08, 0xC1, 0x80, 0x08, 0x40, 0xC2, 0x08, 0xC2, 0x08, 0x80, 0xC1, 0x40, 0x01, 0x40, 0x81, 0x41, 0x80, 0xC5, 0x02,
    0x40, 0x01, 0x81, 0xC0, 0x80, 0xC1, 0x07, 0x40, 0x3E, 0x28, 0x42, 0x08, 0xC1, 0x80, 0x08, 0x40, 0xC1, 0x80, 0x08, 0xC2, 0x08, 0x40, 0xC1, 0x40,
    0x00, 0x40, 0x00, 0x82, 0x40, 0x80, 0xC5, 0x05, 0x41, 0x80, 0x40, 0x81, 0x3F, 0x07, 0x28, 0x42, 0x08, 0x80, 0xC0, 0x80, 0x08, 0x40, 0xC1, 0x40,
    0x08, 0xC1, 0x80, 0x03, 0x40, 0x03, 0x80, 0xC1, 0x80, 0x40, 0x80, 0x01, 0x40, 0x80, 0x41, 0xC5, 0x06, 0x41, 0x01, 0x40, 0x3F, 0x07, 0x28, 0x41,
    0x09, 0x80, 0xC0, 0x80, 0x08, 0x40, 0xC1, 0x40, 0x08, 0xC1, 0x80, 0x03, 0x44, 0x80, 0xC2, 0x81, 0x02, 0x41, 0x00, 0x80, 0xC0, 0x80, 0xC2, 0x3F,
    0x13, 0x29, 0x40, 0x09, 0x80, 0xC0, 0x80, 0x08, 0x40, 0xC1, 0x40, 0x08, 0xC1, 0x80, 0x04, 0x81, 0x40, 0x80, 0xC5, 0x05, 0x40, 0x80, 0x40, 0x80,
    0xC1, 0x3F, 0x13, 0x29, 0x40, 0x09, 0x80, 0xC0, 0x80, 0x08, 0x40, 0xC1, 0x40, 0x08, 0x80, 0xC0, 0x40, 0x04, 0x40, 0x80, 0x40, 0x80, 0xC5, 0x06,
    0x80, 0x00, 0x40, 0x81, 0x3F, 0x13, 0x28, 0x41, 0x09, 0x40, 0xC0, 0x80, 0x08, 0x40, 0xC1, 0x40, 0x08, 0x80, 0xC0, 0x40, 0x04, 0x40, 0x80, 0x41,
    0xC4, 0x80, 0x06, 0x40, 0x00, 0x40, 0x80, 0x40, 0x3F, 0x13, 0x28, 0x41, 0x09, 0x40, 0xC0, 0x80, 0x08, 0x40, 0xC1, 0x40, 0x08, 0x80, 0xC0, 0x40,
    0x04, 0x40, 0x80, 0x41, 0xC4, 0x80, 0x06, 0x40, 0x00, 0x42, 0x3F, 0x13, 0x29, 0x40, 0x09, 0x40, 0xC0, 0x80, 0x09, 0xC1, 0x09, 0x80, 0xC0, 0x40,
    0x04, 0x40, 0x80, 0x41, 0xC4, 0x80, 0x06, 0x40, 0x00, 0x42, 0x3F, 0x13, 0x29, 0x40, 0x09, 0x40, 0xC0, 0x80, 0x09, 0xC1, 0x09, 0x80, 0xC0, 0x40,
    0x04, 0x40, 0x80, 0x41, 0xC4, 0x80, 0x06, 0x40, 0x01, 0x41, 0x3F, 0x13, 0x28, 0x41, 0x09, 0x40, 0xC0, 0x80, 0x09, 0xC1, 0x09, 0x80, 0xC0, 0x40,
    0x04, 0x40, 0x80, 0x41, 0xC4, 0x80, 0x06, 0x40, 0x01, 0x41, 0x3F, 0x13, 0x28, 0x41, 0x09, 0x40, 0xC0, 0x80, 0x09, 0xC1, 0x09, 0x80, 0xC0, 0x40,
    0x04, 0x40, 0x80, 0x41, 0xC4, 0x80, 0x06, 0x40, 0x01, 0x40, 0x3F, 0x14, 0x28, 0x41, 0x09, 0x40, 0xC0, 0x40, 0x09, 0xC1, 0x09, 0x80, 0xC0, 0x80,
    0x00, 0x40, 0x02, 0x43, 0xC4, 0x80, 0x06, 0x40, 0x01, 0x40, 0x3F, 0x14, 0x28, 0x41, 0x09, 0x40, 0xC0, 0x40, 0x09, 0xC1, 0x09, 0x80, 0xC0, 0x80,
    0x41, 0x02, 0x43, 0xC4, 0x80, 0x06, 0x40, 0x01, 0x40, 0x3F, 0x14, 0x28, 0x81, 0x09, 0x40, 0xC0, 0x40, 0x09, 0xC1, 0x09, 0x80, 0xC0, 0x80, 0x41,
    0x02, 0x43, 0xC4, 0x80, 0x09, 0x40, 0x3F, 0x14, 0x28, 0x81, 0x09, 0x80, 0xC0, 0x40, 0x09, 0xC0, 0x80, 0x08, 0x40, 0xC1, 0x80, 0x41, 0x02, 0x43,
    0x80, 0xC3, 0x80, 0x3F, 0x1F, 0x28, 0x40, 0x80, 0x09, 0x80, 0xC0, 0x40, 0x09, 0xC0, 0x80, 0x05, 0x40, 0x01, 0x40, 0xC1, 0x80, 0x41, 0x03, 0x42,
    0x80, 0xC3, 0x80, 0x3F, 0x1F, 0x28, 0x40, 0x80, 0x09, 0x80, 0xC0, 0x80, 0x09, 0xC0, 0x80, 0x05, 0x40, 0x01, 0x40, 0xC1, 0x80, 0x40, 0x80, 0x03,
    0x42, 0x80, 0xC0, 0x80, 0xC1, 0x40, 0x3F, 0x1F, 0x28, 0x81, 0x09, 0xC1, 0x80, 0x08, 0x40, 0xC0, 0x80, 0x05, 0x40, 0x01, 0x40, 0xC1, 0x82, 0x03,
    0x40, 0x00, 0x40, 0x80, 0xC0, 0x80, 0xC1, 0x40, 0x3F, 0x1F, 0x28, 0x81, 0x09, 0xC1, 0x80, 0x08, 0x40, 0xC0, 0x80, 0x05, 0x40, 0x01, 0x40, 0xC1,
    0x82, 0x03, 0x40, 0x00, 0x40, 0x80, 0xC0, 0x80, 0xC1, 0x40, 0x3F, 0x1F, 0x27, 0x40, 0x81, 0x09, 0xC1, 0x80, 0x08, 0x40, 0xC0, 0x80, 0x05, 0x40,
    0x01, 0x40, 0xC1, 0x82, 0x03, 0x40, 0x00, 0x40, 0x80, 0xC0, 0x80, 0xC1, 0x40, 0x3F, 0x1F, 0x27, 0x40, 0x81, 0x09, 0xC1, 0x80, 0x08, 0x40, 0xC0,
    0x40, 0x05, 0x40, 0x01, 0x40, 0xC1, 0x82, 0x03, 0x40, 0x00, 0x40, 0x80, 0xC0, 0x80, 0xC1, 0x40, 0x3F, 0x1F, 0x27, 0x40, 0x81, 0x09, 0xC1, 0x40,
    0x08, 0x40, 0xC0, 0x80, 0x05, 0x40, 0x01, 0x40, 0xC1, 0x81, 0x40, 0x03, 0x41, 0x81, 0xC3, 0x40, 0x3F, 0x1F, 0x27, 0x40, 0x81, 0x09, 0xC1, 0x40,
    0x08, 0x80, 0xC0, 0x80, 0x08, 0x40, 0xC1, 0x80, 0x41, 0x02, 0x42, 0x80, 0xC4, 0x40, 0x3F, 0x1F, 0x27, 0x42, 0x09, 0xC1, 0x40, 0x08, 0x80, 0xC0,
    0x40, 0x08, 0x40, 0xC1, 0x80, 0x41, 0x02, 0x42, 0x80, 0xC4, 0x40, 0x09, 0x40, 0x3F, 0x14, 0x28, 0x41, 0x09, 0xC1, 0x40, 0x08, 0x80, 0xC0, 0x40,
    0x08, 0x40, 0xC1, 0x41, 0x03, 0x40, 0x80, 0x40, 0x80, 0xC4, 0x40, 0x09, 0x40, 0x3F, 0x14, 0x29, 0x40, 0x08, 0x40, 0xC1, 0x09, 0x80, 0xC0, 0x80,
    0x08, 0x40, 0xC1, 0x40, 0x04, 0x81, 0x40, 0xC5, 0x09, 0x41, 0x3F, 0x14, 0x29, 0x40, 0x08, 0x40, 0xC1, 0x09, 0x80, 0xC0, 0x80, 0x08, 0x40, 0xC0,
    0x80, 0x04, 0x40, 0x81, 0x40, 0xC5, 0x07, 0x40, 0x00, 0x40, 0x80, 0x3F, 0x14, 0x33, 0x40, 0xC1, 0x09, 0x80, 0xC0, 0x80, 0x08, 0x40, 0xC0, 0x80,
    0x04, 0x40, 0x81, 0x40, 0x80, 0xC4, 0x06, 0x42, 0x81, 0x3F, 0x14, 0x33, 0x40, 0xC0, 0x80, 0x09, 0x80, 0xC0, 0x80, 0x08, 0x40, 0xC0, 0x80, 0x04,
    0x40, 0x80, 0x41, 0x80, 0xC4, 0x06, 0x40, 0x80, 0x40, 0x80, 0xC0, 0x3F, 0x14, 0x33, 0x40, 0xC0, 0x80, 0x09, 0x80, 0xC0, 0x80, 0x08, 0x40, 0xC0,
    0x80, 0x04, 0x40, 0x80, 0x41, 0x80, 0xC3, 0x80, 0x05, 0x40, 0x83, 0xC0, 0x3F, 0x14, 0x33, 0x40, 0xC0, 0x80, 0x09, 0x80, 0xC0, 0x40, 0x08, 0x80,
    0xC0, 0x40, 0x05, 0x42, 0x80, 0xC1, 0x82, 0x03, 0x40, 0x00, 0x40, 0x80, 0xC0, 0x80, 0xC1, 0x40, 0x3F, 0x13, 0x33, 0x40, 0x81, 0x09, 0x80, 0xC0,
    0x40, 0x08, 0x80, 0xC0, 0x80, 0x05, 0x41, 0x00, 0x80, 0xC1, 0x82, 0x03, 0x40, 0x00, 0x40, 0x80, 0xC0, 0x80, 0xC1, 0x40, 0x3F, 0x13, 0x33, 0x40,
    0x81, 0x09, 0x80, 0xC0, 0x40, 0x08, 0x40, 0xC0, 0x80, 0x05, 0x41, 0x00, 0x80, 0xC1, 0x82, 0x03, 0x40, 0x00, 0x40, 0x82, 0xC1, 0x40, 0x3F, 0x13,
    0x33, 0x40, 0x81, 0x09, 0x80, 0xC0, 0x40, 0x08, 0x40, 0xC0, 0x80, 0x05, 0x41, 0x00, 0x80, 0xC1, 0x82, 0x03, 0x40, 0x00, 0x40, 0x82, 0xC1, 0x40,
    0x3F, 0x13, 0x34, 0xC0, 0x80, 0x09, 0x80, 0xC0, 0x80, 0x08, 0x40, 0xC0, 0x80, 0x05, 0x41, 0x00, 0x40, 0xC2, 0x81, 0x05, 0x40, 0x82, 0xC1, 0x40,
    0x3F, 0x13, 0x34, 0xC1, 0x09, 0x80, 0xC0, 0x80, 0x08, 0x40, 0xC0, 0x80, 0x05, 0x42, 0x80, 0xC2, 0x81, 0x05, 0x40, 0x82, 0xC1, 0x40, 0x3F, 0x13,
    0x34, 0xC1, 0x09, 0x40, 0xC1, 0x08, 0x40, 0xC0, 0x80, 0x05, 0x42, 0x80, 0xC2, 0x80, 0xC0, 0x06, 0x40, 0x80, 0x40, 0x80, 0xC0, 0x40, 0x3F, 0x13,
    0x34, 0xC1, 0x09, 0x40, 0xC1, 0x08, 0x40, 0xC0, 0x80, 0x05, 0x42, 0x80, 0xC4, 0x06, 0x40, 0x80, 0x40, 0x80, 0xC0, 0x40, 0x3F, 0x13, 0x34, 0x80,
    0xC0, 0x40, 0x08, 0x40, 0xC1, 0x09, 0xC1, 0x05, 0x40, 0x80, 0x40, 0x80, 0xC4, 0x40, 0x06, 0x80, 0x41, 0x80, 0x40, 0x3F, 0x13, 0x29, 0x40, 0x09,
    0x80, 0xC0, 0x40, 0x08, 0x40, 0xC1, 0x09, 0xC1, 0x40, 0x04, 0x40, 0x80, 0x40, 0x80, 0xC4, 0x40, 0x06, 0x40, 0x00, 0x40, 0x80, 0x40, 0x3F, 0x13,
    0x28, 0x41, 0x09, 0x80, 0xC0, 0x40, 0x08, 0x40, 0xC1, 0x09, 0x80, 0xC0, 0x40, 0x04, 0x40, 0x80, 0x40, 0x80, 0xC4, 0x80, 0x06, 0x40, 0x01, 0x41,
    0x3F, 0x13, 0x28, 0x41, 0x09, 0x40, 0xC0, 0x80, 0x09, 0xC1, 0x09, 0x80, 0xC0, 0x42, 0x02, 0x40, 0x80, 0x41, 0xC4, 0x80, 0x06, 0x40, 0x01, 0x40,
    0x3F, 0x14, 0x28, 0x80, 0x41, 0x08, 0x40, 0xC0, 0x80, 0x09, 0xC1, 0x09, 0x80, 0xC0, 0x80, 0x41, 0x03, 0x42, 0xC5, 0x3F, 0x1F, 0x28, 0x40, 0x80,
    0x40, 0x09, 0xC1, 0x09, 0xC1, 0x40, 0x04, 0x40, 0x02, 0x80, 0xC1, 0x41, 0x03, 0x42, 0x80, 0xC0, 0x80, 0xC2, 0x3F, 0x1F, 0x28, 0x40, 0x80, 0x40,
    0x09, 0xC1, 0x40, 0x08, 0xC1, 0x40, 0x04, 0x40, 0x02, 0x80, 0xC1, 0x81, 0x40, 0x02, 0x42, 0x80, 0xC0, 0x80, 0xC2, 0x3F, 0x1F, 0x28, 0x40, 0x81,
    0x09, 0xC1, 0x40, 0x08, 0x80, 0xC0, 0x40, 0x04, 0x41, 0x01, 0x80, 0xC1, 0x81, 0x40, 0x03, 0x40, 0x00, 0x80, 0xC0, 0x80, 0xC2, 0x3F, 0x1F, 0x28,
    0x40, 0xC0, 0x80, 0x09, 0x80, 0xC0, 0x80, 0x08, 0x40, 0xC0, 0x80, 0x05, 0x40, 0x01, 0x80, 0xC1, 0x82, 0x03, 0x40, 0x00, 0x40, 0x80, 0xC0, 0x80,
    0xC1, 0x3F, 0x1F, 0x29, 0x80, 0xC0, 0x80, 0x09, 0xC1, 0x40, 0x08, 0x80, 0xC0, 0x40, 0x04, 0x40, 0x02, 0x80, 0xC1, 0x81, 0x03, 0x42, 0x80, 0xC3,
    0x3F, 0x1F, 0x29, 0x40, 0xC1, 0x40, 0x08, 0x80, 0xC1, 0x09, 0xC1, 0x40, 0x07, 0x40, 0x80, 0xC1, 0x80, 0x03, 0x42, 0x80, 0xC3, 0x08, 0x40, 0x3F,
    0x15, 0x20, 0x40, 0x08, 0x80, 0xC1, 0x40, 0x08, 0xC2, 0x08, 0x40, 0xC0, 0x80, 0x08, 0x40, 0xC2, 0x03, 0x40, 0x81, 0x40, 0xC3, 0x09, 0x40, 0x3F,
    0x14, 0x20, 0x41, 0x07, 0x40, 0x80, 0xC0, 0x80, 0x08, 0x40, 0xC1, 0x80, 0x08, 0xC1, 0x80, 0x08, 0x80, 0xC1, 0x04, 0x83, 0xC2, 0x09, 0x41, 0x3F,
    0x13, 0x21, 0x40, 0x08, 0x80, 0xC1, 0x40, 0x08, 0xC2, 0x08, 0x80, 0xC0, 0x80, 0x08, 0x40, 0xC1, 0x04, 0x40, 0x80, 0x41, 0xC2, 0x08, 0x41, 0xC0,
    0x3F, 0x13, 0x21, 0x40, 0x08, 0x40, 0x80, 0xC0, 0x40, 0x08, 0x80, 0xC1, 0x08, 0x40, 0xC1, 0x09, 0xC1, 0x05, 0x42, 0x80, 0xC1, 0x06, 0x40, 0x00,
    0x40, 0x80, 0xC0, 0x0A, 0x40, 0x3F, 0x07, 0x21, 0x40, 0x09, 0x80, 0xC0, 0x40, 0x08, 0x80, 0xC1, 0x08, 0x40, 0xC1, 0x09, 0xC1, 0x08, 0x40, 0xC1,
    0x05, 0x40, 0x82, 0xC1, 0x0A, 0x40, 0x3F, 0x07, 0x2C, 0x40, 0xC0, 0x09, 0x80, 0xC1, 0x08, 0x80, 0xC1, 0x09, 0xC1, 0x09, 0xC1, 0x05, 0x40, 0x82,
    0xC1, 0x0A, 0x80, 0x3F, 0x07, 0x2C, 0x40, 0xC0, 0x08, 0x40, 0xC1, 0x80, 0x08, 0x80, 0xC1, 0x08, 0x40, 0xC0, 0x80, 0x09, 0xC1, 0x06, 0x81, 0xC2,
    0x09, 0x81, 0x3F, 0x07, 0x2C, 0x41, 0x08, 0x40, 0xC1, 0x09, 0xC1, 0x80, 0x08, 0xC1, 0x80, 0x08, 0x40, 0xC1, 0x06, 0x41, 0xC2, 0x08, 0x40, 0x80,
    0xC0, 0x3F, 0x07, 0x37, 0x40, 0xC0, 0x40, 0x09, 0xC1, 0x40, 0x08, 0xC0, 0x80, 0x40, 0x08, 0x80, 0xC0, 0x80, 0x06, 0x41, 0xC2, 0x08, 0x81, 0xC0,
    0x0B, 0x80, 0x0A, 0xC0, 0x0A, 0xC0, 0x0A, 0xC0, 0x0A, 0xC0, 0x0A, 0x38, 0xC0, 0x09, 0x40, 0xC1, 0x09, 0xC0, 0x80, 0x09, 0xC1, 0x80, 0x07, 0x80,
    0xC2, 0x07, 0x40, 0x81, 0xC0, 0x0D, 0x80, 0x08, 0x41, 0xC0, 0x08, 0xC2, 0x08, 0xC2, 0x08, 0xC2, 0x08, 0x38, 0xC0, 0x09, 0x40, 0xC0, 0x80, 0x09,
    0xC0, 0x80, 0x09, 0xC1, 0x80, 0x07, 0x80, 0xC2, 0x07, 0x40, 0x80, 0xC1, 0x0E, 0x80, 0x07, 0x42, 0x80, 0x07, 0xC2, 0x80, 0x07, 0xC2, 0x80, 0x07,
    0xC2, 0x80, 0x07, 0x38, 0xC0, 0x09, 0x40, 0xC0, 0x80, 0x09, 0xC0, 0x80, 0x09, 0xC1, 0x80, 0x07, 0x80, 0xC2, 0x08, 0x80, 0xC1, 0x0E, 0x80, 0x07,
    0x42, 0x80, 0x07, 0xC2, 0x80, 0x07, 0xC2, 0x80, 0x07, 0xC2, 0x80, 0x07, 0x37, 0x40, 0xC0, 0x09, 0x40, 0xC0, 0x80, 0x08, 0x40, 0xC0, 0x80, 0x09,
    0xC1, 0x80, 0x07, 0x80, 0xC2, 0x08, 0x80, 0xC1, 0x0E, 0x80, 0x07, 0x42, 0xC0, 0x07, 0xC3, 0x07, 0xC2, 0x80, 0x07, 0xC2, 0x80, 0x07, 0x37, 0x40,
    0xC0, 0x09, 0x40, 0xC0, 0x80, 0x08, 0x40, 0xC0, 0x80, 0x09, 0xC1, 0x80, 0x07, 0x80, 0xC2, 0x08, 0x80, 0xC1, 0x0E, 0x80, 0x07, 0x42, 0xC0, 0x07,
    0xC3, 0x07, 0xC3, 0x07, 0xC3, 0x07, 0x37, 0x40, 0xC0, 0x09, 0x40, 0xC0, 0x80, 0x08, 0x40, 0xC0, 0x80, 0x09, 0xC2, 0x07, 0xC3, 0x08, 0x40, 0x81,
    0x0E, 0x80, 0x07, 0x42, 0xC0, 0x07, 0xC3, 0x07, 0xC3, 0x07, 0xC3, 0x07, 0x37, 0x80, 0xC0, 0x09, 0x40, 0xC0, 0x80, 0x08, 0x40, 0xC0, 0x80, 0x09,
    0xC2, 0x07, 0xC3, 0x08, 0x40, 0x81, 0x0E, 0x80, 0x07, 0x42, 0xC0, 0x07, 0xC3, 0x07, 0xC3, 0x07, 0xC3, 0x07, 0x2C, 0x40, 0x09, 0x80, 0xC0, 0x09,
    0x40, 0xC0, 0x40, 0x08, 0x40, 0xC0, 0x80, 0x09, 0xC2, 0x07, 0xC3, 0x08, 0x40, 0x80, 0x40, 0x0E, 0x80, 0x07, 0x42, 0xC0, 0x07, 0xC3, 0x07, 0xC3,
    0x07, 0xC3, 0x07, 0x2C, 0x40, 0x09, 0x80, 0xC0, 0x40, 0x08, 0x40, 0xC0, 0x40, 0x08, 0x40, 0xC0, 0x80, 0x08, 0x40, 0xC2, 0x07, 0xC3, 0x09, 0x41,
    0x0E, 0x80, 0x07, 0x42, 0xC0, 0x07, 0xC3, 0x07, 0xC3, 0x07, 0xC3, 0x07, 0x2C, 0x40, 0x09, 0x80, 0xC0, 0x40, 0x08, 0x40, 0xC0, 0x40, 0x08, 0x40,
    0xC0, 0x80, 0x08, 0x40, 0xC2, 0x07, 0xC3, 0x09, 0x41, 0x0E, 0x80, 0x07, 0x80, 0x41, 0xC0, 0x07, 0xC3, 0x07, 0xC3, 0x07, 0xC3, 0x07, 0x2C, 0x40,
    0x09, 0x80, 0xC0, 0x40, 0x08, 0x40, 0xC0, 0x09, 0x40, 0xC1, 0x40, 0x07, 0x80, 0xC2, 0x07, 0xC3, 0x09, 0x40, 0x0F, 0x80, 0x07, 0x80, 0x41, 0x80,
    0x07, 0xC3, 0x07, 0xC3, 0x07, 0xC3, 0x07, 0x2C, 0x40, 0x09, 0xC1, 0x40, 0x08, 0x80, 0xC0, 0x09, 0x40, 0xC1, 0x40, 0x07, 0x80, 0xC2, 0x07, 0x80,
    0xC2, 0x1A, 0x80, 0x07, 0x80, 0x41, 0x80, 0x07, 0xC3, 0x07, 0xC3, 0x07, 0xC3, 0x07, 0x2C, 0x40, 0x09, 0xC1, 0x40, 0x08, 0x80, 0xC0, 0x09, 0x40,
    0xC1, 0x40, 0x07, 0x80, 0xC2, 0x07, 0x81, 0xC1, 0x1A, 0x80, 0x07, 0x80, 0x41, 0x80, 0x07, 0xC3, 0x07, 0xC3, 0x07, 0xC3, 0x07, 0x2C, 0x40, 0x09,
    0xC1, 0x40, 0x08, 0x80, 0xC0, 0x09, 0x40, 0xC1, 0x40, 0x07, 0x80, 0xC2, 0x07, 0x81, 0xC1, 0x1A, 0x40, 0x07, 0x80, 0x41, 0x80, 0x40, 0x06, 0xC3,
    0x40, 0x06, 0xC3, 0x40, 0x06, 0xC3, 0x40, 0x06, 0x2B, 0x41, 0x09, 0xC1, 0x40, 0x08, 0x80, 0xC0, 0x09, 0x40, 0xC1, 0x40, 0x07, 0x80, 0xC2, 0x07,
    0x81, 0xC1, 0x1A, 0x41, 0x06, 0x80, 0x41, 0x80, 0x40, 0x06, 0xC3, 0x40, 0x06, 0xC3, 0x40, 0x06, 0xC3, 0x40, 0x06, 0x2B, 0x41, 0x09, 0xC1, 0x40,
    0x08, 0x80, 0xC0, 0x09, 0x40, 0xC1, 0x40, 0x07, 0x80, 0xC2, 0x07, 0x81, 0xC1, 0x1A, 0x41, 0x06, 0x80, 0x41, 0x80, 0x40, 0x06, 0xC3, 0x40, 0x06,
    0xC3, 0x40, 0x06, 0xC3, 0x40, 0x06, 0x2C, 0x40, 0x09, 0xC1, 0x09, 0x80, 0xC0, 0x09, 0x80, 0xC0, 0x80, 0x40, 0x07, 0x80, 0xC2, 0x07, 0xC0, 0x80,
    0xC1, 0x1A, 0x41, 0x06, 0x81, 0x42, 0x06, 0xC3, 0x40, 0x06, 0xC3, 0x40, 0x06, 0xC3, 0x40, 0x06, 0x2C, 0x40, 0x09, 0xC1, 0x09, 0x80, 0xC0, 0x09,
    0x80, 0xC0, 0x80, 0x08, 0x80, 0xC2, 0x06, 0x40, 0xC3, 0x1A, 0x41, 0x06, 0x81, 0x41, 0x80, 0x06, 0xC3, 0x80, 0x06, 0xC3, 0x40, 0x06, 0xC3, 0x40,
    0x06, 0x37, 0xC0, 0x80, 0x09, 0x80, 0xC0, 0x09, 0x80, 0xC0, 0x80, 0x08, 0x80, 0xC2, 0x06, 0x40, 0xC3, 0x09, 0x40, 0x10, 0x80, 0x06, 0x81, 0x41,
    0x80, 0x06, 0xC3, 0x80, 0x06, 0xC3, 0x80, 0x06, 0xC3, 0x80, 0x06, 0x37, 0xC0, 0x80, 0x09, 0x80, 0xC0, 0x09, 0x80, 0xC0, 0x40, 0x08, 0x80, 0xC2,
    0x06, 0x40, 0xC3, 0x09, 0x40, 0x10, 0x80, 0x06, 0x81, 0x41, 0x80, 0x06, 0xC3, 0x80, 0x06, 0xC3, 0x80, 0x06, 0xC3, 0x80, 0x06, 0x37, 0xC0, 0x80,
    0x09, 0xC1, 0x09, 0x80, 0xC0, 0x40, 0x08, 0x80, 0xC2, 0x06, 0x40, 0xC3, 0x07, 0x43, 0x0F, 0x80, 0x06, 0x81, 0x41, 0x80, 0x06, 0xC3, 0x80, 0x06,
    0xC3, 0x80, 0x06, 0xC3, 0x80, 0x06, 0x37, 0xC0, 0x80, 0x09, 0xC1, 0x09, 0xC1, 0x09, 0x80, 0xC1, 0x80, 0x06, 0x40, 0xC3, 0x07, 0x41, 0x80, 0x40,
    0x0F, 0x80, 0x06, 0x81, 0x41, 0xC0, 0x06, 0xC3, 0x80, 0x06, 0xC3, 0x80, 0x06, 0xC3, 0x80, 0x06, 0x37, 0xC0, 0x40, 0x09, 0xC1, 0x09, 0xC0, 0x80,
    0x09, 0x80, 0xC1, 0x80, 0x06, 0x40, 0xC3, 0x07, 0x41, 0x80, 0x40, 0x0F, 0x80, 0x06, 0x81, 0x41, 0xC0, 0x06, 0xC4, 0x06, 0xC4, 0x06, 0xC4, 0x06,
    0x37, 0x80, 0x40, 0x09, 0xC1, 0x09, 0xC0, 0x80, 0x09, 0x80, 0xC0, 0x80, 0x40, 0x06, 0x40, 0xC3, 0x07, 0x81, 0xC0, 0x80, 0x0F, 0xC0, 0x06, 0x82,
    0x40, 0xC0, 0x06, 0xC4, 0x06, 0xC4, 0x06, 0xC4, 0x06, 0x37, 0x80, 0x40, 0x09, 0xC1, 0x09, 0xC0, 0x80, 0x09, 0x80, 0xC0, 0x80, 0x40, 0x06, 0x40,
    0xC3, 0x07, 0x81, 0xC0, 0x80, 0x0F, 0xC0, 0x06, 0xC0, 0x81, 0x40, 0xC0, 0x06, 0xC4, 0x06, 0xC4, 0x06, 0xC4, 0x06, 0x37, 0x80, 0x0A, 0xC1, 0x09,
    0xC0, 0x80, 0x09, 0x80, 0xC0, 0x80, 0x07, 0x40, 0xC3, 0x07, 0x81, 0xC0, 0x80, 0x0B, 0x40, 0x02, 0xC0, 0x06, 0xC0, 0x81, 0x40, 0xC0, 0x06, 0xC4,
    0x06, 0xC4, 0x06, 0xC4, 0x06, 0x37, 0x80, 0x0A, 0xC1, 0x09, 0xC0, 0x80, 0x09, 0x80, 0xC0, 0x80, 0x07, 0x40, 0xC3, 0x07, 0x81, 0xC0, 0x80, 0x0B,
    0x40, 0x02, 0xC0, 0x06, 0xC0, 0x81, 0x40, 0xC0, 0x06, 0xC4, 0x06, 0xC4, 0x06, 0xC4, 0x06, 0x37, 0x80, 0x0A, 0xC1, 0x09, 0xC0, 0x80, 0x09, 0x80,
    0xC0, 0x80, 0x07, 0x40, 0xC3, 0x07, 0x81, 0xC0, 0x80, 0x0B, 0x40, 0x02, 0xC0, 0x06, 0xC0, 0x81, 0x40, 0xC0, 0x06, 0xC4, 0x06, 0xC4, 0x06, 0xC4,
    0x06, 0x37, 0x80, 0x09, 0x40, 0xC1, 0x09, 0xC0, 0x80, 0x09, 0x80, 0xC0, 0x80, 0x07, 0x40, 0xC3, 0x07, 0x81, 0xC0, 0x80, 0x0B, 0x40, 0x02, 0x80,
    0x06, 0xC0, 0x81, 0x40, 0x80, 0x06, 0xC4, 0x06, 0xC4, 0x06, 0xC4, 0x06, 0x37, 0x80, 0x09, 0x40, 0xC1, 0x09, 0xC0, 0x80, 0x09, 0x80, 0xC0, 0x80,
    0x07, 0x40, 0xC3, 0x07, 0x81, 0xC0, 0x80, 0x0B, 0x80, 0x02, 0x80, 0x06, 0xC0, 0x81, 0x40, 0x80, 0x40, 0x05, 0xC4, 0x40, 0x05, 0xC4, 0x06, 0xC4,
    0x06, 0x37, 0xC0, 0x09, 0x40, 0xC1, 0x09, 0xC0, 0x80, 0x09, 0x80, 0xC0, 0x80, 0x40, 0x06, 0x40, 0xC3, 0x07, 0x81, 0xC0, 0x40, 0x0B, 0x80, 0x02,
    0x80, 0x40, 0x05, 0xC0, 0x81, 0x40, 0x80, 0x40, 0x05, 0xC4, 0x40, 0x05, 0xC4, 0x40, 0x05, 0xC4, 0x40, 0x05, 0x37, 0xC0, 0x09, 0x40, 0xC1, 0x09,
    0xC0, 0x80, 0x09, 0x80, 0xC0, 0x80, 0x40, 0x06, 0x40, 0xC2, 0x80, 0x07, 0x40, 0x81, 0x40, 0x0B, 0x80, 0x02, 0x80, 0x40, 0x05, 0xC0, 0x81, 0x40,
    0x80, 0x40, 0x05, 0xC4, 0x40, 0x05, 0xC4, 0x40, 0x05, 0xC4, 0x40, 0x05, 0x37, 0xC0, 0x0A, 0xC1, 0x09, 0xC0, 0x80, 0x09, 0xC2, 0x40, 0x06, 0x40,
    0xC2, 0x80, 0x07, 0x40, 0x81, 0x40, 0x0B, 0x80, 0x02, 0x41, 0x05, 0xC0, 0x83, 0x40, 0x05, 0xC4, 0x40, 0x05, 0xC4, 0x40, 0x05, 0xC4, 0x40, 0x05,
    0x37, 0xC0, 0x40, 0x09, 0xC1, 0x09, 0xC0, 0x80, 0x09, 0xC2, 0x40, 0x06, 0x80, 0xC2, 0x80, 0x07, 0x42, 0x0C, 0xC0, 0x02, 0x40, 0x80, 0x05, 0xC0,
    0x82, 0x40, 0x80, 0x05, 0xC4, 0x80, 0x05, 0xC4, 0x80, 0x05, 0xC4, 0x80, 0x05, 0x36, 0x40, 0xC0, 0x40, 0x09, 0xC0, 0x80, 0x09, 0xC0, 0x80, 0x09,
    0xC2, 0x40, 0x06, 0x80, 0xC2, 0x80, 0x07, 0x42, 0x0C, 0xC0, 0x02, 0x40, 0x80, 0x05, 0xC0, 0x82, 0x40, 0x80, 0x05, 0xC4, 0x80, 0x05, 0xC4, 0x80,
    0x05, 0xC4, 0x80, 0x05, 0x2B, 0x40, 0x09, 0x40, 0xC0, 0x40, 0x09, 0xC0, 0x80, 0x09, 0xC1, 0x09, 0xC2, 0x40, 0x06, 0x80, 0xC2, 0x80, 0x08, 0x41,
    0x0C, 0xC0, 0x02, 0x40, 0x80, 0x05, 0xC0, 0x82, 0x40, 0x80, 0x05, 0xC4, 0x80, 0x05, 0xC4, 0x80, 0x05, 0xC4, 0x80, 0x05, 0x2B, 0x40, 0x09, 0x40,
    0xC0, 0x80, 0x09, 0xC0, 0x80, 0x09, 0xC1, 0x40, 0x08, 0xC2, 0x80, 0x06, 0x40, 0xC2, 0x80, 0x08, 0x40, 0x0D, 0xC0, 0x03, 0x80, 0x05, 0xC0, 0x82,
    0x40, 0xC0, 0x05, 0xC4, 0x80, 0x05, 0xC4, 0x80, 0x05, 0xC4, 0x80, 0x05, 0x2B, 0x40, 0x09, 0x40, 0xC0, 0x80, 0x09, 0xC0, 0x80, 0x09, 0xC1, 0x40,
    0x08, 0xC2, 0x80, 0x06, 0x40, 0xC2, 0x80, 0x08, 0x40, 0x0D, 0xC0, 0x03, 0xC0, 0x05, 0xC0, 0x82, 0x40, 0xC0, 0x05, 0xC5, 0x05, 0xC5, 0x05, 0xC5,
    0x05, 0x2B, 0x40, 0x09, 0x40, 0xC0, 0x80, 0x09, 0xC0, 0x80, 0x09, 0xC1, 0x40, 0x08, 0xC2, 0x80, 0x06, 0x40, 0xC2, 0x40, 0x17, 0xC0, 0x03, 0xC0,
    0x05, 0xC0, 0x82, 0x40, 0xC0, 0x05, 0xC5, 0x05, 0xC5, 0x05, 0xC5, 0x05, 0x2B, 0x80, 0x09, 0x40, 0xC0, 0x80, 0x09, 0xC0, 0x80, 0x09, 0xC1, 0x40,
    0x07, 0x40, 0xC2, 0x80, 0x06, 0x40, 0xC2, 0x40, 0x17, 0xC0, 0x03, 0xC0, 0x05, 0xC1, 0x81, 0x40, 0xC0, 0x05, 0xC5, 0x05, 0xC5, 0x05, 0xC5, 0x05,
    0x2B, 0x80, 0x09, 0x40, 0xC1, 0x09, 0xC0, 0x80, 0x09, 0xC1, 0x80, 0x08, 0xC3, 0x06, 0x40, 0xC2, 0x80, 0x08, 0x40, 0x0D, 0x80, 0x03, 0xC0, 0x05,
    0xC0, 0x81, 0x41, 0xC0, 0x05, 0xC5, 0x05, 0xC5, 0x05, 0xC5, 0x05, 0x2B, 0x80, 0x40, 0x08, 0x40, 0xC1, 0x40, 0x08, 0xC1, 0x09, 0x80, 0xC0, 0x80,
    0x40, 0x07, 0xC3, 0x06, 0x40, 0xC3, 0x07, 0x40, 0x00, 0x41, 0x0B, 0x40, 0x03, 0x80, 0x05, 0xC0, 0x03, 0xC0, 0x05, 0xC5, 0x05, 0xC5, 0x05, 0xC5,
    0x05, 0x2B, 0x81, 0x08, 0x40, 0xC1, 0x80, 0x08, 0xC1, 0x09, 0x80, 0xC1, 0x40, 0x07, 0x80, 0xC2, 0x06, 0x40, 0xC3, 0x07, 0x41, 0xC0, 0x80, 0x17,
    0x40, 0x03, 0xC0, 0x40, 0x04, 0xC0, 0x42, 0x00, 0xC0, 0x40, 0x04, 0xC5, 0x40, 0x04, 0xC5, 0x40, 0x04, 0x20, 0x40, 0x09, 0x80, 0xC0, 0x08, 0x40,
    0x80, 0xC1, 0x08, 0x80, 0xC0, 0x40, 0x08, 0x40, 0xC1, 0x80, 0x07, 0x40, 0xC2, 0x07, 0xC3, 0x07, 0x40, 0x80, 0xC1, 0x09, 0x40, 0x11, 0x40, 0x0A,
    0xC0, 0x40, 0x04, 0x43, 0x00, 0xC0, 0x40, 0x04, 0xC5, 0x40, 0x04, 0x20, 0x80, 0x09, 0x40, 0xC0, 0x80, 0x08, 0x80, 0xC1, 0x80, 0x07, 0x80, 0xC1,
    0x08, 0x40, 0xC2, 0x08, 0xC2, 0x07, 0x80, 0xC2, 0x07, 0x80, 0xC0, 0x80, 0xC0, 0x08, 0x40, 0x00, 0x80, 0x28, 0xC0, 0x40, 0x09, 0xC0, 0x40, 0x04,
    0x20, 0x80, 0xC0, 0x08, 0x80, 0xC1, 0x80, 0x07, 0x40, 0xC2, 0x07, 0x40, 0xC1, 0x40, 0x07, 0x40, 0xC2, 0x08, 0x80, 0xC1, 0x07, 0x40, 0xC2, 0x07,
    0xC3, 0x08, 0x80, 0x40, 0xC0, 0x0A, 0x40, 0x28, 0x80, 0x05, 0x15, 0x40, 0x09, 0x40, 0xC0, 0x40, 0x07, 0x80, 0xC2, 0x08, 0x80, 0xC1, 0x07, 0x40,
    0xC2, 0x07, 0x40, 0x80, 0xC1, 0x09, 0xC1, 0x08, 0x80, 0xC1, 0x07, 0x40, 0xC2, 0x07, 0x40, 0xC1, 0x80, 0x09, 0xC0, 0x30, 0x15, 0x40, 0xC0, 0x09,
    0xC1, 0x07, 0x40, 0xC2, 0x09, 0xC1, 0x07, 0x40, 0xC2, 0x07, 0x80, 0x40, 0xC1, 0x09, 0x80, 0xC0, 0x09, 0x80, 0xC0, 0x08, 0x80, 0xC1, 0x07, 0x40,
    0xC2, 0x08, 0x80, 0xC1, 0x09, 0x40, 0x80, 0x23, 0x0A, 0x40, 0x0A, 0xC0, 0x08, 0x40, 0xC1, 0x08, 0xC2, 0x09, 0x40, 0xC0, 0x07, 0x81, 0xC1, 0x07,
    0x82, 0xC0, 0x0A, 0xC0, 0x0A, 0xC0, 0x09, 0x40, 0xC0, 0x08, 0x80, 0xC1, 0x08, 0xC2, 0x08, 0x40, 0xC1, 0x0A, 0xC0, 0x0A, 0x40, 0x0B, 0x16, 0x80,
    0x08, 0x40, 0xC1, 0x08, 0x81, 0xC0, 0x0A, 0xC0, 0x07, 0x80, 0x00, 0xC1, 0x06, 0x40, 0xC1, 0x80, 0xC0, 0x07, 0x40, 0x01, 0x40, 0x22, 0x80, 0x08,
    0x40, 0xC1, 0x09, 0xC1, 0x09, 0xC1, 0x0A, 0x80, 0x0B, 0x15, 0x40, 0x80, 0x08, 0x40, 0xC1, 0x09, 0x40, 0x13, 0x40, 0x80, 0x00, 0x40, 0xC0, 0x06,
    0xC4, 0x07, 0x41, 0x3B, 0x81, 0x09, 0x80, 0xC0, 0x0A, 0xC0, 0x0A, 0xC0, 0x0A, 0x40, 0x09, 0x80, 0xC0, 0x09, 0x80, 0xC0, 0x1E, 0x81, 0x01, 0x80,
    0x05, 0xC0, 0x80, 0xC3, 0x05, 0x40, 0xC0, 0x00, 0xC0, 0x80, 0x40, 0x06, 0x80, 0x3E, 0x40, 0x0A, 0xC0, 0x0A, 0x80, 0x09, 0x40, 0xC0, 0x0A, 0xC0,
    0x29, 0x40, 0x80, 0x07, 0x40, 0xC3, 0x80, 0x00, 0x80, 0x03, 0x80, 0xC0, 0x80, 0x00, 0xC3, 0x04, 0x40, 0xC0, 0x01, 0x81, 0x40, 0x05, 0xC0, 0x3F,
    0x0C, 0x0A, 0xC0, 0x34, 0x40, 0x80, 0x07, 0x40, 0xC3, 0x80, 0x01, 0x40, 0x02, 0xC0, 0x81, 0x00, 0xC4, 0x02, 0x82, 0x01, 0xC3, 0x03, 0x81, 0x02,
    0x41, 0x04, 0x81, 0x3F, 0x01, 0x0A, 0x80, 0x34, 0x81, 0x07, 0x80, 0xC4, 0x40, 0x00, 0x40, 0x01, 0x40, 0xC0, 0x81, 0x00, 0xC4, 0x02, 0x81, 0x40,
    0x01, 0x80, 0xC2, 0x03, 0xC0, 0x40, 0x09, 0xC0, 0x40, 0x3F, 0x01, 0x3F, 0x00, 0x81, 0x07, 0x80, 0xC4, 0x40, 0x00, 0x40, 0x01, 0x40, 0xC0, 0x81,
    0x00, 0x80, 0xC3, 0x02, 0x81, 0x40, 0x01, 0x80, 0xC2, 0x03, 0xC0, 0x40, 0x09, 0xC0, 0x40, 0x09, 0x40, 0x36, 0x3F, 0x00, 0x40, 0x80, 0x40, 0x06,
    0x40, 0xC4, 0x80, 0x04, 0xC1, 0x80, 0x00, 0x80, 0xC3, 0x02, 0xC0, 0x81, 0x01, 0x40, 0xC2, 0x03, 0xC0, 0x80, 0x03, 0x41, 0x03, 0x80, 0x40, 0x09,
    0x41, 0x35, 0x3F, 0x00, 0x40, 0x80, 0x40, 0x07, 0x80, 0xC3, 0x80, 0x04, 0x80, 0xC0, 0x40, 0x80, 0x40, 0xC3, 0x02, 0x81, 0xC0, 0x01, 0x40, 0xC2,
    0x03, 0x80, 0xC0, 0x03, 0x81, 0x03, 0x40, 0xC0, 0x09, 0x40, 0x80, 0x35, 0x3F, 0x01, 0x81, 0x07, 0x40, 0xC3, 0x80, 0x40, 0x04, 0xC0, 0x81, 0x40,
    0xC2, 0x80, 0x02, 0x40, 0xC0, 0x80, 0x40, 0x01, 0xC2, 0x03, 0x40, 0xC0, 0x40, 0x02, 0x80, 0xC0, 0x04, 0xC0, 0x40, 0x09, 0xC0, 0x40, 0x34, 0x3F,
    0x01, 0x40, 0x80, 0x40, 0x07, 0xC4, 0x40, 0x04, 0xC1, 0x80, 0x40, 0xC3, 0x03, 0xC0, 0x81, 0x01, 0xC2, 0x03, 0x40, 0xC1, 0x02, 0x80, 0xC0, 0x04,
    0x81, 0x09, 0x80, 0xC0, 0x34, 0x3F, 0x01, 0x80, 0xC0, 0x80, 0x07, 0xC4, 0x80, 0x04, 0xC1, 0x82, 0xC2, 0x03, 0xC0, 0x81, 0x01, 0x80, 0xC1, 0x03,
    0x40, 0x80, 0xC0, 0x02, 0x80, 0xC0, 0x04, 0x40, 0xC0, 0x0A, 0xC0, 0x0A, 0x40, 0x28, 0x3F, 0x01, 0x80, 0xC0, 0x80, 0x06, 0x40, 0xC5, 0x40, 0x03,
    0xC1, 0x42, 0xC2, 0x02, 0x40, 0xC0, 0x81, 0x01, 0x40, 0xC1, 0x03, 0x81, 0xC0, 0x40, 0x01, 0x40, 0xC0, 0x05, 0xC0, 0x40, 0x09, 0xC0, 0x80, 0x09,
    0x40, 0x28, 0x3F, 0x00, 0x40, 0xC2, 0x40, 0x05, 0x80, 0xC6, 0x02, 0x40, 0xC1, 0x42, 0xC2, 0x02, 0x80, 0xC0, 0x40, 0xC0, 0x02, 0xC1, 0x03, 0x41,
    0xC0, 0x03, 0x80, 0x05, 0xC0, 0x0A, 0xC0, 0x80, 0x09, 0x40, 0x28, 0x3F, 0x40, 0x80, 0xC2, 0x80, 0x40, 0x03, 0xC8, 0x01, 0x40, 0xC0, 0x80, 0x40,
    0x80, 0x01, 0xC2, 0x02, 0x41, 0x81, 0x02, 0x80, 0xC0, 0x04, 0xC1, 0x03, 0x40, 0x04, 0x80, 0xC0, 0x09, 0x40, 0xC0, 0x40, 0x33, 0x35, 0x41, 0x06,
    0x80, 0xC5, 0x80, 0x40, 0x01, 0x80, 0xC1, 0x40, 0xC0, 0x80, 0xC3, 0x02, 0x81, 0x00, 0x40, 0x01, 0x80, 0xC1, 0x09, 0x40, 0xC0, 0x04, 0x40, 0x0A,
    0xC0, 0x40, 0x09, 0xC0, 0x80, 0x09, 0x80, 0xC0, 0x09, 0x40, 0x80, 0x1C, 0x33, 0x40, 0x82, 0x40, 0x04, 0x40, 0xC7, 0x80, 0x01, 0x40, 0x81, 0x00,
    0x80, 0x40, 0x80, 0xC2, 0x02, 0x40, 0x04, 0x40, 0xC1, 0x0A, 0x80, 0x1B, 0x80, 0xC0, 0x09, 0x80, 0xC0, 0x0A, 0xC0, 0x40, 0x09, 0xC1, 0x10, 0x26,
    0x80, 0xC4, 0x80, 0x40, 0x02, 0x80, 0xC8, 0x02, 0x81, 0x00, 0x80, 0x40, 0x80, 0xC2, 0x09, 0x80, 0xC0, 0x0A, 0x40, 0x27, 0x80, 0x0A, 0xC0, 0x80,
    0x09, 0xC1, 0x0A, 0xC0, 0x40, 0x09, 0x80, 0x05, 0x04, 0x42, 0x05, 0x40, 0xC8, 0x01, 0x80, 0xC1, 0x80, 0xC5, 0x02, 0x81, 0x00, 0x80, 0x40, 0x00,
    0x40, 0xC1, 0x0A, 0x40, 0x3E, 0x40, 0x0A, 0xC1, 0x09, 0x80, 0xC0, 0x0A, 0xC0, 0x80, 0x09, 0x41, 0x11, 0x02, 0x81, 0x00, 0x80, 0x40, 0x01, 0x41,
    0x3F, 0x22, 0x40, 0x09, 0x80, 0xC0, 0x0A, 0xC0, 0x80, 0x09, 0x40, 0xC0, 0x80, 0x09, 0x80, 0x1E, 0x3F, 0x22, 0x40, 0x09, 0xC1, 0x0A, 0xC1, 0x40,
    0x09, 0xC0, 0x80, 0x35, 0x3F, 0x21, 0xC0, 0x80, 0x09, 0x80, 0xC1, 0x80, 0x09, 0x80, 0x40, 0x3F, 0x01, 0x3F, 0x16, 0x40, 0xC0, 0x40, 0x07, 0x80,
    0xC1, 0x80, 0x07, 0xC0, 0x40, 0x3F, 0x0F, 0x3F, 0x0A, 0xC1, 0x09, 0xC0, 0x80, 0x08, 0x80, 0xC0, 0x09, 0x81, 0x3F, 0x0F, 0x3D, 0x40, 0xC0, 0x80,
    0x09, 0xC0, 0x80, 0x09, 0xC0, 0x40, 0x09, 0xC0, 0x80, 0x3F, 0x1A, 0x32, 0x41, 0x08, 0x40, 0xC0, 0x40, 0x09, 0x81, 0x09, 0x40, 0xC0, 0x40, 0x09,
    0x80, 0x3F, 0x1A, 0x32, 0xC0, 0x09, 0x40, 0xC1, 0x0A, 0xC1, 0x09, 0x40, 0x80, 0x3F, 0x25, 0x32, 0xC0, 0x41, 0x07, 0x40, 0xC2, 0x80, 0x09, 0x40,
    0x3F, 0x31, 0x28, 0x81, 0x07, 0x40, 0xC2, 0x07, 0xC1, 0x40, 0x3F, 0x3D, 0x1C, 0x81, 0x09, 0xC1, 0x04, 0x80, 0x40, 0x01, 0xC1, 0x05, 0xC0, 0x80,
    0x41, 0xC0, 0x40, 0x05, 0xC2, 0x80, 0x40, 0x06, 0xC4, 0x80, 0x40, 0x04, 0xC5, 0x81, 0x40, 0x02, 0xC7, 0x80, 0x40, 0x01, 0xC9, 0x80, 0x40, 0xFB,
    0xD0, 0x80, 0x40, 0xC9, 0x01, 0xC9, 0x00, 0x40, 0xC9, 0x00, 0x40, 0xC9, 0x81, 0xFF, 0xFC, 0xD0, 0x00, 0x40, 0xC9, 0x01, 0xC9, 0x80, 0x00, 0x80,
    0xC9, 0x00, 0x40, 0xFF, 0xFF, 0xC7, 0xD0, 0x00, 0x40, 0xC9, 0x40, 0x02, 0xC9, 0x01, 0xFF, 0xFF, 0xD2, 0xC7, 0x00, 0x80, 0xC6, 0x40, 0x02, 0x40,
    0xC6, 0x01, 0x42, 0xFF, 0xFF, 0xDD, 0xC6, 0x80, 0x01, 0x80, 0xC6, 0x40, 0x01, 0xC8, 0x01, 0xC9, 0x81, 0xFF, 0xFF, 0xD3, 0xC7, 0x00, 0x80, 0xC8,
    0x01, 0xC9, 0x01, 0xC9, 0x80, 0xFF, 0xFF, 0xD3, 0xC7, 0x40, 0x00, 0x80, 0xC8, 0x40, 0x01, 0xC8, 0x80, 0x00, 0x80, 0xFF, 0xFF, 0xDC, 0xC7, 0x80,
    0x02, 0xC9, 0x01, 0xFF, 0xFF, 0xE7, 0xC5, 0x80, 0x01, 0x41, 0x80, 0xC6, 0x00, 0x40, 0xFF, 0xFF, 0xEA, 0xC7, 0x40, 0x00, 0x40, 0xC7, 0x80, 0x01,
    0x80, 0xC8, 0x40, 0x00, 0x80, 0xFF, 0xFF, 0xDC, 0xC7, 0x40, 0x01, 0xC8, 0x80, 0x01, 0x80, 0xC8, 0x40, 0x01, 0xC8, 0x80, 0x01, 0xC8, 0x80, 0x00,
    0x80, 0xFF, 0xFF, 0xC3, 0xEA, 0x41, 0xC8, 0x80, 0x02, 0x40, 0x80, 0xC5, 0x80, 0x04, 0xC5, 0x80, 0x41, 0x02, 0xC8, 0x81, 0x40, 0xFF, 0xDF, 0xFF,
    0xF5, 0x80, 0xCA, 0x01, 0xC9, 0x01, 0xC8, 0x40, 0x01, 0xC6, 0x80, 0x03, 0xC5, 0x40, 0x02, 0x40, 0xC6, 0x80, 0x01, 0x40, 0xC1, 0xFF, 0xCE, 0x80,
    0x41, 0x81, 0xC6, 0x80, 0x03, 0xC7, 0x02, 0x40, 0xC7, 0x80, 0x01, 0xC8, 0x80, 0x01, 0xC8, 0x40, 0x01, 0xC8, 0x02, 0xC8, 0x02, 0x80, 0xC7, 0x80,
    0x40, 0x80, 0xCC, 0xEA, 0x81, 0xC8, 0x02, 0xC6, 0x80, 0x03, 0xC7, 0x40, 0x02, 0xC9, 0x02, 0xC8, 0x80, 0x01, 0x40, 0xC8, 0x02, 0x40, 0xC7, 0x02,
    0x80, 0xC7, 0x80, 0x40, 0x80, 0xF0, 0xF3, 0x01, 0xC8, 0x40, 0x02, 0xC7, 0x04, 0x40, 0x81, 0xC2, 0x80, 0x00, 0x41, 0x04, 0xC6, 0x80, 0x03, 0xC8,
    0x01, 0x81, 0xFF, 0xC7, 0xFE, 0x01, 0x40, 0x80, 0xC0, 0x81, 0xC3, 0x40, 0x06, 0x80, 0xC2, 0x02, 0x40, 0x04, 0xC2, 0x00, 0x80, 0xC2, 0x40, 0x01,
    0x80, 0xFF, 0xD4, 0xFF, 0x80, 0x42, 0x80, 0xC4, 0x40, 0x05, 0x40, 0xC3, 0x02, 0x42, 0x00, 0x40, 0xC2, 0x80, 0x00, 0x40, 0xC9, 0x40, 0xFF, 0xD0,
    0xFF, 0x40, 0x01, 0x40, 0xC5, 0x80, 0x04, 0x80, 0xC4, 0x01, 0x40, 0x82, 0xC4, 0x40, 0x00, 0x40, 0xC8, 0x01, 0x80, 0xC8, 0x80, 0x40, 0xFF, 0xC4,
    0xFE, 0x80, 0x01, 0x40, 0xC6, 0x40, 0x03, 0xC5, 0x80, 0x01, 0xC8, 0x01, 0x80, 0xC7, 0x80, 0x01, 0xC8, 0x80, 0x01, 0xCA, 0x80, 0xF8, 0xFD, 0x80,
    0x41, 0x00, 0x80, 0xC5, 0x80, 0x03, 0xC6, 0x40, 0x00, 0x40, 0xC8, 0x01, 0xC8, 0x40, 0x00, 0x40, 0xC8, 0x01, 0x80, 0xC8, 0x41, 0x80, 0xC9, 0x80,
    0xED, 0xFE, 0x01, 0x80, 0xC5, 0x80, 0x40, 0x01, 0x40, 0xC7, 0x01, 0x80, 0xC7, 0x80, 0x00, 0x40, 0xC8, 0x40, 0x00, 0x80, 0xC8, 0x01, 0xC9, 0x01,
    0xC9, 0x80, 0x00, 0xCA, 0x80, 0xE1, 0xF1, 0x81, 0xC9, 0x01, 0xC8, 0x40, 0x00, 0x40, 0xC7, 0x02, 0xC8, 0x80, 0x00, 0x40, 0xC8, 0x01, 0xC9, 0x01,
    0xC9, 0x01, 0xC9, 0x01, 0xC9, 0x80, 0x00, 0xE1, 0xF0, 0x80, 0xCA, 0x01, 0xC9, 0x01, 0xC8, 0x02, 0xC8, 0x01, 0x80, 0xC8, 0x01, 0xC9, 0x01, 0xC9,
    0x01, 0xC9, 0x01, 0xC9, 0x01, 0xC9, 0x80, 0x40, 0xD5, 0xEF, 0x81, 0xC9, 0x01, 0xC9, 0x01, 0xC9, 0x01, 0x80, 0xC8, 0x01, 0xC9, 0x00, 0x40, 0xC9,
    0x00, 0x40, 0xC9, 0x00, 0x40, 0xC9, 0x00, 0x40, 0xC9, 0x01, 0xC9, 0x80, 0x40, 0xD5, 0xEF, 0x40, 0xCA, 0x00, 0x80, 0xC9, 0x00, 0x80, 0xC9, 0x01,
    0xC9, 0x00, 0x80, 0xC9, 0x00, 0xCA, 0x00, 0x80, 0xC9, 0x00, 0x80, 0xC9, 0x00, 0x40, 0xC9, 0x00, 0x40, 0xC9, 0x80, 0x40, 0xD5, 0xEF, 0x40, 0xCA,
    0x00, 0xCA, 0x00, 0x80, 0xC9, 0x00, 0x40, 0xC9, 0x00, 0xCA, 0x00, 0xCA, 0x00, 0xCA, 0x00, 0xCA, 0x00, 0x80, 0xC9, 0x00, 0x40, 0xC9, 0x80, 0x40,
    0xC9, 0x80, 0xCA, 0xEF, 0x40, 0xCA, 0x40, 0xCA, 0x00, 0x80, 0xC9, 0x00, 0x80, 0xC9, 0x40, 0xCA, 0x40, 0xCA, 0x00, 0xCA, 0x00, 0xCA, 0x00, 0x80,
    0xC9, 0x00, 0x80, 0xC9, 0x41, 0xC9, 0x80, 0xCA, 0xEF, 0x40, 0xCA, 0x00, 0xCA, 0x00, 0x80, 0xC9, 0x00, 0x40, 0xC9, 0x40, 0xCA, 0x40, 0xCA, 0x00,
    0xCA, 0x00, 0xCA, 0x00, 0xCA, 0x00, 0x80, 0xC9, 0x00, 0x40, 0xC9, 0x40, 0xCA, 0xEF, 0x00, 0xCA, 0x00, 0xCA, 0x00, 0x80, 0xC9, 0x00, 0x40, 0xC9,
    0x40, 0xCA, 0x00, 0xCA, 0x00, 0xCA, 0x00, 0xCA, 0x00, 0xCA, 0x00, 0x80, 0xC9, 0x00, 0x40, 0xC9, 0x40, 0x80, 0xC9, 0xE3, 0x40, 0xCA, 0x00, 0xCA,
    0x00, 0xCA, 0x00, 0x40, 0xC9, 0x00, 0x40, 0xC9, 0x00, 0xCA, 0x00, 0xCA, 0x00, 0xCA, 0x00, 0xCA, 0x00, 0x80, 0xC9, 0x00, 0x40, 0xC9, 0x00, 0x40,
    0xC9, 0x41, 0xC9, 0xD7, 0x80, 0xCA, 0x00, 0xCA, 0x00, 0xCA, 0x00, 0x40, 0xC9, 0x01, 0xC9, 0x00, 0x40, 0xC9, 0x00, 0xCA, 0x00, 0xCA, 0x00, 0x80,
    0xC9, 0x00, 0x80, 0xC9, 0x00, 0x40, 0xC9, 0x00, 0x40, 0xC9, 0x01, 0xC9, 0x40, 0x00, 0xC9, 0xD7, 0x40, 0xCA, 0x00, 0x40, 0xC9, 0x00, 0x80, 0xC9,
    0x01, 0xC9, 0x01, 0xC9, 0x00, 0x40, 0x80, 0xC8, 0x00, 0x80, 0xC9, 0x00, 0x40, 0xC9, 0x00, 0x40, 0xC9, 0x00, 0x40, 0xC9, 0x01, 0xC9, 0x01, 0xC9,
    0x01, 0xC9, 0x40, 0x00, 0xC9, 0xD7, 0x00, 0x40, 0xC9, 0x01, 0xC9, 0x01, 0xC9, 0x01, 0x40, 0xC8, 0x01, 0x40, 0xC8, 0x01, 0x40, 0xC8, 0x01, 0xC9,
    0x01, 0xC9, 0x01, 0xC9, 0x01, 0xC9, 0x01, 0x80, 0xC8, 0x01, 0x80, 0xC8, 0x01, 0x40, 0xC8, 0x01, 0x40, 0xC8, 0xD7, 0x01, 0xC9, 0x01, 0x80, 0xC8,
    0x01, 0xC9, 0x02, 0xC8, 0x02, 0xC8, 0x01, 0x40, 0xC8, 0x01, 0x80, 0xC8, 0x01, 0x80, 0xC8, 0x01, 0x40, 0xC8, 0x01, 0x40, 0xC8, 0x02, 0xC8, 0x02,
    0xC8, 0x02, 0xC8, 0x02, 0xC8, 0xCC, 0x80, 0xC9, 0x01, 0x80, 0xC8, 0x01, 0x40, 0xC8, 0x01, 0x80, 0xC8, 0x02, 0x80, 0xC7, 0x02, 0x80, 0xC7, 0x02,
    0x80, 0xC7, 0x01, 0x40, 0xC8, 0x02, 0xC8, 0x02, 0xC8, 0x02, 0xC8, 0x02, 0xC8, 0x02, 0xC8, 0x02, 0x80, 0xC7, 0x02, 0x80, 0xC7, 0xCC, 0x80, 0xC9,
    0x01, 0x40, 0xC8, 0x01, 0x40, 0xC8, 0x01, 0x40, 0xC8, 0x02, 0x40, 0xC7, 0x02, 0x40, 0xC7, 0x02, 0x80, 0xC7, 0x02, 0xC8, 0x02, 0xC8, 0x02, 0xC8,
    0x02, 0x80, 0xC7, 0x02, 0x80, 0xC7, 0x02, 0x80, 0xC7, 0x02, 0x40, 0xC7, 0x02, 0x40, 0xC7, 0xCC, 0x80, 0xC9, 0x02, 0xC8, 0x02, 0xC8, 0x02, 0xC8,
    0x03, 0xC7, 0x03, 0xC7, 0x03, 0xC7, 0x02, 0x80, 0xC7, 0x02, 0x40, 0xC7, 0x02, 0x40, 0xC7, 0x02, 0x40, 0xC7, 0x02, 0x40, 0xC7, 0x03, 0xC7, 0x03,
    0xC7, 0x03, 0xC7, 0xCC, 0x80, 0xC9, 0x40, 0x01, 0xC8, 0x02, 0x80, 0xC7, 0x80, 0x01, 0x80, 0xC7, 0x40, 0x02, 0x80, 0xC6, 0x03, 0xC7, 0x03, 0xC7,
    0x03, 0xC7, 0x03, 0xC7, 0x03, 0xC7, 0x40, 0x02, 0xC7, 0x03, 0xC7, 0x03, 0xC7, 0x03, 0xC7, 0x03, 0xC7, 0xCD, 0x80, 0xC8, 0x80, 0x01, 0x80, 0xC7,
    0x40, 0x01, 0x40, 0xC8, 0x01, 0x40, 0xC8, 0x02, 0x40, 0xC6, 0x80, 0x02, 0x40, 0xC6, 0x80, 0x02, 0x40, 0xC6, 0x03, 0xC7, 0x03, 0xC7, 0x40, 0x02,
    0xC7, 0x80, 0x02, 0x80, 0xC6, 0x40, 0x02, 0x80, 0xC6, 0x03, 0x80, 0xC6, 0x03, 0x80, 0xC6, 0x03, 0x40, 0xC6, 0xCD, 0x80, 0xC9, 0x02, 0xC7, 0x80,
    0x02, 0xC8, 0x40, 0x01, 0xC8, 0x03, 0x80, 0xC6, 0x03, 0xC7, 0x03, 0xC6, 0x80, 0x02, 0x40, 0xC6, 0x03, 0x40, 0xC6, 0x80, 0x02, 0x40, 0xC7, 0x02,
    0x40, 0xC7, 0x02, 0x40, 0xC6, 0x40, 0x03, 0xC6, 0x04, 0xC6, 0x04, 0xC6, 0xCD, 0x80, 0x40, 0xC8, 0x40, 0x01, 0x80, 0xC7, 0x02, 0x80, 0xC7, 0x80,
    0x01, 0x40, 0xC7, 0x80, 0x02, 0x40, 0xC6, 0x40, 0x02, 0x80, 0xC6, 0x40, 0x02, 0x80, 0xC6, 0x03, 0xC6, 0x40, 0x03, 0xC7, 0x40, 0x02, 0xC7, 0x40,
    0x02, 0xC7, 0x03, 0xC7, 0x03, 0xC6, 0x80, 0x03, 0x80, 0xC5, 0x80, 0x03, 0x80, 0xC5, 0xCD, 0x80, 0x40, 0xC8, 0x80, 0x02, 0xC7, 0x80, 0x02, 0xC8,
    0x02, 0xC8, 0x03, 0xC7, 0x03, 0xC7, 0x02, 0x40, 0xC6, 0x03, 0x80, 0xC6, 0x03, 0x80, 0xC6, 0x80, 0x02, 0x80, 0xC7, 0x02, 0x40, 0xC6, 0x80, 0x02,
    0x40, 0xC6, 0x40, 0x02, 0x40, 0xC6, 0x40, 0x03, 0xC6, 0x04, 0xC5, 0xCE, 0x41, 0xC8, 0x02, 0x40, 0xC7, 0x02, 0x80, 0xC7, 0x80, 0x01, 0x40, 0xC7,
    0x80, 0x02, 0x40, 0xC6, 0x40, 0x02, 0x80, 0xC6, 0x03, 0xC6, 0x80, 0x03, 0xC6, 0x04, 0xC7, 0x40, 0x02, 0xC7, 0x40, 0x02, 0xC7, 0x40, 0x02, 0xC7,
    0x03, 0xC7, 0x03, 0x80, 0xC6, 0x03, 0x80, 0xC4, 0xCE, 0x80, 0x40, 0x80, 0xC7, 0x80, 0x02, 0xC7, 0x80, 0x02, 0xC8, 0x40, 0x01, 0xC8, 0x03, 0x80,
    0xC6, 0x03, 0xC6, 0x80, 0x02, 0x40, 0xC6, 0x03, 0x80, 0xC5, 0x80, 0x03, 0x80, 0xC7, 0x02, 0x80, 0xC7, 0x02, 0x80, 0xC7, 0x02, 0x40, 0xC6, 0x80,
    0x02, 0x40, 0xC6, 0x80, 0x02, 0x40, 0xC6, 0x40, 0x02, 0x40, 0xC4, 0xCF, 0x81, 0xC8, 0x40, 0x01, 0x40, 0xC7, 0x02, 0x40, 0xC7, 0x80, 0x01, 0x40,
    0xC7, 0x80, 0x02, 0x40, 0xC6, 0x40, 0x02, 0x40, 0xC6, 0x40, 0x02, 0x80, 0xC5, 0x80, 0x03, 0xC6, 0x40, 0x03, 0xC7, 0x40, 0x02, 0xC7, 0x40, 0x01,
    0x40, 0xC7, 0x03, 0xC7, 0x03, 0xC7, 0x03, 0xC7, 0x03, 0xC4, 0xD0, 0x40, 0xC8, 0x40, 0x02, 0xC7, 0x40, 0x02, 0xC8, 0x02, 0xC8, 0x03, 0xC6, 0x80,
    0x03, 0xC7, 0x02, 0x40, 0xC6, 0x40, 0x02, 0x80, 0xC6, 0x03, 0xC7, 0x80, 0x02, 0xC7, 0x80, 0x02, 0xC7, 0x40, 0x02, 0xC7, 0x40, 0x02, 0x80, 0xC6,
    0x03, 0x80, 0xC6, 0x03, 0x80, 0xC3, 0xD0, 0x81, 0xC7, 0x80, 0x02, 0xC8, 0x02, 0xC8, 0x40, 0x01, 0xC8, 0x03, 0x80, 0xC6, 0x03, 0x80, 0xC6, 0x03,
    0xC7, 0x02, 0x80, 0xC7, 0x02, 0xC8, 0x02, 0xC8, 0x02, 0x80, 0xC6, 0x80, 0x02, 0x80, 0xC6, 0x40, 0x02, 0x40, 0xC6, 0x40, 0x02, 0x40, 0xC6, 0x04,
    0xC3, 0xD0, 0x80, 0x40, 0xC8, 0x02, 0x40, 0xC7, 0x02, 0x40, 0xC7, 0x80, 0x01, 0x80, 0xC7, 0x40, 0x02, 0x40, 0xC6, 0x40, 0x02, 0x40, 0xC6, 0x40,
    0x02, 0x80, 0xC6, 0x40, 0x01, 0x80, 0xC7, 0x02, 0xC8, 0x02, 0x80, 0xC7, 0x02, 0x80, 0xC7, 0x02, 0x40, 0xC6, 0x80, 0x03, 0xC6, 0x80, 0x03, 0xC6,
    0x40, 0x03, 0x80, 0xC2, 0xD0, 0x82, 0xC7, 0x40, 0x02, 0xC7, 0x80, 0x02, 0xC8, 0x01, 0x40, 0xC7, 0x80, 0x03, 0xC6, 0x80, 0x03, 0xC6, 0x80, 0x02,
    0x40, 0xC6, 0x40, 0x02, 0xC7, 0x40, 0x01, 0x80, 0xC7, 0x40, 0x01, 0x40, 0xC7, 0x03, 0xC7, 0x03, 0xC7, 0x03, 0xC7, 0x03, 0x80, 0xC6, 0x03, 0x40,
    0xC2, 0xD1, 0x81, 0xC8, 0x02, 0xC8, 0x02, 0x40, 0xC7, 0x02, 0xC8, 0x03, 0x80, 0xC6, 0x03, 0xC7, 0x03, 0xC6, 0x80, 0x03, 0xC6, 0x80, 0x02, 0xC7,
    0x80, 0x02, 0xC7, 0x40, 0x02, 0xC7, 0x40, 0x02, 0x80, 0xC6, 0x40, 0x02, 0x40, 0xC6, 0x04, 0xC6, 0x04, 0xC2, 0xDC, 0x40, 0x01, 0x80, 0xC7, 0x03,
    0xC7, 0x40, 0x01, 0x80, 0xC7, 0x40, 0x02, 0x80, 0xC6, 0x40, 0x02, 0x80, 0xC6, 0x03, 0x40, 0xC6, 0x03, 0x40, 0xC6, 0x02, 0x80, 0xC7, 0x02, 0xC7,
    0x80, 0x02, 0xC7, 0x80, 0x02, 0x40, 0xC6, 0x80, 0x03, 0xC6, 0x40, 0x03, 0xC6, 0x40, 0x03, 0x80, 0xC1, 0xDC, 0x80, 0x01, 0x40, 0xC7, 0x40, 0x02,
    0xC7, 0x80, 0x01, 0x40, 0xC7, 0x80, 0x02, 0x80, 0xC6, 0x80, 0x02, 0x80, 0xC6, 0x40, 0x03, 0x80, 0xC5, 0x03, 0x40, 0xC6, 0x02, 0x80, 0xC7, 0x02,
    0x80, 0xC7, 0x02, 0x80, 0xC7, 0x03, 0xC7, 0x03, 0xC7, 0x03, 0x80, 0xC5, 0x80, 0x03, 0x40, 0xC1, 0xDC, 0x80, 0x02, 0xC7, 0x80, 0x02, 0xC8, 0x01,
    0x40, 0xC8, 0x02, 0x40, 0xC6, 0x80, 0x02, 0x40, 0xC6, 0x80, 0x04, 0xC5, 0x40, 0x02, 0x40, 0xC6, 0x40, 0x01, 0x40, 0xC7, 0x40, 0x01, 0x40, 0xC7,
    0x03, 0xC7, 0x03, 0xC7, 0x03, 0x80, 0xC6, 0x03, 0x40, 0xC6, 0x04, 0xC1, 0xD2, 0x80, 0xC8, 0x80, 0x02, 0xC7, 0x80, 0x02, 0x80, 0xC7, 0x02, 0xC8,
    0x02, 0x40, 0xC7, 0x03, 0x40, 0xC5, 0x80, 0x03, 0x80, 0xC5, 0x80, 0x02, 0xC7, 0x80, 0x01, 0x40, 0xC7, 0x80, 0x02, 0xC7, 0x40, 0x02, 0xC7, 0x40,
    0x02, 0xC7, 0x40, 0x02, 0x40, 0xC6, 0x40, 0x03, 0xC6, 0x04, 0xC1, 0xD2, 0x81, 0xC7, 0x80, 0x02, 0xC7, 0x80, 0x02, 0x80, 0xC7, 0x02, 0xC8, 0x03,
    0xC6, 0x80, 0x03, 0x80, 0xC6, 0x03, 0xC6, 0x80, 0x02, 0xC7, 0x80, 0x02, 0xC7, 0x80, 0x02, 0xC7, 0x80, 0x02, 0xC7, 0x80, 0x02, 0x80, 0xC6, 0x40,
    0x02, 0x40, 0xC6, 0x40, 0x03, 0xC6, 0x40, 0x03, 0xC1, 0xD2, 0x81, 0xC7, 0x80, 0x02, 0xC7, 0x80, 0x02, 0x80, 0xC7, 0x02, 0xC7, 0x80, 0x03, 0xC6,
    0x04, 0xC6, 0x80, 0x03, 0xC6, 0x80, 0x02, 0xC7, 0x80, 0x02, 0xC7, 0x80, 0x02, 0xC7, 0x80, 0x02, 0xC7, 0x80, 0x02, 0x80, 0xC6, 0x80, 0x02, 0x40,
    0xC6, 0x40, 0x02, 0x40, 0xC6, 0x40, 0x03, 0xC1, 0xD1, 0x82, 0xC7, 0x40, 0x02, 0xC7, 0x40, 0x02, 0x80, 0xC6, 0x80, 0x02, 0xC6, 0x80, 0x04, 0xC5,
    0x40, 0x04, 0xC6, 0x40, 0x03, 0xC6, 0x40, 0x02, 0xC7, 0x40, 0x02, 0xC7, 0x40, 0x02, 0xC7, 0x80, 0x02, 0xC7, 0x80, 0x02, 0x80, 0xC6, 0x80, 0x02,
    0x40, 0xC6, 0x40, 0x02, 0x40, 0xC6, 0x40, 0x03, 0xC1, 0xD2, 0x80, 0xC8, 0x40, 0x02, 0xC7, 0x40, 0x02, 0x80, 0xC6, 0x80, 0x02, 0xC5, 0x80, 0x04,
    0x40, 0xC4, 0x80, 0x05, 0xC6, 0x40, 0x03, 0xC6, 0x40, 0x02, 0x80, 0xC6, 0x40, 0x02, 0xC7, 0x40, 0x02, 0xC7, 0x40, 0x02, 0x80, 0xC6, 0x80, 0x02,
    0x80, 0xC6, 0x80, 0x02, 0x40, 0xC6, 0x80, 0x03, 0xC6, 0x40, 0x03, 0xC1, 0xD2, 0x81, 0xC7, 0x40, 0x02, 0xC7, 0x40, 0x02, 0x40, 0xC6, 0x80, 0x02,
    0xC4, 0x80, 0x01, 0x40, 0x03, 0xC3, 0x80, 0x06, 0x80, 0xC5, 0x04, 0xC6, 0x40, 0x02, 0x40, 0x80, 0xC5, 0x40, 0x02, 0xC7, 0x40, 0x02, 0x80, 0xC6,
    0x40, 0x02, 0x80, 0xC6, 0x80, 0x02, 0x40, 0xC6, 0x80, 0x03, 0xC6, 0x80, 0x03, 0xC6, 0x40, 0x03, 0xC1, 0xD1, 0x80, 0x41, 0xC7, 0x40, 0x02, 0x80,
    0xC6, 0x40, 0x02, 0x40, 0xC7, 0x02, 0xC4, 0x80, 0x00, 0x81, 0x03, 0xC3, 0x07, 0x40, 0xC2, 0x81, 0xC0, 0x40, 0x03, 0x80, 0xC5, 0x80, 0x03, 0x80,
    0xC5, 0x80, 0x02, 0x40, 0xC6, 0x80, 0x02, 0x40, 0xC7, 0x03, 0xC7, 0x03, 0xC7, 0x03, 0xC6, 0x80, 0x03, 0xC6, 0x80, 0x03, 0x80, 0xC0, 0xD1, 0x80,
    0x40, 0x00, 0xC7, 0x40, 0x02, 0x40, 0xC6, 0x40, 0x02, 0x40, 0xC7, 0x02, 0x80, 0xC3, 0x41, 0xC0, 0x80, 0x03, 0x80, 0xC1, 0x80, 0x08, 0xC1, 0x80,
    0x00, 0x40, 0x80, 0x40, 0x03, 0x40, 0xC6, 0x03, 0x40, 0xC5, 0x80, 0x03, 0xC7, 0x40, 0x02, 0xC7, 0x40, 0x02, 0xC7, 0x03, 0xC7, 0x03, 0x80, 0xC5,
    0x80, 0x03, 0x80, 0xC5, 0x80, 0x03, 0x40, 0xC0, 0xD1, 0x80, 0x40, 0x00, 0xC7, 0x80, 0x03, 0xC6, 0x40, 0x03, 0xC7, 0x02, 0x80, 0xC3, 0x40, 0x80,
    0xC0, 0x80, 0x03, 0x80, 0xC1, 0x80, 0x08, 0xC1, 0x40, 0x00, 0x42, 0x03, 0x40, 0xC6, 0x04, 0xC6, 0x40, 0x02, 0xC7, 0x80, 0x02, 0xC7, 0x40, 0x02,
    0xC7, 0x03, 0x80, 0xC6, 0x03, 0x80, 0xC6, 0x03, 0x40, 0xC5, 0x80, 0x03, 0x40, 0xC0, 0xD2, 0x40, 0x00, 0xC7, 0x80, 0x03, 0xC6, 0x40, 0x03, 0xC7,
    0x02, 0x40, 0xC3, 0x80, 0xC2, 0x03, 0x80, 0xC1, 0x80, 0x08, 0x80, 0xC0, 0x03, 0x40, 0x04, 0xC1, 0x80, 0xC3, 0x04, 0xC6, 0x03, 0x80, 0xC6, 0x80,
    0x02, 0xC7, 0x80, 0x02, 0x80, 0xC6, 0x40, 0x02, 0x80, 0xC6, 0x03, 0x40, 0xC6, 0x03, 0x40, 0xC5, 0x80, 0x04, 0xC0, 0xD2, 0x80, 0x40, 0xC8, 0x40,
    0x02, 0xC6, 0x80, 0x03, 0xC7, 0x03, 0xC3, 0x80, 0xC2, 0x40, 0x02, 0x80, 0xC1, 0x40, 0x01, 0x40, 0x05, 0x80, 0xC0, 0x09, 0xC1, 0x80, 0xC3, 0x04,
    0xC6, 0x03, 0x80, 0xC6, 0x80, 0x02, 0xC7, 0x80, 0x02, 0x80, 0xC6, 0x80, 0x02, 0x40, 0xC6, 0x40, 0x02, 0x40, 0xC6, 0x04, 0xC5, 0x80, 0x04, 0xC0,
    0xD2, 0x80, 0x40, 0xC8, 0x40, 0x02, 0xC6, 0x80, 0x03, 0xC7, 0x03, 0xC7, 0x40, 0x02, 0x80, 0xC1, 0x02, 0x40, 0x05, 0x80, 0xC0, 0x09, 0xC1, 0x80,
    0xC2, 0x80, 0x04, 0xC5, 0x81, 0x02, 0x40, 0xC5, 0x81, 0x02, 0xC7, 0x80, 0x02, 0x80, 0xC6, 0x80, 0x02, 0x40, 0xC6, 0x40, 0x02, 0x40, 0xC6, 0x04,
    0xC6, 0x04, 0xC0, 0xD2, 0x40, 0x00, 0x80, 0xC7, 0x03, 0xC6, 0x80, 0x03, 0xC7, 0x03, 0xC7, 0x40, 0x02, 0x80, 0xC0, 0x01, 0x40, 0x80, 0x40, 0x05,
    0x40, 0x0A, 0xC0, 0x40, 0x80, 0xC2, 0x40, 0x04, 0xC5, 0x41, 0x02, 0x40, 0xC5, 0x41, 0x02, 0xC7, 0x40, 0x02, 0x80, 0xC6, 0x40, 0x02, 0x40, 0xC6,
    0x03, 0x40, 0xC6, 0x03, 0x40, 0xC5, 0x80, 0x03, 0x40, 0xC0, 0xC7, 0x80, 0xC8, 0x80, 0x01, 0x80, 0xC6, 0x80, 0x03, 0xC6, 0x40, 0x03, 0xC7, 0x03,
    0xC7, 0x03, 0x80, 0xC0, 0x00, 0x40, 0x81, 0x40, 0x05, 0x80, 0x0A, 0xC0, 0x40, 0x82, 0xC0, 0x05, 0xC5, 0x40, 0x04, 0xC5, 0x40, 0x03, 0xC7, 0x03,
    0xC7, 0x03, 0x80, 0xC6, 0x03, 0x80, 0xC5, 0x80, 0x03, 0x80, 0xC5, 0x40, 0x03, 0x80, 0xC0, 0xC7, 0x80, 0xC8, 0x40, 0x01, 0x80, 0xC6, 0x40, 0x03,
    0xC6, 0x04, 0xC7, 0x03, 0xC7, 0x03, 0xC1, 0x40, 0x82, 0x40, 0x05, 0x80, 0x0A, 0xC0, 0x00, 0x40, 0x81, 0xC0, 0x05, 0xC5, 0x40, 0x04, 0xC5, 0x04,
    0x80, 0xC5, 0x40, 0x03, 0x80, 0xC5, 0x80, 0x03, 0xC6, 0x80, 0x03, 0xC6, 0x40, 0x03, 0xC6, 0x04, 0x80, 0xC0, 0xC6, 0x81, 0xC8, 0x02, 0x80, 0xC6,
    0x40, 0x03, 0xC6, 0x04, 0xC6, 0x80, 0x03, 0xC7, 0x40, 0x02, 0xC2, 0x80, 0xC1, 0x80, 0x05, 0xC0, 0x0A, 0xC0, 0x40, 0x00, 0x40, 0x80, 0xC0, 0x05,
    0xC5, 0x40, 0x04, 0xC5, 0x80, 0x04, 0xC5, 0x40, 0x03, 0x40, 0xC5, 0x40, 0x03, 0x40, 0xC5, 0x40, 0x03, 0x80, 0xC5, 0x40, 0x03, 0xC6, 0x04, 0xC1,
    0xD1, 0x80, 0x01, 0x80, 0xC7, 0x03, 0xC6, 0x04, 0xC6, 0x80, 0x03, 0x80, 0xC6, 0x03, 0x80, 0xC5, 0x40, 0x03, 0x40, 0xC1, 0x40, 0x08, 0x80, 0xC0,
    0x40, 0x00, 0x40, 0x80, 0x40, 0x04, 0xC5, 0x40, 0x04, 0xC5, 0x80, 0x04, 0x80, 0xC4, 0x80, 0x04, 0xC5, 0x80, 0x04, 0x80, 0xC4, 0x80, 0x04, 0xC5,
    0x40, 0x03, 0x80, 0xC5, 0x40, 0x03, 0xC1, 0xD2, 0x81, 0xC8, 0x40, 0x02, 0xC6, 0x80, 0x03, 0x80, 0xC5, 0x80, 0x03, 0x40, 0xC6, 0x40, 0x02, 0x40,
    0xC6, 0x41, 0x02, 0xC2, 0x80, 0x41, 0x05, 0x40, 0xC1, 0x40, 0x01, 0x40, 0x04, 0x80, 0xC2, 0x80, 0xC0, 0x80, 0x04, 0xC5, 0x80, 0x04, 0x40, 0xC5,
    0x05, 0xC5, 0x05, 0xC5, 0x05, 0xC4, 0x80, 0x04, 0x40, 0xC4, 0x80, 0x03, 0xC1, 0xD2, 0x81, 0xC8, 0x80, 0x02, 0xC7, 0x03, 0x80, 0xC5, 0x40, 0x03,
    0x40, 0xC6, 0x40, 0x03, 0xC6, 0x80, 0x03, 0xC5, 0x80, 0x04, 0x40, 0xC2, 0x40, 0x06, 0x80, 0xC2, 0x80, 0x00, 0x40, 0x04, 0x80, 0xC5, 0x05, 0xC5,
    0x05, 0xC4, 0x80, 0x05, 0xC5, 0x05, 0xC5, 0x05, 0xC4, 0x80, 0x03, 0xC1, 0xD2, 0x41, 0xC8, 0x40, 0x02, 0x80, 0xC6, 0x03, 0x40, 0xC5, 0x40, 0x04,
    0xC6, 0x40, 0x03, 0xC6, 0x80, 0x03, 0xC6, 0x40, 0x03, 0x80, 0xC4, 0x40, 0x04, 0x80, 0xC3, 0x07, 0xC3, 0x07, 0xC5, 0x05, 0xC4, 0x40, 0x05, 0xC5,
    0x05, 0xC5, 0x05, 0xC4, 0x80, 0x03, 0x80, 0x40, 0xD2, 0x41, 0x80, 0xC7, 0x40, 0x02, 0x40, 0xC6, 0x04, 0xC5, 0x80, 0x04, 0xC6, 0x80, 0x03, 0x80,
    0xC5, 0x80, 0x03, 0x80, 0xC5, 0x80, 0x03, 0x80, 0xC5, 0x40, 0x03, 0x40, 0xC4, 0x80, 0x05, 0xC3, 0x80, 0x06, 0xC3, 0x80, 0x06, 0xC4, 0x40, 0x05,
    0xC4, 0x80, 0x05, 0xC5, 0x05, 0xC5, 0x05, 0xD2, 0x42, 0xC7, 0x40, 0x03, 0xC6, 0x04, 0x80, 0xC4, 0x80, 0x04, 0x40, 0xC5, 0x80, 0x03, 0x40, 0xC6,
    0x03, 0x40, 0xC6, 0x03, 0x40, 0xC6, 0x03, 0x40, 0xC5, 0x80, 0x04, 0xC5, 0x05, 0xC4, 0x40, 0x05, 0xC4, 0x06, 0xC4, 0x80, 0x05, 0xC5, 0x05, 0xC5,
    0x05, 0xD2, 0x80, 0x40, 0x80, 0xC7, 0x80, 0x03, 0xC6, 0x40, 0x03, 0x40, 0xC4, 0x80, 0x04, 0x40, 0xC5, 0x80, 0x04, 0xC6, 0x04, 0xC6, 0x04, 0xC6,
    0x03, 0x40, 0xC6, 0x04, 0xC5, 0x40, 0x04, 0xC5, 0x40, 0x04, 0xC5, 0x05, 0xC5, 0x05, 0xC5, 0x05, 0xC5, 0x40, 0x04, 0xDE, 0x02, 0x40, 0xC6, 0x80,
    0x03, 0x40, 0xC5, 0x40, 0x03, 0x40, 0xC5, 0x80, 0x04, 0xC6, 0x04, 0xC6, 0x04, 0xC6, 0x04, 0xC6, 0x04, 0xC5, 0x05, 0xC5, 0x05, 0xC5, 0x05, 0xC5,
    0x05, 0xC5, 0x05, 0xC5, 0x05, 0xDE, 0x40, 0x01, 0x40, 0xC6, 0x80, 0x03, 0x80, 0xC5, 0x40, 0x03, 0x40, 0xC5, 0x40, 0x04, 0xC6, 0x04, 0xC6, 0x40,
    0x03, 0xC6, 0x04, 0xC6, 0x04, 0xC5, 0x05, 0xC5, 0x05, 0xC5, 0x05, 0xC5, 0x05, 0xC4, 0x80, 0x05, 0xC4, 0x40, 0x05, 0xDE, 0x02, 0x40, 0xC6, 0x40,
    0x03, 0x80, 0xC5, 0x40, 0x03, 0x80, 0xC4, 0x80, 0x40, 0x04, 0xC6, 0x04, 0xC6, 0x04, 0xC6, 0x03, 0x40, 0xC5, 0x80, 0x04, 0xC5, 0x05, 0xC5, 0x05,
    0xC4, 0x80, 0x05, 0xC4, 0x40, 0x05, 0xC4, 0x06, 0xC4, 0x06, 0xD2, 0x80, 0xC9, 0x80, 0x02, 0x40, 0xC6, 0x04, 0xC6, 0x04, 0x80, 0xC4, 0x80, 0x40,
    0x03, 0x40, 0xC6, 0x03, 0x40, 0xC6, 0x03, 0x40, 0xC6, 0x03, 0x40, 0xC5, 0x80, 0x04, 0xC5, 0x05, 0xC4, 0x40, 0x05, 0xC4, 0x06, 0xC3, 0x80, 0x06,
    0xC3, 0x40, 0x06, 0xC3, 0x81, 0x05, 0xD2, 0x80, 0xC9, 0x80, 0x02, 0x80, 0xC6, 0x04, 0xC6, 0x04, 0xC5, 0x80, 0x04, 0x80, 0xC6, 0x03, 0x40, 0xC6,
    0x03, 0x40, 0xC6, 0x03, 0x40, 0xC5, 0x80, 0x04, 0xC5, 0x05, 0xC4, 0x80, 0x05, 0xC4, 0x06, 0xC3, 0x07, 0xC3, 0x07, 0xC3, 0x80, 0x40, 0x05, 0xDD,
    0x40, 0x02, 0xC7, 0x04, 0xC5, 0x80, 0x04, 0xC6, 0x04, 0x80, 0xC5, 0x80, 0x03, 0x80, 0xC6, 0x03, 0x80, 0xC6, 0x03, 0x40, 0xC5, 0x40, 0x04, 0xC5,
    0x05, 0xC4, 0x06, 0xC3, 0x07, 0xC2, 0x40, 0x07, 0xC2, 0x40, 0x07, 0xC2, 0x80, 0xC0, 0x80, 0x05, 0xDD, 0x40, 0x01, 0x40, 0xC7, 0x03, 0x40, 0xC5,
    0x80, 0x04, 0xC5, 0x80, 0x04, 0xC6, 0x80, 0x03, 0xC7, 0x03, 0x80, 0xC5, 0x80, 0x03, 0x80, 0xC5, 0x05, 0xC4, 0x06, 0xC3, 0x07, 0xC2, 0x08, 0xC1,
    0x80, 0x01, 0x80, 0x05, 0xC1, 0x81, 0x00, 0xC0, 0x05, 0xC5, 0x05, 0xDE, 0x00, 0x40, 0x80, 0xC7, 0x03, 0x40, 0xC6, 0x04, 0xC5, 0x80, 0x04, 0xC6,
    0x80, 0x03, 0xC7, 0x03, 0xC6, 0x80, 0x03, 0x80, 0xC4, 0x80, 0x04, 0x40, 0xC3, 0x40, 0x06, 0xC1, 0x80, 0x08, 0xC1, 0x02, 0x81, 0x04, 0xC1, 0x80,
    0x00, 0x40, 0xC0, 0x40, 0x04, 0xC2, 0x40, 0xC1, 0x40, 0x04, 0xC5, 0x05, 0xDE, 0x01, 0x40, 0xC7, 0x04, 0xC6, 0x04, 0xC5, 0x80, 0x04, 0x80, 0xC6,
    0x03, 0xC7, 0x03, 0xC6, 0x40, 0x03, 0xC4, 0x80, 0x05, 0x80, 0xC1, 0x80, 0x08, 0xC0, 0x80, 0x02, 0x80, 0x05, 0xC0, 0x80, 0x40, 0x00, 0x80, 0xC0,
    0x40, 0x04, 0xC1, 0x80, 0x40, 0xC1, 0x05, 0xC5, 0x05, 0xC5, 0x05, 0xD2, 0x80, 0xC9, 0x80, 0x02, 0x80, 0xC6, 0x04, 0xC6, 0x04, 0xC6, 0x40, 0x03,
    0x80, 0xC6, 0x03, 0xC7, 0x03, 0xC5, 0x80, 0x04, 0x80, 0xC1, 0x80, 0x40, 0x06, 0x80, 0xC0, 0x80, 0x08, 0x40, 0xC0, 0x40, 0x01, 0x80, 0xC0, 0x05,
    0xC1, 0x00, 0x80, 0xC1, 0x05, 0xC4, 0x80, 0x05, 0xC5, 0x40, 0x04, 0xC5, 0x40, 0x03, 0x40, 0xD2, 0x82, 0xC8, 0x03, 0xC6, 0x40, 0x03, 0x80, 0xC4,
    0x80, 0x04, 0x80, 0xC5, 0x80, 0x03, 0x40, 0xC6, 0x03, 0xC6, 0x80, 0x03, 0xC2, 0x80, 0x40, 0x06, 0x80, 0xC0, 0x40, 0x08, 0x80, 0xC0, 0x40, 0x01,
    0x80, 0xC0, 0x04, 0x80, 0xC1, 0x00, 0xC2, 0x04, 0x40, 0xC4, 0x80, 0x04, 0x40, 0xC5, 0x40, 0x03, 0x80, 0xC5, 0x40, 0x03, 0x80, 0xC5, 0x40, 0x03,
    0xC0, 0xD2, 0x82, 0xC8, 0x03, 0xC6, 0x40, 0x03, 0x40, 0xC5, 0x04, 0x40, 0xC6, 0x04, 0xC6, 0x40, 0x02, 0x80, 0xC2, 0x81, 0x41, 0x03, 0x80, 0xC0,
    0x40, 0x08, 0xC0, 0x80, 0x40, 0x01, 0x40, 0x80, 0x40, 0x03, 0x40, 0x80, 0xC0, 0x00, 0x80, 0xC1, 0x40, 0x03, 0x80, 0xC5, 0x04, 0x40, 0xC4, 0x80,
    0x04, 0x80, 0xC5, 0x80, 0x03, 0xC6, 0x80, 0x03, 0xC6, 0x80, 0x03, 0xC0, 0xD3, 0x81, 0xC8, 0x40, 0x02, 0xC6, 0x80, 0x04, 0xC5, 0x05, 0xC6, 0x04,
    0xC6, 0x40, 0x02, 0x40, 0xC1, 0x44, 0x03, 0x40, 0x80, 0x40, 0x08, 0x81, 0xC0, 0x01, 0x82, 0x03, 0x40, 0xC1, 0x80, 0xC2, 0x80, 0x03, 0x80, 0xC5,
    0x04, 0x40, 0xC5, 0x40, 0x03, 0x80, 0xC5, 0x80, 0x03, 0xC6, 0x80, 0x03, 0xC6, 0x80, 0x03, 0xC0, 0xD3, 0x80, 0xC9, 0x80, 0x02, 0xC7, 0x04, 0xC5,
    0x40, 0x04, 0xC6, 0x04, 0xC2, 0x80, 0xC2, 0x40, 0x03, 0x80, 0x0A, 0xC1, 0x08, 0x40, 0xC1, 0x40, 0x80, 0xC1, 0x80, 0x03, 0x40, 0xC5, 0x40, 0x03,
    0x40, 0xC5, 0x04, 0x40, 0xC5, 0x80, 0x03, 0x40, 0xC5, 0x40, 0x03, 0x80, 0xC5, 0x80, 0x03, 0xC6, 0x80, 0x03, 0xC0, 0xD3, 0x80, 0xCA, 0x02, 0x80,
    0xC6, 0x04, 0xC5, 0x80, 0x04, 0xC6, 0x40, 0x03, 0x80, 0x40, 0x02, 0x80, 0xC0, 0x80, 0x03, 0xC1, 0x40, 0x08, 0xC1, 0x40, 0x00, 0x40, 0x06, 0xC6,
    0x04, 0xC5, 0x40, 0x04, 0xC5, 0x05, 0xC5, 0x80, 0x04, 0xC5, 0x40, 0x04, 0xC5, 0x04, 0x40, 0xC5, 0x80, 0x03, 0xC0, 0xD3, 0x81, 0xC9, 0x02, 0x40,
    0xC6, 0x40, 0x03, 0xC5, 0x80, 0x04, 0xC0, 0x40, 0x01, 0x80, 0xC1, 0x80, 0x03, 0xC1, 0x80, 0x02, 0x80, 0x40, 0x03, 0xC1, 0x80, 0x08, 0xC1, 0x80,
    0xC1, 0x80, 0x40, 0x04, 0xC5, 0x80, 0x04, 0xC5, 0x05, 0xC5, 0x05, 0xC5, 0x40, 0x04, 0xC5, 0x05, 0xC4, 0x80, 0x40, 0x04, 0xC5, 0x40, 0x04, 0xD4,
    0x40, 0x80, 0xC8, 0x03, 0xC0, 0x80, 0xC4, 0x40, 0x03, 0xC1, 0x40, 0x00, 0x80, 0xC1, 0x40, 0x03, 0xC2, 0x02, 0xC0, 0x80, 0x03, 0xC1, 0x80, 0x08,
    0xC2, 0x81, 0x06, 0xC6, 0x04, 0xC5, 0x80, 0x04, 0xC5, 0x05, 0xC5, 0x05, 0xC5, 0x05, 0xC4, 0x80, 0x05, 0xC5, 0x40, 0x04, 0xC5, 0x40, 0x04, 0xD4,
    0x00, 0x40, 0x80, 0xC1, 0x80, 0xC4, 0x03, 0xC1, 0x41, 0xC2, 0x04, 0xC2, 0x01, 0xC1, 0x80, 0x03, 0xC2, 0x02, 0x80, 0xC0, 0x03, 0xC2, 0x08, 0xC4,
    0x80, 0x05, 0xC6, 0x04, 0xC5, 0x40, 0x04, 0xC5, 0x05, 0xC5, 0x05, 0xC5, 0x05, 0xC5, 0x40, 0x04, 0xC5, 0x05, 0xC5, 0x05, 0xD4, 0x40, 0x00, 0x40,
    0xC1, 0x80, 0x40, 0xC2, 0x80, 0x03, 0xC2, 0x00, 0x80, 0xC1, 0x40, 0x03, 0xC2, 0x40, 0x01, 0xC1, 0x03, 0xC2, 0x03, 0x80, 0x03, 0xC2, 0x40, 0x80,
    0x06, 0xC5, 0x40, 0x04, 0xC6, 0x04, 0xC5, 0x40, 0x04, 0xC5, 0x05, 0xC5, 0x05, 0xC5, 0x05, 0xC5, 0x40, 0x04, 0xC5, 0x05, 0xC5, 0x05, 0xCE, 0x80,
    0xC4, 0x80, 0x00, 0x40, 0xC2, 0x00, 0x80, 0xC1, 0x80, 0x40, 0x02, 0xC2, 0x80, 0x00, 0xC1, 0x80, 0x03, 0xC3, 0x01, 0xC1, 0x03, 0xC2, 0x80, 0x02,
    0xC0, 0x03, 0xC2, 0x80, 0x40, 0x06, 0xC5, 0x40, 0x04, 0xC6, 0x04, 0xC5, 0x40, 0x04, 0xC5, 0x05, 0xC5, 0x05, 0xC5, 0x05, 0xC5, 0x40, 0x04, 0xC5,
    0x05, 0xC5, 0x05, 0xD6, 0x40, 0xC2, 0x80, 0x40, 0xC2, 0x80, 0x40, 0x01, 0xC2, 0x80, 0x00, 0xC2, 0x03, 0xC3, 0x00, 0x80, 0xC1, 0x40, 0x02, 0xC3,
    0x40, 0x00, 0x40, 0xC0, 0x40, 0x02, 0xC3, 0x02, 0x41, 0x02, 0xC3, 0x80, 0x06, 0xC5, 0x80, 0x04, 0xC5, 0x40, 0x04, 0xC5, 0x05, 0xC5, 0x05, 0xC5,
    0x05, 0xC5, 0x05, 0xC5, 0x40, 0x04, 0xC5, 0x40, 0x04, 0xD5, 0x80, 0x40, 0xC8, 0x40, 0x01, 0xC6, 0x80, 0x03, 0xC3, 0x00, 0xC2, 0x03, 0xC3, 0x00,
    0x80, 0xC1, 0x40, 0x02, 0xC3, 0x00, 0x80, 0xC1, 0x80, 0x02, 0xC3, 0x40, 0x00, 0x80, 0xC0, 0x40, 0x02, 0xC3, 0x07, 0xC3, 0x80, 0x06, 0xC5, 0x05,
    0xC5, 0x05, 0xC5, 0x05, 0xC4, 0x40, 0x05, 0xC4, 0x80, 0x05, 0xC5, 0x05, 0xCA, 0x40, 0xC8, 0x80, 0x01, 0xC7, 0x80, 0x02, 0xC6, 0x04, 0xC6, 0x04,
    0xC7, 0x03, 0xC3, 0x80, 0x00, 0x80, 0xC0, 0x80, 0x02, 0xC3, 0x40, 0x00, 0xC1, 0x80, 0x02, 0xC3, 0x40, 0x00, 0xC1, 0x03, 0xC3, 0x80, 0x01, 0x40,
    0x03, 0xC3, 0x40, 0x06, 0xC3, 0x40, 0x06, 0xC5, 0x05, 0xC5, 0x05, 0xC4, 0x40, 0x05, 0xC3, 0x81, 0x05, 0xC9, 0x80, 0x40, 0xC8, 0x02, 0xC7, 0x40,
    0x02, 0xC5, 0x80, 0x40, 0x03, 0xC5, 0x80, 0x04, 0xC6, 0x80, 0x03, 0xC7, 0x40, 0x02, 0xC6, 0x81, 0x02, 0xC4, 0x01, 0x81, 0x02, 0xC4, 0x00, 0x40,
    0xC0, 0x40, 0x02, 0xC4, 0x01, 0x80, 0x03, 0xC4, 0x06, 0xC4, 0x06, 0xC3, 0x80, 0x06, 0xC5, 0x05, 0xC6, 0x04, 0xC9, 0x01, 0xC8, 0x02, 0xC6, 0x80,
    0x40, 0x02, 0xC6, 0x04, 0xC6, 0x04, 0xC7, 0x03, 0xC7, 0x40, 0x02, 0xC7, 0x40, 0x02, 0xC6, 0x81, 0x02, 0xC3, 0x80, 0x01, 0xC0, 0x80, 0x02, 0xC3,
    0x80, 0x00, 0x80, 0xC0, 0x80, 0x02, 0xC3, 0x40, 0x00, 0x40, 0xC0, 0x40, 0x02, 0xC3, 0x80, 0x06, 0xC4, 0x06, 0xC4, 0x06, 0xC4, 0x06, 0xC9, 0x01,
    0xC8, 0x40, 0x01, 0xC7, 0x80, 0x02, 0xC6, 0x04, 0xC6, 0x04, 0xC6, 0x80, 0x03, 0xC7, 0x80, 0x02, 0xC4, 0x80, 0xC1, 0x80, 0x02, 0xC4, 0x40, 0xC1,
    0x80, 0x02, 0xC2, 0x40, 0x01, 0xC1, 0x40, 0x00, 0x80, 0x00, 0xC2, 0x02, 0xC1, 0x40, 0x02, 0xC2, 0x40, 0x00, 0x40, 0xC1, 0x40, 0x02, 0xC2, 0x80,
    0x01, 0x40, 0xC0, 0x40, 0x02, 0xC3, 0x07, 0xC4, 0x06, 0xC3, 0x80, 0x06, 0xC9, 0x40, 0x00, 0xC8, 0x40, 0x01, 0xC8, 0x02, 0xC6, 0x80, 0x03, 0xC5,
    0x80, 0x04, 0xC5, 0x80, 0x04, 0xC6, 0x80, 0x03, 0xC2, 0x40, 0xC3, 0x80, 0x02, 0xC2, 0x00, 0xC3, 0x80, 0x02, 0xC1, 0x01, 0x80, 0xC2, 0x80, 0x02,
    0xC0, 0x80, 0x01, 0x40, 0xC2, 0x40, 0x00, 0x80, 0x00, 0xC1, 0x40, 0x01, 0xC2, 0x40, 0x02, 0xC2, 0x01, 0x40, 0xC1, 0x03, 0xC2, 0x80, 0x02, 0x40,
    0x03, 0xC3, 0x07, 0xC3, 0x07, 0xC9, 0x80, 0x40, 0xC8, 0x02, 0xC7, 0x80, 0x02, 0xC7, 0x40, 0x02, 0xC5, 0x80, 0x04, 0xC5, 0x05, 0xC6, 0x04, 0xC1,
    0x40, 0xC4, 0x40, 0x02, 0xC1, 0x41, 0xC3, 0x80, 0x02, 0xC0, 0x80, 0x01, 0xC3, 0x80, 0x02, 0xC0, 0x80, 0x01, 0x80, 0xC2, 0x80, 0x00, 0x40, 0x00,
    0xC1, 0x40, 0x00, 0x40, 0xC2, 0x40, 0x02, 0xC2, 0x01, 0x40, 0xC1, 0x03, 0xC2, 0x80, 0x07, 0xC3, 0x07, 0xC3, 0x07, 0xC8, 0x80, 0x01, 0xC8, 0x02,
    0xC7, 0x40, 0x02, 0xC7, 0x03, 0xC5, 0x80, 0x04, 0xC5, 0x05, 0xC2, 0x40, 0xC2, 0x04, 0xC2, 0x80, 0xC3, 0x40, 0x02, 0xC1, 0x80, 0x40, 0x80, 0xC2,
    0x40, 0x02, 0xC1, 0x02, 0xC2, 0x80, 0x02, 0xC1, 0x40, 0x01, 0xC2, 0x40, 0x02, 0xC1, 0x80, 0x01, 0xC2, 0x40, 0x02, 0xC2, 0x01, 0x40, 0x80, 0xC0,
    0x03, 0xC2, 0x80, 0x07, 0xC3, 0x07, 0xC3, 0x07, 0xC8, 0x40, 0x01, 0xC7, 0x40, 0x02, 0xC7, 0x03, 0xC6, 0x40, 0x03, 0xC5, 0x40, 0x04, 0xC5, 0x05,
    0xC4, 0x40, 0xC0, 0x04, 0xC4, 0x40, 0xC1, 0x03, 0xC2, 0x01, 0x80, 0xC1, 0x40, 0x02, 0xC1, 0x80, 0x01, 0x80, 0xC1, 0x40, 0x02, 0xC2, 0x01, 0xC2,
    0x40, 0x02, 0xC2, 0x01, 0xC2, 0x40, 0x02, 0xC2, 0x40, 0x01, 0x81, 0x03, 0xC3, 0x07, 0xC3, 0x07, 0xC2, 0x80, 0x07, 0xC8, 0x02, 0xC7, 0x03, 0xC7,
    0x03, 0xC6, 0x04, 0xC4, 0x40, 0x05, 0xC5, 0x40, 0x04, 0xC5, 0x80, 0x40, 0x03, 0xC4, 0x40, 0xC1, 0x03, 0xC1, 0x80, 0x01, 0x80, 0xC1, 0x03, 0xC1,
    0x80, 0x01, 0x80, 0xC1, 0x03, 0xC1, 0x80, 0x01, 0xC2, 0x03, 0xC2, 0x01, 0xC2, 0x03, 0xC2, 0x40, 0x00, 0x40, 0xC0, 0x80, 0x03, 0xC3, 0x07, 0xC3,
    0x07, 0xC3, 0x07, 0xC7, 0x80, 0x02, 0xC7, 0x03, 0xC6, 0x80, 0x03, 0xC5, 0x80, 0x04, 0xC4, 0x40, 0x05, 0xC5, 0x40, 0x04, 0xC3, 0x80, 0xC1, 0x40,
    0x03, 0xC3, 0x40, 0xC1, 0x80, 0x03, 0xC1, 0x40, 0x00, 0x80, 0xC1, 0x80, 0x03, 0xC0, 0x80, 0x01, 0x40, 0xC1, 0x80, 0x00, 0x40, 0x01, 0xC1, 0x01,
    0x40, 0xC1, 0x80, 0x00, 0x40, 0x01, 0xC1, 0x40, 0x01, 0xC1, 0x80, 0x03, 0xC2, 0x01, 0x80, 0xC0, 0x40, 0x03, 0xC2, 0x80, 0x07, 0xC3, 0x07, 0xC3,
    0x07, 0xC8, 0x40, 0x01, 0xC7, 0x03, 0xC6, 0x80, 0x03, 0xC5, 0x80, 0x04, 0xC4, 0x40, 0x05, 0xC5, 0x40, 0x04, 0xC1, 0x80, 0xC3, 0x40, 0x03, 0xC1,
    0x40, 0xC3, 0x80, 0x03, 0xC1, 0x41, 0xC2, 0x80, 0x03, 0xC0, 0x02, 0xC2, 0x40, 0x00, 0x40, 0x01, 0xC0, 0x40, 0x01, 0xC2, 0x40, 0x00, 0x80, 0x01,
    0xC1, 0x01, 0x80, 0xC1, 0x40, 0x03, 0xC1, 0x80, 0x01, 0x80, 0xC0, 0x04, 0xC2, 0x40, 0x07, 0xC3, 0x07, 0xC3, 0x07, 0xC9, 0x80, 0x40, 0xC8, 0x02,
    0xC7, 0x03, 0xC6, 0x40, 0x03, 0xC5, 0x40, 0x04, 0xC5, 0x40, 0x04, 0xC6, 0x40, 0x03, 0xC0, 0x40, 0xC5, 0x03, 0xC1, 0x40, 0xC3, 0x80, 0x03, 0xC0,
    0x01, 0x40, 0xC2, 0x80, 0x03, 0xC0, 0x02, 0xC2, 0x40, 0x00, 0xC0, 0x01, 0xC0, 0x80, 0x01, 0x80, 0xC1, 0x04, 0xC1, 0x40, 0x01, 0xC1, 0x04, 0xC2,
    0x40, 0x07, 0xC3, 0x07, 0xC3, 0x07, 0xC9, 0x40, 0x00, 0xC7, 0x80, 0x02, 0xC7, 0x40, 0x02, 0xC6, 0x80, 0x03, 0xC5, 0x80, 0x04, 0xC5, 0x05, 0xC1,
    0x40, 0xC3, 0x80, 0x03, 0xC1, 0x81, 0xC3, 0x03, 0xC1, 0x40, 0x00, 0xC3, 0x03, 0xC0, 0x40, 0x01, 0x80, 0xC2, 0x00, 0x40, 0x01, 0xC0, 0x80, 0x01,
    0x80, 0xC1, 0x80, 0x00, 0xC0, 0x01, 0xC1, 0x01, 0x40, 0xC1, 0x40, 0x03, 0xC1, 0x80, 0x01, 0x80, 0xC0, 0x04, 0xC2, 0x80, 0x07, 0xC3, 0x07, 0xC3,
    0x07, 0xC8, 0x40, 0x01, 0xC7, 0x80, 0x02, 0xC7, 0x40, 0x02, 0xC6, 0x80, 0x03, 0xC5, 0x40, 0x04, 0xC5, 0x40, 0x04, 0xC3, 0x40, 0xC2, 0x03, 0xC3,
    0x40, 0xC2, 0x03, 0xC1, 0x40, 0x01, 0xC2, 0x03, 0xC1, 0x02, 0xC2, 0x00, 0x40, 0x01, 0xC1, 0x01, 0x40, 0xC2, 0x00, 0x41, 0x00, 0xC1, 0x40, 0x01,
    0xC1, 0x80, 0x03, 0xC2, 0x01, 0x40, 0xC0, 0x40, 0x03, 0xC3, 0x07, 0xC3, 0x40, 0x06, 0xC3, 0x40, 0x06, 0xC8, 0x02, 0xC7, 0x80, 0x02, 0xC7, 0x40,
    0x02, 0xC6, 0x80, 0x03, 0xC5, 0x05, 0xC5, 0x80, 0x04, 0xC5, 0x80, 0xC0, 0x03, 0xC4, 0x40, 0xC1, 0x40, 0x02, 0xC2, 0x01, 0x40, 0xC1, 0x80, 0x02,
    0xC2, 0x01, 0x40, 0xC1, 0x40, 0x00, 0x80, 0x00, 0xC2, 0x01, 0xC2, 0x40, 0x00, 0x80, 0x00, 0xC2, 0x01, 0x80, 0xC1, 0x03, 0xC2, 0x80, 0x01, 0xC1,
    0x03, 0xC3, 0x07, 0xC4, 0x06, 0xC3, 0x80, 0x06, 0xC8, 0x40, 0x01, 0xC7, 0x80, 0x02, 0xC7, 0x80, 0x02, 0xC6, 0x40, 0x03, 0xC5, 0x05, 0xC6, 0x04,
    0xC3, 0x40, 0xC2, 0x40, 0x02, 0xC3, 0x00, 0xC3, 0x02, 0xC1, 0x40, 0x01, 0xC3, 0x02, 0xC1, 0x02, 0xC3, 0x00, 0x40, 0x00, 0xC1, 0x40, 0x01, 0xC3,
    0x00, 0x40, 0x00, 0xC1, 0x80, 0x01, 0x80, 0xC1, 0x80, 0x02, 0xC2, 0x02, 0xC1, 0x40, 0x02, 0xC3, 0x07, 0xC3, 0x80, 0x06, 0xC4, 0x06, 0xC9, 0x01,
    0xC8, 0x40, 0x01, 0xC8, 0x02, 0xC6, 0x80, 0x03, 0xC5, 0x80, 0x04, 0xC6, 0x40, 0x03, 0xC1, 0x40, 0xC4, 0x80, 0x02, 0xC1, 0x80, 0xC5, 0x80, 0x01,
    0xC0, 0x80, 0x00, 0x40, 0xC4, 0x80, 0x01, 0xC0, 0x02, 0xC4, 0x80, 0x00, 0x40, 0xC0, 0x02, 0xC4, 0x80, 0x00, 0x80, 0xC1, 0x01, 0x40, 0xC3, 0x80,
    0x01, 0xC1, 0x40, 0x01, 0x40, 0xC2, 0x02, 0xC2, 0x40, 0x07, 0xC3, 0x40, 0x06, 0xC4, 0x06, 0xCA, 0x00, 0xC9, 0x40, 0x00, 0xC9, 0x01, 0xC7, 0x80,
    0x02, 0xC6, 0x80, 0x03, 0xC6, 0x80, 0x03, 0xC0, 0x80, 0xC6, 0x40, 0x01, 0xC0, 0x81, 0xC6, 0x40, 0x00, 0xC0, 0x80, 0x00, 0x80, 0xC5, 0x80, 0x00,
    0xC0, 0x02, 0xC5, 0x80, 0x00, 0x80, 0x02, 0xC6, 0x00, 0xC0, 0x80, 0x01, 0x40, 0xC4, 0x80, 0x00, 0xC1, 0x40, 0x01, 0x40, 0xC3, 0x40, 0x00, 0xC2,
    0x40, 0x01, 0x40, 0x81, 0x40, 0x01, 0xC3, 0x40, 0x06, 0xC4, 0x06, 0xD6, 0x80, 0xCA, 0x40, 0xC9, 0x40, 0x00, 0xC7, 0x80, 0x02, 0xC7, 0x80, 0x02,
    0xC0, 0x40, 0x80, 0xC6, 0x40, 0x00, 0xC1, 0x00, 0x80, 0xC6, 0x80, 0xC1, 0x40, 0x00, 0x80, 0xC7, 0x40, 0x02, 0xC7, 0x03, 0xC8, 0x02, 0xC8, 0x80,
    0x02, 0xC8, 0x40, 0x02, 0xC3, 0x40, 0xC3, 0x40, 0x06, 0xC4, 0x06, 0xED, 0x01, 0xC4, 0x80, 0xC3, 0x01, 0xC4, 0x00, 0xC4, 0x00, 0xC4, 0x00, 0xCA,
    0x00, 0xC7, 0x80, 0x02, 0x80, 0xC6, 0x03, 0x40, 0xC6, 0x80, 0x02, 0x40, 0xC7, 0x02, 0x80, 0xC7, 0x03, 0xC8, 0x02, 0x40, 0xC7, 0x80, 0x02, 0x40,
    0x81, 0x40, 0xC4, 0x80, 0x05, 0xD6, 0x80, 0xCA, 0x00, 0xCA, 0x00, 0xC7, 0x80, 0x40, 0xC9, 0x00, 0x80, 0xC8, 0x80, 0x00, 0xC6, 0x80, 0x41, 0x00,
    0x40, 0xC5, 0x40, 0x03, 0x80, 0xC5, 0x80, 0x03, 0x80, 0xC5, 0x80, 0x03, 0xC7, 0x02, 0x40, 0xC7, 0x03, 0xC7, 0x40, 0x02, 0x40, 0xC7, 0x03, 0x40,
    0xC7, 0x03, 0x41, 0xF8, 0x00, 0x80, 0xC8, 0x80, 0x00, 0xC7, 0x80, 0xC0, 0x00, 0x40, 0xC5, 0x80, 0x03, 0xC5, 0x80, 0x04, 0xC5, 0x80, 0x04, 0xC6,
    0x04, 0xC6, 0x03, 0x40, 0xC6, 0x40, 0x02, 0x80, 0xC6, 0x80, 0x03, 0xC7, 0x04, 0xC7, 0x04, 0xC0, 0xE9, 0x00, 0x80, 0xC9, 0x00, 0x80, 0xC9, 0x00,
    0x80, 0xC9, 0x00, 0x80, 0xC7, 0x00, 0x40, 0x00, 0x40, 0xC6, 0x04, 0xC5, 0x40, 0x04, 0x80, 0xC4, 0x05, 0x40, 0xC5, 0x04, 0x80, 0xC5, 0x80, 0x03,
    0x80, 0xC6, 0x04, 0xC6, 0x40, 0x04, 0xC6, 0x05, 0xC0, 0xE5, 0x80, 0x40, 0xCA, 0x00, 0x80, 0xC9, 0x40, 0x00, 0xCA, 0x00, 0x40, 0xC9, 0x40, 0x00,
    0x80, 0xC6, 0x40, 0x03, 0xC5, 0x80, 0x04, 0x40, 0xC4, 0x40, 0x05, 0xC4, 0x06, 0xC4, 0x80, 0x40, 0x04, 0xC6, 0x04, 0x80, 0xC5, 0x80, 0x04, 0x80,
    0xC5, 0x40, 0x04, 0x40, 0xC0, 0xEF, 0x41, 0xCA, 0x00, 0x40, 0xCA, 0x01, 0xCA, 0x01, 0xC8, 0x03, 0x80, 0xC5, 0x40, 0x04, 0xC4, 0x80, 0x05, 0x80,
    0xC3, 0x80, 0x05, 0x40, 0xC3, 0x80, 0x05, 0x40, 0xC5, 0x40, 0x04, 0xC6, 0x05, 0xC6, 0x05, 0x80, 0xC0, 0xDA, 0x80, 0x41, 0xC9, 0x40, 0x00, 0xC9,
    0x80, 0x00, 0x40, 0xC9, 0x01, 0xC9, 0x40, 0x00, 0x80, 0xC7, 0x40, 0x01, 0x40, 0xC6, 0x04, 0x40, 0xC4, 0x06, 0xC3, 0x80, 0x06, 0xC4, 0x40, 0x05,
    0xC5, 0x05, 0xC5, 0x40, 0x04, 0xC6, 0x05, 0xC5, 0x80, 0x05, 0xC0, 0xD5, 0x80, 0xC9, 0x80, 0x00, 0xC9, 0x40, 0x00, 0xC9, 0x01, 0xC9, 0x00, 0x40,
    0xC8, 0x80, 0x00, 0x80, 0xC4, 0x80, 0x40, 0x03, 0xC4, 0x80, 0x05, 0x40, 0xC3, 0x06, 0x40, 0xC4, 0x05, 0x40, 0xC4, 0x05, 0x80, 0xC4, 0x05, 0xC5,
    0x40, 0x03, 0x40, 0xC5, 0x80, 0x04, 0x40, 0xC5, 0x05, 0x40, 0xFF, 0xCF, 0x80, 0x40, 0xC0, 0x00, 0xC4, 0x80, 0x05, 0xC4, 0x06, 0xC4, 0x40, 0x05,
    0xC4, 0x40, 0x05, 0xC4, 0x40, 0x04, 0x40, 0xC4, 0x40, 0x04, 0xC5, 0x80, 0x04, 0xC6, 0x05, 0xC5, 0x40, 0x04, 0xDE, 0x40, 0x80, 0xC9, 0x00, 0x40,
    0xC9, 0x00, 0x40, 0xC9, 0x00, 0x40, 0xC7, 0x81, 0x00, 0x40, 0xC5, 0x80, 0x04, 0xC5, 0x05, 0x80, 0xC3, 0x40, 0x05, 0x80, 0xC3, 0x40, 0x05, 0x80,
    0xC4, 0x05, 0x80, 0xC4, 0x40, 0x04, 0xC6, 0x04, 0x40, 0xC5, 0x05, 0x40, 0xC4, 0x80, 0x06, 0xE6, 0x00, 0xCA, 0x00, 0x80, 0xC9, 0x80, 0x00, 0xCA,
    0x00, 0x80, 0xC7, 0x41, 0x01, 0xC6, 0x80, 0x04, 0xC5, 0x05, 0xC4, 0x80, 0x05, 0x80, 0xC3, 0x80, 0x05, 0x40, 0xC5, 0x04, 0x40, 0xC5, 0x40, 0x04,
    0x40, 0xC5, 0x06, 0xC4, 0x80, 0x06, 0x80, 0xE4, 0x81, 0xC9, 0x80, 0x00, 0xCA, 0x40, 0x00, 0xCA, 0x00, 0x40, 0xC9, 0x80, 0x00, 0x40, 0xC7, 0x03,
    0x40, 0xC5, 0x05, 0xC5, 0x05, 0x40, 0xC3, 0x80, 0x06, 0xC4, 0x80, 0x05, 0xC5, 0x80, 0x04, 0x40, 0xC5, 0x06, 0x80, 0xC4, 0x06, 0x40, 0xF0, 0x40,
    0xCA, 0x40, 0x00, 0xCA, 0x40, 0x00, 0xCA, 0x40, 0x00, 0x80, 0xC7, 0x41, 0x01, 0x40, 0xC6, 0x04, 0x80, 0xC4, 0x06, 0xC4, 0x06, 0xC4, 0x06, 0xC5,
    0x80, 0x05, 0xC5, 0x40, 0x05, 0x80, 0xC4, 0x06, 0x40, 0xF0, 0x40, 0x80, 0xC9, 0x80, 0x00, 0x80, 0xCA, 0x00, 0x40, 0xC9, 0x80, 0x02, 0x80, 0xC5,
    0x80, 0x04, 0xC5, 0x05, 0x80, 0xC4, 0x05, 0x40, 0xC3, 0x80, 0x06, 0xC3, 0x80, 0x06, 0xC5, 0x80, 0x05, 0x40, 0xC4, 0x40, 0x06, 0xC4, 0x40, 0x05,
    0xF1, 0x00, 0x80, 0xC9, 0x80, 0x00, 0x80, 0xCA, 0x00, 0x40, 0xC0, 0x40, 0xC6, 0x80, 0x04, 0xC5, 0x40, 0x04, 0xC5, 0x05, 0x40, 0xC3, 0x80, 0x06,
    0xC3, 0x80, 0x06, 0xC4, 0x80, 0x06, 0x80, 0xC4, 0x06, 0xC5, 0x05, 0xC6, 0x40, 0x03, 0xFE, 0x00, 0x80, 0xCA, 0x00, 0x40, 0xC1, 0x80, 0xC6, 0x40,
    0x01, 0x80, 0x40, 0x80, 0xC5, 0x40, 0x02, 0x40, 0x00, 0xC5, 0x05, 0x80, 0xC3, 0x80, 0x05, 0x40, 0xC3, 0x80, 0x06, 0xC4, 0x06, 0x40, 0xC4, 0x80,
    0x05, 0xC5, 0x80, 0x04, 0xC6, 0x80, 0x03, 0xFF, 0xC9, 0x40, 0x00, 0xCA, 0x40, 0x00, 0x80, 0xC1, 0x40, 0xC6, 0x01, 0x40, 0xC0, 0x00, 0xC5, 0x80,
    0x04, 0x40, 0xC4, 0x80, 0x05, 0xC4, 0x06, 0x80, 0xC3, 0x40, 0x05, 0x40, 0xC4, 0x40, 0x06, 0xC4, 0x40, 0x05, 0xC5, 0x80, 0x04, 0xFF, 0xD5, 0x00,
    0xCA, 0x40, 0x00, 0x80, 0xC0, 0x41, 0xC6, 0x01, 0x40, 0x80, 0x00, 0xC5, 0x40, 0x04, 0x80, 0xC4, 0x40, 0x04, 0x40, 0xC4, 0x06, 0xC4, 0x80, 0x06,
    0x41, 0xC3, 0x07, 0xC4, 0x80, 0x05, 0xE2, 0x80, 0xF1, 0x80, 0xCA, 0x00, 0x80, 0xC0, 0x40, 0xC2, 0x41, 0xC2, 0x40, 0x00, 0xC0, 0x40, 0x80, 0xC0,
    0x80, 0x01, 0x40, 0xC1, 0x04, 0x80, 0x03, 0xC1, 0x09, 0xC1, 0x09, 0xC1, 0x80, 0x08, 0xC3, 0x40, 0x06, 0xC5, 0x80, 0x40, 0x03, 0xCA, 0x00, 0xCA,
    0x00, 0xC9, 0x01, 0xC8, 0x40, 0x01, 0xC9, 0x80, 0x00, 0xCA, 0x80, 0xDA, 0x82, 0x00, 0x40, 0xC5, 0x80, 0x00, 0x80, 0x02, 0x40, 0xC0, 0x40, 0x00,
    0xC1, 0x80, 0x08, 0xC1, 0x80, 0x08, 0xC1, 0x80, 0x08, 0xC2, 0x80, 0x07, 0xC5, 0x40, 0x04, 0xC7, 0x40, 0x02, 0xC8, 0x02, 0xC8, 0x02, 0xC8, 0x02,
    0xC7, 0x03, 0xC6, 0x80, 0x03, 0xC8, 0x40, 0x01, 0xC8, 0x40, 0x01, 0xCA, 0x80, 0xC3, 0x00, 0x40, 0xC2, 0x80, 0x01, 0xC2, 0x03, 0xC0, 0x40, 0x02,
    0xC1, 0x40, 0x08, 0xC0, 0x40, 0x09, 0xC2, 0x80, 0x07, 0xC4, 0x80, 0x05, 0xC6, 0x04, 0xC7, 0x40, 0x02, 0xC7, 0x40, 0x02, 0xC6, 0x80, 0x03, 0xC6,
    0x80, 0x03, 0xC6, 0x40, 0x03, 0xC5, 0x40, 0x04, 0xC7, 0x03, 0xC7, 0x03, 0xC7, 0x81, 0x01, 0xC2, 0x00, 0x40, 0xC2, 0x40, 0x02, 0xC1, 0x03, 0xC0,
    0x04, 0xC0, 0x40, 0x09, 0x40, 0x00, 0x40, 0xC0, 0x07, 0xC3, 0x80, 0x06, 0xC4, 0x80, 0x05, 0xC5, 0x81, 0x03, 0xC7, 0x03, 0xC7, 0x40, 0x02, 0xC6,
    0x04, 0xC5, 0x80, 0x04, 0xC5, 0x80, 0x04, 0xC4, 0x80, 0x05, 0xC5, 0x80, 0x04, 0xC6, 0x04, 0xC6, 0x81, 0x01, 0x40, 0xC1, 0x00, 0x40, 0xC2, 0x40,
    0x03, 0xC0, 0x40, 0x02, 0x80, 0x05, 0x40, 0x0A, 0x41, 0xC0, 0x80, 0x40, 0x06, 0xC4, 0x06, 0xC4, 0x06, 0xC6, 0x04, 0xC6, 0x04, 0xC7, 0x82, 0xC6,
    0x40, 0x04, 0xC5, 0x05, 0xC5, 0x05, 0xC4, 0x06, 0xC4, 0x80, 0x05, 0xC5, 0x05, 0xC5, 0x80, 0x40, 0x01, 0x40, 0xC1, 0x00, 0x40, 0xC2, 0x40, 0x03,
    0x41, 0x02, 0x40, 0x12, 0x40, 0xC0, 0x81, 0x07, 0xC3, 0x80, 0x06, 0xC3, 0x80, 0x00, 0x40, 0x04, 0xC5, 0x40, 0x03, 0x40, 0xC5, 0x04, 0xC0, 0xD1,
    0x40, 0x02, 0x80, 0x00, 0xC4, 0x40, 0x05, 0xC4, 0x40, 0x05, 0xC3, 0x80, 0x05, 0x80, 0xC3, 0x80, 0x05, 0xC5, 0x80, 0x04, 0xC6, 0x40, 0x01, 0x40,
    0x80, 0xC0, 0x40, 0x00, 0xC2, 0x80, 0x03, 0x40, 0xC0, 0x02, 0x81, 0x05, 0x40, 0x0B, 0xC1, 0x41, 0x06, 0x80, 0xC3, 0x06, 0xC4, 0x41, 0x03, 0x40,
    0xC5, 0x80, 0x03, 0xC6, 0x04, 0xC1, 0xD1, 0x80, 0x41, 0xC0, 0x81, 0xC4, 0x06, 0xC3, 0x80, 0x06, 0xC3, 0x40, 0x04, 0x40, 0x80, 0xC3, 0x05, 0x80,
    0xC5, 0x04, 0xC6, 0x80, 0x02, 0x80, 0xC1, 0x00, 0x80, 0xC2, 0x03, 0x40, 0xC1, 0x01, 0x40, 0xC0, 0x05, 0x40, 0xC0, 0x0A, 0x40, 0xC0, 0x81, 0x06,
    0x81, 0xC3, 0x05, 0xC5, 0x40, 0x04, 0xC6, 0x03, 0xC6, 0x40, 0x03, 0x80, 0xC1, 0xD0, 0x82, 0xC1, 0x80, 0xC4, 0x40, 0x05, 0xC4, 0x06, 0x80, 0xC3,
    0x05, 0x80, 0xC3, 0x80, 0x04, 0x40, 0xC5, 0x80, 0x03, 0x80, 0xC6, 0x40, 0x01, 0x80, 0xC2, 0x40, 0xC2, 0x04, 0x80, 0xC1, 0x01, 0x80, 0x40, 0x05,
    0xC1, 0x0B, 0xC1, 0x81, 0x04, 0x40, 0xC0, 0x40, 0xC3, 0x04, 0x80, 0xC5, 0x40, 0x02, 0x40, 0xC6, 0x03, 0x40, 0xC6, 0x04, 0xC2, 0xD0, 0x82, 0xC0,
    0x80, 0xC5, 0x05, 0x80, 0xC4, 0x05, 0x80, 0xC3, 0x40, 0x04, 0x40, 0xC4, 0x80, 0x04, 0xC6, 0x03, 0x40, 0xC6, 0x80, 0x01, 0x40, 0xC3, 0x80, 0xC1,
    0x80, 0x04, 0xC2, 0x00, 0x40, 0x80, 0x05, 0x40, 0xC1, 0x0B, 0xC2, 0x80, 0x04, 0xC0, 0x80, 0x00, 0xC2, 0x80, 0x04, 0xC6, 0x03, 0xC6, 0x80, 0x03,
    0xC6, 0x40, 0x03, 0x80, 0xC2, 0xD0, 0x81, 0xC8, 0x03, 0x40, 0x00, 0xC4, 0x80, 0x05, 0xC4, 0x05, 0x80, 0xC4, 0x40, 0x03, 0x40, 0xC6, 0x03, 0x80,
    0xC6, 0x80, 0x01, 0x80, 0xC6, 0x40, 0x04, 0xC2, 0x00, 0x41, 0x05, 0x80, 0xC0, 0x80, 0x0B, 0xC0, 0x80, 0xC0, 0x40, 0x04, 0xC0, 0x40, 0x80, 0xC2,
    0x80, 0x04, 0xC5, 0x80, 0x02, 0x40, 0xC6, 0x40, 0x03, 0xC6, 0x04, 0xC3, 0xDB, 0x03, 0x41, 0xC4, 0x80, 0x05, 0xC4, 0x40, 0x04, 0x80, 0xC4, 0x40,
    0x03, 0x40, 0xC5, 0x80, 0x03, 0x80, 0xC6, 0x80, 0x01, 0x80, 0xC6, 0x40, 0x03, 0x80, 0xC2, 0x40, 0x81, 0x05, 0xC1, 0x80, 0x01, 0x40, 0x08, 0xC0,
    0x80, 0xC0, 0x40, 0x04, 0x80, 0x00, 0x40, 0xC2, 0x40, 0x04, 0xC5, 0x80, 0x02, 0x80, 0xC6, 0x40, 0x02, 0x40, 0xC6, 0x04, 0xC3, 0xDB, 0x40, 0x01,
    0x40, 0xC0, 0x80, 0xC4, 0x80, 0x04, 0x40, 0xC4, 0x40, 0x04, 0x80, 0xC4, 0x04, 0x40, 0xC5, 0x80, 0x03, 0xC7, 0x40, 0x01, 0x40, 0xC6, 0x40, 0x02,
    0x40, 0xC6, 0x05, 0xC1, 0x80, 0x0B, 0x40, 0x80, 0xC0, 0x40, 0x07, 0xC2, 0x40, 0x04, 0xC5, 0x80, 0x02, 0x80, 0xC6, 0x03, 0x40, 0xC6, 0x03, 0x40,
    0xC3, 0xDB, 0x42, 0x80, 0xC6, 0x80, 0x04, 0x40, 0xC4, 0x40, 0x04, 0x40, 0xC4, 0x05, 0xC5, 0x80, 0x03, 0xC7, 0x40, 0x01, 0x40, 0xC6, 0x80, 0x40,
    0x01, 0x80, 0xC6, 0x04, 0x40, 0xC1, 0x80, 0x08, 0x41, 0x01, 0x80, 0xC0, 0x08, 0xC2, 0x40, 0x04, 0xC5, 0x80, 0x02, 0x81, 0xC5, 0x03, 0x80, 0xC6,
    0x03, 0x40, 0xC3, 0xDB, 0x40, 0x00, 0x40, 0x80, 0xC6, 0x80, 0x04, 0x80, 0xC4, 0x40, 0x04, 0x40, 0xC4, 0x05, 0xC5, 0x40, 0x03, 0xC7, 0x40, 0x01,
    0x40, 0xC6, 0x40, 0x02, 0x40, 0xC6, 0x04, 0x40, 0xC1, 0x80, 0x01, 0x40, 0x05, 0x40, 0x02, 0x80, 0xC0, 0x08, 0xC2, 0x40, 0x04, 0xC5, 0x80, 0x02,
    0x81, 0xC5, 0x03, 0x80, 0xC6, 0x03, 0x40, 0xC3, 0xDB, 0x40, 0x01, 0x40, 0xC6, 0x80, 0x04, 0x80, 0xC4, 0x40, 0x04, 0x40, 0xC4, 0x05, 0xC5, 0x40,
    0x03, 0xC7, 0x40, 0x01, 0x40, 0xC6, 0x40, 0x02, 0x40, 0xC5, 0x80, 0x04, 0x40, 0xC1, 0x80, 0x01, 0x40, 0x05, 0x40, 0x01, 0x40, 0xC1, 0x08, 0xC2,
    0x40, 0x03, 0x40, 0xC5, 0x80, 0x02, 0x81, 0xC5, 0x03, 0x80, 0xC6, 0x03, 0x40, 0xC3, 0xDB, 0x02, 0x40, 0xC6, 0x80, 0x04, 0x80, 0xC4, 0x40, 0x04,
    0x40, 0xC4, 0x05, 0xC5, 0x40, 0x03, 0xC7, 0x40, 0x01, 0x40, 0xC6, 0x40, 0x02, 0x40, 0xC5, 0x80, 0x04, 0x40, 0xC1, 0x40, 0x01, 0x40, 0x08, 0x40,
    0xC1, 0x06, 0x40, 0x00, 0xC2, 0x04, 0x40, 0xC5, 0x40, 0x02, 0x80, 0xC6, 0x03, 0x80, 0xC6, 0x03, 0x40, 0xC3, 0xDB, 0x02, 0x40, 0xC6, 0x80, 0x04,
    0x40, 0xC4, 0x05, 0x40, 0xC4, 0x05, 0xC5, 0x40, 0x03, 0xC7, 0x40, 0x01, 0x40, 0xC6, 0x40, 0x02, 0x40, 0xC5, 0x80, 0x04, 0x40, 0xC1, 0x40, 0x01,
    0x40, 0x08, 0x40, 0xC1, 0x04, 0x40, 0x00, 0x40, 0x00, 0xC2, 0x04, 0x40, 0xC5, 0x40, 0x02, 0x80, 0xC6, 0x03, 0x80, 0xC6, 0x03, 0x40, 0xC3, 0xDB,
    0x02, 0x40, 0xC6, 0x40, 0x04, 0x40, 0xC4, 0x05, 0x40, 0xC4, 0x04, 0x40, 0xC5, 0x40, 0x03, 0xC7, 0x40, 0x01, 0x80, 0xC6, 0x40, 0x02, 0x40, 0xC5,
    0x80, 0x04, 0x80, 0xC1, 0x02, 0x40, 0x08, 0x40, 0xC1, 0x04, 0x40, 0x00, 0x40, 0x00, 0xC2, 0x04, 0x40, 0xC5, 0x40, 0x02, 0x80, 0xC6, 0x03, 0x80,
    0xC6, 0x03, 0x40, 0xC3, 0xDB, 0x40, 0x00, 0x40, 0x80, 0xC6, 0x80, 0x04, 0x40, 0xC4, 0x05, 0x40, 0xC3, 0x80, 0x05, 0xC5, 0x04, 0xC6, 0x80, 0x02,
    0x40, 0xC6, 0x80, 0x01, 0x40, 0x80, 0xC5, 0x80, 0x04, 0x80, 0xC1, 0x40, 0x0C, 0xC1, 0x04, 0x40, 0x02, 0xC2, 0x04, 0x80, 0xC5, 0x40, 0x02, 0x81,
    0xC5, 0x03, 0x80, 0xC6, 0x03, 0x40, 0xC3, 0xDB, 0x42, 0x80, 0xC6, 0x80, 0x04, 0x80, 0xC4, 0x40, 0x04, 0x40, 0xC4, 0x05, 0xC5, 0x40, 0x03, 0x80,
    0xC5, 0x80, 0x03, 0xC6, 0x80, 0x40, 0x01, 0x80, 0xC5, 0x80, 0x04, 0x80, 0xC1, 0x40, 0x0C, 0x80, 0xC0, 0x04, 0x40, 0x00, 0x40, 0x00, 0xC2, 0x04,
    0x80, 0xC5, 0x40, 0x02, 0x40, 0x80, 0xC5, 0x40, 0x02, 0x40, 0xC6, 0x40, 0x02, 0x40, 0xC3, 0xDB, 0x40, 0x01, 0x40, 0xC6, 0x80, 0x04, 0x80, 0xC4,
    0x40, 0x04, 0x40, 0xC4, 0x05, 0xC5, 0x40, 0x03, 0xC7, 0x40, 0x01, 0x40, 0xC6, 0x80, 0x40, 0x01, 0x40, 0xC6, 0x04, 0x40, 0xC1, 0x40, 0x01, 0x40,
    0x09, 0x80, 0xC0, 0x04, 0x42, 0x00, 0xC2, 0x04, 0x40, 0xC5, 0x80, 0x02, 0x40, 0x80, 0xC5, 0x80, 0x03, 0xC6, 0x40, 0x03, 0xC3, 0xDB, 0x02, 0x40,
    0x80, 0xC5, 0x80, 0x04, 0x40, 0xC4, 0x40, 0x04, 0x40, 0xC4, 0x05, 0xC5, 0x80, 0x03, 0x80, 0xC6, 0x80, 0x01, 0x40, 0xC6, 0x40, 0x03, 0x80, 0xC2,
    0x80, 0xC1, 0x05, 0xC1, 0x40, 0x0B, 0x81, 0xC0, 0x04, 0x40, 0x80, 0x40, 0x80, 0xC2, 0x04, 0x40, 0xC6, 0x03, 0xC6, 0x80, 0x03, 0xC6, 0x80, 0x03,
    0x80, 0xC2, 0xDB, 0x03, 0x81, 0xC4, 0x80, 0x05, 0xC4, 0x40, 0x04, 0x80, 0xC4, 0x04, 0x40, 0xC5, 0x80, 0x03, 0x80, 0xC6, 0x80, 0x01, 0x80, 0xC6,
    0x80, 0x03, 0x40, 0xC2, 0x40, 0xC1, 0x05, 0x80, 0xC0, 0x40, 0x0B, 0xC0, 0x40, 0xC0, 0x40, 0x04, 0xC0, 0x40, 0xC3, 0x05, 0xC6, 0x03, 0xC7, 0x03,
    0x80, 0xC6, 0x03, 0x40, 0xC2, 0xDB, 0x40, 0x01, 0x41, 0x80, 0xC4, 0x80, 0x05, 0xC4, 0x40, 0x04, 0x80, 0xC4, 0x04, 0x40, 0xC5, 0x80, 0x03, 0x80,
    0xC6, 0x40, 0x01, 0x80, 0xC6, 0x80, 0x03, 0x80, 0xC2, 0x00, 0xC1, 0x05, 0x80, 0xC0, 0x80, 0x0B, 0xC0, 0x40, 0xC0, 0x40, 0x04, 0xC0, 0x40, 0x80,
    0xC2, 0x40, 0x04, 0xC6, 0x03, 0x80, 0xC6, 0x03, 0x80, 0xC6, 0x03, 0x40, 0xC2, 0xDB, 0x80, 0x41, 0x80, 0x40, 0x80, 0xC4, 0x80, 0x05, 0xC4, 0x40,
    0x04, 0x80, 0xC4, 0x04, 0x40, 0xC5, 0x80, 0x03, 0x80, 0xC6, 0x02, 0x40, 0xC7, 0x40, 0x01, 0x40, 0x80, 0xC2, 0x00, 0xC1, 0x05, 0xC2, 0x0B, 0x80,
    0x42, 0x04, 0xC0, 0x41, 0xC2, 0x40, 0x04, 0xC6, 0x03, 0x80, 0xC6, 0x03, 0x80, 0xC6, 0x03, 0x40, 0xC2, 0xDC, 0x81, 0xC0, 0x40, 0xC5, 0x80, 0x04,
    0x40, 0xC4, 0x40, 0x04, 0x80, 0xC4, 0x40, 0x03, 0x40, 0xC5, 0x40, 0x03, 0x80, 0xC6, 0x03, 0x80, 0xC6, 0x80, 0x01, 0x80, 0xC3, 0x00, 0xC1, 0x40,
    0x04, 0xC2, 0x01, 0x40, 0x08, 0x40, 0x07, 0xC0, 0x40, 0x00, 0xC2, 0x40, 0x04, 0xC6, 0x03, 0x40, 0xC6, 0x40, 0x02, 0x80, 0xC6, 0x03, 0x40, 0xC2,
    0xDC, 0x80, 0x40, 0xC0, 0x80, 0xC5, 0x80, 0x04, 0x40, 0xC4, 0x80, 0x04, 0x80, 0xC4, 0x40, 0x03, 0x40, 0xC5, 0x40, 0x03, 0x80, 0xC6, 0x03, 0x80,
    0xC6, 0x80, 0x01, 0x40, 0x80, 0xC2, 0x00, 0xC1, 0x40, 0x04, 0xC2, 0x01, 0x40, 0x08, 0x41, 0x00, 0x40, 0x04, 0xC0, 0x80, 0x00, 0xC2, 0x80, 0x04,
    0xC6, 0x40, 0x02, 0x40, 0xC6, 0x40, 0x02, 0x40, 0xC6, 0x04, 0xC2, 0xDB, 0x80, 0x41, 0x81, 0xC5, 0x80, 0x04, 0x40, 0xC4, 0x80, 0x04, 0x80, 0xC4,
    0x40, 0x03, 0x40, 0xC5, 0x80, 0x03, 0x80, 0xC6, 0x03, 0xC7, 0x80, 0x01, 0x40, 0x80, 0xC2, 0x00, 0x80, 0xC0, 0x40, 0x04, 0xC2, 0x0B, 0x41, 0x00,
    0x40, 0x04, 0xC1, 0x40, 0xC2, 0x80, 0x04, 0xC6, 0x40, 0x02, 0x40, 0xC6, 0x40, 0x02, 0x40, 0xC6, 0x04, 0xC2, 0xDB, 0x40, 0x01, 0x41, 0x80, 0xC4,
    0x80, 0x05, 0xC4, 0x80, 0x04, 0x80, 0xC4, 0x05, 0xC6, 0x03, 0x40, 0xC6, 0x40, 0x01, 0x40, 0xC3, 0x80, 0xC2, 0x80, 0x02, 0x40, 0xC2, 0x00, 0x80,
    0xC0, 0x40, 0x04, 0x82, 0x08, 0x40, 0x01, 0x81, 0x00, 0x40, 0x04, 0xC1, 0x80, 0xC2, 0x80, 0x04, 0xC6, 0x40, 0x02, 0x40, 0xC6, 0x40, 0x02, 0x40,
    0xC6, 0x04, 0xC2, 0xDB, 0x40, 0x02, 0x41, 0xC4, 0x80, 0x05, 0xC4, 0x80, 0x04, 0x80, 0xC4, 0x05, 0xC6, 0x03, 0x40, 0xC6, 0x80, 0x01, 0x40, 0xC3,
    0x80, 0xC2, 0x40, 0x02, 0x40, 0xC2, 0x00, 0x40, 0xC0, 0x40, 0x04, 0x42, 0x08, 0x41, 0x00, 0x80, 0xC0, 0x40, 0x80, 0x04, 0xC5, 0x80, 0x04, 0xC6,
    0x40, 0x02, 0x40, 0xC6, 0x40, 0x02, 0x40, 0xC6, 0x40, 0x03, 0xC2, 0xDB, 0x40, 0x02, 0x40, 0x00, 0xC5, 0x05, 0x80, 0xC3, 0x80, 0x04, 0x40, 0xC4,
    0x05, 0xC6, 0x04, 0xC6, 0x80, 0x01, 0x40, 0xC3, 0x40, 0xC2, 0x40, 0x03, 0xC2, 0x00, 0x40, 0xC0, 0x80, 0x04, 0x42, 0x08, 0x41, 0x00, 0xC1, 0x40,
    0x80, 0x04, 0xC5, 0x80, 0x04, 0xC6, 0x40, 0x02, 0x40, 0xC6, 0x40, 0x02, 0x40, 0xC6, 0x40, 0x03, 0xC2, 0xDB, 0x80, 0x42, 0x80, 0x00, 0xC5, 0x05,
    0x40, 0xC4, 0x05, 0xC4, 0x05, 0xC6, 0x04, 0xC6, 0x40, 0x02, 0x40, 0xC2, 0x80, 0xC2, 0x80, 0x40, 0x00, 0x40, 0x80, 0xC2, 0x00, 0x40, 0xC1, 0x04,
    0x82, 0x0B, 0x81, 0x00, 0x40, 0x04, 0x80, 0xC0, 0x80, 0xC3, 0x04, 0xC6, 0x40, 0x03, 0xC6, 0x40, 0x02, 0x40, 0xC6, 0x04, 0xC2, 0xDC, 0x80, 0x40,
    0x80, 0xC0, 0x40, 0xC5, 0x05, 0x80, 0xC4, 0x05, 0xC4, 0x80, 0x04, 0x80, 0xC4, 0x80, 0x04, 0xC6, 0x40, 0x02, 0x40, 0xC2, 0x80, 0xC3, 0x40, 0x00,
    0x40, 0x80, 0xC2, 0x00, 0x40, 0xC1, 0x04, 0x80, 0xC1, 0x0B, 0x81, 0x00, 0x40, 0x04, 0x80, 0xC0, 0x40, 0xC3, 0x04, 0xC6, 0x40, 0x03, 0xC6, 0x80,
    0x02, 0x80, 0xC6, 0x03, 0x40, 0xC2, 0xDC, 0x42, 0xC0, 0x80, 0xC5, 0x05, 0x40, 0xC4, 0x05, 0x80, 0xC3, 0x40, 0x04, 0x80, 0xC5, 0x04, 0xC6, 0x40,
    0x03, 0xC2, 0x40, 0xC3, 0x40, 0x00, 0x40, 0xC3, 0x00, 0x40, 0xC1, 0x04, 0x80, 0xC1, 0x0B, 0x81, 0x00, 0x40, 0x04, 0x80, 0xC0, 0x40, 0xC2, 0x80,
    0x04, 0xC5, 0x80, 0x04, 0xC6, 0x40, 0x02, 0x80, 0xC6, 0x03, 0x40, 0xC2, 0xDB, 0x80, 0x02, 0x82, 0xC4, 0x06, 0xC4, 0x05, 0x40, 0xC3, 0x05, 0x80,
    0xC5, 0x04, 0xC6, 0x40, 0x03, 0xC2, 0x40, 0xC2, 0x80, 0x40, 0x00, 0x40, 0xC3, 0x00, 0x40, 0xC0, 0x80, 0x04, 0x80, 0xC1, 0x09, 0x41, 0x81, 0x06,
    0x40, 0x80, 0x00, 0xC2, 0x05, 0xC5, 0x05, 0xC6, 0x03, 0x80, 0xC5, 0x80, 0x03, 0x80, 0xC2, 0xDB, 0x40, 0x02, 0x41, 0x00, 0xC4, 0x06, 0x80, 0xC2,
    0x80, 0x06, 0xC3, 0x05, 0x80, 0xC5, 0x04, 0xC6, 0x40, 0x03, 0xC2, 0x40, 0xC2, 0x80, 0x40, 0x00, 0x40, 0xC3, 0x00, 0x40, 0xC0, 0x40, 0x04, 0x80,
    0xC1, 0x09, 0x40, 0x80, 0xC0, 0x80, 0x06, 0x40, 0x01, 0xC1, 0x80, 0x05, 0xC1, 0x80, 0xC1, 0x80, 0x04, 0x40, 0xC5, 0x80, 0x03, 0x80, 0xC5, 0x40,
    0x03, 0xC3, 0xD0, 0x82, 0xC7, 0x04, 0x40, 0x00, 0x80, 0xC3, 0x07, 0xC2, 0x40, 0x06, 0xC3, 0x05, 0x80, 0xC5, 0x04, 0xC6, 0x40, 0x03, 0xC2, 0x00,
    0xC2, 0x80, 0x01, 0x40, 0xC3, 0x00, 0x40, 0xC0, 0x05, 0x80, 0xC1, 0x08, 0x40, 0x81, 0xC0, 0x80, 0x09, 0xC1, 0x06, 0xC1, 0x40, 0xC1, 0x05, 0x80,
    0xC5, 0x40, 0x03, 0xC6, 0x03, 0x40, 0xC3, 0xD0, 0x80, 0x41, 0xC2, 0x80, 0xC3, 0x07, 0xC3, 0x07, 0xC2, 0x07, 0x40, 0xC2, 0x40, 0x04, 0x80, 0xC5,
    0x04, 0x80, 0xC1, 0x40, 0xC2, 0x40, 0x03, 0x80, 0xC1, 0x00, 0x80, 0xC1, 0x40, 0x01, 0x40, 0xC3, 0x01, 0x80, 0x05, 0xC2, 0x40, 0x07, 0x40, 0xC2,
    0x0A, 0xC1, 0x06, 0xC0, 0x80, 0x00, 0xC1, 0x05, 0xC6, 0x04, 0xC6, 0x03, 0x80, 0xC3, 0xD0, 0x40, 0x01, 0x40, 0xC0, 0x80, 0x40, 0xC3, 0x07, 0xC3,
    0x07, 0xC1, 0x80, 0x08, 0xC2, 0x80, 0x04, 0x40, 0xC5, 0x04, 0x80, 0xC1, 0x80, 0x40, 0xC1, 0x80, 0x03, 0x80, 0xC1, 0x01, 0xC1, 0x41, 0x01, 0xC3,
    0x02, 0x40, 0x04, 0xC2, 0x40, 0x07, 0x40, 0xC1, 0x40, 0x0A, 0xC0, 0x80, 0x06, 0xC0, 0x80, 0x00, 0xC1, 0x05, 0xC6, 0x04, 0xC6, 0x03, 0x80, 0xC3,
    0xC6, 0x80, 0xC7, 0x80, 0x03, 0x40, 0x01, 0xC3, 0x40, 0x06, 0xC2, 0x80, 0x07, 0xC1, 0x80, 0x06, 0x40, 0x00, 0xC3, 0x05, 0xC3, 0x80, 0xC0, 0x40,
    0x04, 0xC2, 0x80, 0x00, 0xC1, 0x40, 0x02, 0x80, 0xC1, 0x80, 0x01, 0x80, 0x40, 0x02, 0x80, 0xC2, 0x40, 0x07, 0x80, 0xC1, 0x08, 0x40, 0xC1, 0x0B,
    0xC0, 0x80, 0x06, 0xC1, 0x00, 0xC1, 0x05, 0xC6, 0x40, 0x02, 0x40, 0xC6, 0x03, 0x40, 0xC3, 0xC4, 0x40, 0x02, 0x80, 0x40, 0x00, 0xC3, 0x80, 0x06,
    0xC3, 0x40, 0x06, 0xC1, 0x80, 0x40, 0x07, 0xC2, 0x40, 0x05, 0x81, 0xC3, 0x40, 0x04, 0x40, 0xC3, 0x80, 0x40, 0x04, 0xC4, 0x00, 0x40, 0x80, 0x01,
    0x40, 0x80, 0xC3, 0x80, 0x05, 0xC2, 0x81, 0x40, 0x06, 0xC1, 0x09, 0xC1, 0x0B, 0xC1, 0x06, 0xC1, 0x80, 0xC1, 0x40, 0x04, 0x80, 0xC5, 0x80, 0x03,
    0xC6, 0x40, 0x03, 0xC3, 0xC4, 0x40, 0x05, 0xC3, 0x80, 0x06, 0xC3, 0x40, 0x06, 0xC1, 0x80, 0x07, 0x40, 0xC3, 0x06, 0xC5, 0x05, 0xC5, 0x04, 0x80,
    0xC5, 0x40, 0x02, 0x80, 0xC6, 0x03, 0x40, 0xC1, 0x41, 0x81, 0x40, 0x04, 0xC1, 0x09, 0x40, 0xC0, 0x00, 0x40, 0x07, 0x40, 0x00, 0xC1, 0x40, 0x05,
    0xC5, 0x40, 0x03, 0x40, 0xC6, 0x03, 0x80, 0xC5, 0x80, 0x03, 0x40, 0xC2, 0xC5, 0x40, 0x04, 0xC4, 0x06, 0xC4, 0x06, 0xC2, 0x80, 0x06, 0x40, 0xC2,
    0x80, 0x40, 0x05, 0x80, 0xC4, 0x40, 0x04, 0x40, 0xC5, 0x04, 0xC7, 0x40, 0x00, 0x40, 0xC7, 0x03, 0xC1, 0x42, 0x80, 0xC0, 0x40, 0x03, 0x40, 0xC0,
    0x0A, 0xC0, 0x40, 0x0A, 0xC2, 0x05, 0x40, 0xC5, 0x04, 0xC7, 0x03, 0xC6, 0x80, 0x03, 0xC2, 0xC6, 0x80, 0x40, 0x02, 0xC5, 0x05, 0xC4, 0x80, 0x05,
    0xC4, 0x40, 0x05, 0xC3, 0x07, 0xC4, 0x80, 0x05, 0xC5, 0x80, 0x04, 0xC6, 0x80, 0x02, 0x80, 0xC6, 0x40, 0x02, 0x43, 0x80, 0xC1, 0x80, 0x03, 0x40,
    0x04, 0xC0, 0x04, 0x40, 0xC0, 0x41, 0x08, 0xC3, 0x05, 0xC6, 0x03, 0x40, 0xC6, 0x80, 0x02, 0x80, 0xC6, 0x80, 0x03, 0xC1, 0xC8, 0x80, 0x01, 0xC6,
    0x40, 0x03, 0xC5, 0x80, 0x04, 0xC5, 0x40, 0x04, 0xC4, 0x06, 0xC4, 0x80, 0x05, 0xC6, 0x40, 0x03, 0xC6, 0x80, 0x40, 0x01, 0x40, 0xC7, 0x80, 0x01,
    0xC0, 0x80, 0x42, 0xC2, 0x80, 0x02, 0x80, 0xC0, 0x03, 0xC1, 0x04, 0xC0, 0x80, 0x40, 0x80, 0x01, 0x40, 0x04, 0xC3, 0x80, 0x04, 0x40, 0xC5, 0x04,
    0xC7, 0x03, 0xC7, 0x40, 0x02, 0x80, 0xC0, 0xC9, 0x40, 0x00, 0xC7, 0x03, 0xC6, 0x04, 0xC5, 0x80, 0x04, 0xC4, 0x80, 0x05, 0xC4, 0x80, 0x40, 0x04,
    0xC6, 0x80, 0x03, 0xC7, 0x40, 0x02, 0xC8, 0x01, 0x80, 0xC0, 0x42, 0xC3, 0x02, 0x40, 0xC0, 0x40, 0x02, 0x80, 0xC0, 0x40, 0x03, 0xC1, 0x81, 0x01,
    0x80, 0x04, 0xC3, 0x80, 0x05, 0xC5, 0x40, 0x03, 0x80, 0xC6, 0x40, 0x02, 0x80, 0xC7, 0x03, 0xC0, 0xC9, 0x80, 0x00, 0xC7, 0x40, 0x02, 0xC6, 0x40,
    0x03, 0xC6, 0x04, 0xC5, 0x40, 0x04, 0xC5, 0x80, 0x04, 0xC7, 0x03, 0xC7, 0x80, 0x02, 0xC8, 0x80, 0x01, 0xC0, 0x40, 0x00, 0x40, 0x80, 0xC2, 0x80,
    0x02, 0xC0, 0x80, 0x02, 0x40, 0xC0, 0x80, 0x03, 0xC1, 0x81, 0x01, 0x40, 0x04, 0xC4, 0x05, 0x40, 0xC4, 0x40, 0x04, 0xC6, 0x40, 0x03, 0xC7, 0x40,
    0x02, 0xC0, 0xC9, 0x80, 0x40, 0xC8, 0x02, 0xC7, 0x03, 0xC6, 0x80, 0x03, 0xC5, 0x40, 0x04, 0xC6, 0x40, 0x03, 0xC7, 0x40, 0x02, 0xC8, 0x02, 0xC9,
    0x40, 0x00, 0xC0, 0x02, 0x40, 0xC3, 0x40, 0x01, 0xC0, 0x80, 0x03, 0xC1, 0x40, 0x02, 0xC1, 0x81, 0x01, 0x41, 0x03, 0xC3, 0x80, 0x06, 0xC4, 0x40,
    0x05, 0xC5, 0x04, 0x40, 0xC7, 0x02, 0x80, 0xCA, 0x80, 0xC8, 0x40, 0x01, 0xC7, 0x80, 0x02, 0xC7, 0x40, 0x02, 0xC5, 0x80, 0x04, 0xC6, 0x80, 0x03,
    0xC8, 0x02, 0xC8, 0x40, 0x01, 0xC9, 0x80, 0x00, 0xC0, 0x03, 0xC4, 0x40, 0x00, 0xC0, 0x40, 0x03, 0xC2, 0x02, 0xC1, 0x80, 0xC0, 0x01, 0x40, 0xC0,
    0x03, 0xC3, 0x80, 0x06, 0xC4, 0x06, 0xC5, 0x05, 0xC7, 0x40, 0x02, 0xCA, 0x80, 0xC9, 0x01, 0xC8, 0x02, 0xC7, 0x80, 0x02, 0xC6, 0x04, 0xC7, 0x40,
    0x02, 0xC8, 0x40, 0x01, 0xC9, 0x01, 0xC1, 0x80, 0xC6, 0x80, 0x40, 0x80, 0x03, 0xC5, 0x40, 0xC0, 0x40, 0x03, 0xC2, 0x40, 0x01, 0xC3, 0x02, 0xC0,
    0x40, 0x02, 0xC3, 0x80, 0x06, 0xC4, 0x06, 0xC5, 0x05, 0xC8, 0x02, 0xCA, 0x80, 0xC9, 0x40, 0x00, 0xC8, 0x80, 0x01, 0xC7, 0x80, 0x02, 0xC6, 0x40,
    0x03, 0xC7, 0x80, 0x02, 0xC8, 0x80, 0x01, 0xC9, 0x01, 0x80, 0x41, 0x80, 0xC5, 0x80, 0x41, 0x03, 0x80, 0xC6, 0x04, 0xC2, 0x80, 0x01, 0xC3, 0x02,
    0xC0, 0x80, 0x02, 0xC3, 0x40, 0x06, 0xC4, 0x06, 0xC4, 0x80, 0x05, 0xC8, 0x02, 0xD5, 0x40, 0x00, 0xC9, 0x01, 0xC7, 0x80, 0x02, 0xC6, 0x80, 0x03,
    0xC7, 0x80, 0x02, 0xC8, 0x80, 0x01, 0xC9, 0x01, 0x40, 0x01, 0x40, 0x80, 0xC4, 0x80, 0x41, 0x03, 0x80, 0xC6, 0x41, 0x02, 0xC2, 0x80, 0x01, 0xC2,
    0x80, 0x02, 0xC0, 0x40, 0x02, 0xC3, 0x40, 0x06, 0xC4, 0x06, 0xC5, 0x01, 0x40, 0x02, 0xC8, 0x02, 0xD5, 0x80, 0x00, 0xC9, 0x01, 0xC7, 0x80, 0x02,
    0xC6, 0x80, 0x03, 0xC7, 0x80, 0x02, 0xC9, 0x01, 0xC9, 0x04, 0x40, 0x80, 0xC4, 0x80, 0x41, 0x03, 0x80, 0xC6, 0x41, 0x02, 0xC2, 0x80, 0x01, 0xC2,
    0x80, 0x02, 0xC0, 0x40, 0x02, 0xC3, 0x40, 0x06, 0xC4, 0x06, 0xC5, 0x41, 0x80, 0x02, 0xC8, 0x02, 0xD6, 0x00, 0xC9, 0x01, 0xC7, 0x80, 0x02, 0xC6,
    0x80, 0x03, 0xC8, 0x02, 0xC9, 0x01, 0xC9, 0x04, 0x40, 0x80, 0xC4, 0x80, 0x00, 0x40, 0x03, 0x80, 0xC6, 0x41, 0x02, 0xC2, 0x80, 0x01, 0xC2, 0x80,
    0x02, 0xC0, 0x40, 0x02, 0xC3, 0x40, 0x06, 0xC4, 0x06, 0xC5, 0x82, 0x02, 0xC8, 0x02, 0xD6, 0x00, 0xC9, 0x01, 0xC7, 0x80, 0x02, 0xC7, 0x03, 0xC8,
    0x02, 0xC9, 0x01, 0xC0, 0x80, 0xC7, 0x05, 0x80, 0xC4, 0x80, 0x05, 0x80, 0xC6, 0x80, 0x40, 0x02, 0xC2, 0x80, 0x01, 0xC2, 0x80, 0x02, 0x80, 0x40,
    0x02, 0xC3, 0x40, 0x06, 0xC4, 0x40, 0x05, 0xC5, 0x81, 0xC0, 0x02, 0xC8, 0x02, 0xD6, 0x40, 0xC9, 0x40, 0x00, 0xC7, 0x40, 0x02, 0xC7, 0x03, 0xC8,
    0x40, 0x01, 0xC9, 0x01, 0x81, 0xC7, 0x05, 0x80, 0xC4, 0x80, 0x40, 0x04, 0x80, 0xC6, 0x81, 0x02, 0xC2, 0x80, 0x01, 0xC3, 0x02, 0x80, 0x40, 0x02,
    0xC3, 0x40, 0x06, 0xC4, 0x40, 0x05, 0xC8, 0x02, 0xC8, 0x02, 0xD6, 0x40, 0xC9, 0x40, 0x00, 0xC7, 0x03, 0xC7, 0x40, 0x02, 0xC8, 0x80, 0x01, 0xC9,
    0x01, 0x80, 0x40, 0x80, 0xC6, 0x05, 0x80, 0xC5, 0x40, 0x04, 0x80, 0xC6, 0x81, 0x02, 0x80, 0xC1, 0x80, 0x01, 0xC3, 0x02, 0x40, 0x03, 0xC3, 0x80,
    0x06, 0xC4, 0x80, 0x01, 0x40, 0x02, 0xC8, 0x02, 0xC8, 0x02, 0xD6, 0x40, 0xC8, 0x80, 0x40, 0x00, 0xC7, 0x40, 0x02, 0xC8, 0x02, 0xC9, 0x01, 0xC9,
    0x01, 0x40, 0x00, 0x40, 0xC6, 0x40, 0x04, 0x40, 0xC5, 0x80, 0x04, 0x40, 0xC3, 0x81, 0xC2, 0x02, 0x80, 0xC1, 0x40, 0x01, 0xC3, 0x07, 0xC4, 0x06,
    0xC5, 0x41, 0x80, 0x02, 0xC8, 0x40, 0x01, 0xC8, 0x40, 0x01, 0xD6, 0x00, 0xC7, 0x80, 0x02, 0xC7, 0x80, 0x02, 0xC8, 0x80, 0x01, 0xC9, 0x01, 0xC9,
    0x40, 0x03, 0x80, 0xC5, 0x80, 0x05, 0xC6, 0x40, 0x04, 0xC3, 0x41, 0xC2, 0x80, 0x02, 0xC0, 0x80, 0x02, 0xC3, 0x40, 0x06, 0xC4, 0x40, 0x05, 0xC8,
    0x40, 0x01, 0xC8, 0x40, 0x01, 0xC8, 0x40, 0x01, 0xD4, 0x80, 0x40, 0x00, 0xC8, 0x02, 0xC9, 0x01, 0xCA, 0x00, 0xCA, 0x00, 0x41, 0x80, 0xC7, 0x40,
    0x03, 0x80, 0xC6, 0x04, 0x40, 0xC5, 0x40, 0x04, 0x40, 0xC2, 0x40, 0x00, 0xC3, 0x40, 0x02, 0x40, 0x02, 0xC4, 0x40, 0x05, 0xC5, 0x80, 0x01, 0x40,
    0x01, 0xC9, 0x01, 0xC9, 0x01, 0xC9, 0x01, 0xC9, 0x80, 0x00, 0xC9, 0x80, 0x00, 0xCA, 0x40, 0xD8, 0x80, 0xC9, 0x40, 0x02, 0x80, 0xC6, 0x05, 0xC5,
    0x06, 0x80, 0xC3, 0x40, 0x01, 0x81, 0x02, 0x80, 0xC0, 0x80, 0x00, 0xC0, 0x80, 0xC2, 0x80, 0x05, 0xC5, 0x80, 0x04, 0xC7, 0x82, 0x40, 0xCA, 0x40,
    0xCA, 0x40, 0xCA, 0x40, 0xF0, 0x80, 0x40, 0x80, 0xC7, 0x40, 0x03, 0x40, 0xC5, 0x06, 0x80, 0xC3, 0x40, 0x06, 0x40, 0xC3, 0x40, 0x01, 0x41, 0x03,
    0x80, 0xC0, 0x40, 0x02, 0xC1, 0x80, 0x04, 0xC0, 0x01, 0x80, 0xC3, 0x03, 0xC1, 0x80, 0xC5, 0x40, 0x01, 0xEF, 0xD9, 0x80, 0x40, 0xC7, 0x80, 0x41,
    0x02, 0x40, 0xC4, 0x07, 0x40, 0xC2, 0x09, 0x80, 0xC1, 0x40, 0x08, 0x40, 0xC1, 0x80, 0x01, 0x40, 0x80, 0x40, 0x03, 0xC7, 0x80, 0x02, 0xC2, 0x81,
    0xC4, 0x01, 0xC0, 0x03, 0x80, 0xC4, 0x80, 0xC0, 0x80, 0x01, 0x40, 0xC8, 0x01, 0xEB, 0xC1, 0x80, 0x40, 0x01, 0x80, 0xC4, 0x40, 0x07, 0x80, 0xC1,
    0x40, 0x08, 0x40, 0xC1, 0x40, 0x09, 0xC1, 0x41, 0x07, 0xC2, 0x08, 0xC3, 0x41, 0x80, 0xC0, 0x80, 0x02, 0xC9, 0x40, 0x00, 0xE5, 0x80, 0x42, 0xC6,
    0x40, 0x03, 0xC7, 0x02, 0x40, 0xC7, 0x80, 0x01, 0xC9, 0x80, 0xC7, 0xC0, 0x80, 0x40, 0x08, 0xC2, 0x41, 0x06, 0xC4, 0x80, 0x05, 0xC2, 0x80, 0x07,
    0xC2, 0x80, 0x02, 0x40, 0x80, 0x40, 0x01, 0xC9, 0x80, 0x00, 0xFF, 0xD4, 0x80, 0x03, 0x80, 0xC5, 0x40, 0x03, 0x80, 0xC6, 0x02, 0x40, 0xC5, 0xC4,
    0x80, 0x05, 0xC2, 0x80, 0x07, 0xC3, 0x40, 0x01, 0x40, 0xC0, 0x80, 0x01, 0xCA, 0x80, 0xFF, 0xEE, 0x82, 0xC6, 0x04, 0x40, 0xC5, 0x04, 0x80, 0xC4,
    0xCA, 0x80, 0xFF, 0xFF, 0xD1, 0x84, 0xC5, 0x05, 0xC5, 0x04, 0x40, 0xC4, 0xFF, 0xFF, 0xDC, 0x05, 0x40, 0xC4, 0x05, 0xC6, 0x03, 0x80, 0xC4, 0xFF,
    0xFF, 0xC4, 0x40, 0x05, 0xC4, 0x40, 0x05, 0xC5, 0x04, 0x80, 0xC6, 0x02, 0x80, 0xC7, 0x02, 0x80, 0xC4, 0xFF, 0xE2, 0x84, 0xC5, 0x05, 0x80, 0xC4,
    0x05, 0x80, 0xC4, 0x80, 0x03, 0x40, 0xC6, 0x40, 0x02, 0xC7, 0x80, 0x01, 0x40, 0xDC, 0xFF, 0xCA, 0x80, 0x41, 0x82, 0xC4, 0x40, 0x05, 0xC4, 0x40,
    0x04, 0x40, 0xC5, 0x04, 0xC6, 0x80, 0x02, 0x80, 0xC7, 0x02, 0xF4, 0xF3, 0x82, 0xC6, 0x80, 0x05, 0x80, 0xC3, 0x80, 0x05, 0xC5, 0x04, 0x40, 0xC6,
    0x02, 0x40, 0xC7, 0x02, 0xFF, 0xCC, 0xE6, 0x40, 0x02, 0x40, 0x81, 0xC3, 0x80, 0x05, 0x80, 0xC4, 0x05, 0xC5, 0x80, 0x03, 0x80, 0xC6, 0x02, 0x80,
    0xC7, 0x40, 0x01, 0xFF, 0xD8, 0xDA, 0x03, 0x40, 0x81, 0xC4, 0x05, 0x80, 0xC4, 0x05, 0x80, 0xC4, 0x80, 0x03, 0x80, 0xC6, 0x02, 0x80, 0xC7, 0x80,
    0x41, 0xFF, 0xE4, 0xCE, 0x40, 0x02, 0x40, 0xC6, 0x05, 0x40, 0xC4, 0x05, 0x80, 0xC4, 0x80, 0x03, 0x40, 0xC6, 0x02, 0x80, 0xC7, 0x80, 0x41, 0xFF,
    0xF0, 0xC2, 0x80, 0x41, 0x80, 0xC7, 0x04, 0x40, 0x80, 0xC4, 0x05, 0x81, 0xC3, 0x40, 0x04, 0x80, 0xC5, 0x02, 0x40, 0xC7, 0x02, 0xFF, 0xFC, 0xC2,
    0x03, 0x80, 0xC6, 0x05, 0x80, 0xC4, 0x05, 0x81, 0xC3, 0x80, 0x03, 0x40, 0x80, 0xC4, 0x80, 0x02, 0x80, 0xC7, 0x80, 0x41, 0xFF, 0xFC, 0xC2, 0x03,
    0x40, 0xC5, 0x80, 0x05, 0x80, 0xC4, 0x05, 0x81, 0xC3, 0x80, 0x03, 0x40, 0x80, 0xC4, 0x80, 0x02, 0xC9, 0x81, 0xFF, 0xFC, 0xC2, 0x02, 0x40, 0xC6,
    0x80, 0x05, 0xC5, 0x05, 0x40, 0x80, 0xC3, 0x80, 0x04, 0x81, 0xC3, 0x80, 0x02, 0x40, 0x80, 0xC6, 0x80, 0x41, 0xFF, 0xFC, 0xCD, 0x80, 0x02, 0x40,
    0x80, 0xC5, 0x80, 0x05, 0x80, 0xC4, 0x05, 0x40, 0x80, 0xC3, 0x80, 0x04, 0x81, 0xC3, 0x40, 0x02, 0x80, 0xC8, 0x80, 0x40, 0xFF, 0xF0, 0xD9, 0x80,
    0x00, 0x40, 0x80, 0xC7, 0x80, 0x04, 0x80, 0xC5, 0x06, 0x80, 0xC3, 0x40, 0x04, 0x81, 0xC3, 0x40, 0x03, 0x40, 0x80, 0xC5, 0x40, 0x01, 0xFF, 0xE4,
    0xF1, 0x80, 0x00, 0x40, 0x80, 0xC7, 0x80, 0x03, 0x40, 0x80, 0xC5, 0x06, 0x40, 0xC3, 0x40, 0x04, 0x80, 0x40, 0xC3, 0x40, 0x02, 0x40, 0x81, 0xC5,
    0x40, 0x00, 0x40, 0xFF, 0xCC, 0xFF, 0xC9, 0x80, 0x00, 0x40, 0x80, 0xC7, 0x80, 0x03, 0x40, 0x80, 0xC5, 0x06, 0x80, 0xC3, 0x40, 0x04, 0x41, 0xC3,
    0x40, 0x03, 0x41, 0x80, 0xC3, 0x80, 0x02, 0xF4, 0xFF, 0xE2, 0x40, 0x80, 0xC8, 0x80, 0x03, 0x80, 0xC5, 0x80, 0x05, 0x80, 0xC4, 0x06, 0x40, 0xC3,
    0x40, 0x04, 0x41, 0xC3, 0x40, 0x02, 0x40, 0x81, 0xC5, 0x40, 0x00, 0x40, 0xD0, 0x3F, 0x2E, 0x40, 0x09, 0xC3, 0x80, 0x40, 0x05, 0xC6, 0x40, 0x03,
    0x40, 0xC6, 0x80, 0x03, 0xC6, 0x40, 0x80, 0x02, 0xC6, 0x80, 0x40, 0x02, 0xC3, 0x04, 0x3F, 0x2D, 0x42, 0x08, 0xC2, 0x40, 0xC0, 0x80, 0x05, 0xC2,
    0x80, 0xC2, 0x40, 0x03, 0x80, 0xC6, 0x80, 0x03, 0xC7, 0x80, 0x02, 0xC6, 0x81, 0x02, 0xC3, 0x40, 0x03, 0x3F, 0x2C, 0x40, 0x81, 0x01, 0x40, 0x05,
    0x40, 0xC1, 0x80, 0x00, 0xC1, 0x40, 0x03, 0x40, 0xC0, 0x80, 0xC0, 0x80, 0xC2, 0x40, 0x03, 0xC5, 0x80, 0xC1, 0x03, 0xC7, 0x80, 0x02, 0xC7, 0x80,
    0x02, 0xC3, 0x80, 0x03, 0x3F, 0x2C, 0x40, 0x81, 0x01, 0x40, 0x05, 0xC3, 0x40, 0xC1, 0x80, 0x03, 0x81, 0x00, 0x80, 0x40, 0xC2, 0x40, 0x03, 0xC1,
    0x80, 0xC1, 0x80, 0x40, 0xC1, 0x40, 0x02, 0xC8, 0x01, 0x40, 0xC7, 0x80, 0x02, 0xC3, 0x80, 0x03, 0x3F, 0x23, 0x40, 0x07, 0x40, 0x81, 0x40, 0x00,
    0x41, 0x04, 0xC0, 0x40, 0x00, 0x40, 0x00, 0x80, 0xC1, 0x03, 0xC0, 0x80, 0x00, 0x40, 0x80, 0x40, 0xC1, 0x00, 0x40, 0x02, 0xC1, 0x40, 0xC0, 0x80,
    0x40, 0x00, 0x80, 0xC0, 0x80, 0x01, 0x40, 0xC4, 0x80, 0xC2, 0x01, 0x40, 0xC1, 0x80, 0xC4, 0x80, 0x02, 0xC2, 0x81, 0x02, 0x40, 0x3F, 0x16, 0x40,
    0x09, 0x41, 0x07, 0x40, 0x81, 0x02, 0x40, 0x80, 0x03, 0x40, 0x80, 0x03, 0x40, 0xC1, 0x40, 0x02, 0xC0, 0x80, 0x01, 0xC0, 0x00, 0x81, 0x00, 0x40,
    0x01, 0x40, 0xC1, 0x00, 0xC1, 0x80, 0x00, 0x40, 0xC1, 0x01, 0x40, 0xC1, 0x80, 0xC1, 0x80, 0xC2, 0x01, 0x40, 0xC1, 0x80, 0xC5, 0x02, 0xC2, 0x80,
    0x41, 0x01, 0x40, 0x3F, 0x09, 0x40, 0x0A, 0x80, 0x09, 0xC0, 0x80, 0x08, 0x80, 0xC0, 0x04, 0x80, 0x03, 0x80, 0x03, 0x40, 0x00, 0xC1, 0x80, 0x01,
    0x40, 0xC0, 0x80, 0x01, 0x80, 0x40, 0x00, 0x40, 0x03, 0x40, 0xC1, 0x40, 0x80, 0xC0, 0x80, 0x41, 0xC1, 0x01, 0x80, 0xC1, 0x40, 0xC1, 0x80, 0xC2,
    0x01, 0x40, 0xC1, 0x80, 0xC5, 0x02, 0xC2, 0x80, 0x00, 0x40, 0x01, 0x40, 0x3F, 0x08, 0x80, 0x0A, 0xC0, 0x40, 0x09, 0x80, 0x40, 0x08, 0x40, 0x05,
    0xC0, 0x40, 0x02, 0x80, 0x03, 0x40, 0x00, 0x80, 0xC0, 0x80, 0x01, 0x80, 0xC0, 0x40, 0x01, 0x40, 0x80, 0x05, 0x80, 0xC1, 0x40, 0x00, 0xC1, 0x41,
    0xC1, 0x01, 0x80, 0xC1, 0x00, 0xC1, 0x40, 0xC2, 0x01, 0x40, 0xC1, 0x80, 0xC3, 0x80, 0xC0, 0x02, 0xC2, 0x40, 0x00, 0x80, 0x40, 0x00, 0x40, 0x3B,
    0x80, 0x40, 0x09, 0x40, 0x81, 0x27, 0xC0, 0x80, 0x02, 0x40, 0x04, 0x40, 0x00, 0x81, 0x01, 0x80, 0xC0, 0x40, 0x02, 0xC0, 0x03, 0x40, 0x00, 0x80,
    0xC1, 0x40, 0x00, 0xC1, 0x40, 0x00, 0xC1, 0x01, 0x80, 0xC1, 0x00, 0xC1, 0x40, 0xC2, 0x01, 0x40, 0xC2, 0x80, 0xC2, 0x80, 0xC0, 0x02, 0xC2, 0x40,
    0x00, 0x80, 0x40, 0x00, 0x40, 0x23, 0x40, 0x0A, 0xC1, 0x09, 0xC0, 0x40, 0x34, 0x40, 0x80, 0x40, 0x01, 0x40, 0x04, 0x40, 0x00, 0x40, 0x80, 0x01,
    0xC1, 0x40, 0x02, 0x80, 0x40, 0x02, 0x80, 0x00, 0x80, 0xC1, 0x40, 0x00, 0x80, 0xC0, 0x40, 0x00, 0xC1, 0x01, 0xC2, 0x00, 0xC1, 0x81, 0xC1, 0x01,
    0x40, 0xC2, 0x40, 0xC2, 0x40, 0x80, 0x02, 0xC2, 0x40, 0x00, 0x81, 0x01, 0x23, 0xC0, 0x0A, 0x80, 0x0A, 0x40, 0x36, 0xC0, 0x40, 0x08, 0x40, 0x00,
    0x40, 0x01, 0xC1, 0x40, 0x03, 0x80, 0x01, 0x40, 0x80, 0x40, 0x80, 0xC1, 0x40, 0x00, 0x80, 0xC0, 0x80, 0x00, 0x40, 0xC0, 0x01, 0xC1, 0x80, 0x00,
    0xC1, 0x81, 0xC1, 0x01, 0x40, 0xC2, 0x40, 0xC2, 0x40, 0x80, 0x02, 0xC2, 0x01, 0x80, 0xC0, 0x01, 0x2F, 0x80, 0x3F, 0x02, 0x80, 0x40, 0x01, 0x40,
    0x05, 0x40, 0x03, 0xC1, 0x40, 0x03, 0xC0, 0x01, 0x40, 0x80, 0x40, 0x80, 0xC1, 0x40, 0x00, 0x80, 0xC0, 0x80, 0x01, 0xC0, 0x01, 0xC1, 0x80, 0x00,
    0x80, 0xC1, 0x40, 0xC1, 0x01, 0x40, 0xC2, 0x00, 0xC1, 0x80, 0x40, 0x80, 0x02, 0xC1, 0x80, 0x01, 0x80, 0xC0, 0x40, 0x00, 0x3F, 0x27, 0x40, 0x0A,
    0x40, 0x80, 0x01, 0x40, 0x0A, 0xC1, 0x40, 0x03, 0x80, 0x40, 0x01, 0x80, 0x40, 0xC2, 0x40, 0x00, 0x80, 0xC1, 0x01, 0x80, 0x01, 0xC1, 0x80, 0x00,
    0x40, 0xC1, 0x00, 0xC1, 0x01, 0x80, 0xC2, 0x00, 0x80, 0xC0, 0x80, 0x00, 0x80, 0x02, 0xC1, 0x80, 0x01, 0x80, 0xC0, 0x40, 0x00, 0x3F, 0x27, 0x40,
    0x0B, 0x80, 0x0D, 0xC1, 0x40, 0x03, 0x81, 0x01, 0x40, 0x80, 0xC2, 0x40, 0x00, 0x40, 0xC1, 0x01, 0x80, 0x01, 0xC1, 0x80, 0x00, 0x40, 0xC1, 0x00,
    0x80, 0xC0, 0x01, 0x80, 0xC2, 0x00, 0x80, 0xC0, 0x80, 0x00, 0x40, 0x02, 0xC1, 0x80, 0x01, 0x80, 0xC0, 0x40, 0x00, 0x3F, 0x34, 0x80, 0x0B, 0x40,
    0x00, 0x41, 0x06, 0x40, 0x01, 0xC2, 0x80, 0x40, 0x01, 0x40, 0xC1, 0x02, 0x80, 0xC2, 0x40, 0x00, 0xC2, 0x00, 0x40, 0x02, 0xC0, 0x80, 0x40, 0x00,
    0x40, 0xC1, 0x40, 0xC0, 0x02, 0x80, 0xC2, 0x00, 0x80, 0xC0, 0x80, 0x00, 0x3F, 0x3F, 0x01, 0x80, 0x0B, 0x40, 0x80, 0x00, 0x40, 0x08, 0x40, 0xC0,
    0x80, 0xC0, 0x80, 0x03, 0x81, 0x40, 0x00, 0x40, 0xC3, 0x40, 0x00, 0x80, 0xC1, 0x80, 0x02, 0x80, 0xC1, 0x80, 0x00, 0x40, 0x80, 0xC1, 0x23, 0xC0,
    0x40, 0x0A, 0x80, 0x3F, 0x1C, 0x40, 0x19, 0x80, 0x00, 0x40, 0x08, 0x40, 0xC0, 0x80, 0xC0, 0x80, 0x40, 0x01, 0x40, 0xC0, 0x24, 0xC1, 0x08, 0x80,
    0xC1, 0x40, 0x07, 0x80, 0x40, 0x3F, 0x3F, 0x01, 0x25, 0x80, 0x40, 0x09, 0xC1, 0x09, 0xC1, 0x09, 0xC0, 0x40, 0x09, 0x40, 0x3F, 0x28, 0x31, 0x40,
    0x80, 0x09, 0x40, 0xC0, 0x80, 0x09, 0xC1, 0x0A, 0xC0, 0x3F, 0x26, 0x3F, 0x0A, 0x81, 0x0A, 0xC1, 0x40, 0x3F, 0x24, 0x3F, 0x1A, 0x40, 0x06, 0x40,
    0xC0, 0x80, 0x3F, 0x19, 0x3F, 0x0E, 0x40, 0x09, 0x40, 0x09, 0x80, 0x40, 0x08, 0x81, 0x3F, 0x0D, 0x3F, 0x0D, 0x40, 0x0A, 0x80, 0x0A, 0x80, 0x09,
    0x81, 0x3F, 0x0C, 0x3F, 0x18, 0xC0, 0x80, 0x0A, 0xC0, 0x0A, 0x80, 0x40, 0x3F, 0x0B, 0x3F, 0x18, 0x80, 0xC1, 0x07, 0x80, 0xC2, 0x40, 0x09, 0x80,
    0x3F, 0x0B, 0x3F, 0x02, 0x40, 0x09, 0xC1, 0x08, 0xC2, 0x07, 0x40, 0xC1, 0x80, 0x07, 0xC0, 0x40, 0x3F, 0x0D, 0x3F, 0x00, 0x80, 0xC0, 0x09, 0xC1,
    0x80, 0x08, 0xC1, 0x80, 0x08, 0xC1, 0x09, 0x80, 0x40, 0x09, 0x40, 0x3F, 0x01, 0x3F, 0x80, 0x40, 0x09, 0xC2, 0x08, 0x80, 0xC1, 0x09, 0xC1, 0x0A,
    0xC0, 0x40, 0x0A, 0x40, 0x3F, 0x3F, 0x0A, 0x81, 0xC0, 0x08, 0x40, 0xC2, 0x08, 0x80, 0xC2, 0x40, 0x09, 0x41, 0x3F, 0x0A, 0x3F, 0x0C, 0x40, 0x08,
    0x40, 0xC2, 0x81, 0x04, 0x40, 0xC3, 0x40, 0x07, 0x40, 0x80, 0x3F, 0x0D, 0x3F, 0x03, 0x40, 0x08, 0x40, 0xC0, 0x07, 0x80, 0xC1, 0x80, 0x07, 0xC2,
    0x40, 0x06, 0x80, 0xC1, 0x80, 0x07, 0x40, 0x3F, 0x03, 0x35, 0x40, 0x0A, 0x80, 0x0A, 0xC0, 0x09, 0xC1, 0x40, 0x07, 0x40, 0xC1, 0x80, 0x07, 0x40,
    0xC1, 0x08, 0x40, 0x80, 0x09, 0x40, 0x36, 0x33, 0x40, 0x0A, 0x41, 0x0A, 0xC0, 0x80, 0x08, 0x40, 0xC1, 0x80, 0x08, 0xC2, 0x08, 0x80, 0xC0, 0x40,
    0x09, 0xC0, 0x0A, 0x40, 0x34, 0x3F, 0x09, 0x40, 0x80, 0x40, 0x81, 0x08, 0x80, 0xC2, 0x07, 0x40, 0xC2, 0x09, 0x81, 0x40, 0x0A, 0x80, 0x3E, 0x3F,
    0x0B, 0x40, 0xC1, 0x40, 0x06, 0x40, 0xC3, 0x05, 0x80, 0x41, 0xC2, 0x81, 0x06, 0x40, 0x3F, 0x0D, 0x3F, 0x0C, 0xC1, 0x41, 0x80, 0x05, 0xC3, 0x07,
    0xC2, 0x40, 0x06, 0x80, 0x41, 0x07, 0x41, 0x3F, 0x03, 0x37, 0x80, 0x09, 0x80, 0x40, 0x06, 0x40, 0xC1, 0x40, 0x07, 0xC2, 0x40, 0x07, 0xC2, 0x08,
    0x40, 0xC0, 0x80, 0x08, 0x41, 0x09, 0x80, 0x36, 0x28, 0x41, 0x09, 0x41, 0x09, 0x40, 0x09, 0x80, 0xC0, 0x80, 0x08, 0xC2, 0x08, 0xC2, 0x80, 0x07,
    0x40, 0xC1, 0x0A, 0x40, 0x0B, 0x80, 0x33, 0x32, 0x80, 0x0A, 0x80, 0x40, 0x0A, 0xC0, 0x80, 0x40, 0x08, 0xC2, 0x80, 0x07, 0xC2, 0x80, 0x07, 0x80,
    0xC1, 0x40, 0x80, 0x40, 0x0A, 0x40, 0x3D, 0x3F, 0x08, 0x41, 0x01, 0x40, 0x80, 0x05, 0x40, 0x81, 0xC2, 0x83, 0x03, 0x40, 0xC3, 0x07, 0x80, 0xC1,
    0x80, 0x3F, 0x0B, 0x38, 0x80, 0x09, 0x80, 0x40, 0x06, 0x81, 0xC0, 0x07, 0x40, 0xC2, 0x06, 0x40, 0xC3, 0x04, 0x40, 0xC0, 0x40, 0x80, 0xC1, 0x40,
    0x08, 0x41, 0x3F, 0x00, 0x29, 0x80, 0x0A, 0x80, 0x0A, 0x80, 0x08, 0x40, 0x80, 0xC0, 0x80, 0x07, 0x40, 0xC2, 0x07, 0x40, 0xC2, 0x07, 0x40, 0xC2,
    0x07, 0x80, 0x41, 0x07, 0x40, 0x80, 0x09, 0x40, 0x2B, 0x26, 0x80, 0x40, 0x0A, 0x80, 0x0A, 0x80, 0x40, 0x0A, 0xC1, 0x40, 0x07, 0xC3, 0x07, 0x40,
    0xC2, 0x40, 0x07, 0x80, 0xC1, 0x09, 0xC0, 0x0A, 0x80, 0x0A, 0x80, 0x28, 0x3C, 0x41, 0x0A, 0x40, 0x81, 0xC1, 0x80, 0x07, 0xC3, 0x40, 0x06, 0xC3,
    0x40, 0x08, 0x80, 0xC0, 0x40, 0x0A, 0x80, 0x40, 0x0A, 0x80, 0x31, 0x3F, 0x01, 0x40, 0x08, 0x80, 0xC2, 0x06, 0x40, 0xC3, 0x40, 0x03, 0xC0, 0x81,
    0xC3, 0x81, 0xC0, 0x05, 0x80, 0x40, 0x3F, 0x0C, 0x3F, 0x00, 0x41, 0x01, 0xC0, 0x80, 0x04, 0x80, 0xC2, 0x80, 0x06, 0xC3, 0x06, 0x40, 0xC2, 0x40,
    0x07, 0xC0, 0x81, 0x07, 0x80, 0x09, 0x80, 0x40, 0x37, 0x1E, 0x80, 0x40, 0x09, 0xC0, 0x40, 0x08, 0x40, 0x80, 0x08, 0x80, 0xC0, 0x08, 0xC2, 0x40,
    0x06, 0x40, 0xC2, 0x80, 0x06, 0x40, 0xC2, 0x80, 0x07, 0xC2, 0x80, 0x08, 0x80, 0x0A, 0x80, 0x0A, 0x80, 0x40, 0x09, 0x41, 0x1C, 0x0F, 0x80, 0x0A,
    0xC0, 0x0A, 0x80, 0x40, 0x09, 0x40, 0x80, 0x09, 0x40, 0xC1, 0x40, 0x06, 0x40, 0xC3, 0x06, 0xC3, 0x80, 0x06, 0xC4, 0x40, 0x05, 0x40, 0xC3, 0x07,
    0x40, 0xC1, 0x80, 0xC0, 0x0A, 0x81, 0x0A, 0x81, 0x24, 0x17, 0x40, 0x0A, 0xC0, 0x80, 0x03, 0x40, 0x05, 0x80, 0xC0, 0x41, 0xC1, 0x80, 0x06, 0xC4,
    0x06, 0x40, 0xC3, 0x40, 0x04, 0x40, 0xC5, 0x80, 0x40, 0x02, 0x80, 0xC4, 0x40, 0x80, 0xC1, 0x01, 0x40, 0xC4, 0x80, 0x01, 0x40, 0x02, 0xC4, 0x40,
    0x06, 0x40, 0x82, 0x33, 0x1B, 0x40, 0xC1, 0x08, 0xC2, 0x80, 0x07, 0xC2, 0x80, 0x06, 0x80, 0xC7, 0x40, 0x80, 0xC5, 0x80, 0x40, 0x01, 0xC0, 0x40,
    0x01, 0x80, 0xC2, 0x06, 0x80, 0xC4, 0x40, 0x03, 0xC6, 0x40, 0x03, 0xC6, 0x80, 0x03, 0x40, 0xC5, 0x40, 0x04, 0x80, 0xC3, 0x08, 0x80, 0x40, 0x1C,
    0x0F, 0x80, 0xC0, 0x80, 0x07, 0x80, 0xC2, 0x40, 0x06, 0x80, 0xC2, 0x80, 0x07, 0xC3, 0x80, 0x40, 0x80, 0xC0, 0x03, 0x80, 0xC3, 0x42, 0x01, 0x40,
    0xC4, 0x05, 0xC5, 0x04, 0x80, 0xC5, 0x80, 0x02, 0x80, 0xC0, 0x01, 0x80, 0xC3, 0x02, 0xC0, 0x01, 0x40, 0xC5, 0x40, 0x00, 0x40, 0x00, 0x80, 0xC6,
    0x40, 0x02, 0xC7, 0x03, 0x80, 0xC5, 0x80, 0x04, 0x40, 0xC4, 0x07, 0xC1, 0x40, 0x03, 0x0F, 0x40, 0xC0, 0x80, 0x07, 0xC3, 0x40, 0x06, 0x80, 0xC2,
    0x40, 0x06, 0x40, 0xC2, 0x80, 0x07, 0x80, 0xC2, 0x80, 0x41, 0x03, 0x40, 0xC3, 0x80, 0xC1, 0x03, 0xC4, 0x06, 0xC4, 0x06, 0xC0, 0x80, 0xC2, 0x05,
    0x80, 0xC4, 0x04, 0x40, 0xC0, 0x80, 0xC4, 0x80, 0x02, 0xC1, 0x00, 0xC5, 0x40, 0x00, 0x80, 0xC0, 0x40, 0x80, 0xC5, 0x40, 0x00, 0x40, 0x00, 0x40,
    0xC6, 0x40, 0x02, 0x40, 0xC6, 0x01, 0x1B, 0x80, 0xC1, 0x07, 0x80, 0xC2, 0x40, 0x06, 0x40, 0xC2, 0x40, 0x06, 0x40, 0xC2, 0x40, 0x07, 0x80, 0xC1,
    0x08, 0xC3, 0x06, 0x40, 0xC4, 0x80, 0x05, 0xC3, 0x07, 0xC3, 0x06, 0x80, 0xC3, 0x06, 0xC4, 0x05, 0x40, 0x80, 0xC3, 0x80, 0x06, 0xC4, 0x80, 0x04,
    0x40, 0xC5, 0x01, 0x27, 0x80, 0xC0, 0x80, 0x07, 0x40, 0xC2, 0x08, 0xC2, 0x08, 0xC2, 0x08, 0x80, 0xC0, 0x80, 0x08, 0xC2, 0x40, 0x07, 0xC3, 0x07,
    0x40, 0xC2, 0x40, 0x06, 0x80, 0xC2, 0x06, 0x40, 0xC3, 0x06, 0x40, 0xC3, 0x06, 0x40, 0x80, 0xC2, 0x05, 0x40, 0x00, 0x80, 0xC2, 0x40, 0x02, 0x33,
    0xC2, 0x08, 0xC2, 0x08, 0xC2, 0x08, 0x80, 0xC1, 0x08, 0x80, 0xC1, 0x08, 0xC2, 0x80, 0x07, 0x40, 0xC1, 0x80, 0x07, 0x40, 0xC1, 0x80, 0x07, 0xC3,
    0x80, 0x06, 0xC3, 0x80, 0x05, 0x40, 0x80, 0xC1, 0x80, 0x40, 0x04, 0x41, 0x80, 0xC1, 0x80, 0x03, 0x33, 0x80, 0xC0, 0x80, 0x08, 0xC2, 0x08, 0xC2,
    0x08, 0xC2, 0x08, 0x40, 0xC0, 0x80, 0x08, 0x80, 0xC1, 0x40, 0x07, 0x40, 0xC1, 0x80, 0x07, 0x40, 0xC2, 0x07, 0xC4, 0x40, 0x05, 0xC2, 0x80, 0x40,
    0x80, 0x05, 0xC3, 0x06, 0x40, 0xC2, 0x80, 0x03, 0x33, 0x80, 0xC0, 0x80, 0x08, 0xC2, 0x08, 0xC2, 0x08, 0xC2, 0x08, 0x80, 0xC0, 0x80, 0x08, 0x80,
    0xC1, 0x40, 0x07, 0x40, 0xC2, 0x08, 0xC2, 0x80, 0x06, 0xC2, 0x82, 0x05, 0xC2, 0x80, 0x00, 0x80, 0x05, 0xC3, 0x07, 0xC3, 0x03, 0x33, 0x80, 0xC0,
    0x80, 0x08, 0xC2, 0x08, 0xC2, 0x08, 0xC2, 0x08, 0x80, 0xC1, 0x08, 0x80, 0xC1, 0x40, 0x08, 0xC2, 0x40, 0x07, 0x80, 0xC2, 0x40, 0x05, 0xC2, 0x80,
    0x00, 0x80, 0x04, 0x40, 0xC3, 0x07, 0xC3, 0x07, 0xC3, 0x03, 0x33, 0x80, 0xC0, 0x80, 0x07, 0x40, 0xC2, 0x08, 0xC2, 0x08, 0xC2, 0x08, 0x80, 0xC1,
    0x08, 0x80, 0xC1, 0x80, 0x08, 0xC3, 0x07, 0x80, 0xC1, 0x80, 0x40, 0x05, 0xC3, 0x06, 0x40, 0xC3, 0x07, 0xC3, 0x06, 0x40, 0xC3, 0x40, 0x02, 0x33,
    0x80, 0xC0, 0x80, 0x07, 0x40, 0xC2, 0x08, 0xC2, 0x08, 0xC2, 0x08, 0x80, 0xC1, 0x08, 0x80, 0xC2, 0x80, 0x07, 0xC3, 0x07, 0x80, 0xC1, 0x80, 0x06,
    0xC3, 0x06, 0x40, 0xC3, 0x40, 0x06, 0xC3, 0x06, 0x80, 0xC3, 0x40, 0x02, 0x33, 0x80, 0xC1, 0x08, 0xC2, 0x08, 0xC2, 0x08, 0xC2, 0x08, 0xC2, 0x80,
    0x07, 0x80, 0xC2, 0x80, 0x07, 0xC3, 0x07, 0x80, 0xC1, 0x80, 0x05, 0x40, 0xC4, 0x05, 0x40, 0xC3, 0x80, 0x06, 0xC3, 0x06, 0x80, 0xC3, 0x40, 0x02,
    0x33, 0x80, 0xC1, 0x08, 0xC2, 0x08, 0xC2, 0x08, 0xC2, 0x07, 0x40, 0xC2, 0x40, 0x06, 0x40, 0xC3, 0x08, 0xC2, 0x80, 0x06, 0x40, 0xC3, 0x05, 0x80,
    0xC3, 0x80, 0x05, 0x40, 0xC3, 0x07, 0xC3, 0x06, 0x80, 0xC3, 0x40, 0x02, 0x33, 0x40, 0xC0, 0x80, 0x08, 0xC2, 0x08, 0xC2, 0x40, 0x07, 0x80, 0xC1,
    0x06, 0x40, 0xC3, 0x80, 0x06, 0x80, 0xC3, 0x40, 0x06, 0x40, 0xC3, 0x05, 0x41, 0xC3, 0x05, 0x80, 0xC3, 0x40, 0x06, 0xC3, 0x07, 0xC3, 0x06, 0x80,
    0xC3, 0x40, 0x02, 0x33, 0x40, 0x81, 0x08, 0xC2, 0x40, 0x07, 0xC2, 0x40, 0x07, 0x40, 0xC1, 0x06, 0x80, 0xC4, 0x05, 0x40, 0x80, 0xC3, 0x80, 0x06,
    0x40, 0xC2, 0x80, 0x05, 0x40, 0xC3, 0x80, 0x06, 0xC3, 0x07, 0xC2, 0x80, 0x06, 0x40, 0xC3, 0x06, 0x80, 0xC3, 0x40, 0x02, 0x34, 0x81, 0x08, 0x80,
    0xC1, 0x80, 0x07, 0x80, 0xC2, 0x08, 0xC1, 0x40, 0x05, 0xC5, 0x05, 0x40, 0x80, 0xC3, 0x80, 0x06, 0x40, 0xC2, 0x07, 0x80, 0xC1, 0x80, 0x07, 0xC3,
    0x80, 0x06, 0xC3, 0x06, 0x40, 0xC3, 0x06, 0xC4, 0x40, 0x02, 0x34, 0x80, 0xC0, 0x08, 0x40, 0xC2, 0x07, 0x40, 0xC2, 0x08, 0xC1, 0x80, 0x05, 0x80,
    0xC4, 0x05, 0x81, 0xC3, 0x40, 0x06, 0x80, 0xC1, 0x80, 0x06, 0x40, 0x80, 0xC1, 0x08, 0xC4, 0x06, 0xC3, 0x40, 0x05, 0x80, 0xC3, 0x05, 0x40, 0xC4,
    0x03, 0x34, 0xC1, 0x80, 0x08, 0xC2, 0x08, 0xC2, 0x08, 0x80, 0xC0, 0x80, 0x05, 0x40, 0xC4, 0x05, 0x81, 0xC3, 0x07, 0x80, 0xC1, 0x40, 0x06, 0x40,
    0xC2, 0x08, 0xC3, 0x80, 0x06, 0xC3, 0x40, 0x05, 0x80, 0xC3, 0x05, 0x40, 0xC4, 0x80, 0x02, 0x34, 0xC1, 0x80, 0x08, 0xC2, 0x08, 0xC2, 0x08, 0x80,
    0xC0, 0x80, 0x06, 0xC4, 0x05, 0x40, 0xC3, 0x80, 0x06, 0x80, 0xC2, 0x06, 0x41, 0xC2, 0x08, 0xC3, 0x80, 0x05, 0x40, 0xC3, 0x06, 0x80, 0xC3, 0x06,
    0xC4, 0x40, 0x02, 0x28, 0x41, 0x09, 0xC2, 0x08, 0xC2, 0x08, 0xC2, 0x08, 0x80, 0xC0, 0x80, 0x06, 0xC4, 0x06, 0xC3, 0x40, 0x04, 0x40, 0x80, 0xC3,
    0x08, 0x80, 0xC1, 0x40, 0x07, 0xC3, 0x80, 0x05, 0x40, 0xC3, 0x06, 0x80, 0xC3, 0x06, 0xC4, 0x80, 0x02, 0x28, 0x40, 0x80, 0x09, 0xC2, 0x08, 0xC2,
    0x40, 0x07, 0xC2, 0x07, 0x40, 0x80, 0xC0, 0x80, 0x05, 0x40, 0xC3, 0x80, 0x04, 0x80, 0xC4, 0x08, 0x80, 0xC1, 0x08, 0xC2, 0x40, 0x07, 0xC3, 0x80,
    0x05, 0x40, 0xC3, 0x06, 0x80, 0xC3, 0x06, 0xC4, 0x03, 0x28, 0x80, 0xC0, 0x40, 0x08, 0xC2, 0x08, 0xC2, 0x40, 0x07, 0x80, 0xC1, 0x07, 0x80, 0xC1,
    0x40, 0x03, 0x40, 0xC5, 0x40, 0x06, 0xC3, 0x08, 0x80, 0xC1, 0x08, 0xC2, 0x40, 0x07, 0xC3, 0x40, 0x05, 0x80, 0xC3, 0x06, 0x80, 0xC3, 0x06, 0xC4,
    0x03, 0x28, 0x80, 0xC0, 0x80, 0x08, 0xC2, 0x08, 0xC2, 0x40, 0x07, 0x80, 0xC1, 0x03, 0x40, 0xC1, 0x80, 0xC2, 0x40, 0x03, 0x40, 0x00, 0x40, 0xC3,
    0x07, 0x80, 0xC2, 0x08, 0xC1, 0x80, 0x08, 0xC2, 0x80, 0x07, 0xC3, 0x40, 0x05, 0x80, 0xC3, 0x06, 0x80, 0xC3, 0x06, 0xC4, 0x03, 0x28, 0x80, 0xC1,
    0x08, 0xC2, 0x40, 0x07, 0xC2, 0x40, 0x02, 0x40, 0xC0, 0x40, 0x01, 0x80, 0xC1, 0x03, 0x40, 0x80, 0xC4, 0x07, 0x80, 0xC2, 0x07, 0x80, 0xC2, 0x08,
    0xC1, 0x80, 0x08, 0xC2, 0x80, 0x07, 0xC3, 0x06, 0x80, 0xC3, 0x06, 0x80, 0xC3, 0x06, 0x80, 0xC3, 0x03, 0x28, 0x80, 0xC1, 0x08, 0xC2, 0x40, 0x02,
    0x41, 0x02, 0xC2, 0x40, 0x02, 0xC2, 0x80, 0x40, 0xC2, 0x05, 0x40, 0x80, 0xC2, 0x40, 0x06, 0x80, 0xC2, 0x07, 0x80, 0xC2, 0x08, 0xC1, 0x80, 0x08,
    0xC2, 0x80, 0x07, 0xC3, 0x06, 0x40, 0xC3, 0x06, 0x80, 0xC3, 0x06, 0x80, 0xC3, 0x03, 0x28, 0x40, 0xC1, 0x08, 0xC2, 0x40, 0x02, 0xC1, 0x40, 0x01,
    0xC2, 0x40, 0x03, 0x80, 0xC1, 0x80, 0xC2, 0x06, 0x80, 0xC2, 0x40, 0x06, 0xC3, 0x07, 0x80, 0xC2, 0x08, 0xC1, 0x80, 0x08, 0xC2, 0x40, 0x07, 0xC3,
    0x06, 0x40, 0xC3, 0x06, 0x40, 0xC3, 0x06, 0x40, 0xC3, 0x03, 0x29, 0xC0, 0x80, 0x03, 0x80, 0x03, 0xC2, 0x40, 0x02, 0x40, 0xC0, 0x80, 0x01, 0xC2,
    0x80, 0x04, 0x80, 0xC0, 0x40, 0xC2, 0x40, 0x05, 0x80, 0xC2, 0x80, 0x06, 0xC3, 0x07, 0x40, 0xC2, 0x08, 0xC1, 0x80, 0x08, 0xC2, 0x40, 0x07, 0xC3,
    0x07, 0xC3, 0x06, 0x40, 0xC3, 0x06, 0x40, 0xC3, 0x40, 0x02, 0x23, 0x40, 0x04, 0x80, 0x40, 0x04, 0x80, 0x02, 0x80, 0xC1, 0x40, 0x03, 0x80, 0xC0,
    0x01, 0xC2, 0x80, 0x04, 0x40, 0xC0, 0x40, 0xC2, 0x40, 0x05, 0x80, 0xC3, 0x06, 0xC3, 0x07, 0x40, 0xC2, 0x08, 0xC1, 0x80, 0x08, 0xC2, 0x08, 0xC3,
    0x07, 0xC3, 0x07, 0xC3, 0x07, 0xC3, 0x40, 0x02, 0x24, 0x40, 0x03, 0x80, 0x40, 0x04, 0xC0, 0x40, 0x01, 0x80, 0xC1, 0x40, 0x03, 0x40, 0xC0, 0x40,
    0x00, 0x80, 0xC1, 0x80, 0x05, 0xC0, 0x80, 0xC2, 0x40, 0x05, 0x80, 0xC3, 0x06, 0xC3, 0x08, 0xC2, 0x08, 0xC1, 0x80, 0x08, 0xC2, 0x08, 0xC3, 0x07,
    0xC3, 0x07, 0xC3, 0x07, 0xC3, 0x40, 0x02, 0x24, 0x80, 0x03, 0x80, 0x40, 0x04, 0x80, 0x40, 0x01, 0x80, 0xC1, 0x40, 0x04, 0xC0, 0x80, 0x00, 0x80,
    0xC1, 0x80, 0x05, 0x80, 0xC3, 0x40, 0x05, 0x80, 0xC3, 0x06, 0xC3, 0x08, 0xC2, 0x08, 0xC1, 0x80, 0x08, 0xC2, 0x08, 0xC3, 0x07, 0xC3, 0x07, 0xC3,
    0x07, 0xC3, 0x80, 0x02, 0x24, 0x80, 0x03, 0xC0, 0x80, 0x04, 0x81, 0x01, 0x80, 0xC1, 0x40, 0x04, 0xC0, 0x80, 0x00, 0x80, 0xC1, 0x80, 0x05, 0x80,
    0xC3, 0x40, 0x05, 0x80, 0xC2, 0x80, 0x06, 0xC3, 0x08, 0xC2, 0x08, 0xC1, 0x40, 0x08, 0xC2, 0x40, 0x07, 0xC3, 0x07, 0xC3, 0x07, 0xC3, 0x07, 0xC3,
    0x80, 0x02, 0x24, 0x80, 0x40, 0x02, 0xC0, 0x80, 0x04, 0x81, 0x01, 0xC2, 0x40, 0x04, 0xC0, 0x80, 0x00, 0xC2, 0x80, 0x05, 0x80, 0xC3, 0x40, 0x05,
    0x80, 0xC2, 0x80, 0x06, 0xC3, 0x08, 0xC2, 0x08, 0xC1, 0x40, 0x08, 0xC2, 0x40, 0x07, 0xC3, 0x07, 0xC3, 0x07, 0xC3, 0x07, 0xC3, 0x80, 0x02, 0x24,
    0x41, 0x02, 0xC0, 0x80, 0x04, 0x40, 0x80, 0x01, 0xC2, 0x40, 0x04, 0xC0, 0x80, 0x00, 0xC2, 0x80, 0x05, 0x80, 0xC3, 0x40, 0x05, 0x80, 0xC2, 0x80,
    0x06, 0xC3, 0x07, 0x40, 0xC2, 0x08, 0xC1, 0x40, 0x08, 0xC2, 0x80, 0x07, 0xC3, 0x07, 0xC3, 0x07, 0xC3, 0x07, 0xC3, 0x80, 0x02, 0x25, 0x40, 0x02,
    0xC0, 0x80, 0x04, 0x40, 0x80, 0x01, 0xC2, 0x40, 0x04, 0xC0, 0x40, 0x00, 0xC2, 0x80, 0x05, 0xC0, 0x80, 0xC2, 0x40, 0x05, 0x80, 0xC2, 0x80, 0x06,
    0xC3, 0x07, 0x40, 0xC2, 0x08, 0xC1, 0x40, 0x08, 0xC2, 0x40, 0x07, 0xC3, 0x07, 0xC3, 0x07, 0xC3, 0x07, 0xC3, 0x40, 0x02, 0x28, 0x80, 0xC0, 0x80,
    0x05, 0x80, 0x01, 0xC2, 0x40, 0x04, 0xC0, 0x01, 0xC2, 0x80, 0x04, 0x81, 0x00, 0xC2, 0x40, 0x05, 0xC3, 0x80, 0x06, 0xC3, 0x40, 0x06, 0xC3, 0x08,
    0xC1, 0x80, 0x08, 0xC2, 0x40, 0x07, 0xC3, 0x07, 0xC3, 0x07, 0xC3, 0x07, 0xC3, 0x40, 0x02, 0x1C, 0x40, 0x0A, 0xC1, 0x80, 0x07, 0x80, 0xC2, 0x40,
    0x04, 0x40, 0x00, 0x40, 0xC2, 0x40, 0x04, 0xC0, 0x40, 0x00, 0xC2, 0x40, 0x04, 0x80, 0xC3, 0x80, 0x06, 0xC4, 0x05, 0x40, 0xC3, 0x40, 0x06, 0x40,
    0xC2, 0x08, 0xC2, 0x08, 0xC3, 0x40, 0x06, 0xC3, 0x80, 0x05, 0x40, 0xC3, 0x06, 0x80, 0xC3, 0x40, 0x02, 0x1B, 0x40, 0x80, 0x40, 0x08, 0xC3, 0x07,
    0xC3, 0x40, 0x06, 0xC3, 0x40, 0x06, 0x40, 0xC2, 0x40, 0x05, 0x81, 0xC1, 0x80, 0x05, 0x40, 0xC4, 0x40, 0x05, 0xC4, 0x80, 0x04, 0x40, 0xC3, 0x80,
    0x07, 0xC2, 0x08, 0xC2, 0x80, 0x40, 0x06, 0xC4, 0x05, 0x80, 0xC4, 0x05, 0xC4, 0x40, 0x02, 0x1A, 0x40, 0xC1, 0x40, 0x07, 0x40, 0xC3, 0x06, 0x80,
    0xC3, 0x40, 0x05, 0x40, 0xC3, 0x40, 0x06, 0x80, 0xC2, 0x40, 0x06, 0x80, 0xC1, 0x80, 0x06, 0x80, 0xC4, 0x05, 0xC5, 0x40, 0x04, 0xC5, 0x05, 0xC5,
    0x06, 0xC3, 0x40, 0x06, 0xC5, 0x04, 0x40, 0xC5, 0x04, 0xC4, 0x80, 0x40, 0x01, 0x1A, 0xC2, 0x80, 0x07, 0xC4, 0x06, 0xC4, 0x40, 0x05, 0xC4, 0x40,
    0x06, 0xC3, 0x80, 0x06, 0x80, 0xC1, 0x80, 0x06, 0xC5, 0x40, 0x03, 0x40, 0xC6, 0x04, 0xC6, 0x04, 0xC6, 0x04, 0x40, 0xC5, 0x05, 0xC5, 0x05, 0xC5,
    0x40, 0x03, 0x80, 0xC5, 0x01, 0x1A, 0xC3, 0x40, 0x06, 0xC4, 0x05, 0x40, 0xC4, 0x40, 0x04, 0x40, 0xC4, 0x80, 0x06, 0xC3, 0x80, 0x06, 0x80, 0xC2,
    0x06, 0x80, 0xC4, 0x80, 0x04, 0xC6, 0x80, 0x03, 0xC6, 0x05, 0xC4, 0x80, 0x05, 0x80, 0xC4, 0x04, 0x80, 0xC5, 0x04, 0x40, 0xC5, 0x80, 0x03, 0x40,
    0xC5, 0x01, 0x19, 0x40, 0xC3, 0x40, 0x05, 0x40, 0xC4, 0x05, 0x40, 0xC4, 0x80, 0x04, 0x40, 0xC4, 0x80, 0x05, 0x40, 0xC4, 0x06, 0xC3, 0x40, 0x06,
    0xC4, 0x80, 0xC0, 0x80, 0x02, 0x80, 0xC6, 0x80, 0x02, 0x40, 0xC5, 0x80, 0x04, 0xC5, 0x05, 0x40, 0xC4, 0x80, 0x03, 0x81, 0xC5, 0x03, 0xC6, 0x80,
    0x03, 0x40, 0xC5, 0x01, 0x1A, 0xC3, 0x40, 0x06, 0xC4, 0x40, 0x04, 0x40, 0xC5, 0x04, 0x40, 0xC5, 0x05, 0x40, 0xC4, 0x00, 0x41, 0x03, 0x80, 0xC2,
    0x40, 0x00, 0xC1, 0x03, 0x80, 0xC3, 0x40, 0xC1, 0x03, 0xC6, 0x80, 0x03, 0xC5, 0x80, 0x04, 0x80, 0xC4, 0x06, 0xC5, 0x03, 0x41, 0xC5, 0x40, 0x02,
    0xC7, 0x03, 0x80, 0xC5, 0x01, 0x1A, 0x80, 0xC2, 0x80, 0x06, 0x80, 0xC4, 0x01, 0x40, 0x02, 0xC5, 0x00, 0x40, 0xC0, 0x02, 0xC5, 0x40, 0x00, 0xC0,
    0x03, 0x80, 0xC3, 0x80, 0x40, 0xC0, 0x04, 0xC2, 0x80, 0x01, 0xC0, 0x04, 0xC3, 0x81, 0xC0, 0x03, 0x80, 0xC5, 0x80, 0x03, 0x40, 0xC5, 0x05, 0xC4,
    0x80, 0x05, 0x80, 0xC4, 0x40, 0x02, 0x42, 0xC5, 0x02, 0xC7, 0x80, 0x03, 0xC5, 0x40, 0x00, 0x0A, 0x40, 0x0A, 0x80, 0x03, 0xC3, 0x40, 0x01, 0x80,
    0x03, 0xC4, 0x80, 0x00, 0x80, 0x03, 0xC5, 0x00, 0x80, 0x03, 0xC5, 0x00, 0x80, 0x03, 0x40, 0xC4, 0x40, 0x80, 0x04, 0x80, 0xC2, 0x80, 0x00, 0x40,
    0x04, 0x80, 0xC3, 0x40, 0xC0, 0x04, 0xC6, 0x04, 0x80, 0xC5, 0x04, 0x40, 0xC4, 0x40, 0x05, 0xC5, 0x03, 0x40, 0x00, 0x80, 0xC4, 0x02, 0x40, 0xC7,
    0x03, 0x80, 0xC5, 0x00, 0x1B, 0x40, 0xC3, 0x40, 0x05, 0x40, 0xC4, 0x40, 0x04, 0x40, 0xC4, 0x80, 0x04, 0x40, 0xC5, 0x05, 0x40, 0xC4, 0x06, 0xC3,
    0x40, 0x06, 0xC4, 0x40, 0x05, 0xC5, 0x05, 0xC5, 0x05, 0x80, 0xC4, 0x05, 0x40, 0xC4, 0x03, 0x41, 0x00, 0xC4, 0x03, 0x80, 0xC6, 0x04, 0xC5, 0x80,
    0x1C, 0x80, 0xC2, 0x80, 0x06, 0x80, 0xC4, 0x05, 0x80, 0xC4, 0x40, 0x04, 0xC5, 0x40, 0x05, 0x80, 0xC3, 0x80, 0x05, 0x40, 0xC2, 0x80, 0x07, 0xC3,
    0x80, 0x05, 0x80, 0xC4, 0x05, 0x40, 0xC4, 0x06, 0xC4, 0x06, 0x80, 0xC3, 0x04, 0x42, 0xC3, 0x04, 0xC6, 0x05, 0xC5, 0x1D, 0xC3, 0x80, 0x06, 0xC4,
    0x80, 0x05, 0xC5, 0x05, 0xC5, 0x05, 0x40, 0xC4, 0x06, 0x80, 0xC2, 0x40, 0x06, 0x80, 0xC3, 0x06, 0xC4, 0x06, 0xC4, 0x06, 0x80, 0xC3, 0x07, 0xC3,
    0x05, 0x41, 0xC3, 0x04, 0x40, 0xC5, 0x05, 0x80, 0xC4, 0x12, 0x40, 0x09, 0xC3, 0x80, 0x06, 0xC5, 0x05, 0xC5, 0x05, 0xC5, 0x06, 0xC4, 0x06, 0x40,
    0xC2, 0x80, 0x06, 0x40, 0xC3, 0x06, 0xC4, 0x06, 0x80, 0xC3, 0x06, 0x40, 0xC3, 0x07, 0xC3, 0x05, 0x41, 0x80, 0xC2, 0x05, 0xC5, 0x05, 0x40, 0xC4,
    0x12, 0x41, 0x08, 0x80, 0xC3, 0x06, 0xC5, 0x05, 0xC5, 0x05, 0xC5, 0x06, 0x80, 0xC3, 0x06, 0x40, 0x80, 0xC1, 0x80, 0x06, 0x40, 0xC3, 0x06, 0x80,
    0xC3, 0x06, 0x40, 0xC3, 0x07, 0xC3, 0x07, 0xC3, 0x05, 0x41, 0x80, 0xC2, 0x05, 0xC5, 0x05, 0x40, 0xC4, 0x12, 0x42, 0x07, 0x80, 0xC3, 0x40, 0x05,
    0x80, 0xC4, 0x05, 0xC5, 0x05, 0x80, 0xC4, 0x06, 0x80, 0xC3, 0x06, 0x40, 0x80, 0xC1, 0x80, 0x06, 0x40, 0xC3, 0x06, 0x80, 0xC3, 0x06, 0x40, 0xC3,
    0x07, 0xC3, 0x07, 0x80, 0xC2, 0x05, 0x80, 0x40, 0x80, 0xC2, 0x05, 0xC5, 0x05, 0x40, 0xC4, 0x12, 0x40, 0x80, 0x40, 0x07, 0x80, 0xC3, 0x80, 0x05,
    0x80, 0xC4, 0x05, 0xC5, 0x05, 0x80, 0xC4, 0x06, 0x40, 0xC3, 0x06, 0x40, 0x80, 0xC1, 0x80, 0x06, 0x40, 0xC3, 0x06, 0x40, 0xC3, 0x07, 0xC3, 0x07,
    0xC3, 0x07, 0x80, 0xC2, 0x04, 0x40, 0x82, 0xC2, 0x05, 0xC5, 0x05, 0x40, 0xC4, 0x12, 0x80, 0xC0, 0x80, 0x40, 0x06, 0x40, 0xC4, 0x05, 0x40, 0xC4,
    0x05, 0x80, 0xC4, 0x06, 0xC4, 0x07, 0xC3, 0x07, 0xC3, 0x07, 0xC3, 0x07, 0xC3, 0x07, 0xC3, 0x07, 0x80, 0xC2, 0x07, 0x40, 0xC2, 0x04, 0x40, 0x82,
    0xC2, 0x05, 0xC5, 0x05, 0x40, 0xC4, 0x12, 0xC3, 0x40, 0x06, 0xC4, 0x06, 0xC4, 0x06, 0xC4, 0x06, 0x80, 0xC3, 0x07, 0xC3, 0x07, 0x80, 0xC2, 0x07,
    0xC3, 0x07, 0xC3, 0x07, 0x80, 0xC2, 0x07, 0x40, 0xC2, 0x07, 0x40, 0xC2, 0x04, 0x40, 0xC5, 0x05, 0xC5, 0x05, 0x40, 0xC4, 0x11, 0x40, 0x80, 0xC1,
    0x80, 0x06, 0x80, 0xC4, 0x05, 0x40, 0xC4, 0x05, 0x80, 0xC4, 0x06, 0xC4, 0x07, 0xC3, 0x07, 0xC3, 0x07, 0xC3, 0x07, 0xC3, 0x07, 0xC3, 0x07, 0x80,
    0xC2, 0x07, 0x80, 0xC2, 0x04, 0x40, 0xC5, 0x05, 0x80, 0xC4, 0x05, 0x40, 0xC4, 0x27, 0x41, 0xC1, 0x40, 0x06, 0x80, 0xC3, 0x80, 0x05, 0xC5, 0x80,
    0x04, 0xC6, 0x40, 0x03, 0x40, 0xC4, 0x80, 0x06, 0xC2, 0x40, 0x01, 0xC4, 0x41, 0xC3, 0x01, 0x40, 0xC9, 0x02, 0x82, 0xC5, 0x05, 0x80, 0xC4, 0x06,
    0xC4, 0x06, 0xC4, 0x06, 0xC4, 0x2A, 0x40, 0x07, 0x81, 0xC2, 0x80, 0x05, 0x80, 0xC4, 0x40, 0x04, 0xC6, 0x40, 0x03, 0x80, 0xC6, 0x04, 0x40, 0xC3,
    0x80, 0x06, 0x80, 0xC2, 0x40, 0x06, 0x40, 0xC3, 0x80, 0x06, 0x80, 0xC3, 0x07, 0xC3, 0x07, 0xC3, 0x07, 0x80, 0xC2, 0x08, 0xC2, 0x36, 0x40, 0x81,
    0xC1, 0x06, 0x40, 0xC3, 0x06, 0x40, 0xC3, 0x06, 0x40, 0xC3, 0x07, 0x40, 0xC2, 0x08, 0x80, 0xC1, 0x0A, 0xC0, 0x09, 0x40, 0xC0, 0x09, 0x40, 0xC0,
    0x0A, 0x80, 0x0A, 0x40, 0x0B, 0x3F, 0x3F, 0x3F, 0x3F, 0x3F, 0x3F, 0x3F, 0x1F, 0x40, 0x0A, 0x40, 0x3F, 0x12, 0x3F, 0x21, 0x41, 0x09, 0x41, 0x3F,
    0x0F, 0x3F, 0x23, 0x80, 0x0A, 0x80, 0x3F, 0x0E, 0x3F, 0x24, 0x42, 0x06, 0x41, 0x80, 0x41, 0x3F, 0x0B, 0x3F, 0x25, 0x42, 0x05, 0x45, 0x3F, 0x0A,
    0x3F, 0x22, 0x43, 0x81, 0x40, 0x08, 0x41, 0x3F, 0x0A, 0x3F, 0x1C, 0x40, 0x04, 0x40, 0x84, 0xC0, 0x81, 0x08, 0x40, 0x3F, 0x09, 0x3F, 0x1D, 0x80,
    0x04, 0x80, 0xC6, 0x09, 0x80, 0x3F, 0x08, 0x3F, 0x1C, 0x42, 0x03, 0x40, 0x81, 0xC2, 0x81, 0x3F, 0x13, 0x3F, 0x19, 0x41, 0x83, 0x06, 0x40, 0x81,
    0xC1, 0x3F, 0x13, 0x3F, 0x1A, 0x40, 0x83, 0x07, 0x41, 0x81, 0x3F, 0x13, 0x3F, 0x1B, 0x40, 0x82, 0x08, 0x41, 0x80, 0x3F, 0x13, 0x3F, 0x19, 0x43,
    0x81, 0x01, 0x40, 0x81, 0xC6, 0x0A, 0x40, 0x0A, 0x80, 0x0A, 0xC0, 0x09, 0x80, 0xC0, 0x09, 0x80, 0xC0, 0x09, 0x80, 0xC0, 0x09, 0x40, 0xC0, 0x3F,
    0x1A, 0x42, 0x81, 0xCB, 0x05, 0xC1, 0x80, 0x08, 0xC1, 0x80, 0x07, 0x80, 0xC2, 0x40, 0x06, 0xC3, 0x80, 0x00, 0x40, 0x04, 0xC3, 0x80, 0x06, 0x80,
    0xC2, 0x40, 0x06, 0x40, 0xC2, 0x40, 0x01, 0x3F, 0x19, 0x42, 0x80, 0xC1, 0x80, 0xC8, 0x80, 0x42, 0xC1, 0x41, 0x00, 0x40, 0xC0, 0x80, 0x02, 0x40,
    0xC1, 0x40, 0x01, 0xC2, 0x40, 0x01, 0xC2, 0x80, 0x01, 0xC2, 0x80, 0x01, 0xC3, 0x01, 0xC2, 0x80, 0x01, 0xC2, 0x80, 0x01, 0xC2, 0x40, 0x01, 0x80,
    0xC1, 0x40, 0x01, 0x80, 0xC1, 0x40, 0x01, 0x40, 0xC1, 0x40, 0x01, 0x40, 0xC1, 0x01, 0x3F, 0x11, 0x40, 0xC0, 0x04, 0x41, 0x80, 0xC3, 0x80, 0xC5,
    0x80, 0x40, 0xC0, 0x80, 0x00, 0x80, 0x42, 0xC0, 0x80, 0x01, 0x80, 0xC1, 0x00, 0x80, 0x01, 0x80, 0xC1, 0x01, 0xC2, 0x40, 0xC0, 0x01, 0xC2, 0x40,
    0x00, 0xC2, 0x40, 0xC0, 0x01, 0xC2, 0x40, 0x00, 0x80, 0xC1, 0x00, 0xC0, 0x01, 0x80, 0xC1, 0x01, 0x40, 0xC1, 0x00, 0x80, 0x01, 0x40, 0xC0, 0x80,
    0x02, 0xC0, 0x80, 0x00, 0x40, 0x02, 0xC0, 0x80, 0x02, 0xC0, 0x40, 0x00, 0x3A, 0x40, 0x09, 0xC1, 0x06, 0x40, 0xC2, 0x04, 0x40, 0x80, 0xC4, 0x00,
    0xC3, 0x80, 0xC1, 0x01, 0xC1, 0x81, 0xC0, 0x02, 0xC1, 0x01, 0xC1, 0x80, 0xC1, 0x80, 0x00, 0x40, 0xC1, 0x40, 0x00, 0xC1, 0x40, 0xC2, 0x00, 0x40,
    0xC1, 0x40, 0x00, 0x80, 0xC0, 0x40, 0xC1, 0x80, 0x01, 0xC1, 0x01, 0x40, 0xC0, 0x00, 0x80, 0xC0, 0x40, 0x01, 0xC1, 0x02, 0x80, 0x00, 0x40, 0xC0,
    0x40, 0x01, 0x81, 0x05, 0xC0, 0x02, 0x41, 0x04, 0x3F, 0x02, 0x40, 0xC0, 0x40, 0x06, 0x40, 0xC1, 0x80, 0xC0, 0x40, 0x02, 0x40, 0x80, 0xC2, 0x80,
    0x00, 0x80, 0xC0, 0x40, 0xC3, 0x40, 0x00, 0xC1, 0x00, 0x80, 0xC1, 0x01, 0xC1, 0x00, 0x40, 0xC1, 0x40, 0xC1, 0x80, 0x01, 0xC1, 0x40, 0x00, 0xC1,
    0x00, 0xC1, 0x40, 0x01, 0xC1, 0x01, 0xC1, 0x00, 0x80, 0xC0, 0x80, 0x01, 0xC1, 0x01, 0x81, 0x00, 0x40, 0xC0, 0x40, 0x01, 0x80, 0xC0, 0x05, 0x40,
    0x02, 0x40, 0x80, 0x13, 0x3A, 0x80, 0x04, 0x40, 0x04, 0x40, 0x02, 0x40, 0xC2, 0x40, 0x02, 0x40, 0x00, 0x80, 0xC2, 0x00, 0x40, 0xC0, 0x40, 0x02,
    0xC0, 0x80, 0x40, 0x80, 0xC0, 0x41, 0xC1, 0x40, 0x01, 0xC0, 0x80, 0x00, 0x80, 0xC0, 0x81, 0xC0, 0x80, 0xC0, 0x40, 0x00, 0xC1, 0x00, 0x80, 0xC0,
    0x40, 0x80, 0xC0, 0x40, 0x80, 0xC0, 0x80, 0xC1, 0x00, 0x40, 0xC0, 0x00, 0x40, 0xC0, 0x40, 0xC1, 0x40, 0xC0, 0x80, 0x01, 0xC0, 0x01, 0xC0, 0x00,
    0xC1, 0x81, 0x40, 0x04, 0x40, 0x00, 0xC0, 0x81, 0x40, 0x07, 0x80, 0x41, 0x08, 0x40, 0x01, 0x0A, 0x40, 0x09, 0xC1, 0x09, 0xC1, 0x09, 0x80, 0xC0,
    0x08, 0x40, 0xC1, 0x08, 0x80, 0xC1, 0x01, 0x80, 0xC0, 0x80, 0x03, 0x80, 0xC0, 0x40, 0x80, 0xC1, 0x00, 0x81, 0x02, 0x40, 0xC0, 0x40, 0x81, 0xC0,
    0x00, 0x40, 0xC0, 0x80, 0x02, 0x40, 0x01, 0x80, 0xC0, 0x40, 0xC1, 0x40, 0x80, 0x04, 0x40, 0xC0, 0x00, 0x80, 0xC0, 0x00, 0xC0, 0x82, 0xC0, 0x01,
    0xC0, 0x00, 0x40, 0xC0, 0x40, 0xC0, 0x40, 0x82, 0x01, 0x80, 0x01, 0x80, 0x40, 0xC0, 0x40, 0xC1, 0x40, 0x06, 0xC0, 0x00, 0xC1, 0x80, 0x06, 0xC0,
    0x00, 0x81, 0xC0, 0x08, 0x41, 0xC0, 0x0A, 0x80, 0x07, 0x40, 0xC2, 0x07, 0xC3, 0x07, 0x80, 0xC2, 0x07, 0x80, 0xC2, 0x06, 0x40, 0xC3, 0x00, 0x81,
    0x04, 0xC0, 0x80, 0x40, 0xC1, 0x40, 0x81, 0x03, 0xC0, 0x40, 0x00, 0x40, 0xC0, 0x40, 0x00, 0xC1, 0x02, 0x80, 0x00, 0x40, 0xC1, 0x80, 0x40, 0xC0,
    0x80, 0xC0, 0x03, 0xC2, 0x80, 0x40, 0xC0, 0x40, 0xC1, 0x81, 0xC2, 0x80, 0x40, 0x00, 0xC0, 0x40, 0xC0, 0x81, 0xC0, 0x40, 0xC1, 0x40, 0x01, 0x80,
    0x00, 0xC0, 0x40, 0xC1, 0x40, 0xC1, 0x04, 0xC0, 0x40, 0x81, 0x40, 0xC1, 0x04, 0x80, 0x00, 0x40, 0x81, 0xC1, 0x08, 0x80, 0xC1, 0x09, 0x41, 0x06,
    0x41, 0xC2, 0x06, 0xC4, 0x05, 0x40, 0xC4, 0x06, 0xC4, 0x05, 0x40, 0xC4, 0x40, 0x04, 0x40, 0xC0, 0x40, 0xC2, 0x40, 0xC0, 0x40, 0x02, 0x40, 0xC0,
    0x00, 0x41, 0xC0, 0x00, 0x40, 0xC0, 0x40, 0x02, 0x80, 0x00, 0x80, 0xC1, 0x40, 0x80, 0xC0, 0x80, 0x40, 0x02, 0x40, 0xC2, 0x40, 0x80, 0xC0, 0x00,
    0xC0, 0x82, 0xC3, 0x00, 0x40, 0x81, 0xC0, 0x00, 0xC0, 0x40, 0x80, 0xC2, 0x01, 0x41, 0xC0, 0x40, 0xC0, 0x40, 0x80, 0xC2, 0x03, 0xC0, 0x00, 0xC0,
    0x00, 0x80, 0xC2, 0x03, 0x40, 0x00, 0x80, 0x00, 0xC3, 0x07, 0xC3, 0x13, 0x80, 0xC2, 0x05, 0xC5, 0x04, 0x40, 0xC5, 0x05, 0xC5, 0x05, 0xC0, 0x80,
    0xC3, 0x04, 0x40, 0xC0, 0x40, 0xC4, 0x40, 0x02, 0x40, 0xC0, 0x00, 0x40, 0x80, 0xC1, 0x00, 0xC0, 0x40, 0x02, 0x80, 0x00, 0x80, 0xC2, 0x80, 0xC0,
    0x41, 0x02, 0x40, 0xC3, 0x40, 0xC0, 0x00, 0xC0, 0x82, 0xC4, 0x00, 0x80, 0x40, 0xC0, 0x00, 0xC0, 0x00, 0x80, 0xC3, 0x00, 0x41, 0xC0, 0x00, 0xC0,
    0x40, 0x80, 0xC3, 0x02, 0x80, 0x00, 0xC0, 0x00, 0x80, 0xC3, 0x02, 0x40, 0x00, 0x80, 0x00, 0xC4, 0x06, 0xC4, 0x13, 0x80, 0xC1, 0x80, 0x04, 0x80,
    0xC5, 0x04, 0xC6, 0x04, 0x80, 0xC5, 0x04, 0x80, 0xC5, 0x04, 0xC1, 0x80, 0xC3, 0x80, 0x03, 0xC0, 0x80, 0x00, 0x80, 0xC1, 0x40, 0x81, 0x02, 0x80,
    0x41, 0xC4, 0x81, 0x03, 0xC5, 0x40, 0x84, 0xC5, 0x00, 0xC0, 0x40, 0x81, 0x40, 0xC4, 0x40, 0x00, 0xC0, 0x40, 0xC0, 0x80, 0x40, 0xC4, 0x01, 0x80,
    0x00, 0x80, 0x41, 0xC4, 0x03, 0x40, 0x00, 0x40, 0xC4, 0x05, 0x80, 0xC4, 0x12, 0x40, 0x80, 0xC0, 0x80, 0x40, 0x04, 0x80, 0xC5, 0x04, 0xC6, 0x04,
    0x80, 0xC5, 0x04, 0xC0, 0x80, 0xC4, 0x04, 0xC0, 0x81, 0xC2, 0x80, 0x40, 0x03, 0xC0, 0x40, 0x00, 0x40, 0xC1, 0x00, 0xC0, 0x40, 0x02, 0x80, 0x00,
    0x40, 0xC2, 0x80, 0xC0, 0x40, 0x80, 0x03, 0xC5, 0x00, 0xC0, 0x82, 0xC6, 0x00, 0xC0, 0x40, 0xC0, 0x40, 0x80, 0xC4, 0x40, 0x00, 0xC0, 0x00, 0xC0,
    0x41, 0xC4, 0x01, 0x80, 0x00, 0xC0, 0x00, 0x80, 0xC4, 0x03, 0x40, 0x00, 0x80, 0xC4, 0x05, 0xC5, 0x12, 0x40, 0x80, 0xC0, 0x80, 0x40, 0x04, 0x80,
    0xC5, 0x04, 0xC6, 0x04, 0x80, 0xC5, 0x04, 0xC0, 0x80, 0xC4, 0x04, 0xC0, 0x81, 0xC2, 0x80, 0x40, 0x03, 0xC0, 0x40, 0x00, 0x40, 0xC1, 0x00, 0xC0,
    0x40, 0x02, 0x80, 0x00, 0x40, 0xC2, 0x80, 0xC0, 0x40, 0x80, 0x02, 0x40, 0xC5, 0x00, 0xC0, 0x82, 0xC6, 0x00, 0xC0, 0x00, 0xC0, 0x40, 0x80, 0xC4,
    0x40, 0x00, 0xC0, 0x00, 0xC0, 0x41, 0xC4, 0x01, 0x80, 0x00, 0xC0, 0x00, 0x80, 0xC4, 0x03, 0x40, 0x00, 0x80, 0xC4, 0x05, 0xC5, 0x12, 0x40, 0x82,
    0x40, 0x04, 0x80, 0xC5, 0x04, 0xC6, 0x04, 0x80, 0xC5, 0x04, 0xC0, 0x80, 0xC4, 0x04, 0xC0, 0x81, 0xC2, 0x80, 0x40, 0x03, 0xC0, 0x40, 0x00, 0x80,
    0xC1, 0x00, 0xC0, 0x40, 0x02, 0x80, 0x00, 0x40, 0xC2, 0x80, 0xC0, 0x40, 0x80, 0x02, 0x40, 0xC5, 0x00, 0xC0, 0x82, 0xC6, 0x00, 0xC0, 0x00, 0xC0,
    0x00, 0x80, 0xC4, 0x40, 0x00, 0xC0, 0x00, 0xC0, 0x40, 0x80, 0xC4, 0x01, 0x80, 0x00, 0xC0, 0x00, 0x80, 0xC4, 0x03, 0x40, 0x00, 0x80, 0xC4, 0x05,
    0xC5, 0x12, 0x40, 0x82, 0x40, 0x04, 0x80, 0xC5, 0x04, 0xC6, 0x04, 0x80, 0xC5, 0x04, 0xC0, 0x80, 0xC4, 0x04, 0xC0, 0x81, 0xC2, 0x80, 0x40, 0x03,
    0xC0, 0x40, 0x00, 0x80, 0xC1, 0x00, 0xC0, 0x40, 0x02, 0x80, 0x00, 0x40, 0xC2, 0x80, 0xC0, 0x40, 0x80, 0x02, 0x40, 0xC5, 0x00, 0xC0, 0x82, 0xC6,
    0x00, 0xC0, 0x00, 0xC0, 0x00, 0x80, 0xC4, 0x40, 0x00, 0xC0, 0x00, 0xC0, 0x40, 0x80, 0xC4, 0x01, 0x80, 0x00, 0xC0, 0x00, 0x80, 0xC4, 0x03, 0x40,
    0x00, 0x80, 0xC4, 0x05, 0xC5, 0x12, 0x40, 0x82, 0x40, 0x04, 0x81, 0xC4, 0x03, 0x40, 0xC6, 0x04, 0x80, 0xC5, 0x04, 0xC0, 0x80, 0xC4, 0x04, 0xC0,
    0x81, 0xC2, 0x80, 0x40, 0x03, 0xC0, 0x40, 0x00, 0x80, 0xC1, 0x00, 0xC0, 0x40, 0x02, 0x80, 0x00, 0x40, 0xC2, 0x80, 0xC0, 0x40, 0x80, 0x02, 0x40,
    0xC5, 0x00, 0xC0, 0x82, 0xC6, 0x00, 0xC0, 0x00, 0xC0, 0x00, 0x80, 0xC4, 0x40, 0x00, 0xC0, 0x00, 0xC0, 0x40, 0x80, 0xC4, 0x01, 0x80, 0x00, 0xC0,
    0x00, 0x80, 0xC4, 0x03, 0x40, 0x00, 0x80, 0xC4, 0x05, 0xC5, 0x12, 0x40, 0x82, 0x05, 0x81, 0xC4, 0x03, 0x40, 0xC6, 0x04, 0x80, 0xC5, 0x04, 0xC6,
    0x04, 0xC0, 0x80, 0xC3, 0x80, 0x40, 0x03, 0xC0, 0x41, 0x80, 0xC1, 0x00, 0xC0, 0x40, 0x02, 0x80, 0x00, 0x80, 0xC2, 0x80, 0xC0, 0x40, 0x80, 0x02,
    0x40, 0xC5, 0x00, 0xC0, 0x40, 0x81, 0xC5, 0x80, 0x40, 0xC0, 0x00, 0xC0, 0x00, 0x80, 0xC4, 0x40, 0x00, 0xC0, 0x00, 0xC0, 0x40, 0x80, 0xC4, 0x01,
    0x80, 0x00, 0xC0, 0x00, 0x80, 0xC4, 0x03, 0x40, 0x00, 0xC5, 0x05, 0xC5, 0x12, 0x40, 0x82, 0x05, 0x81, 0xC4, 0x03, 0x40, 0xC6, 0x04, 0xC6, 0x04,
    0xC6, 0x04, 0xC0, 0x80, 0xC3, 0x41, 0x02, 0x40, 0xC0, 0x41, 0x80, 0xC1, 0x00, 0xC0, 0x40, 0x02, 0x80, 0x00, 0x80, 0xC2, 0x80, 0xC0, 0x40, 0x80,
    0x02, 0x40, 0xC5, 0x00, 0xC0, 0x40, 0x81, 0xC5, 0x80, 0x40, 0xC0, 0x00, 0xC0, 0x00, 0x80, 0xC4, 0x40, 0x00, 0xC0, 0x00, 0xC0, 0x00, 0x80, 0xC4,
    0x01, 0x80, 0x00, 0xC0, 0x00, 0x80, 0xC4, 0x03, 0x40, 0x00, 0xC5, 0x05, 0xC5, 0x12, 0x40, 0x82, 0x05, 0x81, 0xC3, 0x80, 0x03, 0x40, 0xC6, 0x04,
    0xC6, 0x04, 0xC6, 0x03, 0x40, 0xC0, 0x80, 0xC3, 0x41, 0x02, 0x40, 0xC0, 0x00, 0x40, 0x80, 0xC0, 0x80, 0x00, 0xC0, 0x40, 0x02, 0x80, 0x00, 0x80,
    0xC2, 0x80, 0xC0, 0x40, 0x80, 0x02, 0x40, 0xC5, 0x00, 0xC0, 0x40, 0x81, 0xC5, 0x80, 0x40, 0xC0, 0x00, 0xC0, 0x00, 0x80, 0xC4, 0x01, 0xC0, 0x00,
    0xC0, 0x00, 0x80, 0xC4, 0x01, 0x80, 0x00, 0xC0, 0x00, 0x80, 0xC4, 0x03, 0x40, 0x00, 0xC5, 0x05, 0xC5, 0x12, 0x40, 0x81, 0x40, 0x05, 0xC5, 0x40,
    0x03, 0xC6, 0x80, 0x04, 0xC6, 0x04, 0xC6, 0x03, 0x40, 0xC0, 0x80, 0xC3, 0x40, 0x80, 0x02, 0x40, 0xC0, 0x00, 0x40, 0x80, 0xC0, 0x80, 0x00, 0xC0,
    0x80, 0x02, 0x80, 0x00, 0x80, 0xC2, 0x80, 0xC0, 0x40, 0x80, 0x02, 0x40, 0xC5, 0x00, 0xC0, 0x82, 0xC5, 0x80, 0x00, 0xC0, 0x40, 0xC0, 0x40, 0x80,
    0xC4, 0x01, 0xC0, 0x00, 0xC0, 0x00, 0x80, 0xC4, 0x01, 0x80, 0x00, 0x80, 0x00, 0x80, 0xC4, 0x03, 0x40, 0x00, 0xC5, 0x05, 0xC5, 0x10, 0x41, 0x82,
    0x40, 0x04, 0x80, 0xC5, 0x04, 0x80, 0xC5, 0x40, 0x04, 0xC6, 0x03, 0x80, 0xC5, 0x40, 0x03, 0x40, 0xC5, 0x00, 0x80, 0x02, 0x40, 0xC0, 0x00, 0x40,
    0xC1, 0x40, 0x00, 0x80, 0xC0, 0x02, 0x80, 0x00, 0x80, 0xC2, 0x80, 0xC0, 0x40, 0x80, 0x02, 0x40, 0xC5, 0x00, 0xC0, 0x82, 0xC5, 0x80, 0x00, 0xC0,
    0x40, 0xC0, 0x40, 0x80, 0xC4, 0x01, 0xC0, 0x00, 0xC0, 0x40, 0x80, 0xC4, 0x01, 0x40, 0x00, 0x80, 0x00, 0x80, 0xC4, 0x05, 0xC5, 0x05, 0xC5, 0x11,
    0x80, 0xC2, 0x40, 0x05, 0xC5, 0x40, 0x04, 0x80, 0xC4, 0x80, 0x03, 0x40, 0xC6, 0x03, 0x80, 0xC5, 0x80, 0x40, 0x02, 0x40, 0xC0, 0x80, 0xC3, 0x00,
    0x80, 0x40, 0x01, 0x40, 0xC0, 0x00, 0x40, 0xC1, 0x40, 0x00, 0x40, 0xC0, 0x40, 0x03, 0x80, 0xC2, 0x80, 0xC0, 0x80, 0x41, 0x01, 0x40, 0xC4, 0x80,
    0x40, 0x83, 0xC5, 0x80, 0x00, 0xC0, 0x83, 0xC4, 0x01, 0x80, 0x00, 0x80, 0x40, 0x80, 0xC4, 0x01, 0x40, 0x00, 0x80, 0x00, 0x80, 0xC4, 0x05, 0xC5,
    0x05, 0xC5, 0x11, 0x40, 0xC2, 0x80, 0x06, 0xC4, 0x80, 0x04, 0x80, 0xC5, 0x03, 0x80, 0xC6, 0x03, 0x40, 0xC6, 0x80, 0x03, 0xC0, 0x80, 0xC3, 0x41,
    0x80, 0x02, 0x80, 0x01, 0x80, 0xC0, 0x40, 0x00, 0x40, 0xC0, 0x80, 0x03, 0x80, 0xC2, 0x81, 0xC0, 0x00, 0x80, 0x01, 0x40, 0xC4, 0x42, 0xC0, 0x40,
    0xC6, 0x40, 0x00, 0x82, 0xC0, 0x40, 0xC4, 0x01, 0x80, 0x40, 0x82, 0xC4, 0x01, 0x40, 0x00, 0x40, 0x00, 0x80, 0xC4, 0x05, 0xC5, 0x05, 0xC5, 0x12,
    0xC3, 0x06, 0xC5, 0x04, 0x80, 0xC5, 0x04, 0xC6, 0x04, 0x40, 0xC5, 0x80, 0x04, 0xC4, 0x40, 0x00, 0x80, 0x03, 0xC0, 0x40, 0x80, 0xC0, 0x40, 0x01,
    0xC0, 0x80, 0x03, 0x80, 0xC2, 0x80, 0x40, 0xC0, 0x00, 0xC0, 0x40, 0x00, 0x40, 0xC4, 0x00, 0x80, 0x40, 0xC0, 0x40, 0xC6, 0x00, 0x41, 0xC0, 0x40,
    0xC0, 0x80, 0xC4, 0x01, 0x42, 0xC0, 0x80, 0xC4, 0x03, 0x41, 0x80, 0xC4, 0x05, 0xC5, 0x05, 0xC5, 0x12, 0xC3, 0x06, 0xC5, 0x04, 0x80, 0xC5, 0x04,
    0xC6, 0x04, 0x40, 0xC5, 0x80, 0x40, 0x04, 0xC3, 0x40, 0x00, 0x80, 0x40, 0x03, 0x80, 0xC1, 0x40, 0x01, 0xC0, 0x80, 0x03, 0x80, 0xC2, 0x80, 0x00,
    0xC0, 0x00, 0x80, 0x40, 0x00, 0x40, 0xC4, 0x00, 0xC0, 0x00, 0xC0, 0x40, 0xC6, 0x00, 0x41, 0xC0, 0x40, 0xC0, 0x80, 0xC4, 0x02, 0x80, 0x00, 0xC0,
    0x80, 0xC4, 0x02, 0x40, 0x00, 0x80, 0xC5, 0x05, 0xC5, 0x04, 0x40, 0xC5, 0x12, 0xC3, 0x06, 0xC5, 0x04, 0x40, 0xC5, 0x04, 0xC6, 0x05, 0x80, 0xC4,
    0x80, 0x40, 0x04, 0xC3, 0x40, 0x00, 0x80, 0x40, 0x04, 0xC1, 0x40, 0x00, 0x40, 0xC0, 0x80, 0x03, 0x80, 0xC2, 0x80, 0x00, 0xC0, 0x40, 0x80, 0x40,
    0x00, 0x40, 0xC4, 0x00, 0xC0, 0x00, 0xC0, 0x40, 0xC6, 0x00, 0x40, 0x00, 0xC0, 0x40, 0xC0, 0x80, 0xC4, 0x02, 0xC0, 0x00, 0xC0, 0x80, 0xC4, 0x02,
    0x40, 0x00, 0x80, 0xC5, 0x05, 0xC5, 0x04, 0x40, 0xC5, 0x07, 0x40, 0x09, 0xC3, 0x06, 0xC5, 0x04, 0x40, 0xC5, 0x04, 0xC6, 0x05, 0x80, 0xC5, 0x40,
    0x04, 0xC3, 0x40, 0x00, 0x80, 0x40, 0x04, 0xC1, 0x80, 0x00, 0x40, 0xC0, 0x80, 0x03, 0xC3, 0x80, 0x00, 0xC0, 0x40, 0x80, 0x40, 0x00, 0x80, 0xC4,
    0x00, 0x80, 0x40, 0xC0, 0x40, 0xC6, 0x00, 0x40, 0x00, 0xC0, 0x40, 0xC6, 0x02, 0xC0, 0x00, 0xC6, 0x02, 0x40, 0x00, 0x80, 0xC5, 0x05, 0xC5, 0x04,
    0x40, 0xC5, 0x07, 0x40, 0x08, 0x40, 0xC3, 0x06, 0xC5, 0x04, 0x40, 0xC5, 0x04, 0xC6, 0x05, 0x80, 0xC4, 0x80, 0x05, 0xC3, 0x40, 0x00, 0xC0, 0x05,
    0xC1, 0x80, 0x01, 0xC1, 0x03, 0xC3, 0x40, 0x00, 0xC0, 0x40, 0x80, 0x40, 0x00, 0x80, 0xC4, 0x00, 0x80, 0x40, 0xC0, 0x40, 0xC6, 0x02, 0xC0, 0x40,
    0xC6, 0x02, 0x80, 0x00, 0xC6, 0x02, 0x40, 0x00, 0x80, 0xC5, 0x04, 0x40, 0xC5, 0x04, 0x40, 0xC5, 0x07, 0x40, 0x08, 0x40, 0xC3, 0x06, 0xC4, 0x80,
    0x04, 0x40, 0xC4, 0x80, 0x03, 0x40, 0xC6, 0x05, 0x80, 0xC4, 0x80, 0x05, 0xC3, 0x01, 0xC0, 0x05, 0xC1, 0x40, 0x01, 0xC1, 0x03, 0xC3, 0x40, 0x00,
    0xC0, 0x40, 0x80, 0x01, 0x80, 0xC4, 0x00, 0x80, 0x40, 0xC0, 0x40, 0xC6, 0x01, 0x40, 0xC0, 0x40, 0xC6, 0x02, 0x80, 0x00, 0xC6, 0x02, 0x40, 0x00,
    0x80, 0xC5, 0x04, 0x40, 0xC5, 0x04, 0x40, 0xC5, 0x07, 0x40, 0x08, 0x40, 0xC3, 0x05, 0x40, 0xC4, 0x80, 0x04, 0x40, 0xC4, 0x80, 0x03, 0x40, 0xC6,
    0x05, 0x80, 0xC4, 0x80, 0x05, 0xC3, 0x01, 0xC0, 0x05, 0xC1, 0x40, 0x01, 0xC1, 0x03, 0xC3, 0x40, 0x00, 0xC0, 0x40, 0x80, 0x01, 0xC5, 0x00, 0x80,
    0x40, 0xC0, 0x40, 0xC6, 0x01, 0x40, 0xC0, 0x40, 0xC6, 0x02, 0x80, 0x00, 0xC5, 0x80, 0x04, 0x80, 0xC5, 0x05, 0xC5, 0x05, 0xC5, 0x07, 0x40, 0x08,
    0x40, 0xC3, 0x05, 0x40, 0xC4, 0x80, 0x04, 0x80, 0xC4, 0x80, 0x03, 0x40, 0xC5, 0x80, 0x05, 0x80, 0xC3, 0x81, 0x05, 0xC3, 0x01, 0xC0, 0x04, 0x40,
    0xC1, 0x40, 0x01, 0xC0, 0x80, 0x02, 0x40, 0xC3, 0x40, 0x00, 0xC0, 0x40, 0x80, 0x01, 0xC5, 0x00, 0x80, 0x40, 0xC0, 0x40, 0xC6, 0x01, 0x40, 0xC0,
    0x40, 0xC6, 0x02, 0x80, 0x00, 0xC5, 0x80, 0x02, 0x40, 0x00, 0x80, 0xC5, 0x05, 0xC5, 0x05, 0xC5, 0x07, 0x40, 0x08, 0x80, 0xC3, 0x05, 0x40, 0xC4,
    0x40, 0x04, 0x80, 0xC4, 0x80, 0x03, 0x40, 0xC5, 0x80, 0x05, 0x80, 0xC3, 0x81, 0x05, 0xC2, 0x80, 0x01, 0xC0, 0x04, 0x40, 0xC1, 0x40, 0x01, 0xC0,
    0x80, 0x02, 0x40, 0xC3, 0x40, 0x00, 0xC0, 0x40, 0x80, 0x01, 0xC5, 0x00, 0x80, 0x40, 0xC0, 0x40, 0xC6, 0x01, 0x40, 0xC0, 0x40, 0xC6, 0x02, 0xC0,
    0x00, 0xC5, 0x80, 0x02, 0x40, 0x00, 0x80, 0xC5, 0x04, 0x40, 0xC5, 0x04, 0x40, 0xC5, 0x11, 0x80, 0xC2, 0x40, 0x05, 0x80, 0xC4, 0x05, 0xC5, 0x04,
    0x80, 0xC5, 0x40, 0x04, 0x40, 0xC4, 0x40, 0x80, 0x04, 0x40, 0xC2, 0x40, 0x00, 0x40, 0x80, 0x04, 0xC2, 0x01, 0x40, 0xC0, 0x80, 0x02, 0xC4, 0x00,
    0x40, 0xC0, 0x40, 0x80, 0x41, 0xC4, 0x80, 0x00, 0xC0, 0x83, 0xC5, 0x00, 0x41, 0x82, 0xC5, 0x02, 0x80, 0x40, 0x80, 0xC5, 0x04, 0x80, 0xC4, 0x80,
    0x04, 0x40, 0xC4, 0x80, 0x04, 0x80, 0xC4, 0x80, 0x10, 0x40, 0xC2, 0x40, 0x06, 0xC4, 0x05, 0x40, 0xC4, 0x40, 0x03, 0x40, 0xC5, 0x80, 0x05, 0x80,
    0xC3, 0x40, 0x00, 0x40, 0x04, 0xC2, 0x40, 0x01, 0x80, 0x40, 0x03, 0x80, 0xC1, 0x80, 0x01, 0xC0, 0x80, 0x40, 0x01, 0x40, 0xC3, 0x40, 0x00, 0xC0,
    0x40, 0xC0, 0x40, 0x80, 0xC5, 0x80, 0x41, 0xC0, 0x40, 0xC0, 0x80, 0xC4, 0x40, 0x01, 0xC0, 0x00, 0xC0, 0x40, 0xC4, 0x40, 0x01, 0x80, 0x00, 0xC0,
    0x40, 0xC2, 0x80, 0xC0, 0x04, 0x41, 0xC4, 0x05, 0xC5, 0x04, 0x40, 0xC5, 0x00, 0x0F, 0x40, 0xC2, 0x40, 0x06, 0xC4, 0x06, 0xC4, 0x40, 0x04, 0x80,
    0xC4, 0x80, 0x05, 0x40, 0xC3, 0x07, 0x80, 0xC1, 0x03, 0xC0, 0x40, 0x02, 0x40, 0xC2, 0x02, 0xC0, 0x41, 0x01, 0xC3, 0x42, 0xC0, 0x00, 0xC0, 0x40,
    0xC5, 0x40, 0xC0, 0x80, 0x40, 0xC0, 0x40, 0xC5, 0x40, 0xC0, 0x01, 0x80, 0x40, 0x80, 0xC2, 0x80, 0xC0, 0x41, 0x01, 0x42, 0xC2, 0x80, 0xC0, 0x40,
    0x04, 0x40, 0xC4, 0x40, 0x04, 0xC5, 0x40, 0x03, 0x80, 0xC5, 0x80, 0x00, 0x0F, 0x80, 0xC1, 0x80, 0x06, 0x80, 0xC3, 0x40, 0x05, 0xC4, 0x80, 0x04,
    0x40, 0xC4, 0x80, 0x06, 0xC3, 0x03, 0x40, 0x03, 0xC1, 0x40, 0x03, 0x40, 0xC0, 0x02, 0xC2, 0x03, 0x82, 0x41, 0xC2, 0x82, 0xC1, 0x40, 0x81, 0xC4,
    0x80, 0xC0, 0x80, 0x40, 0x00, 0xC0, 0x40, 0xC4, 0x40, 0x80, 0x02, 0x41, 0xC2, 0x80, 0xC0, 0x06, 0x40, 0xC3, 0x40, 0x04, 0x40, 0xC4, 0x04, 0x40,
    0xC5, 0x40, 0x03, 0x80, 0x40, 0xC4, 0x40, 0x01, 0x0E, 0x80, 0xC2, 0x80, 0x05, 0x40, 0xC4, 0x40, 0x04, 0x40, 0xC4, 0x40, 0x04, 0xC5, 0x06, 0x80,
    0xC2, 0x40, 0x05, 0x40, 0x00, 0x40, 0xC1, 0x02, 0x80, 0x40, 0x00, 0x80, 0xC1, 0x80, 0xC1, 0x01, 0x80, 0xCB, 0x40, 0x00, 0xC0, 0x80, 0x41, 0xC3,
    0x80, 0x40, 0x04, 0x80, 0xC3, 0x40, 0x06, 0xC3, 0x07, 0xC3, 0x06, 0xC4, 0x05, 0xC0, 0x40, 0xC3, 0x05, 0xC0, 0x00, 0xC3, 0x40, 0x02, 0x0E, 0xC2,
    0x81, 0x05, 0x40, 0xC4, 0x80, 0x04, 0x80, 0xC4, 0x40, 0x04, 0xC4, 0x40, 0x06, 0x80, 0xC2, 0x40, 0x07, 0x80, 0xC1, 0x80, 0x40, 0x06, 0xC4, 0x80,
    0x04, 0x80, 0xC3, 0x82, 0x03, 0x40, 0xC3, 0x04, 0x40, 0x80, 0xC3, 0x40, 0x04, 0x40, 0x80, 0xC3, 0x04, 0x80, 0xC5, 0x04, 0x80, 0xC1, 0x80, 0xC2,
    0x40, 0x03, 0xC6, 0x80, 0x05, 0x80, 0xC4, 0x03, 0x0E, 0xC3, 0x80, 0x40, 0x04, 0x40, 0xC5, 0x04, 0x40, 0xC4, 0x80, 0x04, 0x80, 0xC4, 0x06, 0x80,
    0xC3, 0x06, 0x80, 0xC2, 0x80, 0x02, 0x40, 0x02, 0x80, 0xC2, 0x80, 0x00, 0x80, 0xC1, 0x02, 0x40, 0xC7, 0x02, 0x40, 0xC4, 0x80, 0x40, 0x80, 0x03,
    0xC3, 0x00, 0x40, 0x80, 0xC0, 0x03, 0xC3, 0x02, 0x40, 0x03, 0xC2, 0x80, 0x00, 0x40, 0x81, 0x03, 0xC2, 0x80, 0x06, 0x40, 0xC3, 0x01, 0x40, 0x80,
    0x02, 0x80, 0xC3, 0x80, 0x02, 0x0E, 0x80, 0xC2, 0x41, 0x05, 0xC5, 0x40, 0x04, 0xC5, 0x40, 0x03, 0x40, 0xC4, 0x80, 0x05, 0x40, 0xC3, 0x80, 0x02,
    0xC0, 0x40, 0x01, 0x40, 0xC2, 0x40, 0x02, 0xC0, 0x81, 0x40, 0xC3, 0x05, 0x40, 0xC4, 0x80, 0xC0, 0x80, 0xC0, 0x03, 0xC3, 0x40, 0x80, 0x05, 0xC3,
    0x07, 0xC3, 0x40, 0x06, 0xC3, 0x06, 0x40, 0xC3, 0x06, 0x80, 0xC3, 0x40, 0x05, 0xC5, 0x02, 0x0F, 0x80, 0xC1, 0x40, 0x06, 0x80, 0xC5, 0x04, 0x80,
    0xC5, 0x04, 0xC5, 0x06, 0xC4, 0x07, 0xC1, 0x80, 0xC0, 0x02, 0x80, 0x02, 0xC3, 0x40, 0x02, 0x80, 0x40, 0xC0, 0x80, 0xC3, 0x81, 0x40, 0xC0, 0x02,
    0x40, 0xC3, 0x42, 0x04, 0xC3, 0x40, 0x06, 0xC3, 0x40, 0x05, 0x40, 0xC3, 0x40, 0x05, 0x80, 0xC3, 0x40, 0x05, 0xC4, 0x40, 0x05, 0xC5, 0x02, 0x0F,
    0x40, 0x81, 0x40, 0x07, 0xC4, 0x80, 0x04, 0x40, 0xC5, 0x04, 0x80, 0xC4, 0x80, 0x05, 0xC5, 0x05, 0x40, 0x80, 0xC0, 0x00, 0xC0, 0x80, 0x05, 0x80,
    0xC2, 0x40, 0x02, 0xC1, 0x81, 0xC3, 0x81, 0x40, 0xC0, 0x02, 0x40, 0xC3, 0x80, 0x00, 0x81, 0x03, 0xC3, 0x40, 0x05, 0x40, 0xC3, 0x40, 0x05, 0x80,
    0xC3, 0x80, 0x05, 0xC4, 0x80, 0x05, 0xC4, 0x80, 0x05, 0xC4, 0x80, 0x02, 0x10, 0x42, 0x07, 0xC3, 0x80, 0x40, 0x05, 0xC5, 0x04, 0x80, 0xC5, 0x05,
    0xC3, 0x80, 0xC0, 0x05, 0x40, 0x80, 0xC0, 0x00, 0x40, 0xC0, 0x05, 0x80, 0xC1, 0x80, 0x00, 0x40, 0x01, 0xC0, 0x82, 0xC3, 0x80, 0x41, 0x80, 0x41,
    0x00, 0x40, 0xC3, 0x80, 0x00, 0x80, 0xC0, 0x02, 0x40, 0xC3, 0x80, 0x05, 0x40, 0xC3, 0x80, 0x05, 0xC4, 0x80, 0x05, 0xC4, 0x80, 0x05, 0xC5, 0x04,
    0x40, 0xC5, 0x02, 0x10, 0x42, 0x07, 0xC3, 0x80, 0x06, 0xC5, 0x04, 0x40, 0xC5, 0x05, 0xC3, 0x80, 0xC0, 0x05, 0x40, 0x80, 0xC0, 0x40, 0x00, 0xC0,
    0x40, 0x04, 0x80, 0xC1, 0x80, 0x00, 0x40, 0x01, 0xC0, 0x82, 0xC3, 0x80, 0x41, 0x82, 0x00, 0x80, 0xC3, 0x80, 0x40, 0xC1, 0x02, 0x80, 0xC3, 0x80,
    0x05, 0x80, 0xC3, 0x80, 0x05, 0xC4, 0x80, 0x05, 0xC5, 0x04, 0x40, 0xC5, 0x04, 0x80, 0xC5, 0x40, 0x01, 0x10, 0x41, 0x08, 0xC3, 0x40, 0x06, 0xC4,
    0x80, 0x04, 0x40, 0xC5, 0x05, 0xC3, 0x80, 0xC0, 0x05, 0x40, 0xC1, 0x40, 0x00, 0xC0, 0x05, 0x80, 0xC1, 0x80, 0x00, 0x40, 0x01, 0x80, 0x40, 0x81,
    0xC3, 0x80, 0x41, 0x80, 0xC1, 0x00, 0x80, 0xC3, 0x80, 0x40, 0xC0, 0x80, 0x40, 0x01, 0xC5, 0x05, 0x80, 0xC3, 0x80, 0x05, 0xC5, 0x05, 0xC5, 0x04,
    0x40, 0xC5, 0x04, 0x80, 0xC5, 0x40, 0x01, 0x10, 0x41, 0x08, 0xC3, 0x40, 0x05, 0x40, 0xC4, 0x80, 0x04, 0x80, 0xC5, 0x05, 0xC3, 0x80, 0xC0, 0x05,
    0x40, 0xC1, 0x41, 0xC0, 0x05, 0x80, 0xC1, 0x80, 0x00, 0x40, 0x01, 0x80, 0x40, 0x81, 0xC3, 0x80, 0x41, 0x80, 0xC1, 0x40, 0xC4, 0x81, 0xC0, 0x40,
    0xC0, 0x40, 0x00, 0xC4, 0x80, 0x00, 0x40, 0x03, 0xC4, 0x80, 0x05, 0xC5, 0x04, 0x80, 0x40, 0xC4, 0x03, 0x40, 0x80, 0x40, 0xC4, 0x40, 0x02, 0xC0,
    0x40, 0xC5, 0x80, 0x01, 0x10, 0x41, 0x08, 0xC3, 0x40, 0x05, 0x40, 0xC4, 0x80, 0x04, 0x80, 0xC4, 0x80, 0x04, 0x40, 0xC3, 0x81, 0x05, 0x40, 0xC0,
    0x80, 0x41, 0x80, 0x05, 0x80, 0xC1, 0x80, 0x03, 0x80, 0x40, 0x81, 0xC3, 0x80, 0x41, 0xC1, 0x81, 0xC4, 0x40, 0xC1, 0x41, 0xC0, 0x40, 0xC4, 0x80,
    0x40, 0x04, 0xC4, 0x80, 0x04, 0x81, 0xC4, 0x02, 0xC1, 0x80, 0x00, 0xC4, 0x02, 0x41, 0x00, 0x40, 0xC3, 0x80, 0x40, 0x04, 0xC5, 0x80, 0x01, 0x10,
    0x41, 0x07, 0x40, 0xC3, 0x40, 0x05, 0x40, 0xC4, 0x40, 0x04, 0x80, 0xC4, 0x80, 0x04, 0x40, 0xC3, 0x80, 0x40, 0x05, 0x40, 0xC0, 0x80, 0x40, 0x81,
    0x05, 0x80, 0xC1, 0x80, 0x03, 0x42, 0x80, 0xC3, 0x80, 0x41, 0xC0, 0x82, 0xC4, 0x80, 0xC1, 0x80, 0x40, 0x80, 0xC5, 0x80, 0x40, 0x01, 0x40, 0x00,
    0x80, 0xC4, 0x80, 0x02, 0xC2, 0x00, 0xC4, 0x03, 0x40, 0x01, 0xC4, 0x05, 0x40, 0xC3, 0x80, 0x40, 0x04, 0xC5, 0x80, 0x01, 0x0F, 0x42, 0x07, 0x40,
    0xC3, 0x40, 0x05, 0x40, 0xC4, 0x40, 0x04, 0x80, 0xC4, 0x40, 0x04, 0x40, 0xC4, 0x40, 0x05, 0x40, 0xC0, 0x80, 0x40, 0x80, 0x40, 0x05, 0x80, 0xC1,
    0x80, 0x40, 0x02, 0x80, 0x40, 0x81, 0xC3, 0x82, 0xC0, 0x81, 0xC6, 0x80, 0xC0, 0x80, 0x00, 0x81, 0xC4, 0x80, 0x40, 0x01, 0x40, 0x00, 0x80, 0xC4,
    0x80, 0x02, 0xC1, 0x80, 0x00, 0xC4, 0x06, 0xC4, 0x05, 0x40, 0xC3, 0x80, 0x40, 0x04, 0xC5, 0x80, 0x01, 0x0F, 0x42, 0x07, 0x40, 0xC3, 0x80, 0x05,
    0x40, 0xC4, 0x80, 0x04, 0xC5, 0x40, 0x04, 0x40, 0xC4, 0x40, 0x05, 0x40, 0xC0, 0x80, 0x00, 0xC0, 0x40, 0x05, 0x80, 0xC1, 0x80, 0x40, 0x02, 0x80,
    0x40, 0x81, 0xC3, 0x85, 0xC6, 0x80, 0xC0, 0x80, 0x00, 0x80, 0x40, 0xC4, 0x80, 0x40, 0x03, 0x40, 0xC4, 0x80, 0x02, 0x82, 0x00, 0xC4, 0x02, 0x41,
    0x01, 0xC4, 0x05, 0x40, 0xC4, 0x40, 0x04, 0xC5, 0x80, 0x01, 0x0F, 0x42, 0x07, 0x40, 0xC3, 0x80, 0x05, 0x40, 0xC4, 0x80, 0x04, 0xC5, 0x40, 0x05,
    0xC4, 0x40, 0x05, 0x40, 0xC1, 0x00, 0x81, 0x05, 0xC2, 0x80, 0x40, 0x02, 0x80, 0x40, 0x81, 0xC3, 0x85, 0xC6, 0x40, 0xC0, 0x80, 0x00, 0x80, 0x00,
    0xC4, 0x80, 0x04, 0x40, 0xC4, 0x80, 0x02, 0x40, 0x80, 0xC0, 0x00, 0xC4, 0x02, 0xC0, 0x40, 0x01, 0xC4, 0x05, 0x40, 0xC4, 0x40, 0x04, 0x80, 0xC4,
    0x80, 0x01, 0x0F, 0x41, 0x80, 0x07, 0x40, 0xC3, 0x80, 0x05, 0x40, 0xC4, 0x80, 0x04, 0xC5, 0x40, 0x05, 0xC4, 0x80, 0x05, 0x40, 0xC1, 0x00, 0x81,
    0x05, 0xC2, 0x80, 0x40, 0x02, 0x80, 0x40, 0x81, 0xC3, 0x82, 0x40, 0x80, 0x40, 0xC6, 0x40, 0xC0, 0x40, 0x00, 0x40, 0x00, 0xC4, 0x80, 0x00, 0x40,
    0x02, 0x40, 0xC4, 0x80, 0x02, 0x40, 0x80, 0xC0, 0x00, 0xC4, 0x02, 0xC0, 0x40, 0x01, 0xC4, 0x05, 0x40, 0xC4, 0x40, 0x04, 0x80, 0xC4, 0x80, 0x01,
    0x0F, 0x41, 0x80, 0x07, 0x40, 0xC3, 0x80, 0x05, 0x40, 0xC4, 0x80, 0x04, 0xC5, 0x40, 0x05, 0xC4, 0x80, 0x05, 0x40, 0xC1, 0x00, 0x81, 0x05, 0x80,
    0xC1, 0x80, 0x03, 0x80, 0x40, 0x81, 0xC3, 0x81, 0x41, 0x80, 0x40, 0xC6, 0x81, 0x40, 0x00, 0x40, 0x00, 0xC4, 0x80, 0x00, 0x40, 0x02, 0x40, 0xC4,
    0x80, 0x02, 0x40, 0x80, 0xC0, 0x00, 0xC4, 0x02, 0xC0, 0x40, 0x01, 0xC4, 0x05, 0x40, 0xC4, 0x40, 0x04, 0x80, 0xC4, 0x80, 0x01, 0x0F, 0x41, 0x80,
    0x40, 0x06, 0x40, 0xC3, 0x80, 0x05, 0x40, 0xC4, 0x80, 0x04, 0x80, 0xC4, 0x80, 0x05, 0xC3, 0x81, 0x05, 0x40, 0xC1, 0x00, 0x81, 0x05, 0x80, 0xC1,
    0x80, 0x03, 0x80, 0x40, 0x81, 0xC3, 0x81, 0x40, 0x81, 0x40, 0xC5, 0x81, 0x40, 0x80, 0x02, 0xC5, 0x01, 0x40, 0x01, 0x40, 0xC4, 0x80, 0x03, 0x80,
    0xC0, 0x00, 0xC4, 0x02, 0xC0, 0x40, 0x01, 0xC4, 0x05, 0x40, 0xC4, 0x40, 0x04, 0x80, 0xC4, 0x80, 0x01, 0x0F, 0x40, 0x81, 0x40, 0x06, 0x40, 0xC3,
    0x80, 0x05, 0x40, 0xC4, 0x80, 0x04, 0x80, 0xC4, 0x80, 0x05, 0xC3, 0x81, 0x05, 0x40, 0xC1, 0x00, 0x81, 0x05, 0x80, 0xC1, 0x80, 0x03, 0x80, 0x40,
    0x81, 0xC3, 0x81, 0x40, 0x81, 0x00, 0xC5, 0x80, 0xC0, 0x00, 0xC0, 0x40, 0x00, 0x40, 0xC5, 0x40, 0x00, 0x80, 0x01, 0x40, 0xC5, 0x03, 0x80, 0xC0,
    0x00, 0xC4, 0x02, 0xC0, 0x40, 0x01, 0xC4, 0x05, 0x40, 0xC4, 0x40, 0x04, 0x80, 0xC4, 0x80, 0x01, 0x0F, 0x40, 0x81, 0x40, 0x07, 0xC3, 0x80, 0x05,
    0x40, 0xC4, 0x80, 0x04, 0x80, 0xC4, 0x80, 0x05, 0xC3, 0x81, 0x05, 0x40, 0xC1, 0x41, 0x80, 0x05, 0x80, 0xC1, 0x80, 0x03, 0x80, 0x40, 0x81, 0xC3,
    0x81, 0x40, 0x80, 0xC0, 0x00, 0xC0, 0x80, 0xC3, 0x40, 0xC0, 0x00, 0xC0, 0x40, 0x00, 0x40, 0x80, 0xC3, 0x81, 0x00, 0x80, 0x01, 0x40, 0xC4, 0x80,
    0x03, 0x40, 0xC0, 0x00, 0xC4, 0x02, 0xC0, 0x40, 0x01, 0xC4, 0x05, 0x40, 0xC4, 0x40, 0x04, 0x80, 0xC4, 0x80, 0x01, 0x0F, 0x40, 0x81, 0x40, 0x07,
    0xC3, 0x80, 0x05, 0x40, 0xC5, 0x04, 0x80, 0xC4, 0x80, 0x05, 0xC3, 0x81, 0x05, 0x40, 0xC1, 0x41, 0xC0, 0x05, 0x80, 0xC1, 0x80, 0x00, 0x40, 0x01,
    0x80, 0x40, 0x81, 0xC3, 0x81, 0x40, 0x80, 0xC0, 0x00, 0xC0, 0x80, 0xC3, 0x40, 0xC0, 0x00, 0xC0, 0x40, 0x00, 0x81, 0xC3, 0x81, 0x00, 0x80, 0x01,
    0x40, 0xC4, 0x80, 0x03, 0x40, 0xC0, 0x00, 0xC4, 0x02, 0xC0, 0x40, 0x01, 0xC4, 0x05, 0x40, 0xC4, 0x40, 0x04, 0x80, 0xC4, 0x80, 0x01, 0x0F, 0x40,
    0x81, 0x40, 0x07, 0xC3, 0x80, 0x06, 0xC5, 0x04, 0x80, 0xC4, 0x80, 0x05, 0xC3, 0x80, 0xC0, 0x05, 0x40, 0x80, 0xC0, 0x41, 0xC0, 0x05, 0x80, 0xC1,
    0x80, 0x00, 0x40, 0x01, 0x80, 0x40, 0x81, 0xC3, 0x81, 0x40, 0x80, 0xC0, 0x00, 0xC0, 0x80, 0xC3, 0x81, 0x00, 0xC0, 0x40, 0x00, 0x81, 0xC3, 0x80,
    0x42, 0x01, 0x40, 0xC4, 0x80, 0x03, 0x40, 0xC0, 0x00, 0xC4, 0x02, 0xC0, 0x40, 0x01, 0xC3, 0x80, 0x40, 0x04, 0x40, 0xC3, 0x81, 0x04, 0x80, 0xC5,
    0x01, 0x0F, 0x40, 0x81, 0x40, 0x07, 0xC3, 0x80, 0x06, 0xC5, 0x04, 0x80, 0xC4, 0x80, 0x05, 0xC3, 0x80, 0xC0, 0x05, 0x40, 0x80, 0xC0, 0x41, 0xC0,
    0x05, 0x80, 0xC1, 0x80, 0x00, 0x40, 0x01, 0x80, 0x40, 0x81, 0xC3, 0x80, 0x42, 0xC0, 0x00, 0x81, 0xC3, 0x81, 0x40, 0xC0, 0x40, 0x00, 0x40, 0x80,
    0xC3, 0x80, 0x42, 0x01, 0x40, 0xC5, 0x00, 0x40, 0x01, 0x40, 0xC0, 0x40, 0xC4, 0x02, 0xC0, 0x80, 0x01, 0xC3, 0x40, 0x80, 0x04, 0x40, 0xC3, 0x40,
    0xC0, 0x04, 0x80, 0xC3, 0x80, 0x40, 0x80, 0x00, 0x0F, 0x40, 0x81, 0x40, 0x07, 0xC3, 0x80, 0x40, 0x05, 0xC5, 0x04, 0x80, 0xC5, 0x05, 0xC3, 0x80,
    0xC0, 0x05, 0x40, 0x80, 0xC0, 0x41, 0xC0, 0x05, 0x80, 0xC1, 0x80, 0x00, 0x40, 0x01, 0x80, 0x40, 0x81, 0xC3, 0x80, 0x42, 0xC0, 0x40, 0x81, 0xC3,
    0x81, 0x40, 0xC0, 0x80, 0x41, 0x80, 0xC3, 0x80, 0x00, 0x81, 0x02, 0xC5, 0x00, 0x40, 0x01, 0x40, 0xC0, 0x40, 0xC3, 0x81, 0x01, 0xC0, 0x80, 0x01,
    0xC3, 0x00, 0xC2, 0x02, 0x40, 0xC3, 0x40, 0x00, 0xC0, 0x80, 0x02, 0x80, 0xC3, 0x80, 0x02, 0x0F, 0x40, 0x81, 0x40, 0x07, 0xC3, 0x80, 0x40, 0x05,
    0xC5, 0x04, 0x80, 0xC5, 0x05, 0xC3, 0x80, 0xC0, 0x05, 0x40, 0x80, 0xC0, 0x41, 0xC0, 0x05, 0x80, 0xC1, 0x80, 0x00, 0x40, 0x01, 0x80, 0x40, 0x81,
    0xC3, 0x80, 0x42, 0xC0, 0x40, 0x81, 0xC4, 0x80, 0x40, 0xC0, 0x80, 0x41, 0x80, 0xC3, 0x80, 0x00, 0x81, 0x02, 0xC5, 0x03, 0x40, 0xC0, 0x40, 0xC3,
    0x40, 0xC0, 0x80, 0xC1, 0x80, 0x01, 0xC3, 0x01, 0x40, 0x03, 0x40, 0xC3, 0x40, 0x05, 0x80, 0xC3, 0x80, 0x02, 0x0F, 0x40, 0x81, 0x40, 0x07, 0xC4,
    0x40, 0x05, 0xC5, 0x04, 0x80, 0xC5, 0x05, 0xC3, 0x80, 0xC0, 0x05, 0x40, 0x80, 0xC0, 0x41, 0xC0, 0x05, 0x80, 0xC1, 0x80, 0x00, 0x40, 0x01, 0x80,
    0x40, 0x81, 0xC3, 0x80, 0x42, 0xC0, 0x40, 0x81, 0xC4, 0x80, 0x40, 0xC0, 0x80, 0x41, 0x80, 0xC3, 0x80, 0x00, 0x81, 0x02, 0xC5, 0x03, 0x40, 0xC0,
    0x40, 0xC3, 0x40, 0xC0, 0x80, 0xC1, 0x80, 0x01, 0xC3, 0x01, 0x41, 0x02, 0x40, 0xC3, 0x40, 0x05, 0x80, 0xC3, 0x80, 0x02, 0x0F, 0x40, 0x82, 0x07,
    0xC4, 0x40, 0x05, 0xC5, 0x04, 0x80, 0xC5, 0x05, 0xC3, 0x80, 0xC0, 0x05, 0x40, 0x80, 0xC0, 0x40, 0x00, 0xC0, 0x05, 0x80, 0xC1, 0x80, 0x00, 0x40,
    0x01, 0x80, 0x40, 0x81, 0xC3, 0x80, 0x42, 0xC0, 0x40, 0x81, 0xC4, 0x80, 0x40, 0xC0, 0x80, 0x41, 0x80, 0xC3, 0x80, 0x00, 0x81, 0x02, 0xC5, 0x03,
    0x40, 0xC0, 0x40, 0xC3, 0x40, 0xC0, 0x80, 0x40, 0xC0, 0x80, 0x01, 0xC3, 0x01, 0x40, 0xC0, 0x02, 0x40, 0xC3, 0x40, 0x05, 0x80, 0xC3, 0x80, 0x02,
    0x0F, 0x40, 0x82, 0x07, 0xC4, 0x40, 0x05, 0xC5, 0x04, 0x80, 0xC5, 0x05, 0xC3, 0x80, 0xC0, 0x05, 0x40, 0x80, 0xC0, 0x40, 0x00, 0xC0, 0x05, 0x80,
    0xC1, 0x80, 0x00, 0x40, 0x01, 0x80, 0x40, 0x81, 0xC3, 0x80, 0x42, 0xC0, 0x40, 0x81, 0xC4, 0x80, 0x40, 0xC0, 0x80, 0x41, 0x80, 0xC3, 0x80, 0x41,
    0x80, 0x01, 0x40, 0xC5, 0x03, 0x40, 0xC0, 0x40, 0xC3, 0x40, 0xC0, 0x41, 0xC0, 0x80, 0x01, 0xC3, 0x01, 0x80, 0xC0, 0x02, 0x40, 0xC3, 0x40, 0x05,
    0x80, 0xC3, 0x80, 0x02, 0x0F, 0x80, 0xC1, 0x80, 0x07, 0xC4, 0x40, 0x04, 0x40, 0xC5, 0x04, 0x80, 0xC5, 0x05, 0xC3, 0x80, 0xC0, 0x05, 0x40, 0x80,
    0xC0, 0x40, 0x00, 0xC0, 0x05, 0x80, 0xC1, 0x80, 0x00, 0x40, 0x01, 0x80, 0x40, 0x81, 0xC3, 0x80, 0x42, 0xC0, 0x40, 0x81, 0xC4, 0x80, 0x40, 0xC0,
    0x80, 0x41, 0x80, 0xC3, 0x80, 0x41, 0x80, 0x01, 0x40, 0xC5, 0x03, 0x40, 0xC0, 0x40, 0xC3, 0x40, 0xC0, 0x40, 0x00, 0xC0, 0x80, 0x01, 0xC3, 0x01,
    0x80, 0xC0, 0x02, 0x40, 0xC3, 0x40, 0x05, 0x80, 0xC3, 0x80, 0x02, 0x0F, 0x80, 0xC1, 0x80, 0x06, 0x40, 0xC4, 0x80, 0x04, 0x40, 0xC5, 0x04, 0x80,
    0xC5, 0x05, 0xC3, 0x80, 0xC0, 0x05, 0x40, 0x80, 0xC0, 0x40, 0x00, 0xC0, 0x05, 0x80, 0xC1, 0x80, 0x00, 0x40, 0x01, 0x80, 0x40, 0x81, 0xC3, 0x80,
    0x42, 0xC0, 0x40, 0x81, 0xC4, 0x80, 0x40, 0xC0, 0x80, 0x41, 0x80, 0xC3, 0x81, 0x40, 0x80, 0x01, 0x40, 0xC5, 0x40, 0x02, 0x40, 0xC0, 0x40, 0xC3,
    0x40, 0xC0, 0x40, 0x00, 0xC0, 0x80, 0x01, 0xC3, 0x01, 0x80, 0xC0, 0x02, 0x40, 0xC3, 0x40, 0x05, 0x80, 0xC3, 0x80, 0x02, 0x0F, 0x80, 0xC1, 0x80,
    0x06, 0x40, 0xC4, 0x80, 0x04, 0x40, 0xC5, 0x04, 0x80, 0xC5, 0x05, 0xC3, 0x80, 0xC0, 0x05, 0x40, 0x80, 0xC0, 0x40, 0x00, 0xC0, 0x05, 0x80, 0xC1,
    0x80, 0x00, 0x40, 0x01, 0x80, 0x40, 0x81, 0xC3, 0x80, 0x42, 0xC0, 0x40, 0x81, 0xC4, 0x80, 0x40, 0xC0, 0x80, 0x40, 0x81, 0xC3, 0x81, 0x40, 0x80,
    0x01, 0x40, 0xC5, 0x40, 0x02, 0x40, 0xC0, 0x40, 0xC3, 0x40, 0xC0, 0x40, 0x00, 0xC0, 0x80, 0x01, 0xC3, 0x01, 0x80, 0xC0, 0x02, 0x40, 0xC3, 0x40,
    0x05, 0x80, 0xC3, 0x80, 0x02, 0x0F, 0x80, 0xC1, 0x80, 0x06, 0x40, 0xC4, 0x80, 0x04, 0x40, 0xC5, 0x04, 0x80, 0xC5, 0x05, 0xC3, 0x80, 0xC0, 0x05,
    0x40, 0xC1, 0x40, 0x00, 0xC0, 0x05, 0x80, 0xC1, 0x80, 0x00, 0x40, 0x01, 0x80, 0x40, 0x81, 0xC3, 0x80, 0x42, 0xC0, 0x40, 0x80, 0xC5, 0x80, 0x40,
    0xC0, 0x80, 0x00, 0x80, 0xC4, 0x81, 0x40, 0x80, 0x01, 0x40, 0xC5, 0x40, 0x02, 0x40, 0xC0, 0x40, 0xC3, 0x40, 0xC0, 0x40, 0x00, 0xC0, 0x80, 0x01,
    0xC3, 0x01, 0x80, 0xC0, 0x02, 0x40, 0xC3, 0x40, 0x05, 0x80, 0xC3, 0x80, 0x02, 0x0F, 0x80, 0xC2, 0x06, 0x40, 0xC4, 0x80, 0x04, 0x40, 0xC5, 0x04,
    0xC6, 0x05, 0xC3, 0x80, 0xC0, 0x05, 0x40, 0xC1, 0x40, 0x00, 0xC0, 0x05, 0x80, 0xC1, 0x80, 0x00, 0x40, 0x01, 0x80, 0x40, 0x81, 0xC3, 0x80, 0x42,
    0xC0, 0x40, 0x80, 0xC5, 0x80, 0x40, 0xC0, 0x80, 0x00, 0x80, 0xC4, 0x81, 0x00, 0x80, 0x01, 0x40, 0xC5, 0x40, 0x02, 0x40, 0xC0, 0x40, 0xC3, 0x40,
    0xC0, 0x40, 0x00, 0xC1, 0x01, 0xC3, 0x01, 0x80, 0xC0, 0x02, 0x40, 0xC3, 0x40, 0x05, 0x80, 0xC3, 0x80, 0x02, 0x0F, 0x80, 0xC2, 0x06, 0x40, 0xC4,
    0x80, 0x04, 0x40, 0xC5, 0x04, 0xC6, 0x05, 0xC3, 0x80, 0xC0, 0x05, 0x40, 0xC1, 0x40, 0x00, 0xC0, 0x05, 0x80, 0xC1, 0x80, 0x00, 0x40, 0x01, 0x80,
    0x40, 0x81, 0xC3, 0x80, 0x42, 0xC0, 0x40, 0x80, 0xC5, 0x80, 0x40, 0xC0, 0x80, 0x00, 0x80, 0xC4, 0x80, 0xC0, 0x00, 0xC0, 0x01, 0x40, 0xC5, 0x40,
    0x00, 0x40, 0x00, 0x40, 0xC0, 0x40, 0xC3, 0x80, 0xC0, 0x40, 0x00, 0xC1, 0x01, 0xC3, 0x01, 0x80, 0xC0, 0x40, 0x01, 0x40, 0xC3, 0x40, 0x05, 0x80,
    0xC3, 0x80, 0x02, 0x0F, 0xC3, 0x06, 0x40, 0xC4, 0x80, 0x04, 0x40, 0xC5, 0x04, 0xC6, 0x05, 0xC3, 0x80, 0xC0, 0x05, 0x40, 0xC1, 0x40, 0x00, 0xC0,
    0x05, 0x80, 0xC1, 0x80, 0x00, 0x40, 0x01, 0x80, 0x40, 0x81, 0xC3, 0x80, 0x42, 0xC0, 0x40, 0x80, 0xC5, 0x80, 0x40, 0xC1, 0x00, 0x80, 0xC4, 0x80,
    0xC0, 0x00, 0xC0, 0x40, 0x00, 0x40, 0xC5, 0x40, 0x00, 0x40, 0x00, 0x40, 0xC0, 0x40, 0xC3, 0x80, 0xC0, 0x40, 0x00, 0xC1, 0x01, 0xC3, 0x01, 0x80,
    0xC0, 0x40, 0x01, 0x40, 0xC3, 0x40, 0x05, 0x80, 0xC3, 0x80, 0x02, 0x0F, 0xC3, 0x06, 0x40, 0xC4, 0x80, 0x04, 0x40, 0xC5, 0x04, 0xC6, 0x05, 0xC3,
    0x80, 0xC0, 0x05, 0x40, 0xC1, 0x40, 0x00, 0xC0, 0x05, 0x80, 0xC1, 0x80, 0x00, 0x80, 0x01, 0x80, 0x40, 0x81, 0xC3, 0x80, 0x42, 0xC0, 0x40, 0x80,
    0xC5, 0x80, 0x40, 0xC1, 0x00, 0x80, 0xC4, 0x80, 0xC0, 0x00, 0xC0, 0x40, 0x00, 0x40, 0xC5, 0x40, 0x00, 0x40, 0x00, 0x40, 0xC0, 0x40, 0xC3, 0x80,
    0xC0, 0x40, 0x00, 0x80, 0xC0, 0x01, 0xC3, 0x01, 0x80, 0xC0, 0x40, 0x01, 0x40, 0xC3, 0x40, 0x05, 0x80, 0xC3, 0x80, 0x02, 0x0F, 0xC3, 0x06, 0x80,
    0xC4, 0x80, 0x04, 0x80, 0xC5, 0x04, 0xC6, 0x05, 0xC3, 0x80, 0xC0, 0x05, 0x40, 0xC1, 0x40, 0x00, 0xC0, 0x05, 0x80, 0xC1, 0x80, 0x00, 0x80, 0x01,
    0x41, 0x81, 0xC3, 0x80, 0x42, 0xC0, 0x40, 0x80, 0xC5, 0x80, 0x40, 0xC1, 0x00, 0x80, 0xC5, 0x80, 0x00, 0xC0, 0x40, 0x00, 0x40, 0xC5, 0x80, 0x00,
    0x40, 0x00, 0x40, 0xC0, 0x40, 0xC3, 0x80, 0xC0, 0x40, 0x00, 0x80, 0xC0, 0x01, 0xC3, 0x01, 0xC1, 0x40, 0x01, 0x40, 0xC3, 0x40, 0x01, 0x40, 0x02,
    0x80, 0xC3, 0x80, 0x02, 0x0F, 0xC3, 0x06, 0x80, 0xC5, 0x04, 0x80, 0xC5, 0x04, 0xC6, 0x05, 0xC3, 0x80, 0xC0, 0x05, 0x40, 0xC1, 0x40, 0x00, 0xC0,
    0x05, 0x80, 0xC1, 0x80, 0x00, 0x80, 0x01, 0x42, 0x80, 0xC3, 0x80, 0x42, 0xC0, 0x40, 0x80, 0xC5, 0x80, 0x40, 0xC0, 0x80, 0x00, 0x80, 0xC5, 0x80,
    0x00, 0xC0, 0x40, 0x00, 0x40, 0xC5, 0x80, 0x00, 0x40, 0x00, 0x40, 0xC0, 0x40, 0xC3, 0x80, 0xC0, 0x40, 0x00, 0x80, 0xC0, 0x40, 0x00, 0xC3, 0x00,
    0x40, 0xC1, 0x40, 0x01, 0x40, 0xC3, 0x40, 0x01, 0x40, 0x02, 0x80, 0xC3, 0x80, 0x02, 0x0F, 0xC3, 0x06, 0x80, 0xC5, 0x04, 0x80, 0xC5, 0x04, 0xC6,
    0x04, 0x40, 0xC3, 0x80, 0xC0, 0x05, 0x40, 0xC1, 0x40, 0x00, 0xC0, 0x05, 0x80, 0xC1, 0x80, 0x00, 0x40, 0x01, 0x42, 0x80, 0xC3, 0x80, 0x42, 0x80,
    0x40, 0x80, 0xC5, 0x80, 0x40, 0x81, 0x40, 0x80, 0xC5, 0x80, 0x40, 0x80, 0x40, 0x00, 0x40, 0xC5, 0x80, 0x00, 0x40, 0x00, 0x40, 0xC0, 0x40, 0xC3,
    0x80, 0xC0, 0x40, 0x00, 0x80, 0xC0, 0x40, 0x00, 0xC3, 0x00, 0x40, 0xC1, 0x40, 0x01, 0x40, 0xC3, 0x40, 0x01, 0x40, 0x02, 0x80, 0xC3, 0x80, 0x02,
    0x0F, 0xC3, 0x06, 0x80, 0xC5, 0x04, 0x80, 0xC5, 0x04, 0xC4, 0x80, 0xC0, 0x04, 0x40, 0xC3, 0x80, 0xC0, 0x05, 0x40, 0xC1, 0x01, 0xC0, 0x05, 0x80,
    0xC1, 0x80, 0x00, 0x40, 0x01, 0x42, 0x80, 0xC3, 0x80, 0x42, 0x80, 0x40, 0x80, 0xC5, 0x80, 0x40, 0x81, 0x40, 0x80, 0xC5, 0x80, 0x40, 0x80, 0x40,
    0x00, 0x40, 0xC5, 0x40, 0x00, 0x40, 0x00, 0x40, 0xC0, 0x40, 0xC3, 0x80, 0xC0, 0x40, 0x00, 0x80, 0xC0, 0x40, 0x00, 0xC3, 0x00, 0x40, 0xC1, 0x40,
    0x01, 0x40, 0xC3, 0x40, 0x01, 0x40, 0x02, 0x80, 0xC3, 0x80, 0x02, 0x0F, 0xC3, 0x06, 0x80, 0xC5, 0x04, 0x80, 0xC5, 0x04, 0xC4, 0x80, 0xC0, 0x04,
    0x40, 0xC3, 0x80, 0xC0, 0x05, 0x40, 0xC1, 0x01, 0xC0, 0x05, 0x80, 0xC1, 0x80, 0x00, 0x40, 0x01, 0x42, 0x80, 0xC3, 0x80, 0x42, 0x80, 0x41, 0xC5,
    0x41, 0x81, 0x41, 0xC5, 0x41, 0x80, 0x01, 0x40, 0xC5, 0x40, 0x00, 0x40, 0x01, 0xC0, 0x80, 0xC3, 0x80, 0xC0, 0x40, 0x00, 0x80, 0xC0, 0x40, 0x00,
    0xC3, 0x00, 0x40, 0xC1, 0x40, 0x01, 0x40, 0xC3, 0x40, 0x01, 0x40, 0x02, 0x80, 0xC3, 0x80, 0x02, 0x05, 0x40, 0x08, 0xC3, 0x06, 0x80, 0xC5, 0x04,
    0x80, 0xC5, 0x04, 0xC4, 0x80, 0xC0, 0x04, 0x40, 0xC3, 0x80, 0xC0, 0x05, 0x40, 0xC1, 0x01, 0xC0, 0x05, 0x80, 0xC1, 0x80, 0x03, 0x42, 0x80, 0xC3,
    0x80, 0x42, 0x81, 0x40, 0xC5, 0x41, 0x82, 0x40, 0xC5, 0x40, 0x81, 0x00, 0x41, 0xC5, 0x00, 0x40, 0x02, 0xC0, 0x80, 0xC3, 0x80, 0xC0, 0x40, 0x00,
    0x80, 0xC0, 0x40, 0x00, 0xC3, 0x00, 0x40, 0xC1, 0x80, 0x01, 0x40, 0xC3, 0x40, 0x01, 0x40, 0x02, 0x80, 0xC3, 0x80, 0x02, 0x04, 0x41, 0x07, 0x40,
    0xC3, 0x06, 0x80, 0xC5, 0x04, 0x80, 0xC5, 0x04, 0xC4, 0x80, 0xC0, 0x04, 0x40, 0xC3, 0x80, 0xC0, 0x05, 0x40, 0xC1, 0x01, 0xC0, 0x05, 0x80, 0xC1,
    0x80, 0x03, 0x42, 0x80, 0xC3, 0x80, 0x42, 0x81, 0x40, 0xC5, 0x40, 0x81, 0x40, 0x80, 0x40, 0xC5, 0x40, 0x81, 0x00, 0x40, 0x00, 0xC5, 0x00, 0x40,
    0x01, 0x40, 0xC0, 0x80, 0xC3, 0x80, 0xC0, 0x40, 0x00, 0x80, 0xC0, 0x40, 0x00, 0xC3, 0x00, 0x40, 0xC0, 0x81, 0x01, 0x40, 0xC3, 0x40, 0x01, 0x40,
    0x02, 0x80, 0xC3, 0x80, 0x02, 0x04, 0x41, 0x07, 0x40, 0xC3, 0x06, 0x80, 0xC5, 0x04, 0xC6, 0x04, 0xC4, 0x80, 0xC0, 0x04, 0x40, 0xC3, 0x80, 0xC0,
    0x05, 0x40, 0xC1, 0x01, 0xC0, 0x05, 0x80, 0xC1, 0x80, 0x03, 0x40, 0x00, 0x40, 0x80, 0xC3, 0x80, 0x42, 0x81, 0x40, 0xC5, 0x40, 0x81, 0x40, 0x80,
    0x40, 0xC5, 0x40, 0x81, 0x00, 0x40, 0x00, 0xC5, 0x00, 0x40, 0x01, 0x40, 0xC0, 0x80, 0xC3, 0x80, 0xC0, 0x40, 0x00, 0x40, 0xC0, 0x40, 0x00, 0xC3,
    0x00, 0x40, 0xC0, 0x81, 0x01, 0x40, 0xC3, 0x40, 0x01, 0x40, 0x02, 0x80, 0xC3, 0x80, 0x02, 0x04, 0x41, 0x07, 0x40, 0xC3, 0x06, 0x80, 0xC5, 0x04,
    0xC6, 0x04, 0xC4, 0x80, 0xC0, 0x04, 0x40, 0xC3, 0x80, 0xC0, 0x05, 0x40, 0xC1, 0x01, 0xC0, 0x05, 0x80, 0xC1, 0x80, 0x03, 0x40, 0x00, 0x40, 0x80,
    0xC3, 0x80, 0x42, 0x81, 0x40, 0xC5, 0x40, 0x81, 0x40, 0x80, 0x40, 0xC5, 0x40, 0x81, 0x00, 0x40, 0x00, 0xC5, 0x00, 0x40, 0x01, 0x40, 0xC0, 0x80,
    0xC3, 0x80, 0xC0, 0x01, 0x40, 0xC0, 0x40, 0x00, 0xC3, 0x00, 0x40, 0xC0, 0x81, 0x01, 0x40, 0xC3, 0x40, 0x01, 0x40, 0x02, 0x80, 0xC3, 0x80, 0x02,
    0x03, 0x42, 0x07, 0x40, 0xC3, 0x40, 0x05, 0x80, 0xC5, 0x04, 0xC6, 0x04, 0xC4, 0x80, 0xC0, 0x04, 0x40, 0xC3, 0x80, 0xC0, 0x05, 0x40, 0xC1, 0x01,
    0xC0, 0x05, 0x80, 0xC1, 0x80, 0x03, 0x40, 0x00, 0x40, 0x80, 0xC3, 0x80, 0x42, 0x81, 0x40, 0xC5, 0x40, 0x81, 0x40, 0x80, 0x40, 0xC5, 0x40, 0x81,
    0x00, 0x80, 0x00, 0xC5, 0x00, 0x40, 0x01, 0x40, 0xC0, 0x80, 0xC3, 0x80, 0xC0, 0x01, 0x40, 0xC0, 0x40, 0x00, 0xC3, 0x00, 0x40, 0xC0, 0x81, 0x01,
    0x40, 0xC3, 0x40, 0x01, 0x80, 0x02, 0x80, 0xC3, 0x80, 0x02, 0x03, 0x42, 0x07, 0x40, 0xC3, 0x40, 0x05, 0x80, 0xC5, 0x04, 0xC6, 0x04, 0xC4, 0x80,
    0xC0, 0x04, 0x40, 0xC3, 0x80, 0xC0, 0x05, 0x40, 0xC1, 0x01, 0xC0, 0x05, 0x80, 0xC1, 0x80, 0x05, 0x40, 0x80, 0xC3, 0x80, 0x42, 0x81, 0x40, 0xC5,
    0x40, 0x81, 0x40, 0x80, 0x40, 0xC5, 0x40, 0x81, 0x00, 0x80, 0x00, 0xC5, 0x00, 0x41, 0x00, 0x40, 0xC0, 0x80, 0xC3, 0x80, 0xC0, 0x01, 0x40, 0xC0,
    0x40, 0x00, 0xC3, 0x00, 0x40, 0xC0, 0x81, 0x01, 0x40, 0xC3, 0x40, 0x01, 0x80, 0x02, 0x80, 0xC3, 0x80, 0x02, 0x03, 0x42, 0x07, 0x40, 0xC3, 0x41,
    0x04, 0x80, 0xC5, 0x04, 0xC6, 0x04, 0xC4, 0x80, 0xC0, 0x04, 0x40, 0xC3, 0x80, 0xC0, 0x05, 0x40, 0xC1, 0x01, 0xC0, 0x05, 0x80, 0xC1, 0x80, 0x00,
    0x40, 0x03, 0x40, 0x80, 0xC3, 0x80, 0x42, 0x81, 0x40, 0xC5, 0x40, 0x81, 0x40, 0x80, 0x40, 0xC5, 0x40, 0x81, 0x40, 0x80, 0x00, 0xC5, 0x00, 0x41,
    0x00, 0x40, 0xC0, 0x80, 0xC3, 0x80, 0xC0, 0x01, 0x40, 0xC0, 0x40, 0x00, 0xC3, 0x00, 0x80, 0xC0, 0x81, 0x01, 0x40, 0xC3, 0x40, 0x01, 0x80, 0x02,
    0x80, 0xC3, 0x80, 0x02, 0x03, 0x42, 0x07, 0x40, 0xC3, 0x40, 0x05, 0x80, 0xC5, 0x04, 0xC6, 0x04, 0xC4, 0x80, 0xC0, 0x04, 0x40, 0xC3, 0x80, 0xC0,
    0x40, 0x04, 0x40, 0xC1, 0x01, 0xC0, 0x05, 0x80, 0xC1, 0x80, 0x00, 0x40, 0x03, 0x40, 0x80, 0xC3, 0x80, 0x40, 0x00, 0x40, 0x81, 0x40, 0xC5, 0x40,
    0x83, 0x40, 0xC5, 0x40, 0x81, 0x40, 0x80, 0x00, 0xC5, 0x00, 0x41, 0x00, 0x40, 0xC0, 0x80, 0xC3, 0x80, 0xC0, 0x01, 0x40, 0xC0, 0x40, 0x00, 0xC3,
    0x00, 0x80, 0xC0, 0x81, 0x01, 0x40, 0xC3, 0x40, 0x01, 0x80, 0x02, 0x80, 0xC3, 0x80, 0x02, 0x04, 0x41, 0x07, 0x40, 0xC3, 0x40, 0x05, 0x80, 0xC5,
    0x04, 0xC6, 0x03, 0x40, 0xC4, 0x80, 0xC0, 0x04, 0x40, 0xC3, 0x80, 0xC0, 0x40, 0x04, 0x40, 0xC1, 0x40, 0x00, 0xC0, 0x05, 0x80, 0xC1, 0x80, 0x00,
    0x40, 0x04, 0x80, 0xC3, 0x80, 0x40, 0x01, 0x82, 0xC5, 0x40, 0x83, 0x40, 0xC5, 0x40, 0x81, 0x40, 0x80, 0x40, 0xC5, 0x00, 0x41, 0x00, 0x40, 0xC0,
    0x80, 0xC5, 0x40, 0x00, 0x80, 0xC0, 0x80, 0x00, 0xC3, 0x00, 0x80, 0xC1, 0x40, 0x01, 0x40, 0xC3, 0x40, 0x01, 0x40, 0x02, 0x80, 0xC3, 0x80, 0x02,
    0x0E, 0x40, 0xC3, 0x06, 0x80, 0xC5, 0x04, 0x80, 0xC5, 0x03, 0x40, 0xC6, 0x04, 0x40, 0xC3, 0x80, 0xC0, 0x40, 0x04, 0x80, 0xC1, 0x40, 0x00, 0xC0,
    0x40, 0x04, 0x80, 0xC1, 0x40, 0x00, 0x80, 0x04, 0x80, 0xC3, 0x40, 0x02, 0x82, 0xC5, 0x84, 0x40, 0xC5, 0x40, 0x81, 0x40, 0x80, 0x40, 0xC5, 0x42,
    0x00, 0x40, 0xC0, 0x80, 0xC4, 0x80, 0x40, 0x00, 0xC1, 0x80, 0x00, 0xC3, 0x00, 0x80, 0xC1, 0x02, 0x40, 0xC3, 0x40, 0x05, 0x80, 0xC3, 0x80, 0x02,
    0x05, 0x40, 0x07, 0x40, 0xC3, 0x40, 0x05, 0x80, 0xC5, 0x04, 0x80, 0xC5, 0x40, 0x02, 0x40, 0xC6, 0x04, 0x40, 0xC3, 0x80, 0xC0, 0x40, 0x04, 0x80,
    0xC1, 0x40, 0x00, 0xC0, 0x80, 0x04, 0x80, 0xC1, 0x40, 0x00, 0x80, 0x01, 0x83, 0xC3, 0x80, 0xC0, 0x84, 0xC5, 0x40, 0x81, 0x40, 0x80, 0x40, 0xC5,
    0x40, 0x80, 0x40, 0x00, 0x41, 0xC5, 0x00, 0x40, 0x02, 0x81, 0xC4, 0x80, 0x01, 0xC2, 0x00, 0xC3, 0x40, 0xC2, 0x40, 0x01, 0x40, 0xC3, 0x02, 0x40,
    0x02, 0x80, 0xC3, 0x80, 0x02, 0x03, 0x40, 0x80, 0x41, 0x06, 0x40, 0xC3, 0x80, 0x05, 0x80, 0xC5, 0x40, 0x03, 0xC6, 0x80, 0x03, 0xC6, 0x40, 0x03,
    0x40, 0xC3, 0x80, 0xC0, 0x80, 0x04, 0x40, 0xC1, 0x40, 0x00, 0xC0, 0x80, 0x00, 0xC0, 0x40, 0x80, 0x00, 0x80, 0xC1, 0x80, 0x40, 0xC0, 0x80, 0xC0,
    0x82, 0xC5, 0x80, 0x40, 0x80, 0x40, 0x81, 0xC5, 0x80, 0x41, 0x00, 0x41, 0xC5, 0x00, 0x40, 0x02, 0x80, 0xC5, 0x40, 0x03, 0xC0, 0x80, 0xC4, 0x80,
    0x01, 0x40, 0xC1, 0x40, 0xC3, 0x40, 0xC1, 0x40, 0xC0, 0x40, 0x00, 0x40, 0xC3, 0x40, 0x00, 0x80, 0xC0, 0x02, 0x80, 0xC3, 0x80, 0x02, 0xC4, 0x41,
    0x80, 0xC7, 0x04, 0xC5, 0x80, 0x04, 0x40, 0x80, 0xC3, 0x06, 0x40, 0xC3, 0x40, 0x05, 0x40, 0xC4, 0x03, 0x40, 0x00, 0x40, 0xC5, 0x01, 0x40, 0xC0,
    0x01, 0x40, 0x00, 0x80, 0x00, 0x41, 0x01, 0x41, 0x00, 0x40, 0x00, 0x40, 0x80, 0x07, 0x80, 0x40, 0x81, 0x06, 0x40, 0x80, 0xC1, 0x81, 0x05, 0xC4,
    0x40, 0x05, 0x80, 0xC3, 0x00, 0x40, 0x04, 0x40, 0xC1, 0x80, 0x01, 0x80, 0x03, 0x80, 0x01, 0x80, 0x00, 0x40, 0xC0, 0x80, 0x03, 0x80, 0xC0, 0x40,
    0x00, 0xC2, 0x05, 0xC2, 0xC4, 0x41, 0x80, 0xC7, 0x04, 0xC5, 0x80, 0x04, 0x40, 0x80, 0xC3, 0x07, 0xC3, 0x40, 0x05, 0x40, 0xC4, 0x03, 0x40, 0x00,
    0x40, 0xC5, 0x01, 0x40, 0xC0, 0x00, 0x40, 0x80, 0x00, 0x80, 0x00, 0x80, 0x40, 0x01, 0x41, 0x00, 0x40, 0x00, 0x40, 0x80, 0x07, 0x80, 0x40, 0x81,
    0x07, 0xC2, 0x80, 0x40, 0x05, 0x80, 0xC3, 0x40, 0x05, 0x80, 0xC3, 0x00, 0x40, 0x04, 0x40, 0xC1, 0x80, 0x01, 0x80, 0x03, 0x80, 0x01, 0x80, 0x00,
    0x40, 0xC0, 0x80, 0x03, 0x80, 0xC0, 0x40, 0x00, 0xC2, 0x05, 0xC2, 0xC4, 0x41, 0x80, 0xC7, 0x04, 0xC5, 0x80, 0x04, 0x41, 0xC3, 0x07, 0xC3, 0x40,
    0x05, 0x40, 0xC4, 0x03, 0x40, 0x00, 0x40, 0xC4, 0x80, 0x01, 0x40, 0xC0, 0x00, 0x40, 0x80, 0x00, 0x80, 0x00, 0x80, 0x40, 0x01, 0x41, 0x00, 0x80,
    0x00, 0x40, 0x80, 0x07, 0xC0, 0x40, 0x81, 0x07, 0xC0, 0x80, 0xC1, 0x40, 0x05, 0x80, 0xC3, 0x40, 0x05, 0x80, 0xC3, 0x00, 0x40, 0x05, 0xC1, 0x80,
    0x01, 0x80, 0x03, 0x80, 0x01, 0x80, 0x00, 0x40, 0xC0, 0x80, 0x03, 0x80, 0xC0, 0x40, 0x00, 0xC2, 0x05, 0xC2, 0xC3, 0x80, 0x00, 0x41, 0xC7, 0x04,
    0xC5, 0x80, 0x04, 0x41, 0xC3, 0x07, 0xC3, 0x40, 0x05, 0x40, 0xC4, 0x03, 0x40, 0x00, 0x40, 0xC5, 0x01, 0x40, 0xC0, 0x00, 0x40, 0x80, 0x00, 0x80,
    0x00, 0x41, 0x01, 0x41, 0x00, 0x80, 0x00, 0x40, 0x80, 0x07, 0xC0, 0x40, 0x81, 0x07, 0xC0, 0x80, 0xC1, 0x06, 0x40, 0xC3, 0x40, 0x05, 0x40, 0xC3,
    0x00, 0x40, 0x05, 0xC1, 0x80, 0x01, 0x80, 0x03, 0x80, 0x01, 0x80, 0x00, 0x40, 0xC0, 0x80, 0x03, 0x80, 0xC0, 0x40, 0x00, 0xC2, 0x05, 0xC2, 0xC3,
    0x80, 0x01, 0x40, 0x80, 0xC6, 0x04, 0xC5, 0x80, 0x06, 0xC3, 0x07, 0xC3, 0x40, 0x06, 0xC4, 0x03, 0x40, 0x00, 0x40, 0xC5, 0x01, 0x40, 0xC0, 0x01,
    0x80, 0x00, 0x80, 0x00, 0x40, 0x02, 0x41, 0x00, 0x80, 0x00, 0x40, 0x80, 0x07, 0xC0, 0x40, 0x80, 0xC0, 0x07, 0xC0, 0x80, 0xC1, 0x06, 0x40, 0xC3,
    0x06, 0x40, 0xC3, 0x00, 0x40, 0x05, 0xC1, 0x80, 0x01, 0x80, 0x03, 0x80, 0x01, 0x80, 0x00, 0x40, 0xC0, 0x80, 0x03, 0x80, 0xC0, 0x40, 0x00, 0xC2,
    0x05, 0xC2, 0xC3, 0x40, 0x02, 0x80, 0xC6, 0x04, 0x80, 0xC4, 0x40, 0x06, 0xC3, 0x07, 0xC3, 0x40, 0x06, 0xC4, 0x03, 0x41, 0x00, 0xC5, 0x01, 0x80,
    0xC0, 0x01, 0x41, 0x80, 0x00, 0x40, 0x03, 0x40, 0x00, 0x80, 0x00, 0x40, 0x80, 0x07, 0xC0, 0x40, 0x80, 0xC0, 0x07, 0xC0, 0x80, 0xC1, 0x06, 0x40,
    0xC3, 0x06, 0x40, 0xC3, 0x00, 0x40, 0x05, 0xC1, 0x80, 0x01, 0x80, 0x03, 0x80, 0x01, 0x80, 0x00, 0x40, 0xC0, 0x80, 0x03, 0x80, 0xC0, 0x40, 0x00,
    0xC2, 0x05, 0xC2, 0xC3, 0x04, 0xC6, 0x04, 0x81, 0xC2, 0x80, 0x07, 0xC3, 0x07, 0xC3, 0x40, 0x04, 0x40, 0x00, 0xC4, 0x03, 0x41, 0x00, 0xC0, 0x80,
    0xC3, 0x01, 0x80, 0xC0, 0x01, 0x41, 0x80, 0x00, 0x40, 0x03, 0x40, 0x00, 0x42, 0x80, 0x07, 0x80, 0x40, 0x80, 0xC0, 0x07, 0xC0, 0x80, 0xC1, 0x06,
    0x40, 0xC3, 0x06, 0x40, 0xC3, 0x00, 0x40, 0x05, 0xC1, 0x80, 0x01, 0x80, 0x03, 0x80, 0x01, 0x80, 0x00, 0x40, 0xC0, 0x80, 0x03, 0x80, 0xC0, 0x40,
    0x00, 0xC2, 0x05, 0xC2, 0xC3, 0x04, 0xC5, 0x80, 0x04, 0x41, 0xC2, 0x80, 0x07, 0x80, 0xC2, 0x07, 0xC3, 0x40, 0x04, 0x40, 0x00, 0xC4, 0x03, 0x41,
    0x00, 0xC0, 0x82, 0xC1, 0x01, 0x80, 0xC0, 0x01, 0x41, 0x80, 0x05, 0x40, 0x00, 0x42, 0x80, 0x07, 0x80, 0x40, 0x80, 0xC0, 0x07, 0xC0, 0x80, 0xC1,
    0x06, 0x40, 0xC3, 0x07, 0xC2, 0x80, 0x00, 0x40, 0x05, 0xC1, 0x40, 0x00, 0x40, 0x80, 0x03, 0x80, 0x01, 0x80, 0x00, 0x40, 0xC0, 0x40, 0x03, 0x40,
    0xC0, 0x40, 0x00, 0xC2, 0x05, 0xC2, 0xC3, 0x04, 0x40, 0xC4, 0x40, 0x06, 0x80, 0xC1, 0x40, 0x07, 0x40, 0xC2, 0x07, 0x80, 0xC2, 0x40, 0x04, 0x80,
    0x00, 0xC4, 0x40, 0x02, 0x40, 0x80, 0x00, 0x82, 0x40, 0xC0, 0x80, 0x01, 0x80, 0xC0, 0x01, 0x40, 0x81, 0x08, 0x40, 0x80, 0x40, 0x07, 0x80, 0x40,
    0x80, 0xC0, 0x07, 0xC0, 0x80, 0xC1, 0x06, 0x40, 0xC3, 0x07, 0xC2, 0x80, 0x00, 0x40, 0x05, 0xC1, 0x40, 0x00, 0x41, 0x03, 0x40, 0x01, 0x40, 0x00,
    0x40, 0xC0, 0x40, 0x03, 0x40, 0xC0, 0x40, 0x00, 0xC2, 0x05, 0xC1, 0x80, 0xC2, 0x80, 0x05, 0xC3, 0x80, 0x08, 0xC1, 0x80, 0x08, 0xC2, 0x07, 0x80,
    0xC2, 0x80, 0x04, 0x80, 0x00, 0x80, 0xC3, 0x40, 0x02, 0x81, 0x00, 0x82, 0x40, 0xC0, 0x80, 0x01, 0x80, 0xC0, 0x01, 0x40, 0x80, 0x41, 0x07, 0x81,
    0x40, 0x07, 0x40, 0x81, 0xC0, 0x07, 0xC0, 0x80, 0xC1, 0x07, 0xC3, 0x07, 0xC2, 0x40, 0x00, 0x40, 0x05, 0x80, 0xC0, 0x40, 0x00, 0x41, 0x03, 0x40,
    0x01, 0x40, 0x00, 0x40, 0xC0, 0x40, 0x03, 0x40, 0xC0, 0x40, 0x00, 0xC2, 0x05, 0xC1, 0x80, 0xC2, 0x40, 0x05, 0x40, 0x00, 0xC1, 0x40, 0x08, 0xC1,
    0x80, 0x08, 0xC2, 0x05, 0x40, 0x00, 0x40, 0xC2, 0x80, 0x04, 0x80, 0x00, 0x40, 0xC3, 0x80, 0x01, 0x40, 0x80, 0xC0, 0x00, 0x40, 0x80, 0x41, 0xC0,
    0x40, 0x01, 0x40, 0xC0, 0x01, 0x40, 0x80, 0x09, 0x80, 0xC0, 0x40, 0x07, 0x40, 0xC1, 0x80, 0x07, 0xC3, 0x07, 0xC2, 0x80, 0x07, 0xC2, 0x40, 0x00,
    0x40, 0x05, 0x80, 0xC0, 0x40, 0x00, 0x41, 0x03, 0x40, 0x01, 0x40, 0x00, 0x40, 0xC0, 0x40, 0x03, 0x40, 0xC0, 0x01, 0xC2, 0x05, 0xC1, 0x80, 0xC1,
    0x80, 0x08, 0xC1, 0x09, 0xC2, 0x08, 0xC2, 0x05, 0x40, 0x01, 0xC2, 0x80, 0x04, 0x80, 0x01, 0xC4, 0x01, 0x40, 0xC1, 0x01, 0x80, 0x01, 0x80, 0x03,
    0x80, 0x01, 0x40, 0xC0, 0x09, 0xC1, 0x09, 0xC1, 0x40, 0x07, 0x80, 0xC1, 0x80, 0x07, 0xC2, 0x40, 0x07, 0x80, 0xC1, 0x08, 0x40, 0xC0, 0x01, 0x80,
    0x04, 0x41, 0x00, 0x40, 0x00, 0x40, 0xC0, 0x05, 0xC0, 0x01, 0x80, 0xC1, 0x05, 0xC1, 0x80, 0xC1, 0x09, 0xC1, 0x09, 0xC2, 0x08, 0xC2, 0x05, 0x41,
    0x00, 0xC3, 0x04, 0x80, 0x01, 0xC0, 0x80, 0xC2, 0x01, 0x80, 0xC1, 0x01, 0x80, 0x00, 0x41, 0x03, 0x41, 0x01, 0x80, 0x09, 0x80, 0xC0, 0x09, 0xC1,
    0x40, 0x07, 0x40, 0xC1, 0x80, 0x07, 0x80, 0xC1, 0x40, 0x07, 0x40, 0xC1, 0x00, 0x40, 0x06, 0x40, 0xC0, 0x01, 0x80, 0x05, 0x40, 0x00, 0x40, 0x00,
    0x40, 0xC0, 0x05, 0xC0, 0x01, 0x80, 0xC1, 0x05, 0xC1, 0x80, 0xC0, 0x80, 0x09, 0xC1, 0x80, 0x08, 0xC1, 0x80, 0x06, 0x40, 0x00, 0xC2, 0x40, 0x04,
    0x41, 0x00, 0xC3, 0x40, 0x02, 0x40, 0xC0, 0x40, 0x00, 0x80, 0x40, 0xC1, 0x80, 0x01, 0x80, 0xC0, 0x80, 0x01, 0xC0, 0x00, 0x40, 0x05, 0x40, 0x01,
    0x40, 0x09, 0x81, 0x09, 0xC1, 0x08, 0x80, 0xC1, 0x40, 0x06, 0x80, 0xC2, 0x08, 0x40, 0xC1, 0x00, 0x40, 0x07, 0xC0, 0x01, 0xC0, 0x05, 0x80, 0x02,
    0x40, 0xC0, 0x05, 0xC0, 0x01, 0x80, 0xC1, 0x05, 0xC1, 0x80, 0xC1, 0x09, 0xC1, 0x80, 0x06, 0x40, 0x00, 0xC1, 0x80, 0x06, 0x80, 0x00, 0xC2, 0x40,
    0x04, 0x40, 0x80, 0x00, 0xC3, 0x80, 0x01, 0x41, 0xC0, 0x80, 0x00, 0x40, 0x00, 0x81, 0x40, 0x01, 0x40, 0xC0, 0x80, 0x01, 0x41, 0x07, 0x40, 0x0B,
    0x41, 0x03, 0x42, 0x82, 0xC1, 0x80, 0xCA, 0x81, 0x42, 0x04, 0xC1, 0x09, 0xC0, 0x80, 0x00, 0x40, 0x07, 0xC0, 0x01, 0x80, 0x05, 0x80, 0x02, 0x81,
    0x05, 0xC0, 0x01, 0x80, 0xC0, 0x80, 0x05, 0x80, 0xC0, 0x80, 0xC1, 0x09, 0xC1, 0x40, 0x06, 0x80, 0x00, 0xC2, 0x06, 0x80, 0x00, 0xC2, 0x80, 0x04,
    0x40, 0xC0, 0x00, 0xC3, 0x80, 0x01, 0x81, 0xC0, 0x80, 0x02, 0x80, 0x40, 0x03, 0x40, 0x80, 0x02, 0x40, 0x07, 0x40, 0x0C, 0x84, 0xD2, 0x80, 0x09,
    0xC0, 0x80, 0x09, 0x80, 0x40, 0x00, 0x40, 0x07, 0x80, 0x01, 0x80, 0x05, 0x40, 0x02, 0x81, 0x05, 0x80, 0x40, 0x00, 0x80, 0xC0, 0x80, 0x05, 0x80,
    0xC0, 0x40, 0xC1, 0x40, 0x07, 0x40, 0xC1, 0x40, 0x06, 0x80, 0x40, 0xC2, 0x06, 0xC0, 0x00, 0xC3, 0x40, 0x03, 0x80, 0xC0, 0x00, 0x81, 0xC1, 0x40,
    0x01, 0x40, 0xC1, 0x40, 0x02, 0x40, 0x05, 0x41, 0x01, 0x40, 0x15, 0x81, 0xD0, 0x83, 0xC0, 0x40, 0x09, 0x80, 0x0A, 0x40, 0x01, 0x40, 0x09, 0x41,
    0x05, 0x40, 0x02, 0xC0, 0x40, 0x05, 0x41, 0x00, 0x80, 0xC0, 0x40, 0x05, 0x40, 0xC0, 0x40, 0xC1, 0x08, 0x80, 0xC1, 0x80, 0x06, 0x40, 0x80, 0xC2,
    0x40, 0x05, 0xC0, 0x40, 0xC3, 0x80, 0x01, 0x41, 0xC1, 0x80, 0x00, 0x40, 0xC0, 0x40, 0x03, 0x80, 0xC0, 0x02, 0x40, 0x07, 0x40, 0x18, 0x80, 0xD1,
    0x83, 0xC0, 0x0A, 0x40, 0x18, 0x80, 0x0A, 0xC0, 0x07, 0x80, 0x00, 0x80, 0xC0, 0x07, 0xC0, 0x40, 0xC1, 0x08, 0xC2, 0x80, 0x06, 0x40, 0xC4, 0x04,
    0x40, 0xC5, 0x40, 0x01, 0x40, 0x80, 0xC1, 0x80, 0x00, 0x41, 0x05, 0x80, 0x01, 0x40, 0x22, 0x80, 0xD1, 0x83, 0xC0, 0x18, 0x40, 0x0A, 0x80, 0x07,
    0x40, 0x01, 0xC0, 0x07, 0xC0, 0x00, 0xC1, 0x07, 0xC0, 0x80, 0xC1, 0x40, 0x07, 0xC3, 0x40, 0x05, 0x80, 0xC4, 0x40, 0x01, 0x41, 0x80, 0xC1, 0x40,
    0xC1, 0x40, 0x03, 0x40, 0xC1, 0x00, 0x40, 0x09, 0x41, 0x22, 0x80, 0xD1, 0x84, 0x24, 0x80, 0x07, 0x40, 0x00, 0x40, 0x80, 0x07, 0x80, 0x00, 0xC0,
    0x80, 0x07, 0x81, 0xC1, 0x40, 0x07, 0xC4, 0x04, 0x40, 0xC5, 0x03, 0xC2, 0x80, 0x00, 0x80, 0x06, 0x40, 0xC0, 0x00, 0x40, 0x09, 0x80, 0x23, 0x80,
    0xD1, 0x84, 0x23, 0x41, 0x09, 0x80, 0x40, 0x07, 0x41, 0xC0, 0x08, 0x40, 0xC0, 0xC2, 0x40, 0x05, 0x80, 0xC4, 0x03, 0x81, 0xC1, 0x80, 0xC0, 0x40,
    0x05, 0x80, 0xC0, 0x40, 0x09, 0x40, 0x30, 0x80, 0xD1, 0x84, 0x23, 0x80, 0x0A, 0xC0, 0x09, 0x80, 0xC0, 0x09, 0xC0, 0xC2, 0x80, 0x03, 0x41, 0xC3,
    0x80, 0x40, 0x03, 0x40, 0xC2, 0x40, 0x08, 0x80, 0x40, 0x3B, 0x80, 0xD1, 0x84, 0x23, 0x40, 0x0A, 0x40, 0x09, 0x80, 0x40, 0x09, 0x80, 0xC2, 0x80,
    0x03, 0x40, 0xC3, 0x40, 0x07, 0x80, 0xC0, 0x3F, 0x07, 0x80, 0xD1, 0x84, 0x3F, 0x07, 0xC0, 0x40, 0x07, 0x80, 0xC0, 0x0A, 0x40, 0x3F, 0x07, 0x80,
    0xD1, 0x84, 0x3F, 0x07, 0x0A, 0x40, 0x3F, 0x13, 0x80, 0xD0, 0x85, 0x3F, 0x07, 0x3F, 0x1F, 0xCD, 0x89, 0x3F, 0x07, 0x3F, 0x1F, 0xCB, 0x84, 0x46,
    0x3F, 0x07, 0x3F, 0x1F, 0xCB, 0x4B, 0x3F, 0x07, 0x3F, 0x15, 0x49, 0xCB, 0x3F, 0x13, 0x3F, 0x13, 0x4B, 0xCB, 0x3F, 0x13, 0x3F, 0x13, 0x41, 0x95,
    0x3F, 0x13, 0x3F, 0x13, 0x8B, 0x4B, 0x3F, 0x13, 0x3F, 0x13, 0x84, 0xC6, 0x41, 0x07, 0x40, 0x80, 0x3F, 0x13, 0x3F, 0x13, 0x80, 0xCA, 0x09, 0x40,
    0x80, 0x3F, 0x13, 0x3F, 0x13, 0xCB, 0x09, 0x40, 0xC0, 0x3F, 0x0F, 0x41, 0x01, 0x3F, 0x13, 0x87, 0xC2, 0x80, 0x09, 0x80, 0xC0, 0x3F, 0x03, 0x40,
    0x0B, 0x80, 0x40, 0x00, 0x3F, 0x12, 0x40, 0x87, 0xC1, 0x80, 0xC0, 0x08, 0x40, 0x80, 0xC0, 0x36, 0x40, 0x0B, 0x80, 0x40, 0x0A, 0x40, 0xC0, 0x80,
    0x3F, 0x12, 0xC0, 0x87, 0xC3, 0x08, 0x40, 0xC1, 0x0A, 0xC0, 0x0A, 0x80, 0x0A, 0x40, 0x0A, 0x40, 0x05, 0x41, 0x0B, 0x40, 0x80, 0x41, 0x08, 0x40,
    0x80, 0xC0, 0x3F, 0x11, 0xC1, 0x87, 0xC3, 0x08, 0x40, 0xC1, 0x09, 0x80, 0xC0, 0x09, 0x40, 0xC0, 0x0A, 0xC0, 0x05, 0x40, 0x03, 0xC0, 0x06, 0x41,
    0x01, 0xC0, 0x07, 0x40, 0xC2, 0x08, 0x80, 0xC1, 0x3F, 0x06, 0x40, 0x08, 0x80, 0xC1, 0x80, 0x44, 0x81, 0xC3, 0x08, 0x40, 0xC1, 0x08, 0x40, 0xC1,
    0x09, 0xC1, 0x09, 0xC1, 0x05, 0x40, 0x02, 0xC1, 0x06, 0x40, 0xC0, 0x40, 0xC1, 0x08, 0xC2, 0x05, 0x81, 0xC3, 0x3F, 0x10, 0xC1, 0x80, 0x46, 0x80,
    0xC3, 0x08, 0xC2, 0x08, 0xC2, 0x08, 0x40, 0xC1, 0x08, 0x40, 0xC1, 0x05, 0x41, 0x00, 0x80, 0xC1, 0x06, 0x40, 0x80, 0xC2, 0x06, 0x40, 0xC3, 0x03,
    0x40, 0x81, 0xC4, 0x3F, 0x0A, 0x44, 0x80, 0xC1, 0x00, 0x46, 0x80, 0xC2, 0x09, 0xC1, 0x40, 0x08, 0xC1, 0x40, 0x08, 0xC1, 0x05, 0x40, 0x02, 0xC1,
    0x40, 0x05, 0x40, 0x80, 0x40, 0xC1, 0x80, 0x06, 0x40, 0xC2, 0x80, 0x04, 0x81, 0xC4, 0x05, 0x80, 0xC4, 0x3F, 0x09, 0x45, 0xC1, 0x80, 0x00, 0x46,
    0x80, 0xC1, 0x80, 0x08, 0x80, 0xC1, 0x08, 0x40, 0xC1, 0x08, 0x40, 0xC0, 0x80, 0x05, 0x40, 0x01, 0x40, 0xC1, 0x06, 0x40, 0x80, 0xC2, 0x80, 0x06,
    0x80, 0xC2, 0x04, 0x81, 0xC4, 0x80, 0x04, 0x40, 0xC5, 0x16, 0x40, 0x0A, 0xC0, 0x0A, 0xC0, 0x19, 0x45, 0xC1, 0x01, 0x42, 0x03, 0x80, 0xC1, 0x40,
    0x08, 0xC1, 0x80, 0x08, 0xC1, 0x40, 0x08, 0xC1, 0x06, 0x41, 0x00, 0xC1, 0x40, 0x80, 0x05, 0x40, 0xC2, 0x80, 0x05, 0x40, 0x80, 0xC2, 0x80, 0x40,
    0x03, 0x41, 0xC4, 0x40, 0x04, 0xC6, 0x0A, 0x40, 0x09, 0xC1, 0x09, 0xC1, 0x0A, 0x80, 0x19, 0x44, 0x80, 0xC1, 0x01, 0x41, 0x04, 0xC2, 0x09, 0xC1,
    0x09, 0xC1, 0x09, 0xC1, 0x06, 0x42, 0xC1, 0x81, 0x05, 0x40, 0xC2, 0x05, 0x81, 0xC3, 0x80, 0x40, 0x04, 0x80, 0xC4, 0x05, 0xC5, 0x80, 0x08, 0xC1,
    0x80, 0x08, 0xC2, 0x08, 0x40, 0x80, 0xC0, 0x25, 0x44, 0x80, 0xC0, 0x80, 0x01, 0x41, 0x04, 0xC2, 0x08, 0x40, 0xC1, 0x08, 0x40, 0xC0, 0x80, 0x08,
    0x40, 0xC0, 0x80, 0x00, 0x40, 0x04, 0x41, 0x80, 0xC1, 0x80, 0x40, 0x05, 0x80, 0xC1, 0x80, 0x05, 0x81, 0xC3, 0x41, 0x04, 0xC5, 0x04, 0x40, 0xC5,
    0x80, 0x07, 0xC2, 0x08, 0x40, 0x80, 0xC0, 0x0A, 0x80, 0xC0, 0x0A, 0x40, 0x19, 0x44, 0x80, 0xC0, 0x40, 0x01, 0x41, 0x04, 0xC1, 0x80, 0x08, 0x80,
    0xC0, 0x80, 0x08, 0x40, 0xC0, 0x40, 0x08, 0x80, 0xC0, 0x40, 0x00, 0x40, 0x04, 0x40, 0x80, 0xC1, 0x80, 0x40, 0x06, 0x80, 0xC1, 0x80, 0x05, 0x81,
    0xC3, 0x41, 0x04, 0xC4, 0x80, 0x04, 0x80, 0xC5, 0x00, 0x06, 0x80, 0xC1, 0x0A, 0x81, 0x0A, 0xC0, 0x80, 0x0A, 0x40, 0x19, 0x44, 0xC1, 0x40, 0x02,
    0x40, 0x03, 0x40, 0xC1, 0x80, 0x08, 0x80, 0xC0, 0x80, 0x08, 0x80, 0xC0, 0x09, 0x80, 0xC0, 0x00, 0x40, 0x05, 0x40, 0x80, 0xC1, 0x80, 0x06, 0x40,
    0xC2, 0x80, 0x05, 0x40, 0x80, 0xC3, 0x00, 0x40, 0x03, 0x40, 0xC4, 0x80, 0x04, 0x80, 0xC5, 0x00, 0x05, 0xC2, 0x80, 0x08, 0x40, 0x00, 0xC0, 0x40,
    0x0A, 0xC0, 0x40, 0x0A, 0x40, 0x19, 0x44, 0xC1, 0x40, 0x02, 0x41, 0x02, 0x40, 0xC1, 0x80, 0x08, 0xC1, 0x40, 0x08, 0x80, 0xC0, 0x09, 0xC1, 0x00,
    0x80, 0x05, 0x40, 0x80, 0xC1, 0x40, 0x06, 0x40, 0xC2, 0x80, 0x40, 0x04, 0x40, 0x80, 0xC3, 0x05, 0x40, 0xC4, 0x80, 0x04, 0x81, 0xC3, 0x80, 0x00,
    0x04, 0xC3, 0x40, 0x06, 0x80, 0xC0, 0x80, 0x00, 0xC0, 0x40, 0x0A, 0xC0, 0x40, 0x0A, 0x40, 0x1A, 0x43, 0xC1, 0x40, 0x02, 0x41, 0x02, 0x40, 0xC1,
    0x80, 0x08, 0xC1, 0x40, 0x08, 0x80, 0xC0, 0x09, 0xC1, 0x00, 0x80, 0x05, 0x40, 0x80, 0xC1, 0x40, 0x06, 0x40, 0xC2, 0x41, 0x04, 0x40, 0xC4, 0x05,
    0x40, 0xC4, 0x80, 0x04, 0x81, 0xC3, 0x40, 0x00, 0x04, 0xC3, 0x07, 0x40, 0xC0, 0x41, 0xC0, 0x0B, 0xC0, 0x0B, 0x40, 0x1A, 0x43, 0xC1, 0x40, 0x02,
    0x41, 0x02, 0x40, 0xC1, 0x80, 0x08, 0xC1, 0x40, 0x08, 0x80, 0xC0, 0x09, 0xC1, 0x00, 0x80, 0x05, 0x40, 0x80, 0xC1, 0x40, 0x06, 0x40, 0xC2, 0x41,
    0x04, 0x40, 0xC4, 0x05, 0x40, 0xC4, 0x80, 0x04, 0x81, 0xC3, 0x40, 0x00, 0x05, 0xC2, 0x40, 0x0A, 0xC0, 0x0B, 0x80, 0x0B, 0x40, 0x18, 0x45, 0xC1,
    0x40, 0x07, 0x40, 0xC1, 0x80, 0x08, 0xC1, 0x40, 0x08, 0x80, 0xC0, 0x09, 0xC1, 0x00, 0x40, 0x05, 0x40, 0x80, 0xC1, 0x40, 0x06, 0x40, 0xC2, 0x41,
    0x04, 0x40, 0xC3, 0x80, 0x05, 0x40, 0xC4, 0x80, 0x04, 0x81, 0xC3, 0x80, 0x00, 0x05, 0x40, 0x80, 0xC0, 0x0B, 0x80, 0x0B, 0x80, 0x0B, 0x40, 0x0C,
    0x41, 0x09, 0x45, 0xC1, 0x08, 0x40, 0xC1, 0x80, 0x40, 0x07, 0xC1, 0x40, 0x08, 0xC1, 0x09, 0xC1, 0x00, 0x40, 0x05, 0x40, 0x80, 0xC1, 0x40, 0x06,
    0x40, 0xC2, 0x40, 0x05, 0x40, 0xC3, 0x80, 0x00, 0x40, 0x03, 0x40, 0xC4, 0x80, 0x04, 0x81, 0xC3, 0x80, 0x00, 0x05, 0x80, 0xC1, 0x0B, 0x80, 0x0B,
    0x80, 0x0B, 0x40, 0x0C, 0x42, 0x0C, 0x40, 0x80, 0xC1, 0x08, 0x40, 0xC1, 0x80, 0x08, 0xC1, 0x09, 0xC1, 0x09, 0xC1, 0x40, 0x80, 0x05, 0x40, 0x80,
    0xC1, 0x40, 0x06, 0x40, 0xC2, 0x80, 0x40, 0x03, 0x41, 0x80, 0xC2, 0x80, 0x05, 0x40, 0xC4, 0x80, 0x04, 0x81, 0xC3, 0x40, 0x00, 0x02, 0x40, 0xC0,
    0x81, 0xC1, 0x08, 0x40, 0xC0, 0x40, 0x80, 0x0B, 0x80, 0x0B, 0x42, 0x0B, 0x42, 0x00, 0x81, 0x08, 0x40, 0xC1, 0x80, 0x08, 0x80, 0xC1, 0x40, 0x07,
    0x80, 0xC0, 0x09, 0xC1, 0x00, 0x80, 0x04, 0x42, 0xC1, 0x80, 0x07, 0x80, 0xC1, 0x80, 0x41, 0x03, 0x40, 0x80, 0xC3, 0x07, 0xC4, 0x05, 0x80, 0xC4,
    0x05, 0x80, 0x00, 0x41, 0xC0, 0x02, 0xC1, 0x03, 0x40, 0xC0, 0x80, 0x02, 0xC2, 0x03, 0xC1, 0x80, 0x03, 0x40, 0x03, 0x80, 0x01, 0x40, 0x00, 0x41,
    0x0A, 0x41, 0x01, 0x80, 0x40, 0x08, 0x40, 0xC1, 0x80, 0x08, 0x80, 0xC0, 0x40, 0x08, 0xC1, 0x80, 0x40, 0x07, 0xC1, 0x00, 0x80, 0x04, 0x40, 0x01,
    0xC1, 0x80, 0x07, 0x80, 0xC1, 0x80, 0x41, 0x04, 0x80, 0xC3, 0x05, 0x40, 0x00, 0x80, 0xC3, 0x40, 0x05, 0x80, 0xC3, 0x06, 0xC0, 0x41, 0x80, 0x40,
    0x05, 0x41, 0x01, 0x41, 0x02, 0x06, 0xC0, 0x80, 0x09, 0xC1, 0x80, 0x08, 0x80, 0xC0, 0x00, 0x40, 0x00, 0x41, 0x0B, 0x40, 0x00, 0xC2, 0x08, 0x80,
    0xC0, 0x80, 0x08, 0x40, 0xC0, 0x80, 0x08, 0x80, 0xC0, 0x80, 0x40, 0x07, 0x80, 0xC0, 0x81, 0x05, 0x41, 0x80, 0xC1, 0x08, 0xC2, 0x41, 0x04, 0x40,
    0x80, 0xC3, 0x06, 0x80, 0xC3, 0x80, 0x06, 0xC2, 0x80, 0x06, 0x41, 0x01, 0x80, 0x06, 0x40, 0x02, 0x80, 0x03, 0x05, 0x40, 0xC1, 0x80, 0x08, 0x40,
    0xC1, 0x40, 0x08, 0xC0, 0x80, 0x05, 0x42, 0x06, 0x41, 0xC1, 0x80, 0x07, 0x40, 0xC1, 0x09, 0xC1, 0x40, 0x07, 0x40, 0xC1, 0x41, 0x07, 0xC1, 0x40,
    0x80, 0x05, 0x41, 0xC1, 0x80, 0x07, 0x40, 0xC2, 0x41, 0x04, 0x80, 0xC3, 0x80, 0x06, 0xC4, 0x06, 0x80, 0xC2, 0x07, 0x41, 0x00, 0x80, 0x07, 0x80,
    0x01, 0x40, 0x04, 0x06, 0xC0, 0x80, 0xC1, 0x80, 0x07, 0xC2, 0x40, 0x08, 0x41, 0x01, 0x40, 0x00, 0x40, 0x81, 0x07, 0x40, 0xC2, 0x08, 0x40, 0xC0,
    0x80, 0x08, 0x80, 0xC1, 0x08, 0xC1, 0x40, 0x00, 0x40, 0x06, 0x40, 0xC0, 0x81, 0x40, 0x04, 0x41, 0x80, 0xC1, 0x40, 0x06, 0x40, 0xC2, 0x80, 0x05,
    0x80, 0x40, 0xC3, 0x40, 0x05, 0x40, 0xC3, 0x80, 0x06, 0xC0, 0x80, 0xC0, 0x80, 0x07, 0x80, 0x01, 0x80, 0x07, 0x80, 0x01, 0x80, 0x04, 0x06, 0xC0,
    0x81, 0xC1, 0x07, 0x80, 0xC2, 0x40, 0x0B, 0x40, 0x00, 0x82, 0x07, 0x40, 0xC1, 0x80, 0x08, 0xC1, 0x09, 0xC1, 0x40, 0x07, 0x40, 0xC1, 0x00, 0x40,
    0x06, 0x81, 0xC0, 0x40, 0x80, 0x06, 0x40, 0xC2, 0x40, 0x05, 0x81, 0xC2, 0x40, 0x04, 0x40, 0x01, 0xC3, 0x06, 0x40, 0xC3, 0x07, 0xC0, 0x80, 0xC0,
    0x08, 0x80, 0x00, 0x41, 0x07, 0x80, 0x01, 0x80, 0x04, 0x06, 0x80, 0x40, 0x80, 0xC1, 0x07, 0x80, 0xC0, 0x81, 0x40, 0x0B, 0x41, 0xC1, 0x40, 0x07,
    0x40, 0xC1, 0x40, 0x08, 0xC1, 0x08, 0x40, 0xC1, 0x40, 0x07, 0x80, 0xC1, 0x06, 0x41, 0x80, 0xC1, 0x80, 0x40, 0x06, 0x80, 0xC1, 0x80, 0x41, 0x03,
    0x80, 0x41, 0xC2, 0x07, 0x40, 0xC2, 0x80, 0x06, 0x40, 0xC2, 0x80, 0x07, 0xC0, 0x40, 0x80, 0x08, 0x80, 0x00, 0x41, 0x07, 0x80, 0x01, 0x40, 0x04,
    0x06, 0x80, 0x41, 0x80, 0xC0, 0x07, 0x80, 0xC0, 0x81, 0x0D, 0x80, 0xC1, 0x40, 0x07, 0x40, 0xC1, 0x08, 0x40, 0xC1, 0x08, 0x40, 0xC0, 0x80, 0x08,
    0x80, 0xC1, 0x06, 0x41, 0x80, 0xC1, 0x80, 0x40, 0x04, 0x41, 0x80, 0xC1, 0x80, 0x41, 0x03, 0x40, 0x00, 0x40, 0xC2, 0x07, 0x80, 0xC2, 0x40, 0x06,
    0x40, 0xC2, 0x40, 0x07, 0x80, 0x00, 0x80, 0x08, 0x80, 0x00, 0x40, 0x08, 0x80, 0x01, 0x40, 0x04, 0x06, 0x80, 0x41, 0x81, 0x07, 0x83, 0x02, 0x40,
    0x09, 0xC2, 0x80, 0x07, 0x40, 0xC1, 0x08, 0x40, 0xC1, 0x08, 0x40, 0xC0, 0x80, 0x08, 0x40, 0xC1, 0x07, 0x40, 0xC2, 0x80, 0x40, 0x04, 0x80, 0x40,
    0x80, 0xC1, 0x80, 0x41, 0x05, 0x80, 0xC2, 0x07, 0xC3, 0x07, 0x80, 0xC2, 0x08, 0xC0, 0x00, 0x80, 0x08, 0x80, 0x00, 0x80, 0x08, 0x80, 0x00, 0x41,
    0x04, 0x06, 0x40, 0x00, 0x41, 0x80, 0x07, 0x83, 0x04, 0x40, 0x07, 0x40, 0xC2, 0x08, 0xC1, 0x40, 0x08, 0xC1, 0x40, 0x08, 0xC1, 0x08, 0x40, 0xC1,
    0x07, 0x40, 0xC2, 0x80, 0x40, 0x04, 0x41, 0x80, 0xC1, 0x80, 0x40, 0x06, 0x80, 0xC2, 0x07, 0xC3, 0x07, 0xC3, 0x08, 0xC0, 0x00, 0x80, 0x08, 0x80,
    0x00, 0x80, 0x08, 0x80, 0x00, 0x41, 0x04, 0x06, 0x41, 0x00, 0x40, 0x80, 0x07, 0x40, 0x82, 0x0F, 0xC1, 0x80, 0x07, 0x40, 0xC1, 0x40, 0x08, 0xC1,
    0x08, 0x80, 0xC1, 0x08, 0xC1, 0x80, 0x06, 0x40, 0x81, 0xC0, 0x82, 0x03, 0x40, 0x80, 0xC3, 0x07, 0x80, 0xC2, 0x41, 0x04, 0x40, 0xC3, 0x40, 0x05,
    0x40, 0xC3, 0x08, 0xC0, 0x40, 0x80, 0x40, 0x07, 0x80, 0x01, 0x40, 0x07, 0x80, 0x01, 0x80, 0x04, 0x06, 0x41, 0x00, 0x40, 0x80, 0x07, 0x40, 0x81,
    0xC0, 0x10, 0x80, 0xC0, 0x40, 0x07, 0x80, 0xC1, 0x40, 0x07, 0x40, 0xC0, 0x40, 0x08, 0xC2, 0x40, 0x06, 0x40, 0xC1, 0x81, 0x05, 0x40, 0x81, 0xC0,
    0x40, 0x00, 0x80, 0x03, 0x81, 0xC2, 0x80, 0x40, 0x05, 0x40, 0x80, 0xC2, 0x40, 0x05, 0xC3, 0x80, 0x00, 0x40, 0x04, 0xC3, 0x80, 0x07, 0x83, 0x07,
    0x80, 0x01, 0x80, 0x07, 0x80, 0x01, 0x80, 0x04, 0x06, 0x40, 0x01, 0x40, 0x80, 0x07, 0x81, 0x40, 0xC0, 0x10, 0x40, 0x80, 0x40, 0x07, 0x40, 0xC1,
    0x40, 0x08, 0xC1, 0x08, 0x80, 0xC1, 0x40, 0x07, 0xC1, 0x81, 0x05, 0x40, 0x80, 0x40, 0xC0, 0x40, 0x00, 0x80, 0x03, 0x80, 0x40, 0xC3, 0x80, 0x42,
    0x02, 0x40, 0x00, 0xC2, 0x40, 0x01, 0x41, 0x02, 0x80, 0xC2, 0x80, 0x40, 0x01, 0x40, 0x01, 0x80, 0xC4, 0x06, 0x80, 0xC2, 0x07, 0x80, 0x01, 0x80,
    0x07, 0x80, 0x01, 0x80, 0x04, 0x09, 0x41, 0x07, 0x40, 0x80, 0x40, 0xC0, 0x0A, 0x80, 0x04, 0x81, 0x40, 0x07, 0x80, 0xC1, 0x40, 0x08, 0xC0, 0x80,
    0x08, 0x80, 0xC1, 0x40, 0x07, 0xC1, 0x80, 0xC0, 0x05, 0x40, 0x81, 0xC0, 0x40, 0x00, 0x80, 0x03, 0x41, 0xC3, 0x40, 0x00, 0x40, 0x03, 0x40, 0x00,
    0xC2, 0x40, 0x06, 0x40, 0xC4, 0x05, 0x80, 0xC3, 0x80, 0x05, 0x80, 0xC2, 0x40, 0x06, 0x80, 0x01, 0x80, 0x07, 0x80, 0x01, 0x80, 0x04, 0x0A, 0x40,
    0x07, 0x41, 0x80, 0xC0, 0x0A, 0xC0, 0x03, 0x40, 0x81, 0x08, 0xC2, 0x08, 0x40, 0xC0, 0x40, 0x08, 0xC2, 0x40, 0x07, 0xC1, 0x81, 0x05, 0x40, 0x81,
    0xC0, 0x40, 0x81, 0x03, 0x40, 0x80, 0xC2, 0x80, 0x01, 0x40, 0x03, 0x40, 0x00, 0xC2, 0x80, 0x40, 0x00, 0x40, 0x03, 0x40, 0xC4, 0x01, 0x40, 0x02,
    0x80, 0xC3, 0x40, 0x05, 0x40, 0x81, 0xC0, 0x07, 0x80, 0x01, 0x80, 0x07, 0x80, 0x01, 0x80, 0x04, 0x0A, 0x40, 0x08, 0x40, 0x80, 0xC0, 0x09, 0x80,
    0xC0, 0x03, 0x40, 0xC1, 0x08, 0xC1, 0x80, 0x08, 0x80, 0xC0, 0x40, 0x08, 0xC2, 0x07, 0x40, 0xC1, 0x81, 0x05, 0x40, 0x81, 0xC0, 0x40, 0x81, 0x03,
    0x40, 0x80, 0xC2, 0x80, 0x01, 0x40, 0x04, 0x40, 0xC2, 0x80, 0x40, 0x00, 0x40, 0x03, 0x80, 0xC3, 0x80, 0x05, 0x80, 0xC3, 0x06, 0x40, 0x81, 0xC0,
    0x07, 0x80, 0x01, 0x80, 0x07, 0x80, 0x01, 0x80, 0x04, 0x09, 0x80, 0xC0, 0x08, 0x40, 0xC1, 0x09, 0x40, 0xC0, 0x03, 0x80, 0xC1, 0x07, 0x40, 0xC1,
    0x80, 0x08, 0x80, 0xC0, 0x08, 0x40, 0xC2, 0x07, 0x40, 0xC1, 0x40, 0x80, 0x05, 0x40, 0x81, 0xC0, 0x40, 0x81, 0x03, 0x41, 0xC2, 0x40, 0x07, 0x40,
    0xC2, 0x41, 0x05, 0x80, 0xC2, 0x80, 0x02, 0x40, 0x02, 0xC4, 0x06, 0x82, 0xC0, 0x07, 0x80, 0x01, 0x80, 0x07, 0x80, 0x01, 0x80, 0x04, 0x08, 0x80,
    0xC1, 0x09, 0xC1, 0x0F, 0x80, 0xC1, 0x07, 0x40, 0xC1, 0x40, 0x08, 0xC1, 0x08, 0x40, 0xC2, 0x40, 0x06, 0x81, 0xC0, 0x40, 0x80, 0x05, 0x40, 0x80,
    0xC1, 0x40, 0x81, 0x03, 0x41, 0x80, 0xC1, 0x40, 0x07, 0x40, 0xC2, 0x41, 0x00, 0x40, 0x03, 0x80, 0xC2, 0x03, 0x40, 0x02, 0xC3, 0x40, 0x02, 0x40,
    0x02, 0x83, 0x07, 0x80, 0x01, 0x80, 0x07, 0x80, 0x01, 0x80, 0x04, 0x08, 0xC1, 0x80, 0x09, 0x40, 0xC0, 0x0F, 0xC1, 0x80, 0x07, 0x40, 0xC1, 0x09,
    0xC1, 0x08, 0x80, 0xC2, 0x80, 0x40, 0x05, 0x80, 0xC1, 0x01, 0x80, 0x04, 0x40, 0x80, 0xC1, 0x40, 0x80, 0x40, 0x03, 0x41, 0x80, 0xC1, 0x40, 0x00,
    0x40, 0x05, 0x40, 0xC2, 0x40, 0x80, 0x40, 0x04, 0x80, 0xC2, 0x00, 0x40, 0x80, 0x40, 0x03, 0xC3, 0x00, 0x40, 0x80, 0x40, 0x03, 0x81, 0x40, 0x80,
    0x00, 0x40, 0x80, 0x41, 0x02, 0x80, 0x01, 0x80, 0x00, 0x40, 0x80, 0x41, 0x02, 0x80, 0x01, 0x80, 0x01, 0x80, 0x41, 0x08, 0x80, 0xC0, 0x40, 0x0A,
    0xC0, 0x0F, 0xC1, 0x80, 0x05, 0x40, 0x00, 0x40, 0xC1, 0x05, 0x40, 0x82, 0xC1, 0x80, 0x40, 0x03, 0x42, 0xC2, 0x81, 0x41, 0x00, 0x41, 0x80, 0x40,
    0xC2, 0x41, 0x03, 0x40, 0x81, 0xC2, 0x81, 0x03, 0x40, 0x81, 0xC2, 0x80, 0x40, 0x04, 0x41, 0x80, 0xC2, 0x80, 0x40, 0x03, 0x41, 0xC3, 0x40, 0x05,
    0x40, 0xC3, 0x40, 0x06, 0x82, 0xC0, 0x07, 0x80, 0x01, 0xC0, 0x07, 0x80, 0x01, 0x80, 0x04, 0x03, 0x42, 0x80, 0xC2, 0x40, 0x02, 0x44, 0x81, 0xC1,
    0x02, 0x45, 0x80, 0x40, 0x03, 0x40, 0xC1, 0x80, 0x41, 0x80, 0x04, 0x80, 0xC1, 0x42, 0x80, 0x04, 0x40, 0xC2, 0x81, 0x40, 0x04, 0xC2, 0x01, 0x40,
    0x05, 0x80, 0xC1, 0x01, 0x40, 0x04, 0x40, 0xC2, 0x80, 0x05, 0x41, 0x80, 0xC1, 0x40, 0x04, 0x41, 0x00, 0x40, 0xC2, 0x41, 0x05, 0x80, 0xC2, 0x40,
    0x06, 0xC3, 0x40, 0x06, 0x80, 0x41, 0x80, 0x07, 0x80, 0x01, 0x80, 0x07, 0x80, 0x01, 0x80, 0x04, 0x06, 0xC3, 0x40, 0x06, 0x80, 0xC0, 0x80, 0x40,
    0xC0, 0x05, 0x40, 0x08, 0xC1, 0x80, 0x40, 0x02, 0x40, 0x02, 0x40, 0xC1, 0x00, 0x40, 0x82, 0x40, 0x03, 0xC2, 0x40, 0x02, 0x40, 0x02, 0xC2, 0x08,
    0x80, 0xC1, 0x08, 0xC2, 0x40, 0x06, 0x40, 0xC2, 0x40, 0x04, 0x80, 0x40, 0x00, 0x80, 0xC2, 0x41, 0x05, 0xC3, 0x80, 0x06, 0xC3, 0x40, 0x06, 0x80,
    0x40, 0x00, 0x80, 0x07, 0x80, 0x01, 0x80, 0x07, 0x80, 0x01, 0x80, 0x04, 0x06, 0xC3, 0x07, 0x80, 0xC0, 0x41, 0x80, 0x05, 0x40, 0x02, 0x40, 0x04,
    0xC1, 0x80, 0x01, 0x40, 0x04, 0x40, 0xC1, 0x40, 0x82, 0x40, 0x04, 0xC1, 0x80, 0x01, 0x80, 0x40, 0x03, 0xC2, 0x02, 0x80, 0x41, 0x02, 0x80, 0xC1,
    0x02, 0xC0, 0x41, 0x02, 0xC2, 0x02, 0x80, 0x41, 0x01, 0x40, 0xC2, 0x40, 0x00, 0x40, 0x80, 0x43, 0x00, 0x80, 0xC2, 0x40, 0x81, 0x41, 0x02, 0xC3,
    0x41, 0x80, 0x41, 0x02, 0xC3, 0x40, 0x00, 0x41, 0x03, 0x80, 0x01, 0x80, 0x07, 0x80, 0x01, 0x80, 0x07, 0x80, 0x01, 0x80, 0x04, 0x07, 0xC2, 0x40,
    0x0A, 0x80, 0x05, 0x80, 0x08, 0xC1, 0x80, 0x02, 0x40, 0x04, 0xC1, 0x40, 0x82, 0x40, 0x04, 0xC1, 0x80, 0x00, 0x41, 0x04, 0x80, 0xC1, 0x00, 0x80,
    0x40, 0x05, 0x80, 0xC1, 0x80, 0x41, 0x05, 0xC2, 0x41, 0x05, 0x40, 0xC2, 0x80, 0x40, 0x03, 0x40, 0x80, 0x00, 0xC3, 0x80, 0x40, 0x05, 0xC3, 0x80,
    0x06, 0xC3, 0x40, 0x06, 0x80, 0x41, 0x80, 0x07, 0x80, 0x01, 0x80, 0x07, 0x80, 0x01, 0x80, 0x04, 0x08, 0x40, 0x80, 0x40, 0x0A, 0x40, 0x05, 0x40,
    0x08, 0x80, 0xC0, 0x80, 0x02, 0x40, 0x04, 0xC1, 0x84, 0x04, 0xC2, 0x41, 0x05, 0x80, 0xC1, 0x40, 0x80, 0x06, 0x81, 0xC0, 0x80, 0x07, 0xC2, 0x07,
    0x40, 0xC2, 0x40, 0x04, 0x40, 0x80, 0x00, 0xC3, 0x40, 0x06, 0xC3, 0x06, 0x40, 0xC3, 0x40, 0x06, 0x80, 0x41, 0x80, 0x07, 0x80, 0x01, 0xC0, 0x07,
    0x80, 0x01, 0x80, 0x04, 0x08, 0x40, 0xC0, 0x80, 0x11, 0x40, 0x08, 0x40, 0xC1, 0x02, 0x41, 0x03, 0x80, 0xC1, 0x83, 0x40, 0x03, 0x80, 0xC1, 0x80,
    0x41, 0x04, 0x40, 0xC1, 0x40, 0x80, 0x40, 0x05, 0x81, 0xC0, 0x80, 0x07, 0xC2, 0x07, 0x40, 0xC2, 0x40, 0x04, 0x40, 0x80, 0x40, 0xC3, 0x40, 0x03,
    0x40, 0x01, 0xC3, 0x41, 0x04, 0x40, 0xC3, 0x80, 0x06, 0xC3, 0x07, 0x80, 0x01, 0xC0, 0x07, 0x80, 0x01, 0x80, 0x04, 0x08, 0x40, 0xC1, 0x09, 0x41,
    0x05, 0x41, 0x08, 0xC1, 0x02, 0x40, 0x80, 0x03, 0x80, 0xC1, 0x83, 0x40, 0x03, 0x40, 0xC2, 0x40, 0x80, 0x04, 0x40, 0xC1, 0x80, 0x41, 0x05, 0x81,
    0xC1, 0x40, 0x06, 0xC0, 0x80, 0xC0, 0x40, 0x07, 0xC2, 0x40, 0x05, 0x80, 0x40, 0x80, 0xC2, 0x04, 0x40, 0x01, 0xC3, 0x80, 0x40, 0x04, 0x80, 0xC3,
    0x80, 0x05, 0x40, 0xC3, 0x40, 0x06, 0x80, 0x40, 0x00, 0xC0, 0x07, 0xC0, 0x01, 0x80, 0x04, 0x09, 0x40, 0xC0, 0x0A, 0xC0, 0x05, 0x40, 0x80, 0x08,
    0xC1, 0x40, 0x01, 0x40, 0x80, 0x03, 0x40, 0xC1, 0x83, 0xC0, 0x04, 0xC2, 0x42, 0x04, 0xC2, 0x00, 0x80, 0x40, 0x02, 0x40, 0x00, 0x81, 0xC1, 0x80,
    0x05, 0x40, 0xC0, 0x80, 0xC0, 0x80, 0x07, 0xC2, 0x40, 0x05, 0x40, 0x80, 0xC3, 0x04, 0x80, 0x01, 0xC3, 0x80, 0x40, 0x04, 0x40, 0xC3, 0x80, 0x05,
    0x80, 0xC4, 0x06, 0x80, 0xC2, 0x07, 0xC0, 0x01, 0x80, 0x40, 0x03, 0x0A, 0x40, 0x11, 0x40, 0x80, 0x08, 0xC1, 0x80, 0x02, 0x40, 0x04, 0xC1, 0x80,
    0x40, 0x80, 0xC1, 0x04, 0xC3, 0x40, 0x80, 0x40, 0x03, 0xC2, 0x00, 0x40, 0x80, 0x02, 0x40, 0x00, 0x81, 0xC1, 0x80, 0x40, 0x04, 0x40, 0x80, 0x40,
    0xC1, 0x07, 0xC2, 0x80, 0x06, 0x80, 0xC3, 0x04, 0x81, 0x00, 0xC3, 0x80, 0x06, 0xC3, 0x80, 0x41, 0x03, 0x80, 0xC4, 0x05, 0x40, 0xC4, 0x06, 0x80,
    0x41, 0x80, 0x40, 0x03, 0x1C, 0x40, 0x81, 0x08, 0xC2, 0x07, 0x40, 0xC1, 0x80, 0x01, 0x40, 0x80, 0x04, 0xC4, 0x80, 0xC0, 0x03, 0xC2, 0x42, 0x80,
    0x01, 0x40, 0x00, 0x81, 0xC1, 0x40, 0x80, 0x40, 0x03, 0x40, 0xC0, 0x40, 0xC1, 0x80, 0x06, 0xC3, 0x06, 0x40, 0xC3, 0x04, 0x40, 0x80, 0x40, 0x80,
    0xC2, 0x40, 0x03, 0x40, 0x01, 0xC4, 0x80, 0x04, 0x40, 0xC4, 0x00, 0x40, 0x03, 0x80, 0xC4, 0x40, 0x05, 0xC3, 0x80, 0x03, 0x1C, 0x80, 0xC1, 0x08,
    0xC2, 0x07, 0x40, 0xC1, 0x80, 0x08, 0xC3, 0x40, 0x80, 0xC0, 0x03, 0xC2, 0x83, 0xC0, 0x02, 0x80, 0xC2, 0x40, 0x00, 0x81, 0x01, 0x41, 0xC0, 0x40,
    0xC1, 0x81, 0x05, 0xC0, 0x80, 0xC1, 0x40, 0x06, 0xC3, 0x05, 0x40, 0xC4, 0x40, 0x03, 0x80, 0x40, 0x00, 0xC4, 0x80, 0x04, 0x40, 0xC4, 0x42, 0x02,
    0x80, 0xC4, 0x80, 0x04, 0x40, 0xC4, 0x80, 0x02, 0x12, 0x41, 0x07, 0x80, 0xC1, 0x07, 0x40, 0xC2, 0x07, 0x40, 0xC1, 0x80, 0x08, 0xC1, 0x81, 0x06,
    0xC7, 0x02, 0x40, 0xC2, 0x40, 0x01, 0x81, 0x00, 0x40, 0x00, 0xC0, 0x40, 0xC1, 0x41, 0x80, 0x40, 0x02, 0x40, 0xC0, 0x40, 0xC2, 0x40, 0x05, 0xC3,
    0x06, 0x80, 0xC3, 0x40, 0x03, 0x80, 0xC0, 0x40, 0xC4, 0x40, 0x05, 0xC4, 0x40, 0x80, 0x40, 0x02, 0x40, 0xC4, 0x80, 0x01, 0x40, 0x01, 0x80, 0xC5,
    0x02, 0x11, 0x41, 0x80, 0x07, 0xC2, 0x07, 0x40, 0xC2, 0x40, 0x06, 0x40, 0xC2, 0x08, 0xC1, 0x80, 0x40, 0x06, 0xC5, 0x81, 0x02, 0x40, 0xC2, 0x80,
    0x00, 0x41, 0x80, 0x40, 0x01, 0xC0, 0x40, 0xC1, 0x40, 0x00, 0x40, 0x80, 0x40, 0x00, 0x41, 0xC0, 0x80, 0xC1, 0x81, 0x40, 0x04, 0xC3, 0x80, 0x06,
    0xC3, 0x80, 0x04, 0x80, 0xC5, 0x40, 0x02, 0x80, 0x01, 0xC4, 0x81, 0x40, 0x02, 0x40, 0xC5, 0x00, 0x40, 0x80, 0x01, 0x80, 0xC5, 0x02, 0x07, 0x40,
    0x08, 0x80, 0x40, 0x80, 0x07, 0xC2, 0x40, 0x06, 0x40, 0xC2, 0x40, 0x06, 0x40, 0xC2, 0x08, 0xC1, 0x80, 0x40, 0x06, 0xC4, 0x80, 0x41, 0x02, 0x40,
    0xC2, 0x80, 0x40, 0x82, 0x40, 0x01, 0xC0, 0x80, 0xC1, 0x40, 0x01, 0x81, 0x00, 0x41, 0xC0, 0x80, 0xC1, 0x82, 0x03, 0x40, 0xC4, 0x40, 0x05, 0x40,
    0xC2, 0x80, 0x04, 0x40, 0x80, 0xC4, 0x03, 0xC0, 0x80, 0x00, 0xC5, 0x80, 0x40, 0x02, 0x40, 0xC5, 0x00, 0x40, 0x80, 0x01, 0x80, 0xC5, 0x40, 0x01,
    0x07, 0x40, 0x07, 0x40, 0x80, 0x40, 0x80, 0x07, 0xC2, 0x40, 0x06, 0x80, 0xC2, 0x40, 0x06, 0x40, 0xC1, 0x80, 0x07, 0x40, 0xC1, 0x80, 0x40, 0x06,
    0xC4, 0x40, 0x04, 0x40, 0xC2, 0x81, 0xC2, 0x02, 0xC0, 0x80, 0xC1, 0x40, 0x01, 0x40, 0xC0, 0x41, 0x00, 0x80, 0xC2, 0x41, 0x80, 0x40, 0x02, 0x80,
    0xC4, 0x80, 0x05, 0x40, 0xC2, 0x80, 0x05, 0x40, 0xC4, 0x40, 0x02, 0x80, 0xC0, 0x40, 0xC4, 0x81, 0x40, 0x00, 0x40, 0x01, 0xC5, 0x00, 0x40, 0x80,
    0x01, 0x80, 0xC5, 0x40, 0x01, 0x07, 0x40, 0x07, 0x83, 0x06, 0x40, 0xC2, 0x40, 0x06, 0x80, 0xC2, 0x07, 0x80, 0xC1, 0x80, 0x07, 0x40, 0xC1, 0x80,
    0x06, 0x40, 0xC4, 0x05, 0x80, 0xC2, 0x80, 0xC3, 0x02, 0xC0, 0x80, 0xC1, 0x40, 0x01, 0x40, 0xC0, 0x41, 0x00, 0x80, 0xC2, 0x41, 0x81, 0x02, 0x80,
    0xC4, 0x80, 0x05, 0x40, 0xC2, 0x80, 0x05, 0x40, 0xC4, 0x40, 0x02, 0x40, 0xC0, 0x80, 0xC4, 0x82, 0x00, 0x80, 0x01, 0xC5, 0x01, 0x40, 0x01, 0x80,
    0xC5, 0x40, 0x01, 0x07, 0x40, 0x07, 0x80, 0xC0, 0x81, 0x06, 0x80, 0xC2, 0x07, 0xC3, 0x07, 0x80, 0xC1, 0x40, 0x07, 0x80, 0xC1, 0x40, 0x06, 0x40,
    0xC3, 0x80, 0x05, 0x80, 0xC4, 0x81, 0x40, 0x02, 0xC3, 0x01, 0x40, 0x80, 0xC0, 0x80, 0x01, 0x80, 0xC2, 0x00, 0x40, 0x81, 0x40, 0x00, 0x40, 0x81,
    0xC2, 0x81, 0x05, 0x40, 0xC2, 0x80, 0x06, 0xC4, 0x80, 0x03, 0x80, 0xC5, 0x80, 0x40, 0x80, 0x40, 0x80, 0x01, 0xC5, 0x04, 0x80, 0xC5, 0x40, 0x01,
    0x07, 0x40, 0x07, 0x82, 0x40, 0x06, 0x80, 0xC2, 0x07, 0xC3, 0x07, 0x80, 0xC1, 0x40, 0x07, 0x80, 0xC1, 0x40, 0x06, 0x80, 0xC3, 0x40, 0x05, 0x80,
    0xC4, 0x40, 0x04, 0xC3, 0x00, 0x40, 0x80, 0xC1, 0x40, 0x01, 0x80, 0xC2, 0x01, 0x80, 0xC0, 0x80, 0x00, 0x40, 0x81, 0xC2, 0x80, 0xC0, 0x40, 0x04,
    0x80, 0xC2, 0x80, 0x06, 0x80, 0xC3, 0x80, 0x40, 0x02, 0x80, 0xC5, 0x41, 0x81, 0xC0, 0x40, 0x00, 0xC5, 0x04, 0x40, 0xC5, 0x40, 0x01, 0x06, 0x41,
    0x07, 0xC0, 0x80, 0xC0, 0x40, 0x06, 0xC3, 0x07, 0xC3, 0x07, 0x80, 0xC1, 0x40, 0x07, 0x80, 0xC1, 0x07, 0x80, 0xC3, 0x06, 0xC4, 0x80, 0x05, 0xC3,
    0x40, 0x80, 0xC1, 0x80, 0x40, 0x01, 0xC3, 0x01, 0x80, 0xC0, 0x80, 0x00, 0x41, 0x80, 0xC2, 0x80, 0xC0, 0x40, 0x04, 0x80, 0xC2, 0x80, 0x06, 0x80,
    0xC3, 0x80, 0x40, 0x02, 0x40, 0xC5, 0x40, 0x00, 0x81, 0xC0, 0x40, 0x00, 0xC5, 0x04, 0x40, 0xC5, 0x40, 0x01, 0x06, 0x40, 0x07, 0x40, 0xC0, 0x80,
    0xC0, 0x40, 0x06, 0xC3, 0x06, 0x40, 0xC2, 0x80, 0x07, 0x80, 0xC1, 0x40, 0x07, 0x80, 0xC1, 0x07, 0x80, 0xC3, 0x06, 0xC4, 0x40, 0x05, 0xC3, 0x40,
    0x80, 0xC1, 0x80, 0x02, 0xC3, 0x01, 0x80, 0xC0, 0x43, 0x80, 0xC2, 0x80, 0xC0, 0x40, 0x04, 0x80, 0xC2, 0x80, 0x06, 0x80, 0xC3, 0x80, 0x40, 0x02,
    0x40, 0xC5, 0x40, 0x00, 0x40, 0x80, 0xC0, 0x80, 0x00, 0xC5, 0x04, 0x40, 0xC5, 0x40, 0x01, 0x06, 0x40, 0x07, 0x40, 0xC0, 0x80, 0xC0, 0x40, 0x06,
    0xC3, 0x06, 0x40, 0xC2, 0x80, 0x07, 0x80, 0xC1, 0x08, 0xC2, 0x07, 0xC3, 0x80, 0x06, 0xC4, 0x06, 0xC3, 0x80, 0xC1, 0x81, 0x02, 0xC3, 0x01, 0xC1,
    0x00, 0x42, 0x80, 0xC2, 0x80, 0xC0, 0x41, 0x03, 0x80, 0xC2, 0x80, 0x06, 0x80, 0xC3, 0x80, 0x40, 0x03, 0xC5, 0x40, 0x00, 0x40, 0x82, 0x40, 0xC5,
    0x04, 0x40, 0xC5, 0x40, 0x01, 0x06, 0x80, 0x07, 0x80, 0xC0, 0x80, 0xC0, 0x40, 0x05, 0x40, 0xC3, 0x06, 0x80, 0xC2, 0x40, 0x06, 0x40, 0xC2, 0x08,
    0xC1, 0x80, 0x07, 0xC3, 0x40, 0x06, 0xC3, 0x80, 0x05, 0x40, 0xC5, 0x40, 0x00, 0x80, 0x02, 0xC3, 0x00, 0x40, 0xC1, 0x00, 0x81, 0x40, 0x80, 0xC2,
    0x40, 0xC0, 0x80, 0x40, 0x02, 0x40, 0xC3, 0x80, 0x06, 0xC4, 0x80, 0x40, 0x03, 0x80, 0xC4, 0x01, 0x40, 0x81, 0xC0, 0x80, 0xC4, 0x80, 0x02, 0x40,
    0x00, 0x80, 0xC5, 0x02, 0x06, 0x80, 0x02, 0x40, 0x02, 0x80, 0xC0, 0x80, 0xC1, 0x01, 0x40, 0x80, 0x01, 0x40, 0xC3, 0x40, 0x01, 0x40, 0x80, 0x01,
    0xC3, 0x80, 0x03, 0x40, 0x01, 0x80, 0xC2, 0x40, 0x03, 0x40, 0x02, 0xC1, 0x80, 0x04, 0x40, 0x01, 0xC3, 0x80, 0x06, 0xC4, 0x40, 0x05, 0xC3, 0x80,
    0xC0, 0x80, 0x01, 0x80, 0x01, 0xC3, 0x01, 0xC1, 0x80, 0x02, 0x40, 0xC2, 0x00, 0x40, 0xC1, 0x40, 0x00, 0x40, 0x80, 0xC3, 0x80, 0xC0, 0x05, 0xC4,
    0x40, 0x05, 0xC4, 0x40, 0x82, 0x40, 0x00, 0x80, 0xC4, 0x04, 0xC6, 0x80, 0x03, 0x03, 0x80, 0xC6, 0x03, 0x80, 0xC6, 0x03, 0x80, 0xC6, 0x02, 0x40,
    0xC7, 0x02, 0x80, 0xC7, 0x03, 0xC7, 0x03, 0xC7, 0x02, 0x40, 0xC7, 0x03, 0xC7, 0x03, 0xC7, 0x00, 0x41, 0x80, 0xC2, 0x80, 0x40, 0xC1, 0x40, 0x02,
    0x40, 0xC2, 0x40, 0x81, 0x40, 0x03, 0x40, 0xC3, 0x80, 0x05, 0x40, 0xC3, 0x81, 0x40, 0x03, 0x80, 0xC3, 0x01, 0x40, 0x03, 0xC4, 0x40, 0x02, 0x00,
    0xCA, 0x00, 0xCA, 0x00, 0xCA, 0x00, 0xCA, 0x00, 0xCA, 0x40, 0xCA, 0x40, 0xCA, 0x80, 0xD6, 0x40, 0xCA, 0x00, 0x80, 0xC9, 0x01, 0x40, 0x80, 0xC7,
    0x07, 0x40, 0xC2, 0x07, 0x40, 0xC2, 0x07, 0x80, 0xC2, 0x07, 0xC3, 0x80, 0xC7, 0x80, 0x01, 0xC9, 0x00, 0x40, 0xC8, 0x81, 0x40, 0xC8, 0x81, 0x00,
    0xC8, 0x80, 0x41, 0xC8, 0x80, 0x40, 0x00, 0xC9, 0x41, 0xEC, 0x80, 0xC9, 0x40, 0x80, 0xC1, 0x00, 0x40, 0x80, 0x40, 0x80, 0x41, 0x01, 0x80, 0xC1,
    0x08, 0xC2, 0x08, 0xC2, 0x07, 0x40, 0xC2, 0x00, 0x40, 0xC4, 0x80, 0x03, 0x40, 0xC6, 0x03, 0x80, 0xC6, 0x80, 0x00, 0x41, 0xC7, 0x80, 0x41, 0x00,
    0xC7, 0x81, 0x01, 0xC5, 0x80, 0xC0, 0x43, 0xC5, 0x80, 0xC0, 0x80, 0x40, 0x01, 0xC8, 0x42, 0xC8, 0x80, 0x41, 0xC8, 0x81, 0xCA, 0x81, 0xC6, 0x80,
    0xC0, 0x80, 0x41, 0x80, 0xC0, 0x80, 0xC1, 0x80, 0x01, 0xC0, 0x40, 0x09, 0xC0, 0x40, 0x08, 0x40, 0xC0, 0x40, 0x00, 0x40, 0x06, 0x80, 0xC0, 0x40,
    0x01, 0x02, 0x40, 0x81, 0x07, 0x80, 0xC3, 0x05, 0x40, 0xC4, 0x80, 0x04, 0xC6, 0x01, 0x40, 0x00, 0xC6, 0x80, 0x41, 0x00, 0x40, 0xC6, 0x81, 0x01,
    0x40, 0xC5, 0x40, 0xC0, 0x41, 0x01, 0xC7, 0x40, 0x00, 0x41, 0xC7, 0x80, 0x40, 0x00, 0x80, 0xC8, 0x42, 0xC8, 0x80, 0x40, 0x80, 0xC6, 0x80, 0xC0,
    0x80, 0x01, 0xC4, 0x80, 0x00, 0x81, 0x09, 0x81, 0x09, 0xC0, 0x80, 0x09, 0xC0, 0x80, 0x02, 0x0E, 0x80, 0xC1, 0x07, 0x40, 0xC3, 0x40, 0x05, 0xC4,
    0x80, 0x03, 0x40, 0xC5, 0x80, 0x00, 0x41, 0x00, 0xC7, 0x80, 0x40, 0x00, 0x80, 0xC5, 0x81, 0x43, 0xC6, 0x80, 0x40, 0x02, 0xC7, 0x43, 0xC7, 0x80,
    0x41, 0x80, 0xC8, 0x80, 0x40, 0x00, 0xC6, 0x80, 0xC0, 0x40, 0x01, 0xC5, 0x00, 0x80, 0x40, 0x09, 0x80, 0x40, 0x09, 0xC0, 0x80, 0x09, 0xC0, 0x40,
    0x02, 0x10, 0x40, 0x08, 0x80, 0xC2, 0x06, 0x40, 0xC3, 0x40, 0x04, 0x40, 0xC5, 0x01, 0x40, 0x00, 0x80, 0xC5, 0x80, 0x41, 0x00, 0x40, 0xC7, 0x80,
    0x00, 0x40, 0x00, 0xC7, 0x41, 0x00, 0x40, 0xC7, 0x00, 0x42, 0xC7, 0x80, 0x00, 0x40, 0x80, 0xC8, 0x41, 0x00, 0xC8, 0x80, 0x01, 0xC5, 0x40, 0x81,
    0x09, 0x80, 0x40, 0x09, 0xC0, 0x80, 0x09, 0xC0, 0x80, 0x02, 0x1A, 0x40, 0xC2, 0x07, 0xC3, 0x80, 0x05, 0x40, 0xC4, 0x01, 0x40, 0x00, 0x40, 0xC6,
    0x01, 0x41, 0xC7, 0x80, 0x40, 0x00, 0x40, 0xC7, 0x41, 0x01, 0xC7, 0x40, 0x00, 0x41, 0xC7, 0x80, 0x41, 0x80, 0xC8, 0x41, 0x00, 0xC8, 0x40, 0x01,
    0xC5, 0x82, 0x40, 0x08, 0x40, 0x80, 0x09, 0x81, 0x09, 0xC0, 0x80, 0x02, 0x1B, 0xC2, 0x07, 0x80, 0xC3, 0x06, 0xC4, 0x03, 0x40, 0xC6, 0x40, 0x00,
    0x41, 0xC7, 0x80, 0x40, 0x00, 0x40, 0xC7, 0x41, 0x01, 0xC7, 0x80, 0x00, 0x41, 0xC8, 0x40, 0x00, 0x40, 0xC8, 0x42, 0xC8, 0x41, 0x00, 0xC6, 0x80,
    0xC0, 0x40, 0x02, 0x40, 0x01, 0x40, 0x02, 0xC0, 0x09, 0x40, 0xC0, 0x09, 0x80, 0xC0, 0x02, 0x1B, 0xC2, 0x40, 0x06, 0x80, 0xC3, 0x06, 0xC4, 0x03,
    0x40, 0xC6, 0x40, 0x00, 0x41, 0xC7, 0x80, 0x40, 0x00, 0x40, 0xC7, 0x41, 0x01, 0xC7, 0x80, 0x00, 0x41, 0xC8, 0x40, 0x00, 0x40, 0xC8, 0x42, 0xC8,
    0x80, 0x40, 0x00, 0xC8, 0x40, 0x02, 0x42, 0x80, 0x40, 0x01, 0xC0, 0x09, 0x40, 0xC0, 0x09, 0x40, 0xC0, 0x02, 0x1B, 0xC2, 0x40, 0x06, 0xC4, 0x05,
    0x40, 0xC4, 0x40, 0x02, 0x80, 0xC6, 0x40, 0x00, 0x40, 0x00, 0xC7, 0x80, 0x40, 0x00, 0x40, 0xC7, 0x42, 0x00, 0xC8, 0x01, 0x40, 0xC8, 0x80, 0x41,
    0xC8, 0x42, 0xC8, 0x80, 0x40, 0x00, 0xC8, 0x80, 0x01, 0x40, 0x84, 0x40, 0x00, 0xC0, 0x0A, 0xC0, 0x09, 0x40, 0xC0, 0x02, 0x0F, 0x41, 0x08, 0x80,
    0xC2, 0x40, 0x06, 0xC4, 0x04, 0x40, 0x80, 0xC4, 0x40, 0x02, 0xC7, 0x40, 0x00, 0x40, 0x00, 0xC7, 0x80, 0x40, 0x00, 0x80, 0xC7, 0x80, 0x42, 0xC8,
    0x01, 0x40, 0xC8, 0x80, 0x41, 0xC8, 0x80, 0x41, 0xC9, 0x40, 0x00, 0xC8, 0x80, 0x01, 0xC5, 0x81, 0xC0, 0x09, 0x40, 0x80, 0x09, 0x80, 0xC0, 0x02,
    0x0E, 0x82, 0x07, 0xC4, 0x40, 0x05, 0xC5, 0x03, 0x80, 0xC6, 0x03, 0xC7, 0x00, 0x41, 0x00, 0xC7, 0x80, 0x42, 0xC7, 0x42, 0x00, 0xC8, 0x01, 0x40,
    0xC8, 0x80, 0x40, 0x00, 0xC8, 0x42, 0xC8, 0x80, 0x40, 0x00, 0xC8, 0x40, 0x01, 0xC7, 0x09, 0x40, 0xC0, 0x09, 0x80, 0xC0, 0x03, 0x0C, 0xC3, 0x40,
    0x05, 0xC5, 0x40, 0x04, 0xC6, 0x04, 0xC6, 0x04, 0xC6, 0x00, 0x41, 0x01, 0xC6, 0x80, 0x41, 0x01, 0xC6, 0x41, 0x02, 0xC7, 0x00, 0x40, 0x01, 0xC7,
    0x40, 0x01, 0x80, 0xC7, 0x80, 0x40, 0x81, 0xC7, 0x80, 0x40, 0x01, 0xC7, 0x03, 0xC5, 0x80, 0x04, 0x44, 0xC0, 0x09, 0x40, 0xC0, 0x40, 0x04, 0xC0,
    0x80, 0x09, 0xC2, 0x80, 0x07, 0xC3, 0x07, 0xC3, 0x40, 0x06, 0xC3, 0x80, 0x06, 0xC3, 0x80, 0x41, 0x04, 0xC3, 0x80, 0x41, 0x04, 0xC4, 0x40, 0x05,
    0xC4, 0x80, 0x40, 0x01, 0x40, 0x01, 0xC5, 0x01, 0x81, 0x01, 0xC5, 0x40, 0x81, 0x02, 0xC5, 0x40, 0x04, 0xC4, 0x40, 0x05, 0xC3, 0x40, 0x06, 0x80,
    0xC0, 0x80, 0x08, 0x40, 0xC1, 0x08, 0x2F, 0x80, 0x40, 0x09, 0xC0, 0x40, 0x09, 0xC1, 0x09, 0xC1, 0x80, 0x08, 0xC1, 0x82, 0x06, 0xC2, 0x80, 0x07,
    0xC1, 0x40, 0x08, 0xC1, 0x40, 0x08, 0xC1, 0x09, 0xC0, 0x80, 0x09, 0xC1, 0x09, 0xC1, 0x09, 0x23, 0xC1, 0x40, 0x08, 0xC2, 0x40, 0x07, 0xC3, 0x07,
    0xC3, 0x07, 0xC3, 0x07, 0xC2, 0x80, 0x07, 0xC2, 0x80, 0x07, 0xC2, 0x80, 0x07, 0xC2, 0x40, 0x07, 0xC2, 0x80, 0x07, 0xC3, 0x07, 0xC3, 0x07, 0xC3,
    0x40, 0x06, 0x17, 0xC2, 0x80, 0x07, 0xC3, 0x80, 0x06, 0xC4, 0x06, 0xC4, 0x06, 0xC4, 0x06, 0xC3, 0x80, 0x06, 0xC3, 0x80, 0x06, 0xC3, 0x80, 0x06,
    0xC3, 0x40, 0x06, 0xC3, 0x80, 0x06, 0xC4, 0x06, 0xC4, 0x06, 0xC4, 0x40, 0x05, 0xC4, 0x40, 0x05, 0x0B, 0x41, 0x09, 0xC3, 0x07, 0xC3, 0x80, 0x06,
    0xC4, 0x06, 0xC4, 0x06, 0xC4, 0x06, 0xC4, 0x06, 0xC4, 0x06, 0xC4, 0x40, 0x05, 0xC3, 0x80, 0x06, 0xC3, 0x80, 0x06, 0xC4, 0x06, 0xC4, 0x40, 0x05,
    0xC4, 0x40, 0x05, 0xC4, 0x80, 0x05, 0x0B, 0x80, 0x41, 0x08, 0xC3, 0x07, 0xC3, 0x40, 0x06, 0xC3, 0x80, 0x06, 0xC3, 0x80, 0x06, 0xC4, 0x06, 0xC3,
    0x80, 0x06, 0xC4, 0x06, 0xC4, 0x40, 0x05, 0xC3, 0x07, 0xC3, 0x40, 0x06, 0xC4, 0x06, 0xC4, 0x06, 0xC4, 0x40, 0x05, 0xC4, 0x80, 0x05, 0x0B, 0xC1,
    0x40, 0x08, 0xC2, 0x80, 0x07, 0xC3, 0x07, 0xC3, 0x40, 0x06, 0xC3, 0x40, 0x06, 0xC3, 0x40, 0x06, 0xC3, 0x40, 0x06, 0xC4, 0x06, 0xC4, 0x06, 0xC3,
    0x07, 0xC3, 0x07, 0xC3, 0x80, 0x06, 0xC4, 0x06, 0xC4, 0x06, 0xC4, 0x80, 0x05, 0x00, 0x40, 0x09, 0xC1, 0x40, 0x08, 0xC2, 0x40, 0x07, 0xC3, 0x07,
    0xC3, 0x07, 0xC3, 0x07, 0xC3, 0x07, 0xC3, 0x07, 0xC3, 0x80, 0x06, 0xC3, 0x40, 0x06, 0xC2, 0x80, 0x07, 0xC3, 0x07, 0xC3, 0x80, 0x06, 0xC4, 0x06,
    0xC4, 0x06, 0xC4, 0x80, 0x05, 0x80, 0x40, 0x09, 0xC1, 0x09, 0xC2, 0x08, 0xC2, 0x80, 0x07, 0xC2, 0x80, 0x07, 0xC2, 0x80, 0x07, 0xC2, 0x80, 0x07,
    0xC2, 0x80, 0x07, 0xC3, 0x07, 0xC3, 0x07, 0xC2, 0x08, 0xC2, 0x80, 0x07, 0xC3, 0x40, 0x06, 0xC3, 0x80, 0x06, 0xC4, 0x06, 0xC4, 0x80, 0x05, 0xC0,
    0x0A, 0xC0, 0x80, 0x09, 0xC1, 0x80, 0x08, 0xC2, 0x08, 0xC2, 0x40, 0x07, 0xC2, 0x08, 0xC2, 0x40, 0x07, 0xC2, 0x08, 0xC2, 0x40, 0x07, 0xC2, 0x80,
    0x07, 0xC2, 0x08, 0xC2, 0x40, 0x07, 0xC3, 0x07, 0xC3, 0x80, 0x06, 0xC4, 0x06, 0xC4, 0x80, 0x05, 0x80, 0x0A, 0xC0, 0x0A, 0xC1, 0x40, 0x08, 0xC2,
    0x08, 0xC2, 0x40, 0x07, 0xC2, 0x08, 0xC2, 0x40, 0x07, 0xC2, 0x08, 0xC2, 0x08, 0xC2, 0x08, 0xC2, 0x40, 0x07, 0xC2, 0x40, 0x07, 0xC3, 0x07, 0xC3,
    0x80, 0x06, 0xC4, 0x06, 0xC5, 0x05, 0xC0, 0x0A, 0xC0, 0x40, 0x09, 0xC1, 0x80, 0x08, 0xC2, 0x40, 0x07, 0xC2, 0x80, 0x07, 0xC2, 0x40, 0x07, 0xC2,
    0x40, 0x07, 0xC2, 0x40, 0x07, 0xC2, 0x80, 0x07, 0xC2, 0x40, 0x07, 0xC2, 0x40, 0x07, 0xC2, 0x80, 0x07, 0xC3, 0x40, 0x06, 0xC4, 0x06, 0xC4, 0x40,
    0x05, 0xC5, 0x05, 0xC0, 0x0A, 0xC1, 0x40, 0x08, 0xC2, 0x40, 0x07, 0xC3, 0x07, 0xC3, 0x07, 0xC3, 0x07, 0xC3, 0x07, 0xC3, 0x07, 0xC3, 0x07, 0xC2,
    0x80, 0x07, 0xC3, 0x07, 0xC3, 0x40, 0x06, 0xC4, 0x06, 0xC4, 0x40, 0x05, 0xC4, 0x80, 0x05, 0xC5, 0x05, 0xC0, 0x40, 0x09, 0xC1, 0x80, 0x08, 0xC3,
    0x07, 0xC3, 0x40, 0x06, 0xC3, 0x40, 0x06, 0xC3, 0x40, 0x06, 0xC3, 0x40, 0x06, 0xC3, 0x40, 0x06, 0xC3, 0x80, 0x06, 0xC3, 0x40, 0x06, 0xC3, 0x80,
    0x06, 0xC4, 0x06, 0xC4, 0x40, 0x05, 0xC4, 0x80, 0x05, 0xC5, 0x05, 0xC5, 0x05, 0x80, 0x40, 0x09, 0xC1, 0x80, 0x08, 0xC3, 0x07, 0xC3, 0x40, 0x06,
    0xC3, 0x40, 0x06, 0xC3, 0x80, 0x06, 0xC3, 0x80, 0x06, 0xC4, 0x06, 0xC4, 0x06, 0xC3, 0x80, 0x06, 0xC4, 0x06, 0xC4, 0x06, 0xC4, 0x80, 0x05, 0xC5,
    0x05, 0xC5, 0x05, 0xC5, 0x40, 0x04, 0x41, 0x09, 0xC1, 0x80, 0x08, 0xC3, 0x07, 0xC3, 0x40, 0x06, 0xC3, 0x80, 0x06, 0xC4, 0x06, 0xC4, 0x06, 0xC4,
    0x06, 0xC4, 0x80, 0x05, 0xC3, 0x80, 0x40, 0x05, 0xC4, 0x06, 0xC4, 0x40, 0x05, 0xC5, 0x05, 0xC5, 0x05, 0xC5, 0x40, 0x04, 0xC5, 0x80, 0x04, 0x0B,
    0x80, 0xC0, 0x09, 0xC3, 0x07, 0xC3, 0x80, 0x06, 0xC4, 0x06, 0xC4, 0x06, 0xC4, 0x06, 0xC4, 0x40, 0x05, 0xC4, 0x80, 0x05, 0xC5, 0x05, 0xC4, 0x06,
    0xC4, 0x80, 0x05, 0xC5, 0x05, 0xC5, 0x05, 0xC5, 0x80, 0x04, 0xC6, 0x04, 0x0C, 0xC0, 0x09, 0xC3, 0x07, 0xC4, 0x06, 0xC4, 0x06, 0xC4, 0x06, 0xC4,
    0x40, 0x05, 0xC4, 0x40, 0x05, 0xC5, 0x05, 0xC5, 0x05, 0xC4, 0x40, 0x05, 0xC4, 0x80, 0x05, 0xC5, 0x05, 0xC5, 0x40, 0x04, 0xC6, 0x04, 0xC6, 0x04,
    0x0B, 0x40, 0xC0, 0x80, 0x40, 0x07, 0xC3, 0x80, 0x06, 0xC4, 0x40, 0x05, 0xC4, 0x40, 0x05, 0xC4, 0x40, 0x05, 0xC4, 0x40, 0x05, 0xC4, 0x80, 0x05,
    0xC5, 0x05, 0xC5, 0x05, 0xC4, 0x80, 0x05, 0xC5, 0x05, 0xC5, 0x40, 0x04, 0xC5, 0x80, 0x04, 0xC6, 0x04, 0xC6, 0x04, 0x0B, 0x80, 0xC1, 0x80, 0x07,
    0xC4, 0x06, 0xC4, 0x80, 0x05, 0xC4, 0x80, 0x05, 0xC5, 0x05, 0xC5, 0x05, 0xC5, 0x05, 0xC5, 0x05, 0xC5, 0x05, 0xC5, 0x05, 0xC5, 0x40, 0x04, 0xC5,
    0x80, 0x04, 0xC6, 0x04, 0xC6, 0x04, 0xC6, 0x40, 0x03, 0x01, 0x80, 0x08, 0xC3, 0x80, 0x06, 0xC4, 0x80, 0x05, 0xC5, 0x05, 0xC5, 0x05, 0xC5, 0x40,
    0x04, 0xC5, 0x05, 0xC5, 0x40, 0x04, 0xC5, 0x40, 0x04, 0xC5, 0x40, 0x04, 0xC5, 0x40, 0x04, 0xC5, 0x80, 0x04, 0xC6, 0x04, 0xC6, 0x04, 0xC6, 0x40,
    0x03, 0xC6, 0x80, 0x03, 0x01, 0x81, 0x07, 0xC4, 0x40, 0x05, 0xC5, 0x05, 0xC5, 0x40, 0x04, 0xC5, 0x40, 0x04, 0xC5, 0x80, 0x04, 0xC5, 0x80, 0x04,
    0xC6, 0x04, 0xC6, 0x04, 0xC5, 0x40, 0x04, 0xC5, 0x80, 0x04, 0xC6, 0x04, 0xC6, 0x40, 0x03, 0xC6, 0x80, 0x03, 0xC6, 0x80, 0x03, 0xC7, 0x03, 0x02,
    0xC0, 0x07, 0x40, 0xC3, 0x80, 0x05, 0xC5, 0x40, 0x04, 0xC6, 0x04, 0xC6, 0x04, 0xC6, 0x04, 0xC6, 0x04, 0xC6, 0x04, 0xC6, 0x40, 0x03, 0xC6, 0x40,
    0x03, 0xC6, 0x04, 0xC6, 0x04, 0xC6, 0x80, 0x03, 0xC6, 0x80, 0x03, 0xC7, 0x03, 0xC7, 0x03, 0x02, 0x40, 0x09, 0x40, 0xC0, 0x80, 0x06, 0x40, 0xC4,
    0x05, 0xC5, 0x80, 0x04, 0xC6, 0x04, 0xC6, 0x04, 0xC6, 0x04, 0xC6, 0x04, 0xC6, 0x40, 0x03, 0xC7, 0x03, 0xC5, 0x80, 0x04, 0xC6, 0x04, 0xC6, 0x40,
    0x03, 0xC6, 0x80, 0x03, 0xC7, 0x03, 0xC7, 0x03, 0x02, 0x80, 0x08, 0x40, 0x80, 0xC0, 0x80, 0x06, 0xC5, 0x05, 0xC5, 0x40, 0x04, 0xC5, 0x80, 0x04,
    0xC5, 0x80, 0x04, 0xC6, 0x04, 0xC6, 0x04, 0xC6, 0x40, 0x03, 0xC6, 0x80, 0x03, 0xC5, 0x40, 0x04, 0xC6, 0x04, 0xC6, 0x04, 0xC6, 0x40, 0x03, 0xC6,
    0x80, 0x03, 0xC6, 0x80, 0x03, 0x02, 0xC0, 0x07, 0x80, 0xC2, 0x80, 0x06, 0xC4, 0x80, 0x05, 0xC5, 0x05, 0xC5, 0x05, 0xC5, 0x40, 0x04, 0xC5, 0x40,
    0x04, 0xC5, 0x80, 0x04, 0xC6, 0x04, 0xC4, 0x40, 0x80, 0x40, 0x03, 0xC5, 0x05, 0xC5, 0x40, 0x04, 0xC6, 0x04, 0xC6, 0x04, 0xC6, 0x04, 0xC6, 0x40,
    0x03, 0x02, 0xC0, 0x07, 0xC3, 0x40, 0x06, 0xC4, 0x40, 0x05, 0xC4, 0x80, 0x05, 0xC4, 0x80, 0x05, 0xC5, 0x05, 0xC4, 0x80, 0x05, 0xC5, 0x05, 0xC5,
    0x80, 0x04, 0xC3, 0x80, 0x41, 0x04, 0xC4, 0x80, 0x05, 0xC5, 0x05, 0xC5, 0x40, 0x04, 0xC5, 0x80, 0x04, 0xC5, 0x80, 0x04, 0xC3, 0x80, 0xC1, 0x04,
    0x02, 0x80, 0x07, 0xC3, 0x07, 0xC4, 0x06, 0xC4, 0x40, 0x05, 0xC4, 0x40, 0x05, 0xC4, 0x80, 0x05, 0xC4, 0x40, 0x05, 0xC4, 0x40, 0x05, 0xC5, 0x05,
    0xC3, 0x81, 0x05, 0xC4, 0x40, 0x05, 0xC5, 0x05, 0xC5, 0x05, 0xC5, 0x05, 0xC5, 0x40, 0x04, 0xC3, 0x80, 0xC0, 0x80, 0x04, 0x02, 0x40, 0x07, 0x80,
    0xC2, 0x07, 0xC4, 0x06, 0xC4, 0x40, 0x05, 0xC4, 0x40, 0x05, 0xC4, 0x80, 0x05, 0xC4, 0x40, 0x05, 0xC4, 0x06, 0xC4, 0x40, 0x05, 0xC4, 0x40, 0x05,
    0xC4, 0x06, 0xC4, 0x40, 0xC0, 0x40, 0x03, 0xC4, 0x80, 0xC0, 0x40, 0x03, 0xC6, 0x40, 0x03, 0xC6, 0x04, 0xC6, 0x04, 0x0B, 0x41, 0x81, 0x07, 0xC3,
    0x07, 0xC4, 0x06, 0xC4, 0x06, 0xC4, 0x06, 0xC4, 0x40, 0x05, 0xC4, 0x06, 0xC4, 0x06, 0xC4, 0x06, 0xC4, 0x06, 0xC4, 0x01, 0xC0, 0x40, 0x02, 0xC4,
    0x40, 0x00, 0xC0, 0x03, 0xC4, 0x41, 0xC0, 0x03, 0xC4, 0x80, 0x40, 0xC0, 0x03, 0xC4, 0x82, 0x03, 0x0B, 0x41, 0xC0, 0x08, 0xC2, 0x80, 0x07, 0xC3,
    0x80, 0x06, 0xC4, 0x06, 0xC4, 0x06, 0xC4, 0x06, 0xC4, 0x06, 0xC4, 0x06, 0xC4, 0x06, 0xC3, 0x80, 0x06, 0xC3, 0x80, 0x01, 0xC0, 0x80, 0x02, 0xC4,
    0x01, 0xC0, 0x40, 0x02, 0xC4, 0x41, 0xC0, 0x03, 0xC4, 0x80, 0x40, 0xC0, 0x03, 0xC4, 0x40, 0x81, 0x03, 0x0B, 0x40, 0x81, 0x08, 0xC2, 0x80, 0x07,
    0xC3, 0x40, 0x06, 0xC3, 0x80, 0x06, 0xC3, 0x80, 0x06, 0xC4, 0x06, 0xC3, 0x80, 0x06, 0xC3, 0x80, 0x06, 0xC4, 0x06, 0xC3, 0x40, 0x06, 0xC3, 0x40,
    0x00, 0x80, 0xC1, 0x02, 0xC4, 0x00, 0x80, 0xC0, 0x80, 0x02, 0xC4, 0x00, 0x80, 0xC0, 0x40, 0x02, 0xC4, 0x40, 0x80, 0xC0, 0x03, 0xC4, 0x80, 0xC1,
    0x03, 0x0B, 0x80, 0xC0, 0x40, 0x08, 0xC2, 0x80, 0x07, 0xC3, 0x07, 0xC3, 0x40, 0x06, 0xC3, 0x07, 0xC3, 0x40, 0x06, 0xC3, 0x40, 0x06, 0xC3, 0x80,
    0x06, 0xC4, 0x06, 0xC3, 0x01, 0x41, 0x03, 0xC3, 0x00, 0x40, 0xC2, 0x80, 0x01, 0xC3, 0x80, 0x40, 0xC2, 0x40, 0x01, 0xC4, 0x40, 0xC2, 0x02, 0xC4,
    0x40, 0xC1, 0x80, 0x02, 0xC4, 0x80, 0xC1, 0x03, 0x0B, 0xC1, 0x09, 0xC2, 0x40, 0x07, 0xC3, 0x07, 0xC3, 0x07, 0xC3, 0x07, 0xC3, 0x07, 0xC3, 0x07,
    0xC3, 0x40, 0x06, 0xC1, 0x80, 0xC0, 0x80, 0x06, 0xC2, 0x40, 0x00, 0x40, 0x80, 0x41, 0x02, 0xC3, 0x80, 0xC4, 0x40, 0x00, 0xC3, 0x80, 0xC4, 0x80,
    0x00, 0xC9, 0x01, 0xC4, 0x80, 0xC2, 0x40, 0x01, 0xC7, 0x80, 0x02, 0x0B, 0xC1, 0x09, 0xC2, 0x08, 0xC2, 0x80, 0x07, 0xC2, 0x80, 0x07, 0xC2, 0x80,
    0x07, 0xC3, 0x07, 0xC2, 0x80, 0x07, 0xC3, 0x07, 0xC3, 0x40, 0x06, 0xC2, 0x01, 0x40, 0x81, 0x40, 0x02, 0xC9, 0x80, 0x00, 0xD6, 0x40, 0xC9, 0x40,
    0x00, 0xC8, 0x40, 0x01, 0x40, 0x0A, 0xC0, 0x40, 0x09, 0xC1, 0x80, 0x08, 0xC2, 0x08, 0xC2, 0x40, 0x01, 0x40, 0x04, 0xC2, 0x08, 0xC2, 0x40, 0x00,
    0x40, 0x05, 0xC2, 0x40, 0x07, 0xC2, 0x40, 0x07, 0xC3, 0x07, 0xC2, 0x00, 0x41, 0x82, 0x02, 0xC9, 0x80, 0x00, 0xED, 0x80, 0x00, 0x0B, 0xC0, 0x0A,
    0xC1, 0x09, 0xC2, 0x08, 0xC2, 0x40, 0x07, 0xC2, 0x02, 0x40, 0x04, 0xC2, 0x40, 0x01, 0x80, 0x04, 0xC2, 0x08, 0xC2, 0x08, 0xC2, 0x40, 0x07, 0xC2,
    0x40, 0x00, 0x40, 0x81, 0x40, 0x02, 0xC2, 0x80, 0xC6, 0x00, 0xEF, 0x40, 0x0A, 0xC0, 0x40, 0x09, 0xC1, 0x80, 0x08, 0xC2, 0x40, 0x07, 0xC2, 0x80,
    0x07, 0xC2, 0x40, 0x07, 0xC2, 0x40, 0x02, 0x40, 0x03, 0xC2, 0x40, 0x07, 0xC2, 0x80, 0x07, 0xC2, 0x40, 0x07, 0xC2, 0x80, 0x02, 0x40, 0x03, 0xC2,
    0x81, 0xC4, 0x80, 0x00, 0xEF, 0x80, 0x0A, 0xC0, 0x80, 0x09, 0xC2, 0x40, 0x07, 0xC3, 0x07, 0xC3, 0x07, 0xC3, 0x02, 0x40, 0x03, 0xC3, 0x04, 0x40,
    0x01, 0xC3, 0x07, 0xC3, 0x07, 0xC2, 0x80, 0x07, 0xC3, 0x07, 0xC3, 0x40, 0x00, 0x42, 0x02, 0xCA, 0x40, 0xE3, 0x80, 0x40, 0x09, 0xC1, 0x80, 0x08,
    0xC3, 0x07, 0xC3, 0x40, 0x06, 0xC3, 0x40, 0x06, 0xC3, 0x40, 0x06, 0xC3, 0x40, 0x06, 0xC3, 0x40, 0x06, 0xC3, 0x40, 0x06, 0xC3, 0x07, 0xC3, 0x80,
    0x06, 0xC4, 0x06, 0xC4, 0x40, 0x05, 0xC8, 0x80, 0x40, 0x00, 0xD7, 0x80, 0x40, 0x09, 0xC1, 0x80, 0x08, 0xC3, 0x07, 0xC3, 0x40, 0x06, 0xC3, 0x40,
    0x06, 0xC3, 0x80, 0x06, 0xC3, 0x80, 0x06, 0xC4, 0x06, 0xC4, 0x06, 0xC3, 0x80, 0x06, 0xC4, 0x06, 0xC4, 0x06, 0xC4, 0x80, 0x05, 0xC5, 0x05, 0xC5,
    0x43, 0x01, 0xCB, 0x41, 0x09, 0xC1, 0x40, 0x08, 0xC3, 0x07, 0xC3, 0x40, 0x06, 0xC3, 0x80, 0x06, 0xC4, 0x06, 0xC4, 0x06, 0xC4, 0x06, 0xC4, 0x40,
    0x05, 0xC4, 0x40, 0x05, 0xC4, 0x06, 0xC4, 0x40, 0x05, 0xC5, 0x05, 0xC5, 0x05, 0xC5, 0x40, 0x04, 0xC9, 0x80, 0x40, 0x0B, 0x80, 0xC0, 0x09, 0xC2,
    0x80, 0x07, 0xC3, 0x80, 0x06, 0xC4, 0x06, 0xC4, 0x06, 0xC4, 0x03, 0x40, 0x01, 0xC4, 0x40, 0x05, 0xC4, 0x80, 0x05, 0xC5, 0x05, 0xC3, 0x80, 0x06,
    0xC4, 0x80, 0x05, 0xC5, 0x41, 0x03, 0xC9, 0x80, 0x00, 0xD7, 0x0C, 0xC0, 0x09, 0xC2, 0x80, 0x07, 0xC4, 0x06, 0xC4, 0x06, 0xC4, 0x06, 0xC4, 0x40,
    0x02, 0x40, 0x01, 0xC4, 0x40, 0x05, 0xC4, 0x80, 0x05, 0xC5, 0x05, 0xC4, 0x40, 0x05, 0xC4, 0x80, 0x00, 0x40, 0x03, 0xC9, 0x80, 0x00, 0xE3, 0x0B,
    0x40, 0xC0, 0x40, 0x08, 0xC3, 0x40, 0x06, 0xC4, 0x06, 0xC4, 0x40, 0x05, 0xC4, 0x40, 0x05, 0xC4, 0x80, 0x05, 0xC4, 0x80, 0x05, 0xC5, 0x05, 0xC5,
    0x05, 0xC4, 0x80, 0x05, 0xC5, 0x00, 0x40, 0x03, 0xC9, 0x80, 0x00, 0xE3, 0x0B, 0x40, 0xC1, 0x40, 0x07, 0xC4, 0x06, 0xC4, 0x80, 0x05, 0xC4, 0x80,
    0x05, 0xC5, 0x05, 0xC5, 0x05, 0xC5, 0x05, 0xC5, 0x05, 0xC5, 0x05, 0xC5, 0x05, 0xC5, 0x42, 0x02, 0xC9, 0x80, 0x00, 0xE3, 0x01, 0x40, 0x08, 0x80,
    0xC2, 0x80, 0x06, 0xC4, 0x80, 0x05, 0xC5, 0x05, 0xC5, 0x05, 0xC5, 0x40, 0x04, 0xC5, 0x03, 0x40, 0x00, 0xC5, 0x40, 0x04, 0xC5, 0x40, 0x04, 0xC5,
    0x40, 0x04, 0xC5, 0x40, 0x04, 0xC5, 0x80, 0x04, 0xC7, 0x81, 0x01, 0xCA, 0x80, 0xD7, 0x01, 0x80, 0x40, 0x07, 0x80, 0xC3, 0x40, 0x05, 0xC5, 0x05,
    0xC5, 0x40, 0x04, 0xC5, 0x40, 0x04, 0xC5, 0x80, 0x04, 0xC5, 0x80, 0x04, 0xC5, 0x80, 0x04, 0xC6, 0x04, 0xC5, 0x80, 0x04, 0xC5, 0x80, 0x04, 0xC6,
    0x04, 0xC6, 0x40, 0x03, 0xC6, 0x80, 0x03, 0xCA, 0x80, 0xCB, 0x02, 0x80, 0x08, 0xC3, 0x40, 0x05, 0xC5, 0x40, 0x04, 0xC6, 0x04, 0xC6, 0x04, 0xC6,
    0x04, 0xC6, 0x04, 0xC6, 0x04, 0xC6, 0x04, 0xC6, 0x40, 0x03, 0xC5, 0x80, 0x04, 0xC6, 0x04, 0xC6, 0x80, 0x03, 0xC6, 0x80, 0x03, 0xCA, 0x80, 0xCB,
    0x02, 0x40, 0x09, 0x40, 0xC0, 0x80, 0x06, 0x40, 0xC4, 0x05, 0xC5, 0x80, 0x04, 0xC6, 0x04, 0xC6, 0x04, 0xC6, 0x40, 0x03, 0xC6, 0x04, 0xC6, 0x40,
    0x03, 0xC6, 0x80, 0x03, 0xC5, 0x80, 0x40, 0x03, 0xC6, 0x80, 0x40, 0x02, 0xCA, 0x40, 0xE3, 0x0C, 0x41, 0xC0, 0x80, 0x06, 0xC4, 0x80, 0x05, 0xC5,
    0x05, 0xC5, 0x40, 0x04, 0xC5, 0x80, 0x04, 0xC6, 0x04, 0xC6, 0x04, 0xC6, 0x40, 0x03, 0xC4, 0x80, 0xC0, 0x80, 0x03, 0xC4, 0x80, 0x05, 0xC6, 0x81,
    0x40, 0x01, 0xCA, 0x40, 0xE3, 0x02, 0x80, 0x07, 0x40, 0x80, 0xC1, 0x40, 0x06, 0xC4, 0x06, 0xC4, 0x80, 0x05, 0xC5, 0x05, 0xC5, 0x40, 0x04, 0xC5,
    0x05, 0xC5, 0x40, 0x04, 0xC6, 0x04, 0xC3, 0x40, 0x06, 0xC4, 0x80, 0x05, 0xC5, 0x80, 0xC0, 0x81, 0x01, 0xCA, 0x80, 0xE3, 0x02, 0x80, 0x07, 0xC3,
    0x07, 0xC3, 0x80, 0x06, 0xC4, 0x06, 0xC4, 0x40, 0x05, 0xC4, 0x80, 0x05, 0xC4, 0x40, 0x05, 0xC5, 0x05, 0xC5, 0x40, 0x04, 0xC2, 0x80, 0x07, 0xC4,
    0x40, 0x05, 0xC5, 0x82, 0x40, 0x01, 0xCA, 0x80, 0xDB, 0x80, 0xC6, 0x01, 0x40, 0x08, 0x80, 0xC1, 0x80, 0x07, 0xC3, 0x40, 0x06, 0xC3, 0x80, 0x06,
    0xC4, 0x06, 0xC4, 0x40, 0x05, 0xC4, 0x06, 0xC4, 0x06, 0xC4, 0x40, 0x05, 0xC2, 0x40, 0x07, 0xC4, 0x06, 0xC4, 0x40, 0x05, 0xC5, 0x82, 0x40, 0x01,
    0xE3, 0x01, 0x40, 0x08, 0x40, 0x80, 0xC0, 0x08, 0xC3, 0x07, 0xC3, 0x40, 0x06, 0xC4, 0x06, 0xC4, 0x06, 0xC4, 0x06, 0xC3, 0x80, 0x03, 0x40, 0x01,
    0xC4, 0x06, 0xC2, 0x40, 0x07, 0xC3, 0x80, 0x06, 0xC4, 0x06, 0xC4, 0x80, 0x05, 0xC4, 0x80, 0x05, 0xC5, 0x80, 0xC0, 0x82, 0x40, 0xCB, 0x0C, 0x81,
    0x08, 0xC2, 0x40, 0x07, 0xC3, 0x07, 0xC3, 0x40, 0x06, 0xC4, 0x06, 0xC4, 0x06, 0xC3, 0x40, 0x06, 0xC3, 0x40, 0x06, 0xC2, 0x40, 0x07, 0xC2, 0x80,
    0x40, 0x06, 0xC4, 0x06, 0xC9, 0x80, 0x00, 0xE3, 0x0C, 0x80, 0x09, 0xC2, 0x08, 0xC3, 0x07, 0xC3, 0x07, 0xC4, 0x06, 0xC3, 0x80, 0x06, 0xC3, 0x40,
    0x04, 0x40, 0x00, 0xC3, 0x07, 0xC2, 0x80, 0x07, 0xC2, 0x80, 0x07, 0xC4, 0x80, 0xC2, 0x80, 0x40, 0x00, 0xCA, 0x80, 0xE3, 0x0C, 0x80, 0x09, 0xC2,
    0x08, 0xC2, 0x80, 0x07, 0xC3, 0x07, 0xC4, 0x06, 0xC3, 0x40, 0x06, 0xC3, 0x05, 0x40, 0x00, 0xC2, 0x80, 0x07, 0xC1, 0x80, 0x40, 0x07, 0xC2, 0x80,
    0x07, 0xC3, 0x81, 0xC2, 0x80, 0x01, 0xCA, 0x80, 0xE3, 0x0B, 0x40, 0x80, 0x09, 0xC2, 0x08, 0xC2, 0x40, 0x07, 0xC3, 0x07, 0xC3, 0x40, 0x06, 0xC3,
    0x07, 0xC2, 0x40, 0x05, 0x40, 0x00, 0xC2, 0x40, 0x07, 0xC1, 0x40, 0x08, 0xC2, 0x80, 0x07, 0xC3, 0x40, 0x80, 0xC2, 0x80, 0x01, 0xCA, 0x40, 0xE3,
    0x0B, 0x81, 0x09, 0xC1, 0x80, 0x08, 0xC2, 0x08, 0xC2, 0x80, 0x07, 0xC3, 0x07, 0xC2, 0x80, 0x07, 0xC2, 0x06, 0x80, 0x00, 0xC2, 0x08, 0xC0, 0x80,
    0x09, 0xC2, 0x40, 0x07, 0xC3, 0x01, 0x41, 0x03, 0xC9, 0x40, 0x00, 0xCA, 0x80, 0xD7, 0x0B, 0xC0, 0x80, 0x09, 0xC1, 0x40, 0x08, 0xC1, 0x80, 0x08,
    0xC2, 0x80, 0x07, 0xC2, 0x80, 0x07, 0xC2, 0x40, 0x07, 0xC1, 0x40, 0x06, 0x40, 0x00, 0xC1, 0x80, 0x08, 0xC0, 0x40, 0x09, 0xC2, 0x08, 0xC2, 0x80,
    0x07, 0xC3, 0x40, 0x06, 0xC4, 0x82, 0x40, 0x02, 0xCA, 0x40, 0xCB, 0x0B, 0xC0, 0x40, 0x09, 0xC1, 0x09, 0xC1, 0x40, 0x08, 0xC2, 0x40, 0x07, 0xC2,
    0x80, 0x07, 0xC2, 0x08, 0xC1, 0x07, 0x40, 0x00, 0xC1, 0x09, 0xC0, 0x40, 0x09, 0xC1, 0x80, 0x08, 0xC2, 0x08, 0xC3, 0x07, 0xC3, 0x80, 0x42, 0x03,
    0xC9, 0x80, 0x00, 0xCB, 0x0B, 0x80, 0x0A, 0xC0, 0x80, 0x09, 0xC1, 0x09, 0xC1, 0x80, 0x08, 0xC3, 0x07, 0xC2, 0x08, 0xC1, 0x40, 0x06, 0x40, 0x00,
    0xC1, 0x09, 0xC0, 0x80, 0x09, 0xC0, 0x80, 0x40, 0x08, 0xC2, 0x01, 0x40, 0x80, 0x40, 0x03, 0xC9, 0x40, 0x00, 0xCA, 0x40, 0xD7, 0x0B, 0x40, 0x80,
    0x09, 0xC1, 0x09, 0xC1, 0x80, 0x08, 0xC2, 0x40, 0x07, 0xC3, 0x40, 0x06, 0xC2, 0x40, 0x07, 0xC1, 0x80, 0x08, 0xC1, 0x40, 0x08, 0xC0, 0x80, 0x09,
    0xC2, 0x08, 0xC2, 0x40, 0x00, 0x40, 0x81, 0x40, 0x02, 0xC9, 0x40, 0x00, 0xCA, 0x80, 0xD7, 0x0B, 0x80, 0xC0, 0x09, 0xC1, 0x80, 0x08, 0xC2, 0x08,
    0xC3, 0x80, 0x06, 0xC3, 0x40, 0x06, 0xC3, 0x07, 0xC2, 0x08, 0xC2, 0x08, 0xC1, 0x40, 0x08, 0xC2, 0x80, 0x07, 0xC3, 0x00, 0x82, 0x40, 0x02, 0xC9,
    0x80, 0x00, 0xCA, 0x80, 0xD7, 0x0B, 0x80, 0xC0, 0x40, 0x08, 0xC2, 0x08, 0xC2, 0x80, 0x07, 0xC4, 0x06, 0xC3, 0x80, 0x06, 0xC3, 0x07, 0xC2, 0x40,
    0x07, 0xC2, 0x08, 0xC1, 0x80, 0x08, 0xC3, 0x07, 0xC3, 0x80, 0x40, 0x80, 0x41, 0x02, 0xC9, 0x40, 0x00, 0xCA, 0x80, 0xD7, 0x0B, 0x80, 0xC0, 0x80,
    0x08, 0xC2, 0x40, 0x07, 0xC3, 0x07, 0xC4, 0x40, 0x05, 0xC3, 0x80, 0x06, 0xC3, 0x40, 0x06, 0xC2, 0x80, 0x07, 0xC2, 0x40, 0x07, 0xC1, 0x80, 0x40,
    0x07, 0xC3, 0x40, 0x06, 0xC3, 0x80, 0x06, 0xC4, 0x80, 0x42, 0x02, 0xCA, 0x00, 0xD7, 0x0B, 0x40, 0x81, 0x08, 0xC2, 0x40, 0x07, 0xC3, 0x07, 0xC4,
    0x40, 0x05, 0xC4, 0x06, 0xC3, 0x80, 0x06, 0xC3, 0x07, 0xC2, 0x80, 0x07, 0xC1, 0x80, 0x08, 0xC3, 0x40, 0x06, 0xC4, 0x06, 0xC4, 0x40, 0x05, 0xC4,
    0x80, 0x05, 0xC5, 0x82, 0x41, 0x00, 0xCB, 0x0D, 0x40, 0x08, 0xC2, 0x40, 0x07, 0xC3, 0x07, 0xC3, 0x80, 0x40, 0x05, 0xC4, 0x80, 0x05, 0xC4, 0x06,
    0xC3, 0x40, 0x06, 0xC3, 0x07, 0xC2, 0x80, 0x07, 0xC3, 0x40, 0x06, 0xC4, 0x06, 0xC8, 0x80, 0x40, 0x00, 0xE3, 0x0D, 0x40, 0x08, 0x80, 0xC1, 0x40,
    0x07, 0xC3, 0x07, 0xC3, 0x80, 0x40, 0x05, 0xC5, 0x05, 0xC4, 0x40, 0x05, 0xC3, 0x80, 0x06, 0xC3, 0x40, 0x06, 0xC3, 0x07, 0xC2, 0x81, 0x06, 0xC4,
    0x80, 0xC2, 0x80, 0x01, 0xCA, 0x80, 0xE3, 0x0D, 0x80, 0x08, 0xC2, 0x80, 0x07, 0xC3, 0x40, 0x06, 0xC4, 0x80, 0x05, 0xC5, 0x05, 0xC4, 0x40, 0x05,
    0xC3, 0x80, 0x06, 0xC3, 0x80, 0x06, 0xC2, 0x80, 0x07, 0xC4, 0x06, 0xC4, 0x81, 0xC1, 0x80, 0x40, 0x00, 0xEF, 0x0C, 0x40, 0xC0, 0x40, 0x07, 0xC3,
    0x07, 0xC3, 0x80, 0x06, 0xC5, 0x80, 0x04, 0xC5, 0x05, 0xC4, 0x40, 0x05, 0xC4, 0x06, 0xC4, 0x06, 0xC2, 0x80, 0x07, 0xC4, 0x40, 0x05, 0xC9, 0x80,
    0x00, 0xEF, 0x0B, 0x40, 0x80, 0xC0, 0x80, 0x07, 0xC3, 0x80, 0x06, 0xC4, 0x40, 0x05, 0xC5, 0x80, 0x04, 0xC5, 0x05, 0xC4, 0x80, 0x05, 0xC4, 0x40,
    0x05, 0xC4, 0x06, 0xC3, 0x40, 0x06, 0xC5, 0x05, 0xC5, 0x80, 0x40, 0x80, 0x40, 0x01, 0xEF, 0x0B, 0x40, 0x80, 0xC1, 0x40, 0x06, 0xC4, 0x06, 0xC4,
    0x81, 0x04, 0xC5, 0x80, 0x04, 0xC5, 0x40, 0x04, 0xC4, 0x80, 0x05, 0xC4, 0x80, 0x05, 0xC4, 0x40, 0x05, 0xC3, 0x40, 0x06, 0xC5, 0x40, 0x04, 0xC6,
    0x04, 0xC6, 0x04, 0xE3, 0x02, 0x40, 0x08, 0x40, 0x80, 0xC0, 0x40, 0x06, 0xC4, 0x06, 0xC5, 0x40, 0x04, 0xC6, 0x04, 0xC5, 0x80, 0x00, 0x40, 0x02,
    0xC5, 0x05, 0xC5, 0x05, 0xC4, 0x80, 0x05, 0xC3, 0x80, 0x06, 0xC5, 0x80, 0x04, 0xC6, 0x04, 0xC6, 0x40, 0x03, 0xCA, 0x80, 0xD7, 0x0E, 0x80, 0x08,
    0x80, 0xC1, 0x80, 0x06, 0xC4, 0x40, 0x05, 0xC6, 0x40, 0x03, 0xC5, 0x80, 0x04, 0xC5, 0x80, 0x00, 0x40, 0x02, 0xC5, 0x05, 0xC5, 0x05, 0xC4, 0x40,
    0x05, 0xC4, 0x80, 0x05, 0xCA, 0x40, 0xEF, 0x0D, 0x40, 0x80, 0x07, 0x80, 0xC2, 0x40, 0x06, 0xC4, 0x06, 0xC6, 0x04, 0xC5, 0x40, 0x04, 0xC5, 0x01,
    0x40, 0x02, 0xC4, 0x80, 0x05, 0xC4, 0x80, 0x05, 0xC3, 0x80, 0x06, 0xC4, 0x80, 0x05, 0xCA, 0x40, 0xEF, 0x01, 0x40, 0x09, 0x40, 0xC0, 0x40, 0x07,
    0xC3, 0x07, 0xC3, 0x80, 0x06, 0xC5, 0x40, 0x04, 0xC5, 0x05, 0xC4, 0x40, 0x05, 0xC4, 0x06, 0xC4, 0x06, 0xC2, 0x80, 0x07, 0xC4, 0x80, 0x05, 0xCA,
    0x40, 0xEF, 0x0B, 0x80, 0xC1, 0x08, 0xC3, 0x07, 0xC3, 0x80, 0x40, 0x05, 0xC5, 0x05, 0xC4, 0x40, 0x05, 0xC3, 0x80, 0x06, 0xC3, 0x80, 0x06, 0xC3,
    0x40, 0x06, 0xC2, 0x40, 0x07, 0xC4, 0x40, 0x05, 0xC9, 0x80, 0x40, 0xE7, 0x80, 0xC6, 0x0B, 0x80, 0xC1, 0x08, 0xC2, 0x80, 0x07, 0xC3, 0x40, 0x06,
    0xC4, 0x80, 0x05, 0xC4, 0x06, 0xC3, 0x80, 0x06, 0xC3, 0x40, 0x06, 0xC3, 0x07, 0xC2, 0x40, 0x07, 0xC4, 0x06, 0xC4, 0x80, 0x05, 0xCA, 0x40, 0xE3,
    0x0B, 0x40, 0x81, 0x08, 0xC2, 0x40, 0x07, 0xC3, 0x07, 0xC4, 0x80, 0x05, 0xC4, 0x06, 0xC3, 0x80, 0x06, 0xC3, 0x07, 0xC3, 0x07, 0xC1, 0x80, 0x08,
    0xC3, 0x80, 0x06, 0xC4, 0x40, 0x05, 0xC4, 0x80, 0x05, 0xC5, 0x05, 0xD7, 0x0D, 0x40, 0x08, 0xC2, 0x08, 0xC2, 0x80, 0x07, 0xC3, 0x80, 0x40, 0x05,
    0xC4, 0x06, 0xC4, 0x02, 0x40, 0x02, 0xC3, 0x07, 0xC3, 0x07, 0xC1, 0x80, 0x40, 0x07, 0xC2, 0x80, 0x40, 0x06, 0xC4, 0x00, 0x42, 0x02, 0xCA, 0x40,
    0xE3, 0x0C, 0x40, 0x09, 0xC2, 0x08, 0xC2, 0x40, 0x07, 0xC3, 0x40, 0x06, 0xC4, 0x40, 0x05, 0xC3, 0x80, 0x02, 0x40, 0x02, 0xC3, 0x07, 0xC2, 0x80,
    0x07, 0xC1, 0x80, 0x08, 0xC1, 0x80, 0x40, 0x02, 0x40, 0x03, 0xC9, 0x40, 0x00, 0xCA, 0x80, 0xE3, 0x0C, 0x80, 0x09, 0xC1, 0x80, 0x08, 0xC2, 0x08,
    0xC3, 0x40, 0x06, 0xC3, 0x80, 0x06, 0xC3, 0x03, 0x80, 0x02, 0xC2, 0x40, 0x07, 0xC2, 0x40, 0x07, 0xC1, 0x80, 0x08, 0xC1, 0x81, 0x07, 0xC3, 0x80,
    0xC3, 0x80, 0x01, 0xCA, 0x80, 0xE3, 0x0B, 0x40, 0x80, 0x09, 0xC1, 0x40, 0x08, 0xC2, 0x08, 0xC2, 0x80, 0x40, 0x06, 0xC3, 0x07, 0xC2, 0x80, 0x03,
    0x80, 0x02, 0xC2, 0x08, 0xC2, 0x08, 0xC0, 0x80, 0x40, 0x08, 0xC1, 0x80, 0x40, 0x07, 0xC3, 0x80, 0xC3, 0x80, 0x01, 0xCA, 0x40, 0xE3, 0x0B, 0xC0,
    0x0A, 0xC1, 0x09, 0xC1, 0x40, 0x08, 0xC2, 0x80, 0x07, 0xC2, 0x40, 0x03, 0x40, 0x02, 0xC2, 0x08, 0xC1, 0x40, 0x08, 0xC1, 0x40, 0x08, 0xC0, 0x80,
    0x09, 0xC1, 0x80, 0x08, 0xC2, 0x40, 0x00, 0x42, 0x03, 0xC9, 0x40, 0x00, 0xCA, 0x80, 0xD7, 0x0B, 0x80, 0x0A, 0xC0, 0x40, 0x09, 0xC1, 0x09, 0xC2,
    0x40, 0x07, 0xC2, 0x04, 0x40, 0x02, 0xC1, 0x80, 0x08, 0xC1, 0x09, 0xC0, 0x80, 0x09, 0x80, 0x40, 0x09, 0xC0, 0x80, 0x09, 0xC2, 0x08, 0xC2, 0x40,
    0x07, 0xC3, 0x41, 0x80, 0x40, 0x03, 0xCA, 0x40, 0xCB, 0x17, 0x80, 0x0A, 0xC0, 0x0A, 0xC1, 0x80, 0x08, 0xC1, 0x40, 0x03, 0x80, 0x03, 0xC1, 0x09,
    0xC0, 0x40, 0x09, 0xC0, 0x0A, 0xC0, 0x0A, 0x40, 0x0A, 0xC1, 0x09, 0xC1, 0x80, 0x08, 0xC2, 0x40, 0x07, 0xC3, 0x82, 0xC0, 0x80, 0x40, 0x01, 0xCB,
    0x23, 0x40, 0x0A, 0xC0, 0x0A, 0xC1, 0x80, 0x03, 0x40, 0x03, 0xC1, 0x09, 0xC0, 0x40, 0x09, 0xC0, 0x0A, 0xC0, 0x16, 0xC0, 0x40, 0x09, 0xC1, 0x00,
    0x40, 0x80, 0xC2, 0x80, 0x40, 0x01, 0xCA, 0x00, 0xD7, 0x23, 0x40, 0x0A, 0xC0, 0x40, 0x09, 0xC1, 0x80, 0x02, 0x40, 0x04, 0xC1, 0x03, 0x40, 0x04,
    0xC0, 0x40, 0x09, 0xC0, 0x0A, 0xC0, 0x16, 0x80, 0x40, 0x09, 0xC1, 0x01, 0x40, 0x82, 0x40, 0x02, 0xC1, 0x80, 0xC6, 0x80, 0x00, 0xD7, 0x23, 0x80,
    0x0A, 0xC0, 0x80, 0x40, 0x08, 0xC1, 0x40, 0x02, 0x40, 0x04, 0xC1, 0x03, 0x40, 0x04, 0xC0, 0x40, 0x09, 0xC0, 0x0A, 0xC0, 0x16, 0x80, 0x40, 0x09,
    0xC1, 0x09, 0xC1, 0x81, 0xC4, 0x80, 0x01, 0xCA, 0x40, 0xCB, 0x23, 0x80, 0x0A, 0xC1, 0x80, 0x08, 0xC1, 0x09, 0xC1, 0x03, 0x40, 0x04, 0xC0, 0x0A,
    0xC0, 0x0A, 0xC0, 0x0A, 0x40, 0x0A, 0x80, 0x40, 0x09, 0xC1, 0x09, 0xC1, 0x40, 0x08, 0xC8, 0x40, 0x01, 0xCA, 0x40, 0x2F, 0xC1, 0x09, 0xC0, 0x80,
    0x02, 0x40, 0x05, 0xC0, 0x80, 0x09, 0xC0, 0x0A, 0xC0, 0x0A, 0xC0, 0x0A, 0x40, 0x16, 0xC1, 0x09, 0xC1, 0x09, 0xC1, 0x80, 0x08, 0xC2, 0x08, 0x2F,
    0xC0, 0x80, 0x09, 0xC0, 0x03, 0x40, 0x05, 0xC0, 0x0A, 0xC0, 0x0A, 0x40, 0x0A, 0x80, 0x0A, 0x40, 0x16, 0x40, 0x0A, 0xC0, 0x80, 0x09, 0xC1, 0x09,
    0xC1, 0x40, 0x08, 0x3B, 0xC0, 0x40, 0x09, 0xC0, 0x0A, 0xC0, 0x0A, 0x40, 0x16, 0x40, 0x0A, 0x40, 0x22, 0xC0, 0x40, 0x09, 0xC1, 0x09, 0x3B, 0xC0,
    0x0A, 0xC0, 0x0A, 0x40, 0x0A, 0x40, 0x3F, 0x12, 0xC0, 0x0A, 0x3B, 0x80, 0x0A, 0x40, 0x04, 0x40, 0x3F, 0x24, 0x40, 0x0A, 0x3F, 0x0C, 0x41, 0x3F,
    0x30, 0x3F, 0x0C, 0x80, 0x3F, 0x31, 0x3F, 0x3F, 0x3F, 0x3F, 0x0C, 0x80, 0x0A, 0x80, 0x3F, 0x25, 0x3F, 0x0B, 0x80, 0xC0, 0x0A, 0xC0, 0x0A, 0x40,
    0x3F, 0x19, 0x3F, 0x0B, 0xC0, 0x40, 0x09, 0x40, 0xC0, 0x0A, 0x40, 0x3F, 0x19, 0x3F, 0x24, 0x80, 0x0B, 0x40, 0x3F, 0x0C, 0x3F, 0x0B, 0x80, 0x0A,
    0x81, 0x09, 0x40, 0xC0, 0x40, 0x09, 0x80, 0xC0, 0x3F, 0x0C, 0x3F, 0x0A, 0x40, 0x80, 0x40, 0x08, 0x80, 0xC1, 0x80, 0x08, 0xC2, 0x40, 0x08, 0x80,
    0xC1, 0x3F, 0x0B, 0x3F, 0x0A, 0x40, 0x80, 0x40, 0x08, 0x80, 0xC2, 0x40, 0x06, 0xC4, 0x07, 0x43, 0x3F, 0x0B, 0x3F, 0x0B, 0x42, 0x07, 0xC4, 0x40,
    0x05, 0xC4, 0x40, 0x05, 0x40, 0x81, 0x3F, 0x0D, 0x3F, 0x0C, 0x40, 0x81, 0x40, 0x05, 0x40, 0xC3, 0x40, 0x04, 0x40, 0xC3, 0x80, 0x06, 0x80, 0xC1,
    0x40, 0x3F, 0x0C, 0x3F, 0x0C, 0x40, 0xC1, 0x80, 0x06, 0x80, 0xC2, 0x06, 0x80, 0xC2, 0x40, 0x06, 0xC2, 0x80, 0x07, 0x40, 0xC0, 0x40, 0x3F, 0x01,
    0x3F, 0x01, 0x80, 0xC0, 0x08, 0x80, 0xC1, 0x07, 0x40, 0xC1, 0x80, 0x07, 0xC2, 0x40, 0x06, 0x40, 0xC2, 0x07, 0x80, 0xC1, 0x09, 0x40, 0x36, 0x35,
    0x80, 0x40, 0x08, 0x40, 0xC0, 0x80, 0x08, 0xC1, 0x80, 0x07, 0x40, 0xC1, 0x80, 0x07, 0x80, 0xC1, 0x40, 0x07, 0xC2, 0x08, 0xC2, 0x08, 0x80, 0xC0,
    0x40, 0x34, 0x34, 0xC0, 0x80, 0x09, 0xC1, 0x08, 0x40, 0xC1, 0x08, 0x40, 0xC1, 0x40, 0x07, 0x40, 0xC1, 0x80, 0x07, 0x40, 0xC1, 0x80, 0x08, 0xC1,
    0x80, 0x08, 0xC1, 0x40, 0x33, 0x33, 0x80, 0xC0, 0x09, 0xC1, 0x40, 0x08, 0x80, 0xC1, 0x08, 0x80, 0xC1, 0x40, 0x07, 0x40, 0xC1, 0x80, 0x08, 0xC2,
    0x08, 0x80, 0xC1, 0x09, 0xC1, 0x40, 0x32, 0x32, 0x40, 0xC0, 0x09, 0x40, 0xC1, 0x09, 0xC2, 0x08, 0xC2, 0x40, 0x07, 0x40, 0xC2, 0x08, 0xC2, 0x80,
    0x08, 0xC2, 0x08, 0x40, 0xC1, 0x32, 0x32, 0xC0, 0x40, 0x09, 0xC1, 0x80, 0x08, 0xC2, 0x80, 0x07, 0x40, 0xC2, 0x80, 0x07, 0x80, 0xC2, 0x80, 0x07,
    0x80, 0xC2, 0x40, 0x07, 0x80, 0xC2, 0x08, 0x40, 0xC0, 0x40, 0x31, 0x31, 0x41, 0x09, 0xC2, 0x08, 0x80, 0xC2, 0x80, 0x07, 0xC4, 0x07, 0xC4, 0x40,
    0x06, 0x80, 0xC3, 0x40, 0x06, 0x40, 0xC2, 0x40, 0x08, 0x40, 0x80, 0x31, 0x3C, 0x80, 0xC1, 0x40, 0x07, 0x40, 0xC3, 0x80, 0x06, 0x40, 0xC4, 0x80,
    0x05, 0x40, 0xC5, 0x40, 0x05, 0x80, 0xC4, 0x07, 0x80, 0xC1, 0x80, 0x3C, 0x3C, 0x80, 0x40, 0x80, 0x08, 0xC4, 0x80, 0x05, 0x40, 0xC6, 0x40, 0x04,
    0x80, 0xC6, 0x05, 0x80, 0xC4, 0x08, 0x40, 0x80, 0x40, 0x3C, 0x3E, 0x80, 0x07, 0x80, 0xC3, 0x81, 0x40, 0x04, 0xC8, 0x80, 0x02, 0x80, 0xC7, 0x40,
    0x03, 0x40, 0x80, 0xC4, 0x40, 0x3F, 0x07, 0x3E, 0x40, 0x07, 0x41, 0x80, 0xC0, 0x81, 0x42, 0x02, 0xCA, 0x01, 0x80, 0xC8, 0x80, 0x02, 0x40, 0x81,
    0xC2, 0x80, 0x40, 0x3F, 0x08, 0x3E, 0x40, 0x09, 0x40, 0x81, 0x41, 0x82, 0x40, 0x00, 0xCA, 0x41, 0xC9, 0x40, 0x00, 0x40, 0x81, 0xC0, 0x83, 0x40,
    0x3F, 0x09, 0x3F, 0x40, 0x08, 0x80, 0x43, 0x81, 0xC0, 0x80, 0x00, 0x40, 0x80, 0xC8, 0x80, 0xC9, 0x80, 0x01, 0x80, 0xC3, 0x81, 0x40, 0x3F, 0x0A,
    0x3F, 0x40, 0x08, 0x40, 0x80, 0x40, 0x00, 0x40, 0x80, 0xC1, 0x80, 0x02, 0x80, 0xC7, 0x40, 0xC9, 0x01, 0x40, 0xC5, 0x80, 0x05, 0x41, 0x3F, 0x03,
    0x3F, 0x40, 0x08, 0x40, 0x80, 0x40, 0x00, 0x80, 0xC3, 0x02, 0x40, 0xC6, 0x80, 0x00, 0x40, 0x80, 0xC6, 0x40, 0x01, 0x80, 0xC5, 0x80, 0x04, 0x40,
    0xC1, 0x40, 0x3F, 0x02, 0x3F, 0x40, 0x02, 0x40, 0x05, 0xC0, 0x41, 0x80, 0xC2, 0x80, 0x03, 0xC6, 0x40, 0x02, 0x80, 0xC5, 0x40, 0x01, 0x40, 0xC5,
    0x80, 0x04, 0x80, 0xC2, 0x40, 0x3F, 0x01, 0x3F, 0x03, 0x40, 0x05, 0xC0, 0x41, 0x80, 0xC2, 0x40, 0x03, 0xC6, 0x03, 0x40, 0xC5, 0x03, 0x80, 0xC4,
    0x80, 0x04, 0x40, 0xC2, 0x80, 0x07, 0x40, 0x80, 0x40, 0x36, 0x3F, 0x00, 0x40, 0x08, 0x40, 0x81, 0xC3, 0x04, 0x80, 0xC4, 0x80, 0x04, 0xC5, 0x04,
    0xC4, 0x80, 0x05, 0xC3, 0x40, 0x07, 0xC1, 0x36, 0x3F, 0x41, 0x09, 0xC0, 0x80, 0xC2, 0x06, 0xC4, 0x05, 0x80, 0xC4, 0x04, 0x40, 0xC4, 0x05, 0x40,
    0xC3, 0x07, 0x80, 0xC0, 0x80, 0x35, 0x3F, 0x00, 0x80, 0x09, 0x80, 0xC2, 0x40, 0x06, 0xC4, 0x05, 0x40, 0xC3, 0x80, 0x05, 0xC4, 0x06, 0xC3, 0x40,
    0x06, 0x40, 0xC1, 0x80, 0x34, 0x3F, 0x00, 0x80, 0x40, 0x09, 0xC0, 0x80, 0x40, 0x07, 0xC3, 0x40, 0x05, 0x40, 0xC3, 0x80, 0x05, 0x80, 0xC3, 0x80,
    0x05, 0x40, 0xC3, 0x07, 0xC2, 0x40, 0x08, 0x40, 0x29, 0x3F, 0x00, 0x40, 0x80, 0x09, 0x80, 0xC0, 0x07, 0x40, 0xC3, 0x06, 0x80, 0xC3, 0x80, 0x05,
    0x80, 0xC4, 0x06, 0xC3, 0x40, 0x06, 0x40, 0xC2, 0x09, 0x40, 0x28, 0x3F, 0x01, 0xC0, 0x0A, 0xC0, 0x40, 0x06, 0x80, 0xC2, 0x40, 0x06, 0xC4, 0x40,
    0x05, 0x80, 0xC4, 0x06, 0xC4, 0x07, 0xC2, 0x80, 0x32, 0x36, 0x40, 0x09, 0x40, 0x80, 0x09, 0x40, 0xC0, 0x06, 0x83, 0xC0, 0x05, 0x80, 0xC4, 0x40,
    0x05, 0xC6, 0x05, 0xC4, 0x80, 0x06, 0x80, 0xC1, 0x80, 0x32, 0x36, 0x80, 0x0A, 0xC0, 0x0A, 0xC0, 0x05, 0x42, 0x00, 0x40, 0xC0, 0x40, 0x04, 0xC5,
    0x80, 0x40, 0x03, 0x40, 0xC6, 0x40, 0x04, 0xC5, 0x06, 0x80, 0xC0, 0x81, 0x40, 0x31, 0x36, 0x80, 0x0A, 0xC0, 0x40, 0x09, 0x80, 0x40, 0x09, 0xC0,
    0x80, 0x03, 0x80, 0xC6, 0x00, 0xC0, 0x02, 0xC8, 0x03, 0x40, 0xC5, 0x40, 0x05, 0x83, 0x40, 0x31, 0x36, 0xC0, 0x40, 0x09, 0x81, 0x09, 0x40, 0x80,
    0x09, 0xC1, 0x03, 0xC3, 0x81, 0xC1, 0x40, 0x80, 0x40, 0x00, 0x80, 0xC8, 0x03, 0x80, 0xC5, 0x80, 0x04, 0x40, 0x84, 0x31, 0x36, 0x81, 0x09, 0x40,
    0x80, 0x09, 0x40, 0x80, 0x09, 0xC1, 0x01, 0x41, 0x80, 0xC1, 0x80, 0x41, 0xC1, 0x40, 0x80, 0xC0, 0x40, 0xC9, 0x40, 0x01, 0x40, 0xC7, 0x04, 0x80,
    0xC0, 0x83, 0x31, 0x36, 0x81, 0x09, 0x40, 0xC0, 0x0A, 0xC0, 0x09, 0xC1, 0x02, 0x83, 0x40, 0x01, 0xC1, 0x40, 0x80, 0xCB, 0x80, 0x00, 0x40, 0x80,
    0xC7, 0x03, 0x40, 0xC0, 0x84, 0x40, 0x30, 0x35, 0x40, 0x81, 0x08, 0x40, 0x00, 0xC0, 0x0A, 0xC0, 0x09, 0xC1, 0x02, 0x82, 0x41, 0x01, 0xC1, 0x40,
    0x80, 0xCC, 0x00, 0x40, 0xC8, 0x40, 0x02, 0x80, 0xC0, 0x81, 0xC1, 0x80, 0x40, 0x30, 0x2B, 0x40, 0x08, 0x40, 0x81, 0x08, 0x40, 0x00, 0xC0, 0x0A,
    0xC0, 0x09, 0xC1, 0x40, 0x01, 0x82, 0x40, 0x02, 0xC1, 0x40, 0x80, 0xCC, 0x40, 0x80, 0xC8, 0x40, 0x01, 0x40, 0xC1, 0x81, 0xC1, 0x81, 0x30, 0x2A,
    0x41, 0x08, 0x41, 0x80, 0x08, 0x40, 0x00, 0xC0, 0x08, 0x41, 0xC0, 0x09, 0xC1, 0x40, 0x01, 0x81, 0x41, 0x02, 0xC1, 0x81, 0xCC, 0x80, 0xC9, 0x80,
    0x01, 0x80, 0xC1, 0x80, 0xC4, 0x30, 0x29, 0x41, 0x80, 0x08, 0x41, 0x80, 0x08, 0x40, 0x00, 0xC0, 0x08, 0x41, 0xC0, 0x08, 0x40, 0xC1, 0x40, 0x01,
    0x81, 0x40, 0x03, 0xC1, 0x81, 0xCC, 0x80, 0xCA, 0x00, 0x40, 0xC2, 0x80, 0xC4, 0x30, 0x29, 0x40, 0x80, 0xC0, 0x08, 0x41, 0xC0, 0x08, 0x40, 0x00,
    0xC0, 0x08, 0x40, 0x80, 0xC0, 0x08, 0x40, 0xC1, 0x40, 0x01, 0x81, 0x40, 0x02, 0x40, 0x80, 0xC0, 0x81, 0xD8, 0x00, 0x80, 0xC1, 0x80, 0xC5, 0x09,
    0x40, 0x25, 0x1E, 0x41, 0x08, 0x82, 0x0A, 0xC0, 0x40, 0x09, 0xC0, 0x09, 0x80, 0xC0, 0x40, 0x07, 0x40, 0xC1, 0x40, 0x01, 0x80, 0x41, 0x03, 0x80,
    0xC0, 0x80, 0xD9, 0x80, 0xC1, 0x81, 0xC5, 0x40, 0x07, 0x40, 0x80, 0x40, 0x24, 0x1D, 0x40, 0x80, 0xC0, 0x07, 0x40, 0x00, 0x80, 0xC0, 0x07, 0x40,
    0x01, 0xC0, 0x40, 0x06, 0x40, 0x00, 0x40, 0xC0, 0x07, 0x40, 0x00, 0xC1, 0x40, 0x07, 0x80, 0xC1, 0x40, 0x00, 0x40, 0x80, 0x41, 0x03, 0x80, 0xC0,
    0x80, 0xDC, 0x80, 0xC6, 0x80, 0x06, 0x40, 0x80, 0xC0, 0x80, 0x24, 0x12, 0x81, 0x07, 0x80, 0x40, 0xC0, 0x80, 0x07, 0x80, 0x01, 0xC0, 0x41, 0x05,
    0x40, 0x01, 0xC0, 0x07, 0x40, 0x00, 0x80, 0xC0, 0x40, 0x06, 0x40, 0x80, 0xC1, 0x80, 0x07, 0xC2, 0x40, 0x00, 0x40, 0x80, 0x41, 0x03, 0x80, 0xDD,
    0x80, 0xC8, 0x06, 0x80, 0xC2, 0x24, 0x06, 0x81, 0x07, 0x80, 0x40, 0xC1, 0x07, 0x80, 0x00, 0x40, 0xC0, 0x41, 0x05, 0x40, 0x01, 0xC0, 0x07, 0x40,
    0x00, 0x40, 0xC0, 0x07, 0x40, 0x00, 0xC1, 0x80, 0x07, 0xC2, 0x80, 0x07, 0x80, 0xC1, 0x80, 0x40, 0x81, 0x42, 0x00, 0x41, 0xDC, 0x81, 0xC9, 0x05,
    0x80, 0xC3, 0x40, 0x08, 0x80, 0x19, 0x03, 0x40, 0x80, 0x40, 0xC1, 0x06, 0x80, 0x01, 0x80, 0xC0, 0x80, 0x41, 0x03, 0x80, 0x01, 0x40, 0xC0, 0x06,
    0x80, 0x01, 0x40, 0xC0, 0x06, 0x80, 0x01, 0xC1, 0x80, 0x05, 0x40, 0x00, 0xC3, 0x06, 0x40, 0xC2, 0x80, 0x07, 0x40, 0x80, 0xC1, 0x80, 0xC0, 0x80,
    0x42, 0x81, 0xE9, 0x04, 0x80, 0xC4, 0x80, 0x07, 0x80, 0xC0, 0x40, 0x18, 0x02, 0x40, 0x80, 0x01, 0x80, 0xC0, 0x80, 0x40, 0x80, 0x02, 0x80, 0x40,
    0x01, 0x80, 0xC0, 0x05, 0x41, 0x01, 0x80, 0xC0, 0x05, 0x41, 0x01, 0xC1, 0x80, 0x05, 0x40, 0x00, 0x80, 0xC2, 0x05, 0x41, 0xC3, 0x06, 0x80, 0xC2,
    0x80, 0x00, 0x40, 0x06, 0xC4, 0x82, 0xEC, 0x02, 0x40, 0xC7, 0x04, 0x41, 0x80, 0xC2, 0x09, 0x40, 0x0D, 0x01, 0x40, 0x80, 0x02, 0xC1, 0x04, 0x41,
    0x02, 0xC1, 0x05, 0x80, 0x02, 0xC1, 0x40, 0x04, 0x80, 0x01, 0xC2, 0x80, 0x04, 0x40, 0x00, 0x80, 0xC3, 0x06, 0xC3, 0x80, 0x05, 0x42, 0xC1, 0x80,
    0x40, 0x80, 0x03, 0x41, 0x80, 0xF4, 0x00, 0x40, 0xC9, 0x02, 0x40, 0x80, 0xC5, 0x80, 0x06, 0x40, 0x81, 0x40, 0x0C, 0x00, 0x81, 0x02, 0x40, 0xC1,
    0x03, 0x40, 0x80, 0x02, 0x40, 0xC1, 0x40, 0x03, 0xC0, 0x01, 0x40, 0xC2, 0x40, 0x03, 0x80, 0x01, 0xC3, 0x40, 0x03, 0x40, 0x00, 0x80, 0xC3, 0x40,
    0x05, 0xC4, 0x09, 0xC1, 0x80, 0xC1, 0x40, 0x82, 0xFF, 0xC3, 0x00, 0x40, 0xC9, 0x05, 0x40, 0x82, 0x40, 0x0C, 0x40, 0xC0, 0x03, 0x80, 0xC1, 0x03,
    0xC0, 0x02, 0x80, 0xC2, 0x40, 0x02, 0x80, 0x01, 0x80, 0xC3, 0x03, 0x80, 0x00, 0x40, 0xC4, 0x05, 0x80, 0xC3, 0x80, 0x05, 0x42, 0x80, 0xC0, 0x40,
    0x00, 0x41, 0x03, 0x41, 0x80, 0xFF, 0xD7, 0x80, 0x01, 0x40, 0x82, 0xC0, 0x80, 0x40, 0x0E, 0xC0, 0x03, 0x80, 0xC2, 0x02, 0xC0, 0x01, 0x40, 0xC4,
    0x02, 0x80, 0x01, 0xC5, 0x02, 0x40, 0x00, 0x40, 0xC4, 0x80, 0x04, 0x80, 0xC4, 0x08, 0x40, 0xC1, 0x00, 0x41, 0x80, 0x00, 0x42, 0x81, 0xFF, 0xD7,
    0x80, 0x00, 0x80, 0xC4, 0x80, 0x41, 0x0E, 0xC0, 0x02, 0x80, 0xC3, 0x02, 0x80, 0x00, 0x40, 0xC5, 0x02, 0x40, 0x00, 0xC6, 0x02, 0x40, 0x00, 0xC5,
    0x80, 0x04, 0x40, 0x80, 0xC3, 0x08, 0x40, 0xC1, 0x00, 0x40, 0x81, 0x42, 0x81, 0xFF, 0xD8, 0x80, 0x00, 0xC4, 0x81, 0x40, 0x0F, 0xC0, 0x02, 0x80,
    0xC3, 0x02, 0x40, 0x00, 0x40, 0xC5, 0x02, 0x40, 0x00, 0xC6, 0x02, 0x41, 0xC5, 0x80, 0x03, 0x40, 0x80, 0xC4, 0x40, 0x07, 0x40, 0xC1, 0x01, 0x40,
    0x80, 0x01, 0x42, 0x80, 0xFF, 0xCC, 0x80, 0xC8, 0x80, 0x01, 0xC4, 0x81, 0x04, 0x41, 0x09, 0x80, 0x02, 0x40, 0xC3, 0x02, 0x40, 0x01, 0x80, 0xC4,
    0x02, 0x40, 0x00, 0xC6, 0x02, 0x41, 0xC6, 0x03, 0x40, 0xC5, 0x80, 0x06, 0x40, 0x80, 0xC1, 0x40, 0x01, 0x40, 0x04, 0x40, 0xC1, 0x80, 0xC2, 0x80,
    0xFF, 0xC5, 0x40, 0xC7, 0x80, 0x40, 0x01, 0xC4, 0x80, 0x40, 0x04, 0x81, 0x40, 0x08, 0x80, 0x03, 0x80, 0xC1, 0x80, 0x02, 0x40, 0x01, 0x40, 0xC4,
    0x04, 0x80, 0xC5, 0x02, 0x40, 0x00, 0xC6, 0x03, 0x80, 0xC5, 0x40, 0x05, 0x40, 0x80, 0xC2, 0x40, 0x08, 0xC0, 0x80, 0x41, 0x80, 0xC0, 0x00, 0x42,
    0x81, 0xFF, 0xC9, 0x80, 0x40, 0x01, 0xC5, 0x40, 0x04, 0xC1, 0x80, 0x40, 0x07, 0x40, 0x03, 0x40, 0xC1, 0x40, 0x02, 0x80, 0x02, 0x80, 0xC3, 0x04,
    0x40, 0xC5, 0x04, 0xC6, 0x02, 0x40, 0x80, 0xC5, 0x80, 0x04, 0x40, 0x80, 0xC3, 0x08, 0x40, 0xC1, 0x01, 0x40, 0x80, 0x03, 0x41, 0xFF, 0xCA, 0x82,
    0xC5, 0x80, 0x04, 0xC2, 0x80, 0x40, 0x06, 0x04, 0x80, 0xC1, 0x03, 0x40, 0x03, 0xC2, 0x80, 0x06, 0xC4, 0x04, 0x80, 0xC5, 0x04, 0x80, 0xC5, 0x03,
    0x80, 0xC5, 0x80, 0x06, 0x40, 0x80, 0xC1, 0x40, 0x01, 0x40, 0x05, 0xC1, 0x80, 0xC2, 0x82, 0xFF, 0xCB, 0x83, 0x40, 0xC4, 0x40, 0x05, 0x04, 0xC2,
    0x08, 0x80, 0xC1, 0x40, 0x06, 0x40, 0xC3, 0x05, 0x40, 0xC4, 0x40, 0x03, 0x80, 0xC5, 0x40, 0x01, 0x40, 0x00, 0x80, 0xC5, 0x03, 0x40, 0x80, 0xC5,
    0x07, 0x40, 0xC2, 0x40, 0x80, 0xC0, 0x02, 0x41, 0x80, 0xFF, 0xD7, 0x80, 0x40, 0x04, 0xC2, 0x08, 0x80, 0xC1, 0x08, 0x80, 0xC1, 0x80, 0x06, 0x40,
    0xC3, 0x06, 0xC4, 0x40, 0x03, 0x40, 0xC5, 0x80, 0x03, 0x40, 0xC5, 0x03, 0x40, 0x80, 0xC5, 0x40, 0x00, 0x40, 0x05, 0xC5, 0x40, 0x82, 0xFF, 0xCF,
    0x04, 0xC2, 0x08, 0xC2, 0x08, 0x40, 0xC1, 0x40, 0x07, 0xC3, 0x06, 0x40, 0xC3, 0x06, 0xC4, 0x40, 0x04, 0xC5, 0x40, 0x04, 0x80, 0xC4, 0x04, 0x80,
    0xC5, 0x41, 0x80, 0x04, 0x40, 0xFF, 0xCD, 0x04, 0xC3, 0x40, 0x05, 0x40, 0xC2, 0x08, 0xC2, 0x08, 0x80, 0xC1, 0x40, 0x07, 0xC3, 0x06, 0x80, 0xC3,
    0x06, 0xC4, 0x05, 0x80, 0xC4, 0x40, 0x04, 0xC4, 0x80, 0x04, 0xC6, 0x40, 0x80, 0xC0, 0x01, 0x41, 0x81, 0xFF, 0xC1, 0x04, 0xC2, 0x81, 0xC0, 0x05,
    0xC2, 0x80, 0x40, 0x05, 0x40, 0xC2, 0x08, 0x80, 0xC1, 0x08, 0xC2, 0x80, 0x06, 0x40, 0xC3, 0x06, 0xC4, 0x05, 0xC5, 0x05, 0xC5, 0x04, 0x40, 0xC4,
    0x05, 0xC0, 0x80, 0xC3, 0x81, 0xC1, 0x41, 0x82, 0xF6, 0x04, 0xC2, 0x00, 0x40, 0xC1, 0x04, 0xC2, 0x80, 0xC0, 0x80, 0x04, 0x40, 0xC2, 0x40, 0x06,
    0x40, 0xC2, 0x08, 0x80, 0xC1, 0x07, 0x40, 0xC2, 0x80, 0x05, 0x40, 0xC4, 0x04, 0x40, 0xC4, 0x80, 0x04, 0xC5, 0x80, 0x04, 0xC5, 0x80, 0x04, 0xC5,
    0x02, 0x40, 0x00, 0x40, 0x81, 0xC3, 0x80, 0xC2, 0x40, 0x81, 0xEC, 0x03, 0xC2, 0x81, 0x40, 0x06, 0xC2, 0x01, 0xC1, 0x04, 0xC4, 0x80, 0x04, 0x40,
    0xC2, 0x40, 0x06, 0x40, 0xC2, 0x08, 0x80, 0xC1, 0x07, 0x80, 0xC2, 0x80, 0x04, 0x40, 0xC5, 0x03, 0x40, 0xC6, 0x03, 0x80, 0xC6, 0x03, 0xC6, 0x80,
    0x03, 0xC6, 0x02, 0x40, 0x00, 0x40, 0x80, 0xC4, 0x80, 0xC2, 0x81, 0xE1, 0x02, 0x80, 0xC2, 0x40, 0x07, 0x80, 0xC2, 0x80, 0x40, 0x06, 0xC2, 0x01,
    0x80, 0xC0, 0x04, 0xC4, 0x80, 0x04, 0x80, 0xC2, 0x40, 0x07, 0xC2, 0x08, 0xC2, 0x06, 0x40, 0xC4, 0x04, 0xC6, 0x03, 0xC7, 0x02, 0x40, 0xC7, 0x02,
    0x40, 0xC7, 0x02, 0x80, 0xC6, 0x40, 0x00, 0x40, 0x80, 0x40, 0x80, 0xC9, 0x80, 0xD6, 0x40, 0x80, 0x41, 0xC3, 0x06, 0x80, 0xC2, 0x40, 0x07, 0x80,
    0xC2, 0x80, 0x41, 0x05, 0xC2, 0x01, 0x80, 0xC0, 0x03, 0x40, 0xC5, 0x40, 0x03, 0x80, 0xC2, 0x40, 0x07, 0xC2, 0x08, 0xC2, 0x06, 0x40, 0xC4, 0x03,
    0x40, 0xC6, 0x03, 0xC7, 0x02, 0x80, 0xC7, 0x40, 0x01, 0xC8, 0x40, 0x01, 0xC8, 0x00, 0x40, 0x81, 0xD6, 0x40, 0x02, 0xC3, 0x04, 0x42, 0xC3, 0x06,
    0x40, 0xC2, 0x40, 0x07, 0x40, 0xC2, 0x81, 0x41, 0x04, 0xC2, 0x01, 0x40, 0xC0, 0x03, 0x40, 0xC5, 0x40, 0x03, 0x80, 0xC2, 0x40, 0x07, 0xC2, 0x08,
    0xC2, 0x40, 0x05, 0x40, 0xC4, 0x04, 0x80, 0xC5, 0x03, 0xC7, 0x40, 0x01, 0xC8, 0x80, 0x01, 0xC9, 0x01, 0xC8, 0x80, 0x40, 0x80, 0xCB, 0x03, 0x40,
    0xC1, 0x80, 0x03, 0x40, 0x02, 0xC3, 0x04, 0x40, 0x81, 0xC3, 0x07, 0xC2, 0x40, 0x08, 0xC2, 0x81, 0x41, 0x04, 0xC2, 0x01, 0x40, 0xC0, 0x03, 0x40,
    0xC5, 0x40, 0x03, 0x80, 0xC2, 0x40, 0x07, 0x80, 0xC1, 0x08, 0xC2, 0x40, 0x06, 0xC4, 0x05, 0xC5, 0x40, 0x02, 0x40, 0xC6, 0x40, 0x01, 0x80, 0xC7,
    0x80, 0x01, 0xC9, 0x01, 0xC9, 0x81, 0x04, 0x41, 0x08, 0x80, 0xC2, 0x03, 0x80, 0x40, 0x01, 0xC3, 0x40, 0x04, 0x40, 0x80, 0xC2, 0x80, 0x07, 0xC2,
    0x40, 0x08, 0xC2, 0x40, 0x82, 0x04, 0xC2, 0x40, 0x00, 0x40, 0xC0, 0x03, 0x80, 0xC5, 0x40, 0x03, 0x40, 0xC2, 0x08, 0x80, 0xC1, 0x08, 0xC2, 0x40,
    0x06, 0xC4, 0x05, 0xC5, 0x40, 0x02, 0x40, 0xC6, 0x80, 0x01, 0x80, 0xC7, 0x80, 0x01, 0x80, 0xC8, 0x01, 0x10, 0xC1, 0x40, 0x07, 0xC3, 0x40, 0x02,
    0x43, 0xC3, 0x40, 0x05, 0x80, 0xC2, 0x40, 0x07, 0x40, 0xC2, 0x40, 0x07, 0xC2, 0x00, 0x40, 0x80, 0xC0, 0x03, 0x40, 0xC2, 0x80, 0x41, 0xC0, 0x03,
    0x80, 0xC4, 0x80, 0x05, 0xC2, 0x08, 0x80, 0xC1, 0x40, 0x06, 0x40, 0xC2, 0x80, 0x06, 0xC4, 0x40, 0x04, 0xC5, 0x40, 0x02, 0x40, 0xC6, 0x80, 0x01,
    0x80, 0xC7, 0x80, 0x01, 0x10, 0x41, 0x08, 0x80, 0xC2, 0x03, 0x40, 0x01, 0x40, 0xC3, 0x80, 0x03, 0x42, 0xC3, 0x07, 0xC2, 0x40, 0x08, 0xC2, 0x81,
    0x40, 0x05, 0xC2, 0x40, 0x01, 0xC0, 0x03, 0x80, 0xC3, 0x80, 0xC1, 0x03, 0x40, 0xC2, 0x81, 0x06, 0x80, 0xC1, 0x08, 0xC2, 0x80, 0x06, 0x80, 0xC3,
    0x05, 0x80, 0xC4, 0x40, 0x03, 0x80, 0xC5, 0x40, 0x02, 0xC7, 0x80, 0x01, 0x1B, 0x40, 0xC2, 0x06, 0x40, 0xC3, 0x80, 0x02, 0x42, 0x00, 0xC3, 0x40,
    0x05, 0x40, 0xC2, 0x40, 0x08, 0xC2, 0x40, 0x07, 0xC2, 0x42, 0xC0, 0x03, 0x40, 0xC2, 0x80, 0x00, 0x40, 0xC0, 0x03, 0x80, 0xC4, 0x80, 0x05, 0x80,
    0xC1, 0x08, 0x80, 0xC1, 0x80, 0x06, 0x40, 0xC3, 0x05, 0x40, 0xC4, 0x80, 0x03, 0x80, 0xC5, 0x40, 0x02, 0xC7, 0x80, 0x01, 0x1C, 0x80, 0xC0, 0x80,
    0x07, 0xC3, 0x80, 0x02, 0x41, 0x01, 0xC3, 0x40, 0x05, 0x80, 0xC2, 0x80, 0x07, 0x40, 0xC2, 0x40, 0x07, 0xC2, 0x41, 0x81, 0x04, 0xC2, 0x80, 0x01,
    0xC0, 0x03, 0x80, 0xC5, 0x40, 0x04, 0xC2, 0x40, 0x07, 0x40, 0xC1, 0x80, 0x06, 0x40, 0xC3, 0x05, 0x40, 0xC4, 0x80, 0x03, 0xC6, 0x40, 0x02, 0xC7,
    0x80, 0x01, 0x1C, 0x40, 0xC0, 0x40, 0x07, 0x80, 0xC2, 0x80, 0x02, 0x41, 0x01, 0xC3, 0x80, 0x04, 0x41, 0xC2, 0x80, 0x07, 0x40, 0xC1, 0x80, 0x08,
    0xC2, 0x80, 0x42, 0x04, 0xC2, 0x80, 0x01, 0xC0, 0x03, 0x80, 0xC3, 0x80, 0xC0, 0x80, 0x04, 0xC2, 0x80, 0x40, 0x06, 0x40, 0xC1, 0x80, 0x07, 0xC3,
    0x05, 0x40, 0xC4, 0x80, 0x03, 0x80, 0xC5, 0x80, 0x02, 0xC7, 0x80, 0x01, 0x1D, 0x80, 0x40, 0x07, 0x40, 0xC2, 0x40, 0x02, 0x40, 0x02, 0xC3, 0x80,
    0x03, 0x42, 0xC3, 0x07, 0x80, 0xC1, 0x80, 0x08, 0x80, 0xC1, 0x80, 0x41, 0x05, 0xC2, 0x80, 0x01, 0xC0, 0x03, 0x40, 0xC3, 0x40, 0xC1, 0x04, 0xC3,
    0x80, 0x40, 0x05, 0x40, 0xC1, 0x40, 0x07, 0x80, 0xC2, 0x06, 0xC4, 0x80, 0x03, 0x40, 0xC6, 0x02, 0x80, 0xC7, 0x01, 0x1D, 0x40, 0x09, 0xC2, 0x40,
    0x02, 0x40, 0x02, 0xC4, 0x03, 0x42, 0x80, 0xC2, 0x07, 0xC2, 0x80, 0x08, 0x80, 0xC1, 0x80, 0x40, 0x06, 0xC2, 0x80, 0x00, 0x40, 0xC0, 0x03, 0x40,
    0xC3, 0x40, 0x80, 0xC0, 0x03, 0x40, 0xC4, 0x80, 0x05, 0x40, 0xC1, 0x40, 0x07, 0x80, 0xC2, 0x06, 0x40, 0xC3, 0x40, 0x04, 0x80, 0xC5, 0x03, 0xC7,
    0x01, 0x1D, 0x40, 0x09, 0xC2, 0x40, 0x02, 0x40, 0x02, 0x80, 0xC2, 0x80, 0x03, 0x42, 0x80, 0xC2, 0x06, 0x40, 0xC2, 0x80, 0x08, 0x80, 0xC1, 0x80,
    0x40, 0x06, 0xC2, 0x80, 0x00, 0x40, 0x80, 0x03, 0x40, 0xC3, 0x00, 0x40, 0xC0, 0x03, 0x40, 0xC4, 0x80, 0x40, 0x04, 0x40, 0xC1, 0x80, 0x07, 0x40,
    0xC2, 0x07, 0xC3, 0x40, 0x04, 0x40, 0xC5, 0x03, 0x40, 0xC6, 0x01, 0x28, 0xC2, 0x40, 0x06, 0x80, 0xC2, 0x80, 0x02, 0x42, 0x00, 0x80, 0xC2, 0x06,
    0x40, 0xC2, 0x80, 0x08, 0xC2, 0x80, 0x40, 0x06, 0xC2, 0x80, 0x00, 0x40, 0x80, 0x04, 0xC3, 0x00, 0x40, 0xC0, 0x03, 0x40, 0xC5, 0x40, 0x04, 0x40,
    0xC1, 0x80, 0x07, 0x40, 0xC2, 0x07, 0xC3, 0x40, 0x05, 0xC5, 0x04, 0xC6, 0x01, 0x28, 0xC2, 0x07, 0x80, 0xC2, 0x80, 0x02, 0x42, 0x00, 0xC3, 0x06,
    0x40, 0xC2, 0x80, 0x08, 0xC2, 0x80, 0x40, 0x06, 0xC2, 0x80, 0x00, 0x40, 0x80, 0x04, 0xC3, 0x00, 0x40, 0x80, 0x03, 0x40, 0xC5, 0x40, 0x04, 0x40,
    0xC1, 0x80, 0x08, 0xC2, 0x07, 0xC3, 0x40, 0x05, 0x80, 0xC4, 0x04, 0x80, 0xC5, 0x01, 0x28, 0xC2, 0x07, 0xC3, 0x80, 0x02, 0x43, 0xC3, 0x06, 0x40,
    0xC2, 0x80, 0x07, 0x40, 0xC2, 0x80, 0x40, 0x06, 0xC2, 0x80, 0x00, 0x40, 0x80, 0x04, 0xC3, 0x00, 0x40, 0x80, 0x03, 0x40, 0xC5, 0x40, 0x04, 0x40,
    0xC1, 0x80, 0x08, 0xC2, 0x07, 0xC3, 0x40, 0x05, 0x80, 0xC4, 0x04, 0x40, 0xC5, 0x01, 0x27, 0x40, 0xC2, 0x07, 0xC3, 0x40, 0x02, 0x43, 0xC3, 0x06,
    0x40, 0xC2, 0x40, 0x07, 0x40, 0xC2, 0x80, 0x40, 0x06, 0xC2, 0x80, 0x00, 0x40, 0x80, 0x04, 0xC3, 0x00, 0x40, 0x80, 0x03, 0x40, 0xC5, 0x40, 0x04,
    0x40, 0xC1, 0x80, 0x08, 0xC2, 0x07, 0xC3, 0x40, 0x05, 0x80, 0xC4, 0x04, 0x80, 0xC5, 0x01, 0x27, 0x40, 0xC2, 0x07, 0xC3, 0x40, 0x02, 0x42, 0x80,
    0xC3, 0x06, 0x40, 0xC2, 0x40, 0x07, 0x40, 0xC2, 0x80, 0x40, 0x06, 0xC3, 0x00, 0x40, 0x80, 0x04, 0xC3, 0x41, 0xC0, 0x03, 0x40, 0xC4, 0x80, 0x40,
    0x04, 0x40, 0xC1, 0x80, 0x07, 0x40, 0xC2, 0x07, 0xC3, 0x40, 0x05, 0x80, 0xC4, 0x04, 0x80, 0xC5, 0x01, 0x1D, 0x40, 0x08, 0x40, 0xC2, 0x07, 0xC3,
    0x03, 0x42, 0x80, 0xC2, 0x80, 0x06, 0x40, 0xC2, 0x80, 0x07, 0x40, 0xC3, 0x41, 0x05, 0xC3, 0x01, 0x80, 0x03, 0x40, 0xC3, 0x40, 0x80, 0xC0, 0x04,
    0xC4, 0x40, 0x06, 0xC1, 0x80, 0x07, 0x40, 0xC2, 0x07, 0xC3, 0x80, 0x05, 0xC5, 0x04, 0x80, 0xC5, 0x01, 0x1C, 0x40, 0x80, 0x08, 0x80, 0xC2, 0x07,
    0xC3, 0x03, 0x42, 0x80, 0xC2, 0x80, 0x06, 0x40, 0xC2, 0x80, 0x07, 0x40, 0xC3, 0x42, 0x04, 0xC3, 0x01, 0x80, 0x03, 0x40, 0xC3, 0x80, 0xC1, 0x04,
    0xC3, 0x80, 0x40, 0x06, 0xC1, 0x80, 0x07, 0x40, 0xC2, 0x07, 0xC3, 0x80, 0x05, 0xC5, 0x04, 0x80, 0xC5, 0x01, 0x1C, 0x40, 0x80, 0x08, 0xC3, 0x06,
    0x40, 0xC2, 0x80, 0x03, 0x42, 0x80, 0xC2, 0x40, 0x07, 0xC3, 0x40, 0x06, 0x40, 0xC3, 0x41, 0x80, 0x04, 0xC3, 0x01, 0x80, 0x03, 0x40, 0xC5, 0x80,
    0x04, 0xC3, 0x40, 0x07, 0xC2, 0x07, 0x40, 0xC2, 0x07, 0xC4, 0x05, 0xC5, 0x04, 0xC6, 0x01, 0x1C, 0x81, 0x08, 0xC3, 0x03, 0x40, 0x01, 0x80, 0xC2,
    0x80, 0x04, 0x41, 0xC3, 0x40, 0x07, 0xC3, 0x40, 0x07, 0xC3, 0x41, 0x80, 0x04, 0xC3, 0x00, 0x40, 0x80, 0x03, 0x40, 0xC5, 0x40, 0x04, 0x80, 0xC1,
    0x80, 0x08, 0xC2, 0x07, 0x80, 0xC2, 0x40, 0x05, 0x40, 0xC4, 0x04, 0x40, 0xC5, 0x04, 0xC6, 0x01, 0x1B, 0x40, 0xC1, 0x40, 0x06, 0x40, 0xC2, 0x80,
    0x03, 0x40, 0x01, 0xC3, 0x80, 0x04, 0x40, 0x80, 0xC3, 0x40, 0x07, 0xC3, 0x80, 0x40, 0x06, 0xC3, 0x00, 0x40, 0x80, 0x04, 0xC3, 0x41, 0xC0, 0x03,
    0x40, 0xC4, 0x80, 0x40, 0x04, 0x80, 0xC1, 0x80, 0x08, 0xC2, 0x07, 0x80, 0xC2, 0x40, 0x05, 0x80, 0xC4, 0x04, 0x80, 0xC5, 0x03, 0x80, 0xC6, 0x01,
    0x1B, 0x40, 0xC1, 0x40, 0x06, 0x40, 0xC2, 0x80, 0x03, 0x40, 0x01, 0xC3, 0x80, 0x05, 0x40, 0xC3, 0x40, 0x07, 0xC3, 0x80, 0x41, 0x05, 0xC3, 0x01,
    0x80, 0x04, 0xC3, 0x40, 0x80, 0xC0, 0x03, 0x40, 0xC4, 0x80, 0x05, 0x40, 0xC1, 0x80, 0x08, 0xC2, 0x07, 0xC3, 0x80, 0x05, 0xC5, 0x04, 0xC6, 0x03,
    0xC7, 0x40, 0x00, 0x1B, 0x80, 0xC1, 0x40, 0x06, 0x40, 0xC2, 0x80, 0x03, 0x41, 0x00, 0xC3, 0x80, 0x05, 0x40, 0xC3, 0x40, 0x07, 0xC4, 0x41, 0x05,
    0x80, 0xC2, 0x01, 0x80, 0x04, 0xC3, 0x81, 0xC0, 0x04, 0xC3, 0x80, 0x40, 0x05, 0x40, 0xC2, 0x08, 0xC2, 0x07, 0xC3, 0x80, 0x05, 0xC5, 0x04, 0xC6,
    0x03, 0xC7, 0x40, 0x00, 0x1B, 0x80, 0xC1, 0x40, 0x06, 0x80, 0xC2, 0x80, 0x03, 0x42, 0xC3, 0x80, 0x05, 0x40, 0xC3, 0x40, 0x07, 0xC4, 0x42, 0x04,
    0x80, 0xC2, 0x01, 0x40, 0x04, 0xC3, 0x81, 0xC0, 0x04, 0xC3, 0x80, 0x40, 0x06, 0xC2, 0x08, 0xC2, 0x07, 0xC3, 0x80, 0x04, 0x40, 0xC5, 0x03, 0x40,
    0xC6, 0x02, 0x40, 0xC7, 0x01, 0x1B, 0x80, 0xC1, 0x40, 0x06, 0x80, 0xC2, 0x80, 0x03, 0x41, 0x80, 0xC3, 0x80, 0x05, 0x40, 0x80, 0xC2, 0x80, 0x07,
    0xC4, 0x42, 0x04, 0x80, 0xC2, 0x01, 0x40, 0x04, 0xC3, 0x81, 0xC0, 0x04, 0xC3, 0x80, 0x40, 0x06, 0xC2, 0x08, 0xC2, 0x07, 0xC3, 0x80, 0x04, 0x80,
    0xC5, 0x03, 0x80, 0xC6, 0x02, 0x80, 0xC7, 0x01, 0x1B, 0x80, 0xC1, 0x40, 0x06, 0x80, 0xC2, 0x80, 0x03, 0x41, 0x80, 0xC3, 0x80, 0x05, 0x40, 0x80,
    0xC2, 0x80, 0x07, 0xC4, 0x41, 0x05, 0x80, 0xC2, 0x01, 0x40, 0x04, 0xC3, 0x81, 0xC0, 0x04, 0xC4, 0x80, 0x06, 0xC2, 0x08, 0xC2, 0x06, 0x40, 0xC3,
    0x80, 0x04, 0x80, 0xC5, 0x02, 0x40, 0xC7, 0x02, 0xC8, 0x01, 0x1B, 0x40, 0xC1, 0x80, 0x06, 0x80, 0xC3, 0x03, 0x41, 0x80, 0xC4, 0x05, 0x40, 0x80,
    0xC2, 0x80, 0x07, 0xC4, 0x41, 0x05, 0x40, 0xC2, 0x40, 0x00, 0x40, 0x04, 0xC3, 0x80, 0x40, 0xC0, 0x04, 0xC4, 0x80, 0x40, 0x05, 0xC2, 0x08, 0xC2,
    0x40, 0x05, 0x40, 0xC4, 0x03, 0x40, 0xC6, 0x40, 0x01, 0x80, 0xC7, 0x01, 0x40, 0xC8, 0x40, 0x00, 0x1C, 0x80, 0xC1, 0x07, 0xC3, 0x40, 0x02, 0x42,
    0xC4, 0x40, 0x04, 0x40, 0x80, 0xC3, 0x40, 0x06, 0x80, 0xC3, 0x80, 0x40, 0x06, 0xC2, 0x80, 0x00, 0x40, 0x04, 0x40, 0xC3, 0x40, 0x80, 0x04, 0x80,
    0xC4, 0x80, 0x05, 0x80, 0xC1, 0x80, 0x07, 0x40, 0xC2, 0x06, 0x80, 0xC3, 0x40, 0x03, 0x80, 0xC6, 0x01, 0x40, 0xC7, 0x80, 0x00, 0x40, 0xC9, 0x00,
    0x1C, 0x40, 0xC1, 0x80, 0x06, 0x80, 0xC3, 0x02, 0x41, 0x00, 0x80, 0xC4, 0x05, 0x40, 0xC3, 0x80, 0x07, 0xC4, 0x41, 0x04, 0x40, 0x80, 0xC2, 0x40,
    0x06, 0xC3, 0x80, 0x06, 0xC5, 0x05, 0x40, 0xC2, 0x08, 0xC2, 0x40, 0x06, 0x80, 0xC3, 0x03, 0x40, 0x80, 0xC5, 0x40, 0x01, 0x80, 0xC7, 0x40, 0x00,
    0xC9, 0x80, 0x1D, 0x80, 0xC1, 0x80, 0x06, 0xC3, 0x80, 0x01, 0x80, 0x41, 0x00, 0x80, 0xC3, 0x80, 0x04, 0x40, 0x80, 0xC3, 0x40, 0x06, 0x40, 0xC4,
    0x40, 0x05, 0x40, 0xC3, 0x40, 0x05, 0x40, 0xC3, 0x40, 0x05, 0x81, 0xC3, 0x06, 0xC3, 0x08, 0xC2, 0x07, 0xC3, 0x40, 0x04, 0x40, 0xC5, 0x80, 0x01,
    0x40, 0xC7, 0x80, 0x00, 0xC9, 0x1E, 0xC2, 0x80, 0x00, 0x40, 0x04, 0x80, 0xC2, 0x80, 0x00, 0xC0, 0x42, 0x00, 0x80, 0xC3, 0x80, 0x00, 0x40, 0x02,
    0x40, 0x80, 0xC3, 0x40, 0x06, 0x40, 0xC4, 0x06, 0x80, 0xC3, 0x06, 0x40, 0xC3, 0x06, 0xC0, 0x80, 0xC2, 0x06, 0x40, 0xC3, 0x07, 0x40, 0xC2, 0x07,
    0xC3, 0x80, 0x05, 0xC5, 0x03, 0x40, 0xC6, 0x01, 0x40, 0xC7, 0x14, 0x41, 0x08, 0xC2, 0x81, 0x05, 0xC3, 0x80, 0xC0, 0x80, 0x42, 0x00, 0x80, 0xC3,
    0x80, 0xC0, 0x02, 0x41, 0xC4, 0x40, 0x80, 0x05, 0x40, 0xC3, 0x40, 0x06, 0x80, 0xC2, 0x40, 0x06, 0x80, 0xC2, 0x40, 0x06, 0xC0, 0x80, 0xC1, 0x40,
    0x06, 0x80, 0xC2, 0x40, 0x07, 0x80, 0xC1, 0x80, 0x07, 0x80, 0xC2, 0x06, 0x80, 0xC3, 0x40, 0x04, 0x80, 0xC5, 0x03, 0xC5, 0x15, 0x81, 0x07, 0x40,
    0xC3, 0x80, 0x05, 0xC5, 0x40, 0x81, 0x40, 0x00, 0xC5, 0x80, 0x02, 0x40, 0x80, 0xC5, 0x40, 0x05, 0x40, 0xC3, 0x07, 0x80, 0xC2, 0x07, 0x80, 0xC2,
    0x07, 0xC0, 0x80, 0xC1, 0x07, 0xC3, 0x08, 0xC2, 0x08, 0x80, 0xC1, 0x80, 0x06, 0x40, 0xC3, 0x05, 0x40, 0xC2, 0x80, 0xC0, 0x40, 0x03, 0x40, 0xC3,
    0x15, 0x40, 0xC0, 0x40, 0x07, 0x80, 0xC3, 0x80, 0x04, 0x40, 0xC4, 0x80, 0x40, 0x81, 0x41, 0xC5, 0x04, 0x40, 0xC5, 0x06, 0x40, 0xC2, 0x80, 0x07,
    0xC2, 0x80, 0x07, 0x80, 0xC1, 0x80, 0x07, 0xC0, 0x80, 0xC0, 0x80, 0x07, 0xC0, 0x80, 0xC0, 0x80, 0x08, 0xC2, 0x08, 0x40, 0xC1, 0x08, 0xC2, 0x80,
    0x06, 0xC1, 0x40, 0xC1, 0x05, 0xC2, 0x16, 0x81, 0x40, 0x07, 0x80, 0xC4, 0x40, 0x03, 0x80, 0xC4, 0x41, 0x83, 0xC5, 0x04, 0x40, 0x81, 0xC2, 0x80,
    0x06, 0x40, 0xC2, 0x40, 0x07, 0x80, 0xC1, 0x08, 0x40, 0xC1, 0x08, 0xC2, 0x08, 0xC2, 0x40, 0x07, 0x40, 0xC1, 0x40, 0x08, 0xC1, 0x80, 0x08, 0x40,
    0xC1, 0x07, 0x80, 0x00, 0xC1, 0x80, 0x05, 0xC1, 0x17, 0x40, 0xC0, 0x80, 0x40, 0x06, 0x80, 0x40, 0xC3, 0x80, 0x40, 0x02, 0x80, 0xC0, 0x80, 0xC2,
    0x01, 0x40, 0x82, 0xC4, 0x80, 0x05, 0x81, 0xC2, 0x07, 0x80, 0xC2, 0x08, 0xC2, 0x08, 0xC2, 0x08, 0xC2, 0x08, 0xC2, 0x08, 0x80, 0xC1, 0x08, 0x40,
    0xC1, 0x40, 0x08, 0xC1, 0x80, 0x08, 0x40, 0xC1, 0x06, 0x40, 0x0C, 0x40, 0x0A, 0xC2, 0x80, 0x07, 0xC3, 0x82, 0x40, 0x01, 0x40, 0x00, 0xC2, 0x40,
    0x02, 0x40, 0x81, 0xC0, 0x40, 0xC2, 0x06, 0x81, 0xC2, 0x07, 0x80, 0xC1, 0x80, 0x07, 0x80, 0xC1, 0x80, 0x07, 0x80, 0xC1, 0x80, 0x07, 0x80, 0xC1,
    0x40, 0x07, 0x40, 0xC1, 0x80, 0x08, 0xC1, 0x80, 0x08, 0xC2, 0x08, 0x80, 0xC1, 0x40, 0x08, 0xC1, 0x80, 0x06, 0x0C, 0x80, 0xC0, 0x80, 0x08, 0x40,
    0xC3, 0x40, 0x05, 0x80, 0xC2, 0x80, 0x40, 0x82, 0x40, 0x01, 0xC3, 0x04, 0x40, 0x80, 0x00, 0xC2, 0x80, 0x07, 0xC2, 0x40, 0x06, 0x40, 0xC2, 0x07,
    0x40, 0xC2, 0x07, 0x40, 0xC2, 0x08, 0xC2, 0x08, 0xC2, 0x08, 0xC2, 0x40, 0x07, 0x80, 0xC1, 0x40, 0x08, 0xC2, 0x08, 0x80, 0xC1, 0x06, 0x01, 0x40,
    0x0A, 0xC2, 0x80, 0x07, 0xC4, 0x81, 0x40, 0x02, 0x40, 0xC3, 0x02, 0x40, 0x80, 0xC0, 0x00, 0x80, 0xC2, 0x40, 0x06, 0xC3, 0x07, 0xC3, 0x07, 0xC2,
    0x80, 0x07, 0xC2, 0x80, 0x07, 0xC2, 0x80, 0x07, 0xC2, 0x80, 0x07, 0x80, 0xC1, 0x80, 0x07, 0x80, 0xC1, 0x80, 0x07, 0x40, 0xC2, 0x08, 0xC2, 0x40,
    0x07, 0x80, 0xC1, 0x80, 0x05, 0x01, 0xC1, 0x80, 0x40, 0x07, 0x80, 0xC3, 0x80, 0x40, 0x04, 0xC3, 0x80, 0x41, 0x80, 0xC0, 0x80, 0x00, 0x40, 0xC3,
    0x40, 0x05, 0x40, 0xC3, 0x06, 0x80, 0xC2, 0x80, 0x06, 0x80, 0xC2, 0x40, 0x06, 0xC3, 0x07, 0xC3, 0x07, 0x80, 0xC2, 0x07, 0x80, 0xC2, 0x07, 0x80,
    0xC2, 0x07, 0x40, 0xC2, 0x08, 0xC2, 0x40, 0x07, 0xC2, 0x80, 0x07, 0x40, 0xC2, 0x05, 0x01, 0x40, 0xC4, 0x80, 0x04, 0x80, 0xC3, 0x82, 0xC1, 0x01,
    0xC4, 0x06, 0xC3, 0x80, 0x05, 0x40, 0xC3, 0x40, 0x05, 0x40, 0xC3, 0x06, 0x80, 0xC3, 0x06, 0x80, 0xC3, 0x06, 0x80, 0xC2, 0x80, 0x06, 0x80, 0xC2,
    0x80, 0x06, 0x40, 0xC2, 0x80, 0x06, 0x40, 0xC2, 0x80, 0x07, 0xC3, 0x07, 0xC3, 0x07, 0x80, 0xC2, 0x07, 0x40, 0xC2, 0x80, 0x04, 0x01, 0x40, 0xC4,
    0x82, 0xC0, 0x01, 0x80, 0xC4, 0x05, 0xC4, 0x80, 0x05, 0xC4, 0x40, 0x04, 0x40, 0xC4, 0x05, 0x40, 0xC4, 0x05, 0x40, 0xC3, 0x80, 0x05, 0x40, 0xC3,
    0x80, 0x05, 0x40, 0xC3, 0x40, 0x05, 0x40, 0xC3, 0x40, 0x05, 0x40, 0xC3, 0x40, 0x06, 0xC3, 0x40, 0x06, 0xC3, 0x80, 0x06, 0xC3, 0x80, 0x06, 0x80,
    0xC3, 0x06, 0x40, 0xC3, 0x04, 0x01, 0x40, 0xC5, 0x04, 0x80, 0xC4, 0x80, 0x04, 0xC5, 0x40, 0x04, 0xC5, 0x05, 0xC5, 0x04, 0x40, 0xC4, 0x80, 0x04,
    0x40, 0xC4, 0x40, 0x04, 0x40, 0xC4, 0x40, 0x04, 0x40, 0xC4, 0x40, 0x04, 0x40, 0xC4, 0x40, 0x05, 0xC4, 0x40, 0x05, 0xC4, 0x40, 0x05, 0xC4, 0x40,
    0x05, 0xC4, 0x40, 0x05, 0x80, 0xC3, 0x80, 0x05, 0x40, 0xC4, 0x03, 0x01, 0x80, 0xC6, 0x03, 0x80, 0xC5, 0x80, 0x03, 0xC6, 0x40, 0x03, 0xC6, 0x04,
    0xC6, 0x04, 0xC5, 0x80, 0x04, 0xC5, 0x80, 0x04, 0xC5, 0x80, 0x04, 0xC5, 0x80, 0x04, 0xC5, 0x40, 0x04, 0xC5, 0x40, 0x04, 0xC5, 0x80, 0x04, 0xC5,
    0x80, 0x04, 0x80, 0xC4, 0x80, 0x04, 0x40, 0xC4, 0x80, 0x04, 0x40, 0xC5, 0x02, 0x01, 0x40, 0xC7, 0x40, 0x01, 0x80, 0xC7, 0x02, 0x80, 0xC6, 0x80,
    0x02, 0xC7, 0x40, 0x02, 0xC7, 0x40, 0x02, 0xC7, 0x03, 0xC7, 0x03, 0xC7, 0x03, 0xC7, 0x03, 0xC7, 0x03, 0xC7, 0x03, 0x80, 0xC6, 0x03, 0x80, 0xC6,
    0x03, 0x40, 0xC6, 0x03, 0x40, 0xC6, 0x04, 0xC6, 0x40, 0x00, 0x02, 0xC8, 0x01, 0x40, 0xC8, 0x01, 0x40, 0xC8, 0x01, 0x80, 0xC8, 0x01, 0x80, 0xC8,
    0x01, 0x80, 0xC8, 0x01, 0x80, 0xC8, 0x01, 0x80, 0xC8, 0x01, 0x80, 0xC8, 0x01, 0x80, 0xC8, 0x01, 0x40, 0xC7, 0x80, 0x01, 0x40, 0xC8, 0x01, 0x40,
    0xC8, 0x02, 0xC8, 0x02, 0xC8, 0x02, 0xC8, 0x02, 0x80, 0xC7, 0x02, 0xC8, 0x02, 0xC8, 0x02, 0xC8, 0x02, 0xC8, 0x02, 0xC8, 0x02, 0xC8, 0x02, 0xC8,
    0x02, 0xC8, 0x02, 0xC8, 0x02, 0xC8, 0x02, 0x80, 0xC7, 0x02, 0x80, 0xC7, 0x02, 0x80, 0xC7, 0x02, 0x40, 0xC7, 0x02, 0x40, 0xC7, 0x03, 0xC7, 0x03,
    0xC7, 0x03, 0xC7, 0x03, 0xC7, 0x03, 0xC7, 0x03, 0xC7, 0x03, 0xC7, 0x03, 0xC7, 0x03, 0xC7, 0x03, 0xC7, 0x03, 0xC7, 0x03, 0xC7, 0x03, 0xC7, 0x03,
    0xC7, 0x03, 0x80, 0xC6, 0x03, 0x80, 0xC6, 0x04, 0xC6, 0x04, 0xC6, 0x03, 0x40, 0xC6, 0x03, 0x40, 0xC6, 0x03, 0x40, 0xC6, 0x03, 0x40, 0xC6, 0x03,
    0x40, 0xC6, 0x03, 0x40, 0xC6, 0x04, 0xC6, 0x04, 0xC6, 0x04, 0xC6, 0x04, 0xC6, 0x04, 0xC6, 0x04, 0xC6, 0x04, 0xC6, 0x04, 0xC6, 0x04, 0x80, 0xC5,
    0x04, 0x80, 0xC5, 0x04, 0x80, 0xC5, 0x04, 0x80, 0xC5, 0x04, 0x80, 0xC5, 0x04, 0x80, 0xC5, 0x04, 0x80, 0xC5, 0x04, 0x80, 0xC5, 0x04, 0x80, 0xC5,
    0x04, 0x80, 0xC5, 0x04, 0x80, 0xC5, 0x04, 0x80, 0xC5, 0x04, 0x40, 0xC5, 0x04, 0x40, 0xC5, 0x04, 0x40, 0xC5, 0x04, 0x40, 0xC5, 0x05, 0xC5, 0x05,
    0xC5, 0x05, 0xC5, 0x05, 0xC5, 0x05, 0xC5, 0x05, 0xC5, 0x05, 0xC5, 0x05, 0xC5, 0x05, 0xC5, 0x05, 0xC5, 0x05, 0xC5, 0x05, 0xC5, 0x05, 0xC5, 0x05,
    0xC5, 0x05, 0xC5, 0x05, 0xC5, 0x05, 0xC5, 0x05, 0xC5, 0x05, 0xC5, 0x05, 0xC5, 0x05, 0xC5, 0x05, 0xC5, 0x05, 0xC5, 0x05, 0xC5, 0x05, 0xC5, 0x05,
    0xC5, 0x05, 0xC5, 0x05, 0xC5, 0x05, 0xC5, 0x05, 0xC5, 0x05, 0xC5, 0x05, 0xC5, 0x05, 0xC5, 0x05, 0xC5, 0x05, 0xC5, 0x05, 0xC5, 0x05, 0xC5, 0x05,
    0xC5, 0x05, 0xC5, 0x05, 0xC5, 0x05, 0xC5, 0x05, 0xC5, 0x05, 0xC5, 0x05, 0xC5, 0x05, 0xC5, 0x05, 0xC5, 0x05, 0xC5, 0x05, 0xC5, 0x05, 0xC5, 0x05,
    0xC5, 0x05, 0xC5, 0x05, 0xC5, 0x05, 0xC5, 0x05, 0xC5, 0x05, 0xC5, 0x05, 0xC5, 0x05, 0xC5, 0x05, 0xC5, 0x05, 0xC5, 0x05, 0xC5, 0x05, 0xC5, 0x05,
    0xC5, 0x05, 0xC5, 0x05, 0xC5, 0x05, 0xC5, 0x05, 0xC5, 0x05, 0xC5, 0x05, 0xC5, 0x05, 0xC5, 0x05, 0xC5, 0x05, 0xC5, 0x05, 0xC5, 0x05, 0xC5, 0x05,
    0xC5, 0x05, 0xC5, 0x05, 0xC5, 0x05, 0xC5, 0x05, 0xC5, 0x05, 0xC5, 0x03, 0x40, 0xC0, 0x40, 0xC4, 0x05, 0xC5, 0x05, 0xC5, 0x05, 0xC5, 0x05, 0xC5,
    0x05, 0xC5, 0x05, 0xC5, 0x05, 0xC5, 0x05, 0xC5, 0x05, 0xC5, 0x05, 0xC5, 0x05, 0xC5, 0x05, 0xC5, 0x05, 0xC5, 0x05, 0xC5, 0x03, 0x40, 0xC0, 0x40,
    0xC4, 0x01, 0x40, 0x80, 0xC1, 0x01, 0x40, 0xC2, 0x05, 0xC5, 0x05, 0xC5, 0x05, 0xC5, 0x05, 0xC5, 0x05, 0xC5, 0x05, 0xC5, 0x05, 0xC5, 0x05, 0xC5,
    0x05, 0xC5, 0x05, 0xC5, 0x05, 0xC5, 0x05, 0xC5, 0x05, 0xC5, 0x04, 0x81, 0xC4, 0x02, 0x80, 0xC1, 0x01, 0x80, 0xC2, 0x02, 0x80, 0xC1, 0x01, 0x81,
    0xC1, 0x05, 0xC5, 0x05, 0xC5, 0x05, 0xC5, 0x05, 0xC5, 0x05, 0xC5, 0x05, 0xC5, 0x05, 0xC5, 0x05, 0xC5, 0x05, 0xC5, 0x05, 0xC5, 0x05, 0xC5, 0x05,
    0xC5, 0x04, 0x40, 0xC5, 0x03, 0xC1, 0x00, 0x40, 0xC3, 0x01, 0x40, 0x80, 0xC1, 0x01, 0x40, 0x80, 0xC1, 0x02, 0x80, 0xC1, 0x01, 0x40, 0xC2, 0x05,
    0xC5, 0x05, 0xC5, 0x05, 0xC5, 0x05, 0xC5, 0x05, 0xC5, 0x05, 0xC5, 0x05, 0xC5, 0x05, 0xC5, 0x05, 0xC5, 0x05, 0xC5, 0x05, 0xC5, 0x05, 0xC5, 0x03,
    0x40, 0xC0, 0x00, 0x80, 0xC3, 0x01, 0x40, 0x80, 0xC1, 0x01, 0x40, 0x80, 0xC1, 0x02, 0x80, 0xC1, 0x01, 0x80, 0xC2, 0x02, 0xC2, 0x01, 0x40, 0xC2,
    0x05, 0xC5, 0x05, 0xC5, 0x05, 0xC5, 0x05, 0xC5, 0x05, 0xC5, 0x05, 0xC5, 0x05, 0xC5, 0x05, 0xC5, 0x05, 0xC5, 0x05, 0xC5, 0x05, 0xC5, 0x03, 0x40,
    0x80, 0x40, 0xC4, 0x02, 0x80, 0xC1, 0x01, 0x80, 0xC2, 0x02, 0x80, 0xC1, 0x01, 0x40, 0x80, 0xC1, 0x02, 0x80, 0xC1, 0x01, 0x40, 0xC2, 0x02, 0x80,
    0xC1, 0x01, 0x40, 0xC2, 0x05, 0xC5, 0x05, 0xC5, 0x05, 0xC5, 0x05, 0xC5, 0x05, 0xC5, 0x05, 0xC5, 0x05, 0xC5, 0x05, 0xC5, 0x05, 0xC5, 0x05, 0xC5,
    0x03, 0x40, 0x80, 0x40, 0xC4, 0x02, 0x40, 0xC1, 0x01, 0x80, 0xC2, 0x01, 0x40, 0xC2, 0x02, 0x80, 0xC1, 0x02, 0x80, 0xC1, 0x01, 0x40, 0xC2, 0x02,
    0x40, 0xC1, 0x01, 0x40, 0xC2, 0x03, 0xC1, 0x01, 0x80, 0xC2, 0x05, 0xC5, 0x05, 0xC5, 0x05, 0xC5, 0x05, 0xC5, 0x05, 0xC5, 0x05, 0xC5, 0x05, 0xC5,
    0x05, 0xC5, 0x05, 0xC5, 0x03, 0x40, 0xC0, 0x40, 0x80, 0xC3, 0x02, 0x40, 0xC1, 0x01, 0x80, 0xC2, 0x01, 0x40, 0xC2, 0x02, 0xC2, 0x02, 0x80, 0xC1,
    0x01, 0x40, 0xC2, 0x02, 0x40, 0xC1, 0x01, 0x40, 0xC2, 0x03, 0xC1, 0x01, 0x80, 0xC2, 0x03, 0xC1, 0x01, 0xC3, 0x05, 0xC5, 0x05, 0xC5, 0x05, 0xC5,
    0x05, 0xC5, 0x05, 0xC5, 0x05, 0xC5, 0x05, 0xC5, 0x05, 0xC5, 0x03, 0x40, 0xC0, 0x40, 0x80, 0xC3, 0x02, 0x40, 0xC1, 0x01, 0x80, 0xC2, 0x02, 0xC2,
    0x02, 0xC2, 0x02, 0x40, 0xC1, 0x01, 0x80, 0xC2, 0x02, 0x40, 0xC1, 0x01, 0x80, 0xC2, 0x03, 0xC1, 0x01, 0x80, 0xC2, 0x03, 0xC1, 0x01, 0xC3, 0x03,
    0xC1, 0x01, 0xC3, 0x05, 0xC5, 0x05, 0xC5, 0x05, 0xC5, 0x05, 0xC5, 0x05, 0xC5, 0x05, 0xC5, 0x05, 0xC5, 0x03, 0x40, 0xC0, 0x40, 0xC4, 0x02, 0x40,
    0xC1, 0x01, 0x80, 0xC2, 0x02, 0xC2, 0x02, 0xC2, 0x02, 0x40, 0xC1, 0x01, 0x80, 0xC2, 0x02, 0x40, 0xC1, 0x01, 0x80, 0xC2, 0x02, 0x40, 0xC1, 0x01,
    0x80, 0xC2, 0x03, 0xC1, 0x01, 0xC3, 0x03, 0xC1, 0x01, 0xC3, 0x03, 0xC1, 0x01, 0x80, 0xC2, 0x05, 0xC5, 0x05, 0xC5, 0x05, 0xC5, 0x05, 0xC5, 0x05,
    0xC5, 0x05, 0xC5, 0x04, 0x40, 0x80, 0xC4, 0x03, 0xC1, 0x01, 0xC3, 0x02, 0x80, 0xC1, 0x01, 0x40, 0xC2, 0x02, 0x80, 0xC1, 0x01, 0x80, 0xC2, 0x03,
    0xC1, 0x01, 0xC3, 0x02, 0x40, 0xC1, 0x01, 0x40, 0xC2, 0x03, 0xC1, 0x01, 0x80, 0xC2, 0x03, 0xC1, 0x01, 0xC3, 0x03, 0xC1, 0x01, 0xC3, 0x02, 0x40,
    0xC1, 0x01, 0x80, 0xC2, 0x05, 0xC5, 0x05, 0xC5, 0x05, 0xC5, 0x05, 0xC5, 0x05, 0xC5, 0x05, 0xC5, 0x03, 0x40, 0xC0, 0x00, 0x80, 0xC3, 0x02, 0x80,
    0xC1, 0x01, 0x40, 0xC2, 0x02, 0x80, 0xC1, 0x01, 0x40, 0xC2, 0x03, 0xC1, 0x01, 0xC3, 0x02, 0x40, 0xC1, 0x01, 0x80, 0xC2, 0x02, 0x40, 0xC1, 0x01,
    0x80, 0xC2, 0x03, 0xC1, 0x01, 0xC3, 0x03, 0xC1, 0x01, 0xC3, 0x03, 0xC1, 0x01, 0xC3, 0x02, 0x40, 0xC1, 0x01, 0x80, 0xC2, 0x05, 0xC5, 0x05, 0xC5,
    0x05, 0xC5, 0x05, 0xC5, 0x05, 0xC5, 0x04, 0x40, 0x80, 0xC4, 0x02, 0x40, 0xC1, 0x01, 0x80, 0xC2, 0x02, 0x80, 0xC1, 0x01, 0x40, 0xC2, 0x02, 0x40,
    0xC1, 0x01, 0xC3, 0x03, 0xC1, 0x01, 0xC3, 0x02, 0x40, 0xC1, 0x01, 0x80, 0xC2, 0x02, 0x40, 0xC1, 0x01, 0x80, 0xC2, 0x03, 0xC1, 0x01, 0xC3, 0x03,
    0xC1, 0x01, 0xC3, 0x03, 0xC1, 0x01, 0xC3, 0x02, 0x40, 0xC1, 0x01, 0x80, 0xC2, 0x05, 0xC5, 0x05, 0xC5, 0x05, 0xC5, 0x05, 0xC5, 0x05, 0xC5, 0x03,
    0x40, 0xC0, 0x00, 0x80, 0xC3, 0x02, 0x80, 0xC1, 0x01, 0x40, 0xC2, 0x02, 0x80, 0xC1, 0x01, 0x80, 0xC2, 0x03, 0xC1, 0x01, 0xC3, 0x03, 0xC1, 0x01,
    0xC3, 0x02, 0x40, 0xC1, 0x01, 0x80, 0xC2, 0x03, 0xC1, 0x01, 0x80, 0xC2, 0x03, 0xC1, 0x01, 0xC3, 0x03, 0xC1, 0x01, 0xC3, 0x03, 0xC1, 0x01, 0xC3,
    0x02, 0x80, 0xC1, 0x01, 0x40, 0xC2, 0x05, 0xC5, 0x05, 0xC5, 0x05, 0xC5, 0x05, 0xC5, 0x04, 0x40, 0x80, 0xC4, 0x02, 0x40, 0x80, 0xC0, 0x00, 0x40,
    0xC3, 0x02, 0x80, 0xC1, 0x01, 0x80, 0xC2, 0x03, 0xC1, 0x01, 0x80, 0xC2, 0x03, 0x80, 0xC0, 0x00, 0x40, 0xC3, 0x03, 0xC1, 0x01, 0xC3, 0x02, 0x40,
    0xC1, 0x01, 0x40, 0xC2, 0x03, 0xC1, 0x01, 0xC3, 0x03, 0xC1, 0x01, 0xC3, 0x03, 0xC1, 0x01, 0xC3, 0x02, 0x40, 0xC1, 0x01, 0x80, 0xC2, 0x02, 0x80,
    0xC1, 0x01, 0x40, 0xC2, 0x05, 0xC5, 0x05, 0xC5, 0x05, 0xC5, 0x05, 0xC5, 0x04, 0x80, 0x40, 0xC4, 0x02, 0x40, 0xC1, 0x01, 0x80, 0xC2, 0x02, 0x80,
    0xC1, 0x01, 0x80, 0xC2, 0x03, 0x80, 0xC0, 0x00, 0x40, 0xC3, 0x03, 0x80, 0xC0, 0x00, 0x40, 0xC3, 0x03, 0xC1, 0x01, 0x80, 0xC2, 0x02, 0x40, 0xC1,
    0x01, 0x80, 0xC2, 0x03, 0xC1, 0x01, 0xC3, 0x03, 0xC1, 0x01, 0xC3, 0x03, 0xC1, 0x01, 0xC3, 0x02, 0x40, 0xC1, 0x01, 0x80, 0xC2, 0x02, 0x80, 0xC1,
    0x01, 0x40, 0xC2, 0x05, 0xC5, 0x05, 0xC5, 0x05, 0xC5, 0x05, 0xC5, 0x03, 0x40, 0xC0, 0x00, 0x80, 0xC3, 0x02, 0x40, 0xC1, 0x01, 0x80, 0xC2, 0x02,
    0x40, 0xC1, 0x01, 0x80, 0xC2, 0x03, 0x80, 0xC0, 0x00, 0x40, 0xC3, 0x03, 0x80, 0xC0, 0x00, 0x40, 0xC3, 0x03, 0xC1, 0x01, 0x80, 0xC2, 0x02, 0x40,
    0xC1, 0x01, 0x80, 0xC2, 0x03, 0xC1, 0x01, 0xC3, 0x03, 0xC1, 0x01, 0xC3, 0x03, 0xC1, 0x01, 0xC3, 0x02, 0x40, 0xC1, 0x01, 0x80, 0xC2, 0x02, 0x80,
    0xC1, 0x01, 0x40, 0xC2, 0x05, 0xC5, 0x05, 0xC5, 0x05, 0xC5, 0x05, 0xC5, 0x03, 0x80, 0xC0, 0x00, 0x40, 0xC3, 0x03, 0xC1, 0x01, 0xC3, 0x02, 0x40,
    0xC1, 0x01, 0x80, 0xC2, 0x03, 0x80, 0xC0, 0x00, 0x40, 0xC3, 0x03, 0x80, 0xC0, 0x00, 0x40, 0xC3, 0x03, 0xC1, 0x01, 0x80, 0xC2, 0x02, 0x40, 0xC1,
    0x01, 0x80, 0xC2, 0x03, 0xC1, 0x01, 0xC3, 0x03, 0xC1, 0x01, 0xC3, 0x03, 0xC1, 0x01, 0xC3, 0x02, 0x40, 0xC1, 0x01, 0x80, 0xC2, 0x02, 0x80, 0xC1,
    0x01, 0x40, 0xC2, 0x05, 0xC5, 0x05, 0xC5, 0x05, 0xC5, 0x05, 0xC5, 0x03, 0x80, 0xC0, 0x00, 0x40, 0xC3, 0x03, 0xC1, 0x01, 0xC3, 0x02, 0x40, 0xC1,
    0x01, 0x80, 0xC2, 0x03, 0x80, 0xC0, 0x00, 0x40, 0xC3, 0x03, 0x80, 0xC0, 0x00, 0x40, 0xC3, 0x03, 0xC1, 0x01, 0xC3, 0x02, 0x40, 0xC1, 0x01, 0x80,
    0xC2, 0x03, 0xC1, 0x01, 0xC3, 0x03, 0xC1, 0x01, 0xC3, 0x03, 0xC1, 0x01, 0xC3, 0x02, 0x40, 0xC1, 0x01, 0x80, 0xC2, 0x02, 0x80, 0xC1, 0x01, 0x40,
    0xC2, 0x05, 0xC5, 0x05, 0xC5, 0x05, 0xC5, 0x05, 0xC5, 0x03, 0x80, 0xC0, 0x00, 0x40, 0xC3, 0x03, 0xC1, 0x01, 0xC3, 0x03, 0xC1, 0x01, 0xC3, 0x03,
    0x80, 0xC0, 0x00, 0x40, 0xC3, 0x03, 0x80, 0xC0, 0x00, 0x40, 0xC3, 0x03, 0xC1, 0x01, 0xC3, 0x02, 0x40, 0xC1, 0x01, 0x80, 0xC2, 0x03, 0xC1, 0x01,
    0xC3, 0x03, 0xC1, 0x01, 0xC3, 0x03, 0xC1, 0x01, 0xC3, 0x02, 0x40, 0xC1, 0x01, 0x80, 0xC2, 0x02, 0x80, 0xC1, 0x01, 0x40, 0xC2, 0x05, 0xC5, 0x05,
    0xC5, 0x05, 0xC5, 0x05, 0xC5, 0x03, 0x80, 0xC0, 0x00, 0x80, 0xC3, 0x03, 0xC1, 0x01, 0xC3, 0x03, 0xC1, 0x01, 0xC3, 0x03, 0x80, 0xC0, 0x00, 0x40,
    0xC3, 0x03, 0x80, 0xC0, 0x00, 0x40, 0xC3, 0x03, 0xC1, 0x01, 0xC3, 0x02, 0x40, 0xC1, 0x01, 0x80, 0xC2, 0x03, 0xC1, 0x01, 0x80, 0xC2, 0x03, 0xC1,
    0x01, 0xC3, 0x03, 0xC1, 0x01, 0xC3, 0x03, 0xC1, 0x01, 0xC3, 0x02, 0x80, 0xC1, 0x01, 0x40, 0xC2, 0x05, 0xC5, 0x05, 0xC5, 0x05, 0xC5, 0x05, 0xC5,
    0x03, 0x40, 0x80, 0x40, 0x80, 0xC3, 0x03, 0xC1, 0x01, 0xC3, 0x03, 0xC1, 0x01, 0xC3, 0x03, 0x80, 0xC0, 0x00, 0x40, 0xC3, 0x03, 0x80, 0xC0, 0x00,
    0x40, 0xC3, 0x03, 0xC1, 0x01, 0xC3, 0x02, 0x40, 0xC1, 0x01, 0x80, 0xC2, 0x02, 0x40, 0xC1, 0x01, 0x80, 0xC2, 0x03, 0xC1, 0x01, 0xC3, 0x03, 0xC1,
    0x01, 0xC3, 0x03, 0xC1, 0x01, 0xC3, 0x02, 0x80, 0xC1, 0x01, 0x40, 0xC2, 0x05, 0xC5, 0x05, 0xC5, 0x05, 0xC5, 0x05, 0xC5, 0x03, 0x40, 0x80, 0x40,
    0x80, 0xC3, 0x03, 0xC1, 0x01, 0xC3, 0x03, 0xC1, 0x01, 0xC3, 0x03, 0x80, 0xC0, 0x00, 0x40, 0xC3, 0x03, 0x80, 0xC0, 0x00, 0x40, 0xC3, 0x03, 0xC1,
    0x01, 0xC3, 0x02, 0x40, 0xC1, 0x01, 0x80, 0xC2, 0x02, 0x40, 0xC1, 0x01, 0x80, 0xC2, 0x03, 0xC1, 0x01, 0xC3, 0x03, 0xC1, 0x01, 0xC3, 0x03, 0xC1,
    0x01, 0xC3, 0x02, 0x40, 0xC1, 0x01, 0x40, 0xC2, 0x05, 0xC5, 0x05, 0xC5, 0x05, 0xC5, 0x05, 0xC5, 0x03, 0x40, 0x80, 0x40, 0x80, 0xC3, 0x03, 0xC1,
    0x01, 0xC3, 0x02, 0x40, 0xC1, 0x01, 0xC3, 0x03, 0x80, 0xC0, 0x01, 0xC3, 0x03, 0x80, 0xC0, 0x00, 0x40, 0xC3, 0x03, 0xC1, 0x01, 0xC3, 0x02, 0x40,
    0xC1, 0x01, 0x80, 0xC2, 0x02, 0x40, 0xC1, 0x01, 0x80, 0xC2, 0x03, 0xC1, 0x01, 0xC3, 0x03, 0xC1, 0x01, 0xC3, 0x03, 0xC1, 0x01, 0xC3, 0x02, 0x40,
    0xC1, 0x01, 0x40, 0xC2, 0x05, 0xC5, 0x05, 0xC5, 0x05, 0xC5, 0x05, 0xC5, 0x03, 0x40, 0x80, 0x40, 0x80, 0xC3, 0x03, 0xC1, 0x01, 0xC3, 0x03, 0xC1,
    0x01, 0xC3, 0x03, 0x80, 0xC0, 0x01, 0xC3, 0x03, 0x80, 0xC0, 0x00, 0x40, 0xC3, 0x03, 0xC1, 0x01, 0xC3, 0x02, 0x40, 0xC1, 0x01, 0x80, 0xC2, 0x02,
    0x40, 0xC1, 0x01, 0x80, 0xC2, 0x03, 0xC1, 0x01, 0xC3, 0x03, 0xC1, 0x01, 0xC3, 0x03, 0xC1, 0x01, 0xC3, 0x02, 0x40, 0xC1, 0x01, 0x40, 0xC2, 0x05,
    0xC5, 0x05, 0xC5, 0x05, 0xC5, 0x05, 0xC5, 0x03, 0x40, 0x80, 0x40, 0x80, 0xC3, 0x03, 0xC1, 0x01, 0xC3, 0x03, 0xC1, 0x01, 0xC3, 0x03, 0x80, 0xC0,
    0x01, 0xC3, 0x03, 0x80, 0xC0, 0x00, 0x40, 0xC3, 0x03, 0xC1, 0x01, 0xC3, 0x02, 0x40, 0xC1, 0x01, 0x80, 0xC2, 0x02, 0x40, 0xC1, 0x01, 0x80, 0xC2,
    0x03, 0xC1, 0x01, 0xC3, 0x03, 0xC1, 0x01, 0xC3, 0x03, 0xC1, 0x01, 0xC3, 0x02, 0x40, 0xC1, 0x01, 0x40, 0xC2, 0x05, 0xC5, 0x05, 0xC5, 0x05, 0xC5,
    0x05, 0xC5, 0x03, 0x40, 0x80, 0x40, 0x80, 0xC3, 0x03, 0xC1, 0x01, 0xC3, 0x03, 0xC1, 0x01, 0xC3, 0x03, 0x80, 0xC0, 0x01, 0xC3, 0x03, 0x80, 0xC0,
    0x00, 0x40, 0xC3, 0x03, 0xC1, 0x01, 0xC3, 0x02, 0x40, 0xC1, 0x01, 0x80, 0xC2, 0x02, 0x40, 0xC1, 0x01, 0x80, 0xC2, 0x03, 0xC1, 0x01, 0xC3, 0x03,
    0xC1, 0x01, 0xC3, 0x03, 0xC1, 0x01, 0xC3, 0x02, 0x40, 0xC1, 0x01, 0x40, 0xC2, 0x05, 0xC5, 0x05, 0xC5, 0x05, 0xC5, 0x05, 0xC5, 0x04, 0x80, 0x40,
    0xC4, 0x03, 0xC1, 0x01, 0xC3, 0x03, 0xC1, 0x01, 0xC3, 0x03, 0x80, 0xC0, 0x01, 0x80, 0xC2, 0x03, 0x40, 0xC0, 0x00, 0x40, 0xC3, 0x03, 0xC1, 0x01,
    0xC3, 0x03, 0xC1, 0x01, 0x80, 0xC2, 0x02, 0x40, 0xC1, 0x01, 0x40, 0xC2, 0x03, 0xC1, 0x01, 0xC3, 0x03, 0xC1, 0x01, 0xC3, 0x03, 0xC1, 0x01, 0xC3,
    0x02, 0x40, 0xC1, 0x01, 0x40, 0xC2, 0x05, 0xC5, 0x05, 0xC5, 0x05, 0xC5, 0x05, 0xC5, 0x04, 0x41, 0xC4, 0x03, 0xC1, 0x01, 0xC3, 0x03, 0xC1, 0x01,
    0xC3, 0x03, 0x80, 0xC0, 0x01, 0x80, 0xC2, 0x03, 0x40, 0xC0, 0x00, 0x40, 0xC3, 0x03, 0x80, 0xC0, 0x01, 0xC3, 0x03, 0xC1, 0x01, 0x80, 0xC2, 0x02,
    0x40, 0xC1, 0x01, 0x40, 0xC2, 0x03, 0xC1, 0x01, 0x80, 0xC2, 0x03, 0xC1, 0x01, 0xC3, 0x03, 0xC1, 0x01, 0xC3, 0x02, 0x40, 0xC1, 0x01, 0x40, 0xC2,
    0x05, 0xC5, 0x05, 0xC5, 0x05, 0xC5, 0x05, 0xC5, 0x04, 0x41, 0xC4, 0x03, 0xC1, 0x01, 0xC3, 0x03, 0xC1, 0x01, 0xC3, 0x03, 0xC1, 0x01, 0x80, 0xC2,
    0x03, 0x40, 0xC0, 0x00, 0x40, 0xC3, 0x03, 0x80, 0xC0, 0x01, 0xC3, 0x03, 0xC1, 0x01, 0x80, 0xC2, 0x02, 0x40, 0xC1, 0x01, 0x40, 0xC2, 0x03, 0xC1,
    0x01, 0x80, 0xC2, 0x03, 0xC1, 0x01, 0xC3, 0x03, 0xC1, 0x01, 0xC3, 0x02, 0x40, 0xC1, 0x01, 0x40, 0xC2, 0x05, 0xC5, 0x05, 0xC5, 0x05, 0xC5, 0x05,
    0xC5, 0x04, 0x41, 0xC4, 0x03, 0xC1, 0x01, 0xC3, 0x03, 0xC1, 0x01, 0x80, 0xC2, 0x03, 0xC1, 0x01, 0x80, 0xC2, 0x03, 0x40, 0xC0, 0x00, 0x40, 0xC3,
    0x03, 0x80, 0xC0, 0x01, 0xC3, 0x03, 0xC1, 0x01, 0x80, 0xC2, 0x02, 0x40, 0xC1, 0x01, 0x40, 0xC2, 0x03, 0xC1, 0x01, 0x80, 0xC2, 0x03, 0xC1, 0x01,
    0xC3, 0x03, 0xC1, 0x01, 0xC3, 0x02, 0x40, 0xC1, 0x01, 0x40, 0xC2, 0x05, 0xC5, 0x05, 0xC5, 0x05, 0xC5, 0x05, 0xC5, 0x04, 0x41, 0xC4, 0x03, 0x80,
    0xC0, 0x01, 0x80, 0xC2, 0x03, 0xC1, 0x01, 0x80, 0xC2, 0x03, 0xC1, 0x01, 0x40, 0xC2, 0x03, 0x40, 0xC0, 0x00, 0x40, 0x80, 0xC2, 0x03, 0x80, 0xC0,
    0x01, 0x40, 0xC2, 0x03, 0xC1, 0x02, 0xC2, 0x02, 0x40, 0xC1, 0x01, 0x40, 0xC2, 0x02, 0x40, 0xC1, 0x01, 0x80, 0xC2, 0x02, 0x40, 0xC1, 0x01, 0xC3,
    0x03, 0xC1, 0x01, 0xC3, 0x02, 0x40, 0xC1, 0x01, 0x40, 0xC2, 0x05, 0xC5, 0x05, 0xC5, 0x05, 0xC5, 0x05, 0xC5, 0x05, 0x40, 0xC4, 0x03, 0x80, 0xC0,
    0x01, 0x80, 0xC2, 0x03, 0xC1, 0x01, 0x80, 0xC2, 0x03, 0xC1, 0x01, 0x40, 0xC2, 0x03, 0x40, 0xC0, 0x00, 0x40, 0x80, 0xC2, 0x03, 0x40, 0xC0, 0x01,
    0xC3, 0x03, 0xC1, 0x03, 0xC1, 0x02, 0x80, 0xC1, 0x02, 0x40, 0xC1, 0x02, 0x40, 0xC1, 0x01, 0x40, 0xC2, 0x02, 0x80, 0xC1, 0x01, 0xC3, 0x03, 0xC1,
    0x01, 0xC3, 0x02, 0x40, 0xC1, 0x01, 0x40, 0xC2, 0x05, 0xC5, 0x05, 0xC5, 0x05, 0xC5, 0x05, 0xC5, 0x05, 0x80, 0xC4, 0x03, 0x80, 0xC0, 0x01, 0x40,
    0xC2, 0x03, 0x80, 0xC0, 0x01, 0x40, 0xC2, 0x03, 0x80, 0xC0, 0x01, 0x40, 0xC2, 0x04, 0xC0, 0x01, 0x80, 0xC2, 0x03, 0x40, 0xC0, 0x01, 0xC3, 0x03,
    0xC1, 0x01, 0x40, 0xC2, 0x02, 0x40, 0xC1, 0x03, 0x40, 0xC0, 0x02, 0x80, 0xC1, 0x02, 0x40, 0xC1, 0x02, 0x80, 0xC1, 0x01, 0x40, 0xC2, 0x03, 0xC1,
    0x01, 0x80, 0xC2, 0x02, 0x40, 0xC1, 0x01, 0x40, 0xC2, 0x05, 0xC5, 0x05, 0xC5, 0x05, 0xC5, 0x05, 0xC5, 0x05, 0x80, 0xC4, 0x03, 0x40, 0xC0, 0x01,
    0x40, 0xC2, 0x03, 0x40, 0xC0, 0x02, 0xC2, 0x03, 0x40, 0xC0, 0x01, 0x40, 0xC2, 0x04, 0xC0, 0x01, 0x80, 0xC2, 0x03, 0x40, 0xC0, 0x01, 0x80, 0xC2,
    0x02, 0x40, 0xC1, 0x01, 0x40, 0xC2, 0x03, 0xC1, 0x01, 0x40, 0x81, 0xC0, 0x02, 0x40, 0xC1, 0x03, 0x80, 0xC0, 0x03, 0xC1, 0x02, 0xC2, 0x03, 0xC1,
    0x01, 0x80, 0xC2, 0x02, 0x40, 0xC1, 0x01, 0x40, 0xC2, 0x05, 0xC5, 0x05, 0xC5, 0x05, 0xC5, 0x05, 0xC5, 0x05, 0x80, 0xC4, 0x04, 0xC0, 0x02, 0xC2,
    0x03, 0x40, 0xC0, 0x02, 0xC2, 0x03, 0x40, 0xC0, 0x01, 0x40, 0x80, 0xC1, 0x04, 0xC0, 0x01, 0x80, 0xC2, 0x03, 0x80, 0xC0, 0x01, 0x80, 0xC2, 0x03,
    0xC1, 0x01, 0x40, 0xC2, 0x03, 0x80, 0xC0, 0x01, 0x40, 0xC2, 0x03, 0x80, 0xC0, 0x01, 0x40, 0x00, 0x80, 0xC0, 0x03, 0x80, 0xC0, 0x02, 0x80, 0xC1,
    0x03, 0xC1, 0x01, 0x40, 0xC2, 0x02, 0x40, 0xC1, 0x01, 0x40, 0xC2, 0x05, 0xC5, 0x05, 0xC5, 0x05, 0xC5, 0x05, 0xC5, 0x05, 0x81, 0xC3, 0x04, 0xC0,
    0x02, 0xC2, 0x03, 0x40, 0xC0, 0x02, 0xC2, 0x03, 0x40, 0xC0, 0x01, 0x40, 0xC2, 0x04, 0xC0, 0x00, 0x40, 0x80, 0xC2, 0x03, 0x80, 0xC0, 0x01, 0x80,
    0xC2, 0x03, 0x40, 0xC0, 0x01, 0x40, 0xC2, 0x03, 0x40, 0xC0, 0x02, 0x40, 0xC1, 0x03, 0x40, 0xC0, 0x01, 0x80, 0x40, 0x80, 0xC0, 0x03, 0xC1, 0x01,
    0x80, 0xC2, 0x03, 0xC1, 0x02, 0xC2, 0x02, 0x40, 0xC1, 0x01, 0x40, 0xC2, 0x05, 0xC5, 0x05, 0xC5, 0x05, 0xC5, 0x05, 0xC5, 0x05, 0xC5, 0x03, 0x40,
    0xC0, 0x01, 0x40, 0xC2, 0x03, 0x40, 0xC0, 0x02, 0xC2, 0x03, 0x40, 0xC0, 0x01, 0x40, 0xC2, 0x04, 0xC0, 0x00, 0x40, 0x80, 0xC2, 0x03, 0x40, 0xC0,
    0x01, 0x82, 0xC0, 0x04, 0xC0, 0x04, 0xC0, 0x04, 0xC0, 0x01, 0x40, 0xC0, 0x80, 0x04, 0x40, 0xC0, 0x01, 0xC2, 0x80, 0x03, 0x80, 0xC0, 0x01, 0x80,
    0xC2, 0x03, 0xC1, 0x02, 0xC2, 0x02, 0x40, 0xC1, 0x02, 0xC2, 0x05, 0xC5, 0x05, 0xC5, 0x05, 0xC5, 0x05, 0xC5, 0x05, 0xC5, 0x05, 0x81, 0xC3, 0x03,
    0x40, 0xC0, 0x01, 0x40, 0xC2, 0x03, 0x80, 0xC0, 0x02, 0xC2, 0x03, 0x40, 0xC0, 0x01, 0x40, 0xC0, 0x80, 0xC0, 0x04, 0xC0, 0x02, 0x40, 0x00, 0x80,
    0x04, 0xC0, 0x01, 0x41, 0x80, 0x40, 0x04, 0xC0, 0x01, 0x40, 0xC1, 0x05, 0xC0, 0x01, 0x40, 0xC2, 0x03, 0x40, 0xC0, 0x01, 0xC3, 0x03, 0x80, 0xC0,
    0x01, 0x80, 0xC2, 0x03, 0xC1, 0x02, 0xC2, 0x05, 0xC5, 0x05, 0xC5, 0x05, 0xC5, 0x05, 0xC5, 0x05, 0xC5, 0x05, 0xC5, 0x05, 0x81, 0xC3, 0x03, 0x40,
    0xC0, 0x01, 0x40, 0xC2, 0x03, 0x40, 0xC0, 0x02, 0xC0, 0x81, 0x03, 0x40, 0xC0, 0x04, 0x80, 0x04, 0xC0, 0x00, 0x40, 0x80, 0xC0, 0x40, 0x80, 0x04,
    0xC0, 0x01, 0x80, 0xC0, 0x40, 0x80, 0x04, 0xC0, 0x01, 0x40, 0xC0, 0x00, 0x80, 0x04, 0xC0, 0x02, 0xC2, 0x04, 0xC0, 0x01, 0x80, 0xC2, 0x03, 0x40,
    0xC0, 0x01, 0x40, 0xC2, 0x05, 0xC5, 0x05, 0xC5, 0x05, 0xC5, 0x05, 0xC5, 0x05, 0xC5, 0x05, 0xC5, 0x05, 0xC5, 0x04, 0x40, 0x00, 0x81, 0x40, 0xC1,
    0x03, 0x40, 0xC0, 0x03, 0x80, 0xC0, 0x03, 0x80, 0xC0, 0x02, 0x40, 0x80, 0xC0, 0x03, 0x80, 0xC0, 0x01, 0x81, 0x00, 0xC0, 0x04, 0xC0, 0x00, 0x40,
    0x80, 0xC0, 0x80, 0xC0, 0x04, 0xC0, 0x01, 0x80, 0xC2, 0x04, 0xC0, 0x01, 0x40, 0xC2, 0x04, 0xC0, 0x01, 0x40, 0xC2, 0x04, 0xC0, 0x01, 0x40, 0xC2,
    0x05, 0xC5, 0x05, 0xC5, 0x05, 0xC5, 0x05, 0xC5, 0x05, 0xC1, 0x40, 0xC2, 0x05, 0xC1, 0x40, 0xC2, 0x05, 0xC0, 0x40, 0x80, 0xC2, 0x07, 0xC3, 0x03,
    0x80, 0xC0, 0x01, 0xC3, 0x03, 0xC1, 0x01, 0xC3, 0x03, 0xC1, 0x01, 0xC3, 0x03, 0x80, 0xC0, 0x00, 0x40, 0x80, 0xC2, 0x03, 0x80, 0xC0, 0x01, 0xC3,
    0x03, 0x40, 0xC0, 0x01, 0xC3, 0x03, 0x40, 0xC0, 0x02, 0xC2, 0x04, 0xC0, 0x01, 0x40, 0xC2, 0x05, 0xC5, 0x04, 0x40, 0xC5, 0x04, 0x80, 0xC5, 0x04,
    0x81, 0xC4, 0x04, 0x40, 0x80, 0xC4, 0x04, 0x40, 0x80, 0xC4, 0x04, 0x80, 0x40, 0xC4, 0x04, 0xC0, 0x80, 0xC4, 0x04, 0xC0, 0x80, 0xC4, 0x03, 0xC1,
    0x00, 0x80, 0xC3, 0x02, 0x80, 0xC1, 0x01, 0xC3, 0x02, 0x40, 0xC1, 0x00, 0x40, 0xC3, 0x03, 0xC1, 0x00, 0x40, 0xC3, 0x03, 0xC1, 0x01, 0xC3, 0x03,
    0x80, 0xC0, 0x01, 0x80, 0xC2, 0x03, 0x80, 0xC0, 0x01, 0x40, 0xC2, 0x05, 0xC5, 0x03, 0x80, 0x00, 0xC5, 0x03, 0x80, 0x00, 0xC5, 0x03, 0x80, 0x40,
    0xC5, 0x03, 0x41, 0xC5, 0x04, 0x80, 0xC5, 0x04, 0xC6, 0x03, 0x40, 0xC6, 0x03, 0x80, 0xC6, 0x03, 0xC1, 0x40, 0xC4, 0x02, 0x40, 0xC1, 0x00, 0x40,
    0xC3, 0x02, 0x40, 0xC1, 0x00, 0x40, 0xC3, 0x02, 0x40, 0xC1, 0x00, 0x40, 0xC3, 0x02, 0x40, 0xC1, 0x00, 0x40, 0xC3, 0x03, 0xC1, 0x01, 0xC3, 0x03,
    0x80, 0xC0, 0x02, 0xC2, 0x05, 0xC5, 0x03, 0x40, 0x00, 0xC5, 0x03, 0xC0, 0x00, 0xC5, 0x03, 0xC0, 0x00, 0xC5, 0x03, 0x80, 0x00, 0xC5, 0x03, 0x41,
    0xC5, 0x04, 0x80, 0xC5, 0x03, 0x40, 0xC6, 0x03, 0x80, 0xC6, 0x03, 0xC0, 0x80, 0xC5, 0x02, 0x40, 0xC1, 0x00, 0x80, 0xC3, 0x02, 0x80, 0xC1, 0x01,
    0xC3, 0x02, 0x40, 0xC1, 0x00, 0x40, 0xC3, 0x02, 0x40, 0xC1, 0x00, 0x80, 0xC3, 0x02, 0x40, 0xC1, 0x00, 0x40, 0xC3, 0x03, 0xC1, 0x01, 0x80, 0xC2,
    0x05, 0xC5, 0x05, 0xC5, 0x03, 0xC0, 0x00, 0xC5, 0x03, 0xC0, 0x00, 0xC5, 0x03, 0x80, 0x00, 0xC5, 0x03, 0x80, 0x40, 0xC5, 0x03, 0x40, 0x80, 0xC5,
    0x03, 0x40, 0xC6, 0x03, 0xC7, 0x03, 0xC0, 0x80, 0xC5, 0x03, 0xC1, 0x00, 0xC4, 0x02, 0x80, 0xC1, 0x00, 0x40, 0xC3, 0x02, 0x80, 0xC1, 0x00, 0x40,
    0xC3, 0x02, 0x80, 0xC1, 0x00, 0x80, 0xC3, 0x02, 0x40, 0xC1, 0x00, 0x80, 0xC3, 0x03, 0xC1, 0x01, 0xC3, 0x05, 0xC5, 0x05, 0xC5, 0x03, 0x80, 0x00,
    0xC5, 0x03, 0xC0, 0x00, 0xC5, 0x03, 0x80, 0x00, 0xC5, 0x03, 0x80, 0x40, 0xC5, 0x03, 0x41, 0xC5, 0x03, 0x40, 0xC6, 0x03, 0xC0, 0x80, 0xC5, 0x03,
    0xC0, 0x80, 0xC5, 0x03, 0xC1, 0x40, 0xC4, 0x02, 0x80, 0xC1, 0x00, 0x40, 0xC3, 0x02, 0x80, 0xC1, 0x00, 0x40, 0xC3, 0x02, 0x80, 0xC1, 0x00, 0x80,
    0xC3, 0x02, 0x40, 0xC1, 0x00, 0x80, 0xC3, 0x02, 0x40, 0xC1, 0x00, 0x40, 0xC3, 0x05, 0xC5, 0x05, 0xC5, 0x03, 0x80, 0x00, 0xC5, 0x03, 0xC0, 0x00,
    0xC5, 0x03, 0xC0, 0x40, 0xC5, 0x03, 0x80, 0x40, 0xC5, 0x03, 0x41, 0xC5, 0x03, 0x40, 0xC6, 0x03, 0xC0, 0x80, 0xC5, 0x03, 0xC0, 0x80, 0xC5, 0x03,
    0xC0, 0x81, 0xC4, 0x02, 0x80, 0xC0, 0x80, 0x00, 0x80, 0xC3, 0x02, 0xC1, 0x80, 0x00, 0x40, 0xC3, 0x02, 0x80, 0xC0, 0x80, 0x00, 0x80, 0xC3, 0x02,
    0x80, 0xC0, 0x80, 0x00, 0xC4, 0x02, 0x80, 0xC0, 0x80, 0x00, 0x40, 0xC3, 0x04, 0x40, 0xC5, 0x04, 0x40, 0xC5, 0x03, 0x80, 0x40, 0xC5, 0x03, 0xC0,
    0x40, 0xC5, 0x03, 0xC0, 0x40, 0xC5, 0x03, 0x80, 0x40, 0xC5, 0x03, 0x40, 0x80, 0xC5, 0x03, 0x80, 0xC6, 0x03, 0xC7, 0x03, 0xC0, 0x80, 0xC5, 0x03,
    0xC0, 0x81, 0xC4, 0x02, 0x80, 0xC0, 0x80, 0x00, 0x80, 0xC3, 0x02, 0xC1, 0x80, 0x00, 0x80, 0xC3, 0x02, 0xC1, 0x80, 0x00, 0xC4, 0x02, 0x80, 0xC0,
    0x80, 0x00, 0xC4, 0x02, 0x80, 0xC0, 0x80, 0x00, 0x80, 0xC3, 0x04, 0x40, 0xC5, 0x04, 0x40, 0xC5, 0x03, 0x41, 0xC5, 0x03, 0xC0, 0x40, 0xC5, 0x03,
    0xC0, 0x40, 0xC5, 0x03, 0x81, 0xC5, 0x03, 0x81, 0xC5, 0x03, 0x80, 0xC6, 0x03, 0xC7, 0x03, 0xC7, 0x02, 0x40, 0xC0, 0x81, 0xC4, 0x02, 0xC1, 0x80,
    0x00, 0xC4, 0x02, 0xC1, 0x80, 0x00, 0x80, 0xC3, 0x02, 0xC1, 0x80, 0x00, 0xC4, 0x02, 0x80, 0xC0, 0x80, 0x00, 0xC4, 0x02, 0x80, 0xC0, 0x80, 0x00,
    0xC4, 0x04, 0x40, 0xC5, 0x04, 0x40, 0xC5, 0x03, 0x41, 0xC5, 0x03, 0xC0, 0x80, 0xC5, 0x03, 0xC0, 0x80, 0xC5, 0x03, 0x81, 0xC5, 0x03, 0x81, 0xC5,
    0x03, 0x80, 0xC6, 0x03, 0xC7, 0x03, 0xC7, 0x02, 0x40, 0xC0, 0x81, 0xC4, 0x02, 0xC1, 0x40, 0x00, 0xC4, 0x02, 0xC1, 0x40, 0x00, 0x80, 0xC3, 0x02,
    0xC1, 0x40, 0x00, 0xC4, 0x02, 0xC1, 0x40, 0x00, 0xC4, 0x02, 0x80, 0xC0, 0x40, 0x00, 0xC4, 0x04, 0x80, 0xC5, 0x04, 0x80, 0xC5, 0x03, 0x40, 0x80,
    0xC5, 0x03, 0xC0, 0x80, 0xC5, 0x03, 0xC0, 0x80, 0xC5, 0x03, 0x81, 0xC5, 0x03, 0x81, 0xC5, 0x03, 0x80, 0xC6, 0x03, 0xC7, 0x02, 0x40, 0xC7, 0x02,
    0x40, 0xC0, 0x81, 0xC4, 0x02, 0xC1, 0x40, 0x00, 0xC4, 0x02, 0xC1, 0x40, 0x00, 0xC4, 0x02, 0xC1, 0x40, 0x00, 0xC4, 0x02, 0xC1, 0x41, 0xC4, 0x02,
    0xC1, 0x40, 0x00, 0xC4, 0x04, 0x80, 0xC5, 0x04, 0x80, 0xC5, 0x03, 0x40, 0xC6, 0x03, 0xC7, 0x03, 0xC7, 0x03, 0x80, 0xC6, 0x03, 0x80, 0xC6, 0x03,
    0x80, 0xC6, 0x03, 0xC7, 0x02, 0x40, 0xC7, 0x02, 0x80, 0xC0, 0x40, 0x80, 0xC4, 0x02, 0xC1, 0x01, 0xC4, 0x02, 0xC1, 0x01, 0xC4, 0x02, 0xC1, 0x01,
    0xC4, 0x02, 0xC1, 0x00, 0x40, 0xC4, 0x02, 0xC1, 0x01, 0xC4, 0x04, 0xC6, 0x04, 0xC6, 0x03, 0x40, 0xC6, 0x03, 0xC7, 0x03, 0xC7, 0x03, 0x80, 0xC6,
    0x03, 0x80, 0xC6, 0x03, 0xC7, 0x02, 0x40, 0xC7, 0x02, 0x40, 0xC7, 0x02, 0xC1, 0x00, 0x80, 0xC4, 0x01, 0x40, 0xC1, 0x01, 0xC4, 0x01, 0x40, 0xC1,
    0x01, 0xC4, 0x01, 0x40, 0xC1, 0x00, 0x40, 0xC4, 0x02, 0xC1, 0x00, 0x40, 0xC4, 0x02, 0xC1, 0x01, 0xC4, 0x04, 0xC6, 0x04, 0xC6, 0x03, 0x80, 0xC6,
    0x03, 0xC7, 0x03, 0xC7, 0x03, 0xC7, 0x03, 0x80, 0xC6, 0x03, 0xC7, 0x02, 0x40, 0xC7, 0x02, 0x80, 0xC7, 0x02, 0xC1, 0x00, 0x80, 0xC4, 0x01, 0x40,
    0xC1, 0x01, 0xC4, 0x01, 0x40, 0xC1, 0x01, 0xC4, 0x01, 0x40, 0xC1, 0x00, 0x40, 0xC4, 0x01, 0x40, 0xC1, 0x00, 0x40, 0xC4, 0x02, 0xC1, 0x01, 0xC4,
    0x04, 0xC6, 0x04, 0xC6, 0x03, 0x80, 0xC6, 0x03, 0xC7, 0x03, 0xC7, 0x03, 0xC7, 0x03, 0x80, 0xC6, 0x03, 0xC7, 0x02, 0x80, 0xC7, 0x02, 0x81, 0xC6,
    0x01, 0x40, 0xC1, 0x00, 0x40, 0xC4, 0x01, 0x80, 0xC1, 0x01, 0xC4, 0x01, 0x80, 0xC1, 0x00, 0x40, 0xC4, 0x01, 0x80, 0xC0, 0x80, 0x00, 0x80, 0xC4,
    0x01, 0x40, 0xC0, 0x80, 0x00, 0x40, 0xC4, 0x02, 0xC0, 0x80, 0x01, 0xC4, 0x03, 0x40, 0xC6, 0x03, 0x40, 0xC6, 0x03, 0x80, 0xC6, 0x03, 0x80, 0xC6,
    0x03, 0x80, 0xC6, 0x03, 0x80, 0xC6, 0x03, 0x80, 0xC6, 0x02, 0x40, 0xC7, 0x02, 0x80, 0xC7, 0x02, 0xC0, 0x81, 0xC5, 0x01, 0x80, 0xC0, 0x80, 0x00,
    0x80, 0xC4, 0x01, 0xC1, 0x80, 0x00, 0x40, 0xC4, 0x01, 0x80, 0xC0, 0x80, 0x00, 0x80, 0xC4, 0x01, 0x80, 0xC0, 0x80, 0x00, 0x80, 0xC4, 0x01, 0x40,
    0xC0, 0x80, 0x00, 0x80, 0xC4, 0x01, 0x40, 0xC0, 0x80, 0x01, 0xC4, 0x03, 0x80, 0xC6, 0x03, 0xC7, 0x02, 0x40, 0xC7, 0x02, 0x40, 0xC7, 0x02, 0x40,
    0xC7, 0x02, 0x40, 0xC7, 0x02, 0x80, 0xC7, 0x02, 0xC8, 0x02, 0xC0, 0x80, 0xC6, 0x01, 0x40, 0xC0, 0x40, 0x00, 0xC5, 0x01, 0xC1, 0x40, 0x00, 0x80,
    0xC4, 0x01, 0xC1, 0x40, 0x00, 0x80, 0xC4, 0x01, 0xC1, 0x40, 0x00, 0xC5, 0x01, 0x80, 0xC0, 0x40, 0x00, 0xC5, 0x01, 0x80, 0xC0, 0x40, 0x00, 0x80,
    0xC4, 0x01, 0x40, 0xC0, 0x40, 0x01, 0xC4, 0x03, 0xC7, 0x02, 0x80, 0xC7, 0x02, 0x80, 0xC7, 0x02, 0x80, 0xC7, 0x02, 0x80, 0xC7, 0x02, 0xC8, 0x02,
    0xC8, 0x01, 0x40, 0xC8, 0x01, 0x40, 0xC0, 0x00, 0x80, 0xC5, 0x01, 0x80, 0xC0, 0x01, 0x80, 0xC4, 0x01, 0xC1, 0x01, 0x40, 0xC4, 0x01, 0xC1, 0x01,
    0xC5, 0x01, 0xC1, 0x01, 0xC5, 0x01, 0x80, 0xC0, 0x01, 0x80, 0xC4, 0x01, 0x40, 0xC0, 0x01, 0x40, 0xC4, 0x01, 0x40, 0x80, 0x01, 0x40, 0xC4, 0x02,
    0x40, 0xC7, 0x01, 0xC0, 0x40, 0xC7, 0x01, 0x81, 0xC7, 0x02, 0xC8, 0x02, 0x40, 0xC7, 0x03, 0x40, 0xC6, 0x04, 0xC6, 0x02, 0x40, 0x00, 0xC6, 0x02,
    0x80, 0x01, 0x80, 0xC4, 0x01, 0x81, 0x02, 0xC4, 0x01, 0x81, 0x01, 0x80, 0xC4, 0x01, 0x81, 0x01, 0xC5, 0x01, 0x81, 0x01, 0x80, 0xC4, 0x02, 0x80,
    0x01, 0x40, 0xC4, 0x02, 0x40, 0x01, 0x40, 0xC4, 0x00, 0x40, 0x00, 0x80, 0x01, 0x40, 0xC4, 0x02, 0x80, 0xC7, 0x02, 0x80, 0xC7, 0x02, 0x40, 0xC7,
    0x03, 0x40, 0xC6, 0x02, 0x80, 0x00, 0xC6, 0x02, 0x81, 0x40, 0xC5, 0x02, 0x81, 0x00, 0x40, 0xC4, 0x02, 0x40, 0x02, 0xC4, 0x02, 0x40, 0x02, 0xC4,
    0x01, 0x41, 0x02, 0xC4, 0x01, 0x40, 0x02, 0x80, 0xC4, 0x01, 0x40, 0x02, 0x80, 0xC4, 0x01, 0x40, 0x03, 0xC4, 0x00, 0x40, 0x00, 0x40, 0x02, 0xC4,
    0x00, 0x40, 0x00, 0x40, 0x01, 0x40, 0xC4, 0x01, 0x40, 0x03, 0x40, 0xC3, 0x02, 0xC8, 0x02, 0xC8, 0x02, 0xC8, 0x02, 0xC8, 0x02, 0xC2, 0x40, 0xC4,
    0x02, 0xC2, 0x41, 0xC3, 0x02, 0x80, 0x00, 0x41, 0x00, 0xC3, 0x07, 0x40, 0xC2, 0x07, 0x40, 0xC2, 0x02, 0x40, 0x02, 0x80, 0xC3, 0x02, 0x40, 0x01,
    0x40, 0xC4, 0x01, 0x41, 0x02, 0xC4, 0x06, 0x80, 0xC3, 0x01, 0x41, 0x02, 0xC4, 0x01, 0x80, 0x04, 0xC3, 0x01, 0x80, 0x03, 0x80, 0x40, 0xC2, 0x01,
    0x40, 0xC8, 0x01, 0x40, 0xC8, 0x01, 0x40, 0xC8, 0x01, 0x40, 0xC8, 0x01, 0x40, 0xC8, 0x01, 0x40, 0xC0, 0x41, 0xC5, 0x05, 0x40, 0xC4, 0x06, 0xC0,
    0x40, 0xC2, 0x01, 0x41, 0x02, 0x80, 0x00, 0x40, 0xC1, 0x01, 0x40, 0xC0, 0x02, 0x40, 0x80, 0xC2, 0x01, 0x40, 0x80, 0x02, 0xC4, 0x01, 0x80, 0x40,
    0x02, 0x40, 0xC3, 0x00, 0x40, 0x00, 0x40, 0x02, 0xC4, 0x01, 0x41, 0x03, 0xC3, 0x01, 0x80, 0x03, 0x80, 0x40, 0xC2, 0x06, 0xC1, 0x80, 0xC1, 0x01,
    0x80, 0xC8, 0x01, 0x80, 0xC8, 0x01, 0x80, 0xC8, 0x01, 0x80, 0xC8, 0x01, 0x80, 0xC1, 0x80, 0xC5, 0x01, 0x40, 0x02, 0xC5, 0x01, 0x40, 0x02, 0x40,
    0xC4, 0x01, 0x40, 0x02, 0x40, 0xC4, 0x01, 0x80, 0xC0, 0x01, 0x40, 0xC0, 0x40, 0xC2, 0x01, 0x80, 0xC0, 0x04, 0xC2, 0x01, 0x80, 0x40, 0x02, 0x40,
    0xC3, 0x01, 0x41, 0x02, 0x80, 0xC3, 0x02, 0x40, 0x03, 0xC3, 0x01, 0x80, 0x02, 0x40, 0x80, 0x00, 0xC2, 0x01, 0x40, 0x03, 0xC1, 0x40, 0xC1, 0x06,
    0x80, 0xC3, 0x01, 0xC9, 0x01, 0xC9, 0x01, 0xC9, 0x01, 0xC9, 0x01, 0x41, 0x00, 0x80, 0xC5, 0x05, 0x80, 0xC4, 0x05, 0x81, 0xC3, 0x01, 0x80, 0x40,
    0x01, 0x81, 0xC3, 0x01, 0xC0, 0x80, 0x01, 0x41, 0x00, 0x80, 0xC1, 0x01, 0xC0, 0x80, 0x02, 0x40, 0x80, 0xC2, 0x01, 0x80, 0x40, 0x02, 0xC4, 0x01,
    0x41, 0x02, 0x40, 0xC3, 0x01, 0x40, 0x02, 0x80, 0x40, 0x80, 0xC2, 0x01, 0x40, 0x02, 0x40, 0xC0, 0x81, 0xC1, 0x06, 0xC4, 0x06, 0x80, 0xC3, 0x01,
    0xC9, 0x01, 0xC9, 0x01, 0xC9, 0x01, 0x80, 0x40, 0x80, 0xC6, 0x00, 0x40, 0x02, 0xC6, 0x00, 0x40, 0x02, 0x40, 0xC5, 0x04, 0x41, 0xC4, 0x01, 0x80,
    0x05, 0x40, 0xC1, 0x01, 0x80, 0x02, 0x80, 0xC4, 0x01, 0xC0, 0x40, 0x01, 0x40, 0xC4, 0x01, 0xC0, 0x03, 0xC4, 0x01, 0x40, 0x02, 0x41, 0xC3, 0x05,
    0xC1, 0x80, 0xC2, 0x05, 0x80, 0xC4, 0x06, 0xC4, 0x00, 0x40, 0x04, 0xC4, 0x01, 0xC9, 0x01, 0xC9, 0x01, 0xC9, 0x01, 0x42, 0xC6, 0x00, 0x80, 0x02,
    0x81, 0xC4, 0x00, 0x80, 0x02, 0x81, 0xC4, 0x01, 0x40, 0x01, 0x84, 0xC1, 0x01, 0x40, 0x03, 0x41, 0x80, 0xC1, 0x01, 0x40, 0x02, 0xC5, 0x01, 0xC0,
    0x02, 0x80, 0xC4, 0x01, 0xC0, 0x03, 0xC4, 0x04, 0x40, 0x80, 0x40, 0xC3, 0x05, 0x81, 0xC3, 0x00, 0x40, 0x03, 0xC5, 0x00, 0x80, 0x03, 0x40, 0xC4,
    0x00, 0x80, 0x03, 0x80, 0xC4, 0x01, 0x80, 0xC8, 0x01, 0x80, 0xC8, 0x01, 0x80, 0xC8, 0x01, 0x40, 0x00, 0x80, 0xC6, 0x00, 0x41, 0x01, 0x40, 0xC5,
    0x00, 0x80, 0x02, 0x80, 0xC5, 0x41, 0x01, 0x40, 0xC8, 0x02, 0x81, 0xC4, 0x00, 0x80, 0x02, 0x80, 0xC5, 0x00, 0x40, 0x03, 0x40, 0xC4, 0x00, 0x40,
    0x01, 0x40, 0x00, 0x40, 0xC4, 0x00, 0xC0, 0x02, 0xC0, 0x80, 0xC4, 0x00, 0xC0, 0x02, 0x81, 0xC4, 0x00, 0xC0, 0x02, 0x40, 0xC5, 0x40, 0xC0, 0x02,
    0x40, 0xC5, 0x40, 0xC0, 0x40, 0x01, 0xC6, 0x01, 0x40, 0xC8, 0x01, 0x40, 0xC8, 0x01, 0x40, 0xC8, 0x00, 0x40, 0x80, 0x00, 0x40, 0xC6, 0x40, 0xC0,
    0x80, 0x01, 0xC6, 0x40, 0xC0, 0x80, 0x01, 0xC8, 0x80, 0x01, 0x40, 0xC7, 0x80, 0x02, 0xC5, 0x80, 0xC0, 0x80, 0x02, 0xC5, 0x80, 0xC2, 0x01, 0xC7,
    0x80, 0xC0, 0x41, 0x80, 0xC6, 0x80, 0x00, 0xC1, 0x40, 0xC6, 0x80, 0x00, 0x40, 0xC8, 0x80, 0x00, 0x80, 0xC6, 0x80, 0xC0, 0x80, 0x00, 0xC8, 0x80,
    0x40, 0x00, 0x80, 0xC6, 0x02, 0x80, 0xC7, 0x02, 0x80, 0xC7, 0x02, 0x80, 0xC7, 0x01, 0xC0, 0x40, 0x00, 0x80, 0xC5, 0x00, 0x40, 0xC0, 0x40, 0x00,
    0x40, 0xC5, 0x41, 0xC0, 0x40, 0x01, 0xC8, 0x43, 0xC4, 0x80, 0xC1, 0x40, 0x01, 0x40, 0xC4, 0x00, 0xC1, 0x80, 0x40, 0x00, 0x40, 0xC4, 0x40, 0xC3,
    0x01, 0xC4, 0x40, 0xC3, 0x41, 0x80, 0xC6, 0x40, 0xCA, 0x41, 0xC9, 0x40, 0x00, 0xC9, 0x41, 0xC6, 0x40, 0xC0, 0x40, 0x01, 0xC6, 0x03, 0x80, 0xC6,
    0x03, 0x80, 0xC6, 0x03, 0x40, 0xC6, 0x02, 0x80, 0x40, 0x00, 0x80, 0xC4, 0x01, 0x40, 0xC0, 0x40, 0x00, 0x40, 0xC4, 0x00, 0x80, 0x40, 0xC0, 0x40,
    0x01, 0x80, 0xC7, 0x40, 0x81, 0x00, 0xC3, 0x00, 0x80, 0xC1, 0x40, 0x02, 0xC3, 0x01, 0xC1, 0x80, 0x40, 0x01, 0xC3, 0x01, 0xC3, 0x41, 0xC3, 0x00,
    0x40, 0xC1, 0x80, 0xC0, 0x00, 0x40, 0x80, 0xC2, 0x00, 0x80, 0xC1, 0x40, 0xC6, 0x00, 0xC2, 0x41, 0xC9, 0x40, 0x00, 0xC5, 0x80, 0xC2, 0x40, 0x00,
    0xC5, 0x01, 0xC0, 0x40, 0x01, 0xC5, 0x04, 0x40, 0xC5, 0x04, 0x40, 0xC5, 0x05, 0x80, 0xC4, 0x04, 0x80, 0x01, 0xC3, 0x02, 0x40, 0xC0, 0x80, 0x01,
    0xC3, 0x01, 0x80, 0x40, 0xC0, 0x80, 0x02, 0xC7, 0x80, 0x40, 0xC0, 0x40, 0x80, 0xC1, 0x40, 0x00, 0x40, 0xC1, 0x80, 0x02, 0x40, 0xC1, 0x02, 0x80,
    0xC0, 0x80, 0x40, 0x01, 0x40, 0xC1, 0x02, 0x80, 0xC2, 0x40, 0x00, 0xC2, 0x02, 0xC1, 0x80, 0xC0, 0x42, 0xC1, 0x02, 0xC1, 0x80, 0x40, 0xC1, 0x80,
    0xC1, 0x01, 0x40, 0xC1, 0x80, 0x00, 0xC4, 0x00, 0x40, 0xC2, 0x80, 0x00, 0x40, 0xC3, 0x01, 0x80, 0xC1, 0x80, 0x00, 0x80, 0xC3, 0x02, 0x80, 0xC0,
    0x01, 0x40, 0xC3, 0x06, 0x80, 0xC3, 0x06, 0x80, 0xC3, 0x06, 0x40, 0x80, 0xC2, 0x05, 0x41, 0x00, 0x40, 0xC1, 0x03, 0x41, 0xC0, 0x40, 0x01, 0xC1,
    0x03, 0x80, 0x40, 0xC0, 0x40, 0x00, 0x40, 0x00, 0xC0, 0x80, 0xC5, 0x41, 0xC0, 0x40, 0x81, 0x40, 0x00, 0x40, 0x80, 0xC1, 0x40, 0x02, 0x40, 0x01,
    0x40, 0x01, 0xC1, 0x40, 0x02, 0x40, 0x04, 0xC1, 0x81, 0x00, 0x80, 0xC0, 0x04, 0xC1, 0x40, 0x80, 0x00, 0x40, 0xC0, 0x03, 0x40, 0xC1, 0x41, 0x80,
    0x40, 0xC0, 0x03, 0x80, 0xC1, 0x40, 0x00, 0xC2, 0x03, 0xC2, 0x40, 0x00, 0x40, 0xC1, 0x03, 0xC2, 0x40, 0x00, 0xC2, 0x04, 0xC1, 0x40, 0x00, 0x80,
    0xC1, 0x08, 0x80, 0xC1, 0x08, 0x80, 0xC1, 0x08, 0x40, 0x80, 0xC0, 0x08, 0x40, 0x08, 0x40, 0xC0, 0x40, 0x07, 0x40, 0x80, 0xC0, 0x40, 0x00, 0x42,
    0x80, 0xC5, 0x40, 0x00, 0xC0, 0x41, 0x80, 0x40, 0x01, 0x80, 0xC1, 0x40, 0x06, 0x40, 0x00, 0x80, 0xC0, 0x41, 0x04, 0x40, 0x01, 0xC1, 0x40, 0x00,
    0x80, 0x06, 0xC1, 0x41, 0x07, 0xC1, 0x40, 0x00, 0x40, 0x05, 0x40, 0xC1, 0x40, 0x00, 0x80, 0x05, 0x40, 0xC1, 0x40, 0x07, 0x40, 0xC1, 0x40, 0x00,
    0x80, 0x06, 0x80, 0xC0, 0x80, 0x00, 0x40, 0x2E, 0x40, 0x09, 0x80, 0xC0, 0x08, 0x40, 0x80, 0xC0, 0x44, 0x80, 0xC5, 0x40, 0x84, 0x40, 0x00, 0x40,
    0x80, 0xC1, 0x09, 0x80, 0xC0, 0x06, 0x41, 0x00, 0xC1, 0x09, 0xC1, 0x08, 0x40, 0xC1, 0x08, 0x80, 0xC1, 0x08, 0xC2, 0x08, 0x80, 0xC1, 0x09, 0xC1,
    0x3F, 0x0A, 0x44, 0x81, 0xC0, 0x80, 0x02, 0x40, 0x85, 0x00, 0x40, 0x16, 0x40, 0x0A, 0x40, 0x3B, 0x3F, 0x0D, 0x42, 0x01, 0x80, 0x05, 0x40, 0x84,
    0x3F, 0x1F, 0x3F, 0x10, 0x42, 0x08, 0x82, 0x3F, 0x1F, 0x3F, 0x1E, 0x80, 0x3F, 0x1F, 0x3F, 0x3F, 0x3F, 0x3F, 0x3F, 0x3F, 0x3F, 0x3F, 0x3F, 0x3F,
    0x3F, 0x3F, 0x3F, 0x2A, 0x40, 0x3F, 0x13, 0x3F, 0x2A, 0xC0, 0x0A, 0x80, 0x3F, 0x07, 0x3F, 0x1D, 0x40, 0x0A, 0xC1, 0x09, 0x80, 0xC0, 0x0A, 0x80,
    0x3B, 0x3F, 0x1C, 0x81, 0x40, 0x08, 0xC2, 0x08, 0x40, 0xC1, 0x09, 0xC1, 0x0A, 0xC0, 0x2F, 0x3F, 0x1B, 0x80, 0xC1, 0x40, 0x07, 0x80, 0xC2, 0x07,
    0x40, 0xC2, 0x08, 0xC2, 0x09, 0xC1, 0x0A, 0xC0, 0x0A, 0x40, 0x17, 0x3F, 0x0E, 0x40, 0xC0, 0x80, 0x08, 0x40, 0xC2, 0x40, 0x06, 0x40, 0xC3, 0x07,
    0xC3, 0x07, 0x80, 0xC2, 0x08, 0xC2, 0x09, 0xC1, 0x09, 0x40, 0xC0, 0x0A, 0x80, 0x0B, 0x3F, 0x02, 0x80, 0x40, 0x09, 0xC2, 0x08, 0xC3, 0x07, 0xC3,
    0x80, 0x06, 0x80, 0xC3, 0x07, 0xC3, 0x07, 0x40, 0xC2, 0x08, 0xC2, 0x08, 0x40, 0xC1, 0x09, 0xC1, 0x09, 0x40, 0xC0, 0x35, 0x41, 0x09, 0xC2, 0x08,
    0xC3, 0x07, 0x80, 0xC2, 0x80, 0x06, 0x40, 0xC3, 0x07, 0xC3, 0x40, 0x06, 0x80, 0xC2, 0x80, 0x07, 0xC2, 0x80, 0x07, 0x80, 0xC2, 0x07, 0x40, 0xC2,
    0x08, 0xC2, 0x08, 0x80, 0xC1, 0x29, 0x40, 0x09, 0x40, 0xC1, 0x08, 0x40, 0xC2, 0x08, 0xC2, 0x80, 0x07, 0xC3, 0x07, 0xC3, 0x40, 0x06, 0x80, 0xC2,
    0x80, 0x07, 0xC2, 0x80, 0x07, 0xC2, 0x80, 0x07, 0x80, 0xC2, 0x07, 0x40, 0xC2, 0x08, 0xC2, 0x40, 0x07, 0xC2, 0x80, 0x28, 0xC1, 0x40, 0x08, 0xC2,
    0x08, 0xC2, 0x80, 0x07, 0x40, 0xC2, 0x07, 0x40, 0xC2, 0x80, 0x06, 0x40, 0xC2, 0x80, 0x07, 0xC2, 0x80, 0x07, 0xC2, 0x40, 0x07, 0x80, 0xC1, 0x80,
    0x07, 0x80, 0xC1, 0x80, 0x07, 0x80, 0xC2, 0x07, 0x40, 0xC2, 0x07, 0x40, 0xC2, 0x01, 0x1C, 0xC0, 0x40, 0x08, 0x80, 0xC1, 0x40, 0x07, 0x40, 0xC2,
    0x08, 0xC2, 0x40, 0x07, 0xC3, 0x07, 0xC3, 0x07, 0xC3, 0x07, 0x80, 0xC1, 0x40, 0x07, 0x80, 0xC1, 0x40, 0x07, 0x80, 0xC1, 0x40, 0x07, 0x80, 0xC1,
    0x80, 0x07, 0x80, 0xC1, 0x80, 0x07, 0x80, 0xC1, 0x80, 0x07, 0x80, 0xC2, 0x02, 0x0F, 0x41, 0x09, 0xC1, 0x80, 0x08, 0xC2, 0x08, 0x40, 0xC1, 0x40,
    0x08, 0xC2, 0x07, 0x40, 0xC2, 0x40, 0x06, 0x40, 0xC2, 0x40, 0x07, 0xC2, 0x08, 0xC1, 0x80, 0x08, 0xC1, 0x80, 0x07, 0x40, 0xC1, 0x80, 0x07, 0x40,
    0xC1, 0x80, 0x07, 0x80, 0xC1, 0x80, 0x07, 0x80, 0xC1, 0x80, 0x07, 0x40, 0xC2, 0x03, 0x0F, 0x41, 0x09, 0xC1, 0x80, 0x08, 0xC2, 0x09, 0xC1, 0x40,
    0x08, 0xC2, 0x07, 0x40, 0xC2, 0x40, 0x06, 0x40, 0xC2, 0x40, 0x07, 0xC2, 0x08, 0xC1, 0x80, 0x07, 0x40, 0xC1, 0x40, 0x07, 0x40, 0xC1, 0x40, 0x07,
    0x80, 0xC1, 0x80, 0x07, 0x80, 0xC1, 0x80, 0x07, 0x80, 0xC1, 0x80, 0x07, 0x80, 0xC1, 0x80, 0x03, 0x0F, 0x41, 0x09, 0xC1, 0x80, 0x08, 0xC2, 0x09,
    0xC1, 0x40, 0x08, 0xC2, 0x07, 0x40, 0xC2, 0x40, 0x06, 0x40, 0xC2, 0x80, 0x07, 0xC2, 0x80, 0x07, 0xC1, 0x40, 0x07, 0x40, 0xC1, 0x40, 0x07, 0x40,
    0xC1, 0x40, 0x07, 0x80, 0xC1, 0x80, 0x07, 0x80, 0xC1, 0x80, 0x07, 0x80, 0xC1, 0x80, 0x07, 0x80, 0xC1, 0x80, 0x03, 0x0F, 0x80, 0x40, 0x09, 0xC1,
    0x80, 0x08, 0xC2, 0x08, 0x40, 0xC1, 0x40, 0x08, 0xC2, 0x07, 0x80, 0xC2, 0x40, 0x06, 0x40, 0xC2, 0x80, 0x07, 0xC2, 0x80, 0x07, 0xC1, 0x40, 0x07,
    0x40, 0xC1, 0x40, 0x07, 0x40, 0xC1, 0x80, 0x07, 0x80, 0xC1, 0x80, 0x07, 0x80, 0xC1, 0x80, 0x07, 0x80, 0xC1, 0x80, 0x07, 0x80, 0xC1, 0x80, 0x03,
    0x0F, 0x80, 0x40, 0x09, 0xC1, 0x80, 0x07, 0x40, 0xC2, 0x08, 0x40, 0xC1, 0x40, 0x08, 0xC2, 0x07, 0x80, 0xC2, 0x40, 0x06, 0x80, 0xC2, 0x80, 0x07,
    0xC2, 0x80, 0x07, 0xC1, 0x41, 0x06, 0x40, 0xC1, 0x40, 0x07, 0x40, 0xC1, 0x80, 0x07, 0x80, 0xC1, 0x80, 0x07, 0x80, 0xC1, 0x80, 0x07, 0x80, 0xC1,
    0x80, 0x07, 0x80, 0xC1, 0x80, 0x03, 0x0F, 0x80, 0x40, 0x09, 0xC1, 0x40, 0x07, 0x40, 0xC2, 0x08, 0x80, 0xC1, 0x40, 0x08, 0xC2, 0x07, 0x80, 0xC2,
    0x40, 0x06, 0x80, 0xC2, 0x80, 0x06, 0x40, 0xC2, 0x80, 0x06, 0x40, 0xC1, 0x80, 0x40, 0x06, 0x40, 0xC1, 0x40, 0x07, 0x40, 0xC1, 0x80, 0x07, 0x80,
    0xC1, 0x80, 0x07, 0x80, 0xC1, 0x80, 0x07, 0x80, 0xC1, 0x80, 0x07, 0xC2, 0x80, 0x03, 0x0F, 0x80, 0x40, 0x09, 0xC1, 0x40, 0x07, 0x40, 0xC2, 0x08,
    0x80, 0xC1, 0x40, 0x08, 0xC1, 0x80, 0x07, 0x80, 0xC2, 0x07, 0x80, 0xC2, 0x40, 0x06, 0x40, 0xC2, 0x40, 0x06, 0x40, 0xC2, 0x40, 0x06, 0x40, 0xC1,
    0x80, 0x07, 0x40, 0xC1, 0x80, 0x07, 0x80, 0xC1, 0x80, 0x07, 0x80, 0xC1, 0x80, 0x07, 0x80, 0xC1, 0x80, 0x07, 0xC2, 0x80, 0x03, 0x0F, 0x80, 0x40,
    0x08, 0x40, 0xC1, 0x40, 0x07, 0x40, 0xC2, 0x08, 0xC2, 0x40, 0x08, 0xC1, 0x80, 0x07, 0x80, 0xC2, 0x07, 0x80, 0xC2, 0x40, 0x06, 0x80, 0xC2, 0x40,
    0x06, 0x40, 0xC2, 0x07, 0x40, 0xC2, 0x07, 0x40, 0xC1, 0x80, 0x07, 0x80, 0xC1, 0x80, 0x07, 0x80, 0xC1, 0x80, 0x07, 0xC3, 0x07, 0xC3, 0x03, 0x0F,
    0x80, 0x09, 0x40, 0xC1, 0x40, 0x07, 0x80, 0xC2, 0x07, 0x40, 0xC2, 0x40, 0x07, 0x40, 0xC1, 0x80, 0x07, 0x40, 0xC2, 0x07, 0xC3, 0x40, 0x06, 0x80,
    0xC2, 0x40, 0x06, 0x40, 0xC2, 0x07, 0x40, 0xC2, 0x07, 0x40, 0xC1, 0x80, 0x07, 0x40, 0xC1, 0x80, 0x07, 0x80, 0xC1, 0x80, 0x07, 0xC3, 0x07, 0xC3,
    0x03, 0x0F, 0x80, 0x09, 0x40, 0xC1, 0x40, 0x07, 0x80, 0xC2, 0x07, 0x80, 0xC2, 0x40, 0x07, 0x40, 0xC1, 0x80, 0x07, 0x40, 0xC2, 0x07, 0xC3, 0x40,
    0x06, 0xC3, 0x80, 0x06, 0x80, 0xC2, 0x40, 0x06, 0x40, 0xC2, 0x07, 0x40, 0xC2, 0x07, 0xC3, 0x07, 0x80, 0xC2, 0x07, 0xC3, 0x07, 0xC3, 0x03, 0x0F,
    0x80, 0x09, 0x40, 0xC1, 0x40, 0x07, 0x80, 0xC2, 0x07, 0x80, 0xC2, 0x40, 0x07, 0x80, 0xC1, 0x80, 0x07, 0x40, 0xC2, 0x07, 0xC3, 0x40, 0x06, 0xC3,
    0x80, 0x06, 0x80, 0xC2, 0x80, 0x06, 0x40, 0xC2, 0x40, 0x06, 0xC3, 0x06, 0x80, 0xC3, 0x06, 0x80, 0xC3, 0x07, 0xC3, 0x07, 0xC3, 0x03, 0x0F, 0x80,
    0x09, 0x40, 0xC1, 0x40, 0x07, 0x80, 0xC2, 0x07, 0xC3, 0x40, 0x07, 0x80, 0xC1, 0x80, 0x07, 0x40, 0xC2, 0x07, 0x80, 0xC2, 0x40, 0x06, 0xC3, 0x80,
    0x06, 0xC3, 0x80, 0x06, 0x80, 0xC2, 0x80, 0x05, 0x80, 0xC3, 0x40, 0x04, 0x40, 0xC0, 0x80, 0xC2, 0x05, 0x82, 0xC2, 0x07, 0xC3, 0x07, 0xC3, 0x03,
    0x0F, 0x80, 0x09, 0x40, 0xC1, 0x40, 0x07, 0x80, 0xC2, 0x07, 0xC3, 0x40, 0x07, 0xC2, 0x80, 0x07, 0x40, 0xC2, 0x07, 0x80, 0xC2, 0x40, 0x06, 0xC4,
    0x06, 0xC4, 0x06, 0xC3, 0x80, 0x05, 0xC4, 0x80, 0x04, 0x82, 0xC2, 0x05, 0xC0, 0x00, 0x80, 0xC2, 0x05, 0x40, 0x00, 0x80, 0xC2, 0x07, 0xC3, 0x03,
    0x0F, 0x80, 0x40, 0x08, 0x40, 0xC1, 0x40, 0x07, 0x80, 0xC2, 0x07, 0xC3, 0x80, 0x07, 0xC3, 0x07, 0x40, 0xC2, 0x07, 0x80, 0xC2, 0x40, 0x06, 0xC4,
    0x06, 0xC4, 0x06, 0xC4, 0x04, 0x40, 0xC5, 0x04, 0xC0, 0x40, 0x80, 0xC2, 0x40, 0x03, 0x81, 0x00, 0x80, 0xC2, 0x07, 0x80, 0xC2, 0x07, 0xC3, 0x03,
    0x0F, 0x41, 0x08, 0x40, 0xC1, 0x40, 0x07, 0x80, 0xC2, 0x07, 0xC3, 0x80, 0x07, 0xC3, 0x07, 0x40, 0xC2, 0x07, 0x80, 0xC2, 0x40, 0x06, 0xC4, 0x06,
    0xC4, 0x05, 0x40, 0xC4, 0x04, 0xC6, 0x03, 0x80, 0xC0, 0x00, 0x80, 0xC2, 0x40, 0x03, 0xC0, 0x40, 0x00, 0x80, 0xC2, 0x07, 0x80, 0xC2, 0x07, 0xC3,
    0x03, 0x0F, 0x40, 0x80, 0x08, 0x40, 0xC1, 0x40, 0x07, 0x80, 0xC2, 0x07, 0x80, 0xC2, 0x80, 0x07, 0xC3, 0x07, 0x40, 0xC2, 0x07, 0x80, 0xC2, 0x40,
    0x06, 0xC4, 0x06, 0xC4, 0x05, 0x40, 0xC4, 0x03, 0x40, 0xC6, 0x03, 0xC0, 0x40, 0x00, 0x80, 0xC2, 0x40, 0x03, 0x80, 0x01, 0x80, 0xC2, 0x07, 0x80,
    0xC2, 0x07, 0xC3, 0x03, 0x0F, 0x40, 0x80, 0x09, 0xC1, 0x40, 0x07, 0x80, 0xC2, 0x07, 0x80, 0xC2, 0x80, 0x07, 0x80, 0xC2, 0x07, 0x40, 0xC2, 0x07,
    0x80, 0xC2, 0x40, 0x06, 0xC4, 0x06, 0xC4, 0x04, 0x40, 0x80, 0xC4, 0x03, 0x80, 0xC0, 0x81, 0xC2, 0x80, 0x02, 0x40, 0xC0, 0x01, 0x80, 0xC2, 0x40,
    0x06, 0x80, 0xC2, 0x07, 0x80, 0xC2, 0x07, 0xC3, 0x03, 0x10, 0xC0, 0x09, 0xC1, 0x80, 0x07, 0x80, 0xC2, 0x07, 0x80, 0xC2, 0x80, 0x07, 0x80, 0xC2,
    0x08, 0xC2, 0x07, 0x80, 0xC2, 0x40, 0x06, 0xC3, 0x80, 0x06, 0xC4, 0x04, 0x80, 0xC4, 0x80, 0x02, 0x40, 0xC1, 0x40, 0x80, 0xC2, 0x80, 0x02, 0x81,
    0x01, 0x80, 0xC2, 0x40, 0x06, 0x80, 0xC2, 0x07, 0x80, 0xC2, 0x07, 0xC3, 0x03, 0x10, 0xC0, 0x09, 0xC1, 0x80, 0x07, 0x80, 0xC2, 0x40, 0x06, 0x80,
    0xC2, 0x80, 0x07, 0x80, 0xC2, 0x08, 0xC2, 0x07, 0x80, 0xC2, 0x40, 0x06, 0xC3, 0x80, 0x06, 0xC4, 0x03, 0x80, 0xC5, 0x80, 0x02, 0x80, 0xC0, 0x80,
    0x40, 0x80, 0xC2, 0x80, 0x02, 0x40, 0x02, 0x80, 0xC2, 0x40, 0x06, 0x80, 0xC2, 0x07, 0x80, 0xC2, 0x07, 0xC3, 0x03, 0x10, 0xC0, 0x09, 0xC1, 0x80,
    0x07, 0x80, 0xC2, 0x40, 0x06, 0x80, 0xC2, 0x80, 0x07, 0x80, 0xC2, 0x08, 0xC2, 0x07, 0x80, 0xC2, 0x40, 0x06, 0xC3, 0x80, 0x06, 0xC4, 0x02, 0x40,
    0xC6, 0x80, 0x02, 0xC0, 0x80, 0x40, 0x00, 0x80, 0xC2, 0x80, 0x06, 0x80, 0xC2, 0x07, 0x80, 0xC2, 0x07, 0x80, 0xC2, 0x07, 0xC3, 0x03, 0x10, 0xC0,
    0x09, 0xC1, 0x80, 0x07, 0x80, 0xC2, 0x40, 0x06, 0x80, 0xC2, 0x80, 0x07, 0x80, 0xC2, 0x08, 0xC2, 0x07, 0x80, 0xC2, 0x40, 0x06, 0xC3, 0x80, 0x06,
    0xC4, 0x02, 0xC7, 0x80, 0x02, 0x80, 0x40, 0x01, 0x80, 0xC2, 0x80, 0x06, 0x80, 0xC2, 0x07, 0x80, 0xC2, 0x07, 0x80, 0xC2, 0x07, 0xC3, 0x03, 0x10,
    0xC0, 0x09, 0xC1, 0x80, 0x07, 0x40, 0xC2, 0x40, 0x06, 0x40, 0xC2, 0x80, 0x07, 0x80, 0xC2, 0x08, 0xC2, 0x07, 0x80, 0xC2, 0x40, 0x06, 0xC3, 0x80,
    0x03, 0x42, 0xC4, 0x02, 0xC7, 0x80, 0x06, 0x80, 0xC2, 0x80, 0x06, 0x80, 0xC2, 0x07, 0x80, 0xC2, 0x07, 0x80, 0xC2, 0x07, 0x80, 0xC2, 0x03, 0x10,
    0xC0, 0x40, 0x08, 0xC2, 0x07, 0x40, 0xC2, 0x40, 0x06, 0x40, 0xC2, 0x80, 0x07, 0x80, 0xC2, 0x08, 0xC2, 0x07, 0x80, 0xC2, 0x40, 0x06, 0xC3, 0x80,
    0x02, 0x42, 0x80, 0xC4, 0x02, 0xC7, 0x80, 0x06, 0x80, 0xC2, 0x80, 0x06, 0x80, 0xC2, 0x07, 0x80, 0xC2, 0x07, 0x80, 0xC2, 0x07, 0x80, 0xC2, 0x03,
    0x10, 0xC0, 0x40, 0x08, 0xC2, 0x07, 0x40, 0xC2, 0x40, 0x06, 0x40, 0xC2, 0x80, 0x07, 0x80, 0xC2, 0x08, 0xC2, 0x07, 0x80, 0xC2, 0x40, 0x06, 0xC3,
    0x80, 0x02, 0x81, 0x40, 0x80, 0xC4, 0x02, 0x82, 0xC4, 0x80, 0x06, 0x80, 0xC2, 0x80, 0x06, 0x80, 0xC2, 0x07, 0x80, 0xC2, 0x07, 0x80, 0xC2, 0x07,
    0x80, 0xC2, 0x03, 0x10, 0xC0, 0x40, 0x08, 0xC2, 0x07, 0x40, 0xC2, 0x40, 0x06, 0x40, 0xC2, 0x80, 0x07, 0x80, 0xC2, 0x08, 0xC2, 0x07, 0x80, 0xC2,
    0x40, 0x06, 0xC3, 0x80, 0x02, 0x81, 0x40, 0x80, 0xC4, 0x02, 0x40, 0x81, 0xC0, 0x80, 0xC2, 0x80, 0x06, 0x80, 0xC2, 0x80, 0x06, 0x80, 0xC2, 0x07,
    0x80, 0xC2, 0x07, 0x80, 0xC2, 0x07, 0x80, 0xC2, 0x03, 0x10, 0xC0, 0x40, 0x08, 0xC2, 0x07, 0x40, 0xC2, 0x40, 0x06, 0x40, 0xC2, 0x80, 0x07, 0x80,
    0xC2, 0x08, 0xC2, 0x07, 0x80, 0xC2, 0x40, 0x05, 0x40, 0xC3, 0x80, 0x02, 0xC1, 0x80, 0xC5, 0x03, 0x40, 0x82, 0xC2, 0x80, 0x06, 0x80, 0xC2, 0x80,
    0x06, 0x80, 0xC2, 0x07, 0x80, 0xC2, 0x07, 0x80, 0xC2, 0x07, 0x80, 0xC2, 0x03, 0x10, 0xC0, 0x40, 0x08, 0xC2, 0x07, 0x40, 0xC2, 0x40, 0x06, 0x40,
    0xC2, 0x80, 0x07, 0x80, 0xC2, 0x08, 0xC2, 0x07, 0x80, 0xC2, 0x40, 0x05, 0x40, 0xC3, 0x80, 0x02, 0xC1, 0x80, 0xC5, 0x03, 0x40, 0x82, 0xC2, 0x80,
    0x06, 0x80, 0xC2, 0x80, 0x06, 0x80, 0xC2, 0x07, 0x80, 0xC2, 0x07, 0x80, 0xC2, 0x07, 0x80, 0xC2, 0x03, 0x10, 0xC0, 0x40, 0x08, 0xC2, 0x07, 0x40,
    0xC2, 0x40, 0x06, 0x40, 0xC2, 0x80, 0x07, 0x80, 0xC2, 0x08, 0xC2, 0x07, 0x80, 0xC2, 0x40, 0x05, 0x40, 0xC3, 0x80, 0x02, 0xC1, 0x80, 0xC5, 0x03,
    0x40, 0x82, 0xC2, 0x80, 0x06, 0x80, 0xC2, 0x80, 0x06, 0x80, 0xC2, 0x40, 0x06, 0x80, 0xC2, 0x07, 0x80, 0xC2, 0x07, 0x80, 0xC2, 0x03, 0x10, 0xC0,
    0x40, 0x08, 0xC2, 0x07, 0x40, 0xC2, 0x40, 0x06, 0x40, 0xC2, 0x80, 0x07, 0x80, 0xC2, 0x08, 0xC2, 0x07, 0x80, 0xC2, 0x40, 0x05, 0x40, 0xC3, 0x80,
    0x02, 0xC1, 0x80, 0xC5, 0x03, 0x40, 0x82, 0xC2, 0x80, 0x06, 0x80, 0xC2, 0x80, 0x06, 0x80, 0xC2, 0x40, 0x06, 0x80, 0xC2, 0x07, 0x80, 0xC2, 0x07,
    0x80, 0xC2, 0x03, 0x10, 0xC0, 0x40, 0x08, 0xC2, 0x07, 0x40, 0xC2, 0x40, 0x06, 0x40, 0xC2, 0x80, 0x07, 0x80, 0xC2, 0x08, 0xC2, 0x07, 0xC3, 0x40,
    0x05, 0x40, 0xC3, 0x80, 0x02, 0xC1, 0x80, 0xC5, 0x03, 0x40, 0x80, 0x40, 0x80, 0xC2, 0x80, 0x06, 0x80, 0xC2, 0x80, 0x06, 0x80, 0xC2, 0x40, 0x06,
    0x40, 0xC2, 0x07, 0x80, 0xC2, 0x07, 0x80, 0xC2, 0x03, 0x10, 0xC0, 0x40, 0x08, 0xC2, 0x07, 0x40, 0xC2, 0x40, 0x06, 0x40, 0xC2, 0x80, 0x07, 0x80,
    0xC2, 0x08, 0xC2, 0x07, 0xC3, 0x40, 0x05, 0x40, 0xC3, 0x80, 0x02, 0xC1, 0x80, 0xC5, 0x03, 0x40, 0x80, 0x40, 0x80, 0xC2, 0x80, 0x06, 0x80, 0xC2,
    0x80, 0x06, 0x80, 0xC2, 0x40, 0x06, 0x40, 0xC2, 0x07, 0x80, 0xC2, 0x07, 0x80, 0xC2, 0x03, 0x10, 0xC0, 0x80, 0x08, 0xC2, 0x07, 0x40, 0xC2, 0x40,
    0x06, 0x40, 0xC2, 0x80, 0x07, 0x80, 0xC2, 0x08, 0xC2, 0x07, 0xC3, 0x40, 0x05, 0x40, 0xC3, 0x80, 0x02, 0xC1, 0x80, 0xC5, 0x03, 0x42, 0x80, 0xC3,
    0x06, 0x80, 0xC2, 0x80, 0x06, 0x40, 0xC2, 0x40, 0x06, 0x40, 0xC2, 0x07, 0x80, 0xC2, 0x07, 0x80, 0xC2, 0x03, 0x10, 0x81, 0x08, 0xC2, 0x07, 0x40,
    0xC2, 0x40, 0x06, 0x40, 0xC3, 0x07, 0x80, 0xC2, 0x08, 0xC2, 0x07, 0xC3, 0x40, 0x05, 0x40, 0xC3, 0x80, 0x02, 0x80, 0xC0, 0x80, 0xC5, 0x04, 0x41,
    0x80, 0xC3, 0x06, 0x80, 0xC2, 0x80, 0x06, 0x40, 0xC2, 0x40, 0x06, 0x40, 0xC2, 0x07, 0x80, 0xC2, 0x07, 0x80, 0xC2, 0x03, 0x10, 0x81, 0x08, 0xC2,
    0x07, 0x40, 0xC2, 0x40, 0x06, 0x40, 0xC3, 0x07, 0x80, 0xC2, 0x08, 0xC2, 0x07, 0xC3, 0x40, 0x05, 0x40, 0xC3, 0x80, 0x02, 0x80, 0xC0, 0x80, 0xC5,
    0x04, 0x41, 0x80, 0xC3, 0x06, 0x80, 0xC2, 0x80, 0x06, 0x40, 0xC2, 0x40, 0x06, 0x40, 0xC2, 0x07, 0x80, 0xC2, 0x07, 0x80, 0xC2, 0x03, 0x10, 0x81,
    0x08, 0xC2, 0x07, 0x40, 0xC2, 0x40, 0x06, 0x40, 0xC3, 0x07, 0x80, 0xC2, 0x08, 0xC2, 0x07, 0xC3, 0x40, 0x02, 0x40, 0x01, 0x80, 0xC3, 0x80, 0x02,
    0x80, 0xC0, 0x80, 0xC5, 0x04, 0x41, 0x80, 0xC3, 0x06, 0x80, 0xC2, 0x80, 0x06, 0x40, 0xC2, 0x40, 0x06, 0x40, 0xC2, 0x07, 0x80, 0xC2, 0x07, 0x80,
    0xC2, 0x03, 0x10, 0x81, 0x08, 0xC2, 0x07, 0x40, 0xC2, 0x40, 0x06, 0x40, 0xC3, 0x07, 0x80, 0xC2, 0x08, 0xC2, 0x07, 0xC3, 0x40, 0x02, 0x40, 0x01,
    0x80, 0xC3, 0x80, 0x02, 0x80, 0xC7, 0x04, 0x41, 0x80, 0xC3, 0x06, 0x80, 0xC2, 0x80, 0x06, 0x40, 0xC2, 0x40, 0x06, 0x40, 0xC2, 0x07, 0x80, 0xC2,
    0x07, 0x80, 0xC2, 0x03, 0x10, 0x81, 0x08, 0xC2, 0x07, 0x40, 0xC2, 0x40, 0x06, 0x40, 0xC3, 0x07, 0x80, 0xC2, 0x08, 0xC2, 0x07, 0xC3, 0x40, 0x02,
    0x40, 0x01, 0x80, 0xC3, 0x80, 0x02, 0x80, 0xC7, 0x04, 0x41, 0x80, 0xC3, 0x06, 0x80, 0xC2, 0x80, 0x06, 0x40, 0xC2, 0x80, 0x06, 0x40, 0xC2, 0x07,
    0x80, 0xC2, 0x07, 0x80, 0xC2, 0x03, 0x10, 0x81, 0x08, 0xC2, 0x07, 0x40, 0xC2, 0x40, 0x06, 0x40, 0xC3, 0x07, 0x80, 0xC2, 0x08, 0xC2, 0x07, 0xC3,
    0x40, 0x02, 0x40, 0x01, 0x80, 0xC3, 0x80, 0x02, 0x80, 0xC7, 0x04, 0x41, 0x80, 0xC3, 0x06, 0x80, 0xC2, 0x80, 0x06, 0x40, 0xC2, 0x80, 0x06, 0x40,
    0xC2, 0x40, 0x06, 0x80, 0xC2, 0x07, 0x80, 0xC2, 0x03, 0x10, 0x81, 0x08, 0xC2, 0x07, 0x40, 0xC2, 0x40, 0x06, 0x40, 0xC2, 0x80, 0x07, 0x80, 0xC2,
    0x07, 0x40, 0xC2, 0x07, 0xC3, 0x40, 0x05, 0x80, 0xC3, 0x80, 0x02, 0x80, 0xC0, 0x80, 0xC5, 0x04, 0x41, 0x80, 0xC3, 0x06, 0x80, 0xC2, 0x80, 0x06,
    0x40, 0xC2, 0x80, 0x06, 0x40, 0xC2, 0x40, 0x06, 0x80, 0xC2, 0x07, 0x80, 0xC2, 0x03, 0x10, 0xC0, 0x80, 0x08, 0xC2, 0x07, 0x80, 0xC2, 0x40, 0x06,
    0x40, 0xC2, 0x80, 0x07, 0x80, 0xC2, 0x07, 0x40, 0xC2, 0x07, 0xC3, 0x40, 0x05, 0x80, 0xC3, 0x80, 0x02, 0xC1, 0x80, 0xC5, 0x03, 0x40, 0x80, 0x40,
    0x80, 0xC3, 0x06, 0x80, 0xC2, 0x80, 0x06, 0x80, 0xC2, 0x80, 0x06, 0x80, 0xC2, 0x40, 0x06, 0x80, 0xC2, 0x07, 0x80, 0xC2, 0x03, 0x10, 0xC0, 0x80,
    0x08, 0xC2, 0x07, 0x80, 0xC2, 0x40, 0x06, 0x40, 0xC2, 0x80, 0x07, 0x80, 0xC2, 0x07, 0x40, 0xC2, 0x07, 0xC3, 0x40, 0x05, 0x80, 0xC3, 0x80, 0x02,
    0xC1, 0x80, 0xC5, 0x04, 0x80, 0x40, 0x80, 0xC3, 0x06, 0x80, 0xC2, 0x80, 0x06, 0x80, 0xC2, 0x80, 0x06, 0x80, 0xC2, 0x40, 0x06, 0x80, 0xC2, 0x07,
    0x80, 0xC2, 0x03, 0x10, 0xC0, 0x80, 0x08, 0xC2, 0x07, 0x80, 0xC2, 0x40, 0x06, 0x40, 0xC3, 0x07, 0x40, 0xC2, 0x07, 0x40, 0xC2, 0x07, 0xC3, 0x40,
    0x02, 0x40, 0x01, 0x80, 0xC3, 0x80, 0x02, 0xC1, 0x80, 0xC5, 0x04, 0x80, 0x40, 0x80, 0xC3, 0x06, 0x80, 0xC3, 0x06, 0x80, 0xC2, 0x80, 0x06, 0xC3,
    0x40, 0x06, 0xC3, 0x07, 0xC3, 0x03, 0x0F, 0x40, 0xC1, 0x08, 0xC2, 0x07, 0x80, 0xC2, 0x80, 0x07, 0xC3, 0x07, 0x40, 0xC2, 0x07, 0x40, 0xC2, 0x06,
    0x40, 0xC3, 0x40, 0x02, 0x80, 0x01, 0x80, 0xC3, 0x80, 0x02, 0xC1, 0x80, 0xC5, 0x04, 0x41, 0x80, 0xC3, 0x06, 0x80, 0xC3, 0x06, 0xC4, 0x06, 0xC3,
    0x40, 0x06, 0xC3, 0x40, 0x06, 0xC3, 0x40, 0x02, 0x0F, 0x40, 0xC1, 0x08, 0xC2, 0x07, 0x40, 0xC2, 0x80, 0x07, 0xC3, 0x07, 0x40, 0xC2, 0x07, 0x40,
    0xC2, 0x03, 0x40, 0x01, 0x40, 0xC3, 0x40, 0x02, 0x80, 0x01, 0x80, 0xC4, 0x02, 0x80, 0xC0, 0x80, 0xC5, 0x04, 0x41, 0x80, 0xC3, 0x06, 0xC4, 0x06,
    0xC4, 0x06, 0xC3, 0x80, 0x06, 0xC3, 0x40, 0x06, 0xC3, 0x40, 0x02, 0x05, 0x40, 0x08, 0x40, 0x80, 0xC0, 0x40, 0x07, 0xC2, 0x40, 0x06, 0x40, 0xC2,
    0x80, 0x07, 0xC3, 0x08, 0xC2, 0x07, 0x80, 0xC2, 0x40, 0x02, 0x80, 0x01, 0x40, 0xC3, 0x80, 0x02, 0xC0, 0x01, 0x80, 0xC4, 0x02, 0x80, 0xC0, 0x80,
    0xC5, 0x04, 0x41, 0x80, 0xC3, 0x06, 0xC4, 0x06, 0xC4, 0x06, 0xC4, 0x05, 0x40, 0xC3, 0x80, 0x05, 0x40, 0xC3, 0x40, 0x02, 0x05, 0x40, 0x08, 0x81,
    0xC0, 0x80, 0x07, 0xC2, 0x40, 0x06, 0x40, 0xC3, 0x07, 0xC3, 0x08, 0xC2, 0x07, 0x80, 0xC2, 0x40, 0x02, 0xC0, 0x01, 0x40, 0xC4, 0x02, 0xC0, 0x01,
    0x80, 0xC4, 0x40, 0x01, 0x80, 0xC0, 0x80, 0xC5, 0x04, 0x41, 0x80, 0xC3, 0x06, 0xC4, 0x06, 0xC4, 0x06, 0xC4, 0x05, 0x40, 0xC3, 0x80, 0x05, 0x80,
    0xC3, 0x40, 0x02, 0x06, 0x40, 0x06, 0x40, 0x81, 0xC1, 0x06, 0x40, 0xC2, 0x80, 0x06, 0x40, 0xC3, 0x07, 0xC3, 0x07, 0x40, 0xC2, 0x03, 0x40, 0x02,
    0x80, 0xC2, 0x80, 0x02, 0xC0, 0x01, 0x40, 0xC4, 0x02, 0xC0, 0x01, 0x80, 0xC4, 0x40, 0x01, 0x80, 0xC0, 0x80, 0xC5, 0x04, 0x41, 0x80, 0xC3, 0x06,
    0xC4, 0x40, 0x05, 0xC4, 0x40, 0x05, 0xC4, 0x40, 0x04, 0x40, 0xC3, 0x80, 0x05, 0x80, 0xC3, 0x80, 0x02, 0x06, 0x40, 0x06, 0x40, 0x80, 0x40, 0x80,
    0xC0, 0x40, 0x05, 0x40, 0xC2, 0x80, 0x07, 0xC3, 0x07, 0xC3, 0x07, 0x80, 0xC2, 0x40, 0x02, 0x80, 0x02, 0xC3, 0x80, 0x02, 0xC0, 0x01, 0x40, 0xC4,
    0x02, 0xC0, 0x01, 0x80, 0xC4, 0x40, 0x01, 0xC1, 0x80, 0xC5, 0x03, 0x40, 0x82, 0xC3, 0x06, 0xC4, 0x80, 0x05, 0xC3, 0x40, 0x80, 0x05, 0xC3, 0x81,
    0x04, 0x40, 0xC3, 0x80, 0x05, 0x80, 0xC3, 0x80, 0x02, 0x0E, 0x40, 0xC0, 0x41, 0xC0, 0x80, 0x05, 0x40, 0xC3, 0x80, 0x06, 0x80, 0xC2, 0x07, 0xC3,
    0x07, 0xC3, 0x03, 0xC0, 0x01, 0x40, 0xC3, 0x80, 0x02, 0xC0, 0x01, 0x40, 0xC4, 0x02, 0xC0, 0x01, 0x80, 0xC4, 0x02, 0xC1, 0x80, 0xC5, 0x03, 0x40,
    0x82, 0xC3, 0x06, 0x80, 0xC4, 0x05, 0xC3, 0x00, 0xC0, 0x05, 0xC3, 0x40, 0x80, 0x04, 0x40, 0xC3, 0x80, 0x05, 0x80, 0xC4, 0x02, 0x0E, 0x40, 0xC0,
    0x40, 0x00, 0x81, 0x05, 0x40, 0xC3, 0x80, 0x06, 0x80, 0xC2, 0x07, 0xC3, 0x03, 0x40, 0x02, 0xC3, 0x03, 0xC0, 0x40, 0x00, 0x40, 0xC3, 0x80, 0x02,
    0xC0, 0x01, 0x40, 0xC3, 0x80, 0x02, 0xC0, 0x01, 0x80, 0xC3, 0x80, 0x02, 0xC1, 0x80, 0xC5, 0x03, 0x40, 0x82, 0xC3, 0x06, 0x80, 0xC2, 0x80, 0xC0,
    0x05, 0x80, 0xC2, 0x00, 0x40, 0xC0, 0x04, 0xC3, 0x40, 0x00, 0xC0, 0x03, 0x40, 0xC4, 0x05, 0x80, 0xC4, 0x02, 0x0F, 0xC0, 0x80, 0x00, 0x41, 0x06,
    0xC3, 0x80, 0x06, 0x80, 0xC2, 0x40, 0x06, 0xC3, 0x03, 0x80, 0x02, 0xC3, 0x03, 0xC0, 0x01, 0x80, 0xC3, 0x40, 0x02, 0xC0, 0x01, 0x80, 0xC3, 0x80,
    0x02, 0xC0, 0x01, 0x80, 0xC3, 0x80, 0x02, 0xC1, 0x40, 0xC5, 0x03, 0x40, 0xC1, 0x80, 0xC3, 0x40, 0x05, 0x80, 0xC2, 0x40, 0xC0, 0x40, 0x04, 0x80,
    0xC2, 0x01, 0xC0, 0x40, 0x03, 0xC3, 0x40, 0x00, 0x41, 0x02, 0x40, 0xC4, 0x05, 0x80, 0xC4, 0x02, 0x0F, 0xC0, 0x80, 0x00, 0x41, 0x06, 0xC3, 0x80,
    0x06, 0x80, 0xC2, 0x40, 0x06, 0xC3, 0x40, 0x02, 0x80, 0x02, 0xC3, 0x03, 0xC0, 0x40, 0x00, 0x40, 0xC3, 0x03, 0xC0, 0x01, 0x80, 0xC3, 0x40, 0x02,
    0x80, 0x01, 0xC4, 0x80, 0x02, 0xC1, 0x80, 0xC5, 0x03, 0x40, 0xC0, 0x80, 0xC4, 0x40, 0x05, 0x80, 0xC2, 0x40, 0xC0, 0x80, 0x40, 0x03, 0x80, 0xC2,
    0x01, 0xC1, 0x03, 0xC3, 0x40, 0x05, 0x40, 0xC4, 0x05, 0x80, 0xC4, 0x02, 0x0F, 0xC0, 0x80, 0x01, 0x40, 0x06, 0xC3, 0x80, 0x06, 0x80, 0xC2, 0x40,
    0x06, 0xC3, 0x40, 0x02, 0x40, 0x02, 0xC2, 0x80, 0x03, 0xC0, 0x40, 0x00, 0x80, 0xC2, 0x80, 0x03, 0xC0, 0x01, 0xC4, 0x40, 0x02, 0x80, 0x01, 0xC4,
    0x80, 0x02, 0xC1, 0x80, 0xC4, 0x80, 0x03, 0x40, 0xC6, 0x40, 0x05, 0x80, 0xC2, 0x40, 0xC1, 0x40, 0x03, 0x80, 0xC2, 0x01, 0x80, 0xC0, 0x03, 0xC3,
    0x40, 0x05, 0x40, 0xC4, 0x05, 0x80, 0xC4, 0x02, 0x0F, 0x80, 0xC0, 0x01, 0x40, 0x06, 0xC3, 0x80, 0x06, 0x80, 0xC2, 0x40, 0x06, 0xC3, 0x40, 0x02,
    0x80, 0x02, 0xC2, 0x80, 0x03, 0xC0, 0x01, 0x40, 0xC2, 0x80, 0x03, 0xC0, 0x40, 0x00, 0xC4, 0x40, 0x02, 0xC0, 0x00, 0x80, 0xC4, 0x80, 0x02, 0xC7,
    0x80, 0x03, 0x40, 0xC6, 0x40, 0x04, 0x40, 0xC3, 0x40, 0xC1, 0x80, 0x03, 0x80, 0xC2, 0x01, 0x40, 0xC0, 0x03, 0xC3, 0x40, 0x05, 0x40, 0xC4, 0x05,
    0x80, 0xC4, 0x02, 0x0F, 0x80, 0xC0, 0x40, 0x00, 0x40, 0x06, 0x80, 0xC2, 0x80, 0x06, 0x80, 0xC2, 0x40, 0x06, 0xC3, 0x40, 0x02, 0x80, 0x02, 0xC2,
    0x80, 0x03, 0xC0, 0x01, 0x40, 0xC2, 0x80, 0x03, 0xC0, 0x40, 0x00, 0xC4, 0x40, 0x02, 0xC0, 0x00, 0x80, 0xC5, 0x02, 0xC7, 0x80, 0x03, 0x40, 0xC6,
    0x80, 0x03, 0x40, 0xC4, 0x00, 0x80, 0xC1, 0x03, 0x80, 0xC2, 0x02, 0x80, 0x03, 0xC3, 0x40, 0x05, 0x40, 0xC4, 0x05, 0x80, 0xC4, 0x02, 0x0F, 0x80,
    0xC0, 0x40, 0x00, 0x40, 0x06, 0x80, 0xC2, 0x80, 0x06, 0x40, 0xC2, 0x40, 0x06, 0xC3, 0x40, 0x02, 0x80, 0x02, 0xC2, 0x80, 0x03, 0xC0, 0x40, 0x01,
    0xC2, 0x80, 0x03, 0xC0, 0x40, 0x00, 0xC4, 0x40, 0x02, 0xC0, 0x00, 0x40, 0xC5, 0x02, 0x80, 0xC6, 0x80, 0x03, 0x40, 0xC6, 0x80, 0x40, 0x02, 0x40,
    0xC4, 0x00, 0x80, 0xC1, 0x03, 0x80, 0xC2, 0x02, 0x40, 0x03, 0xC3, 0x40, 0x05, 0x40, 0xC4, 0x05, 0x80, 0xC4, 0x02, 0x0F, 0x80, 0xC0, 0x40, 0x00,
    0x40, 0x06, 0x80, 0xC2, 0x80, 0x06, 0x40, 0xC2, 0x40, 0x02, 0x40, 0x02, 0xC3, 0x40, 0x02, 0x40, 0x02, 0xC2, 0x80, 0x03, 0xC0, 0x40, 0x01, 0xC2,
    0x80, 0x03, 0xC0, 0x40, 0x00, 0x80, 0xC3, 0x40, 0x02, 0xC0, 0x01, 0xC5, 0x02, 0x80, 0xC0, 0x80, 0xC5, 0x03, 0x40, 0x80, 0xC5, 0x80, 0x41, 0x02,
    0xC4, 0x00, 0x40, 0x80, 0xC0, 0x03, 0xC3, 0x07, 0xC3, 0x40, 0x05, 0x40, 0xC3, 0x80, 0x05, 0x80, 0xC4, 0x02, 0x0F, 0x80, 0xC0, 0x40, 0x00, 0x40,
    0x06, 0x80, 0xC2, 0x80, 0x06, 0x40, 0xC2, 0x40, 0x06, 0xC3, 0x40, 0x02, 0x80, 0x02, 0xC2, 0x80, 0x03, 0xC0, 0x40, 0x01, 0xC2, 0x80, 0x03, 0xC0,
    0x40, 0x00, 0x40, 0xC3, 0x40, 0x02, 0xC0, 0x01, 0x80, 0xC4, 0x02, 0x80, 0xC0, 0x80, 0xC5, 0x03, 0x40, 0x80, 0xC5, 0x81, 0x40, 0x02, 0x40, 0xC3,
    0x00, 0x40, 0x80, 0xC0, 0x03, 0xC3, 0x07, 0xC3, 0x40, 0x05, 0x40, 0xC3, 0x80, 0x05, 0x80, 0xC4, 0x02, 0x0F, 0x80, 0xC0, 0x40, 0x08, 0x80, 0xC2,
    0x80, 0x06, 0x80, 0xC2, 0x40, 0x02, 0x40, 0x02, 0xC3, 0x40, 0x02, 0x80, 0x02, 0xC2, 0x80, 0x03, 0xC0, 0x40, 0x01, 0xC2, 0x80, 0x03, 0xC0, 0x40,
    0x00, 0x40, 0xC3, 0x40, 0x02, 0xC0, 0x01, 0x80, 0xC4, 0x02, 0x80, 0xC0, 0x80, 0xC5, 0x03, 0x40, 0x80, 0xC6, 0x81, 0x03, 0xC3, 0x00, 0x40, 0x81,
    0x03, 0x80, 0xC2, 0x07, 0xC3, 0x40, 0x05, 0x40, 0xC3, 0x80, 0x05, 0x80, 0xC4, 0x02, 0x0F, 0x80, 0xC0, 0x40, 0x08, 0x80, 0xC2, 0x80, 0x06, 0x80,
    0xC2, 0x40, 0x06, 0xC3, 0x40, 0x02, 0x40, 0x02, 0xC2, 0x80, 0x03, 0xC0, 0x40, 0x01, 0xC2, 0x80, 0x03, 0xC0, 0x40, 0x00, 0x40, 0xC3, 0x40, 0x02,
    0xC0, 0x01, 0x80, 0xC4, 0x02, 0x80, 0xC0, 0x80, 0xC5, 0x03, 0x40, 0x80, 0xC6, 0x81, 0x03, 0x80, 0xC2, 0x01, 0x41, 0x03, 0xC3, 0x07, 0xC3, 0x40,
    0x05, 0x40, 0xC3, 0x80, 0x05, 0x80, 0xC4, 0x02, 0x0F, 0x80, 0xC0, 0x40, 0x08, 0x80, 0xC2, 0x80, 0x06, 0x80, 0xC2, 0x40, 0x06, 0xC3, 0x40, 0x02,
    0x80, 0x40, 0x01, 0xC2, 0x80, 0x03, 0xC0, 0x40, 0x01, 0xC2, 0x80, 0x03, 0xC0, 0x40, 0x00, 0x40, 0xC3, 0x40, 0x02, 0xC0, 0x01, 0x80, 0xC4, 0x02,
    0x80, 0xC0, 0x80, 0xC5, 0x03, 0x40, 0x80, 0xC7, 0x80, 0x03, 0x80, 0xC1, 0x80, 0x01, 0x41, 0x03, 0xC3, 0x07, 0xC3, 0x40, 0x05, 0x40, 0xC3, 0x80,
    0x05, 0x80, 0xC4, 0x02, 0x0F, 0x40, 0xC0, 0x40, 0x08, 0x80, 0xC2, 0x80, 0x06, 0x80, 0xC2, 0x40, 0x06, 0xC3, 0x40, 0x02, 0x80, 0x02, 0xC2, 0x80,
    0x03, 0xC0, 0x40, 0x01, 0xC2, 0x80, 0x03, 0xC0, 0x40, 0x00, 0x40, 0xC3, 0x40, 0x02, 0xC0, 0x01, 0xC5, 0x02, 0x80, 0xC0, 0x80, 0xC5, 0x03, 0x40,
    0x80, 0xC7, 0x80, 0x03, 0xC2, 0x80, 0x01, 0x40, 0x04, 0xC3, 0x07, 0xC3, 0x40, 0x05, 0x40, 0xC3, 0x80, 0x05, 0xC5, 0x02, 0x0F, 0x40, 0xC0, 0x40,
    0x08, 0x80, 0xC2, 0x80, 0x06, 0x80, 0xC2, 0x40, 0x06, 0xC3, 0x40, 0x02, 0x40, 0x02, 0xC2, 0x80, 0x03, 0xC0, 0x40, 0x01, 0xC2, 0x80, 0x03, 0xC0,
    0x80, 0x00, 0x40, 0xC3, 0x40, 0x02, 0xC0, 0x01, 0xC5, 0x02, 0x80, 0xC0, 0x80, 0xC5, 0x03, 0x40, 0x80, 0xC7, 0x80, 0x02, 0x40, 0xC3, 0x01, 0x40,
    0x04, 0xC3, 0x07, 0xC3, 0x06, 0x80, 0xC3, 0x80, 0x05, 0xC5, 0x02, 0x0F, 0x40, 0xC0, 0x40, 0x08, 0x80, 0xC2, 0x80, 0x06, 0x40, 0xC2, 0x40, 0x06,
    0xC3, 0x40, 0x02, 0x40, 0x02, 0xC2, 0x80, 0x03, 0xC0, 0x40, 0x01, 0xC2, 0x80, 0x03, 0xC0, 0x80, 0x00, 0x80, 0xC3, 0x40, 0x02, 0xC0, 0x01, 0xC5,
    0x02, 0x80, 0xC7, 0x03, 0x40, 0x80, 0xC3, 0x80, 0xC2, 0x80, 0x02, 0x80, 0xC2, 0x80, 0x01, 0x40, 0x04, 0xC3, 0x07, 0xC3, 0x06, 0x80, 0xC3, 0x80,
    0x05, 0xC5, 0x02, 0x0F, 0x40, 0xC0, 0x40, 0x08, 0x80, 0xC2, 0x80, 0x06, 0x80, 0xC2, 0x40, 0x06, 0xC3, 0x40, 0x02, 0x80, 0x02, 0xC2, 0x80, 0x03,
    0xC0, 0x40, 0x01, 0xC2, 0x80, 0x03, 0xC0, 0x40, 0x00, 0x40, 0xC3, 0x40, 0x02, 0xC0, 0x01, 0xC5, 0x02, 0x80, 0xC0, 0x80, 0xC5, 0x03, 0x40, 0x80,
    0xC3, 0x80, 0xC1, 0x81, 0x02, 0xC3, 0x80, 0x01, 0x41, 0x03, 0xC3, 0x07, 0xC3, 0x06, 0x80, 0xC3, 0x80, 0x05, 0xC5, 0x02, 0x0F, 0x40, 0xC0, 0x40,
    0x08, 0x80, 0xC2, 0x80, 0x06, 0x80, 0xC2, 0x40, 0x06, 0xC3, 0x40, 0x02, 0x80, 0x02, 0xC2, 0x80, 0x03, 0xC0, 0x80, 0x01, 0xC2, 0x80, 0x03, 0xC0,
    0x40, 0x00, 0x40, 0xC3, 0x40, 0x02, 0xC0, 0x01, 0xC5, 0x02, 0x80, 0xC0, 0x80, 0xC5, 0x03, 0x40, 0x80, 0xC3, 0x80, 0xC1, 0x80, 0x40, 0x02, 0xC3,
    0x80, 0x00, 0x40, 0x80, 0x40, 0x03, 0xC3, 0x07, 0xC3, 0x06, 0x80, 0xC3, 0x80, 0x05, 0xC5, 0x02, 0x0F, 0x40, 0xC0, 0x40, 0x08, 0x80, 0xC2, 0x40,
    0x06, 0x80, 0xC2, 0x40, 0x02, 0x40, 0x02, 0xC3, 0x40, 0x02, 0xC0, 0x40, 0x01, 0xC2, 0x80, 0x03, 0xC0, 0x40, 0x01, 0xC2, 0x80, 0x03, 0xC0, 0x40,
    0x00, 0x40, 0xC3, 0x40, 0x02, 0x80, 0x01, 0xC5, 0x02, 0x80, 0xC0, 0x80, 0xC5, 0x03, 0x40, 0x80, 0xC3, 0x80, 0xC1, 0x80, 0x40, 0x02, 0x80, 0xC2,
    0x80, 0x01, 0x41, 0x03, 0xC3, 0x07, 0xC3, 0x06, 0x80, 0xC3, 0x80, 0x05, 0xC5, 0x02, 0x0F, 0x40, 0xC0, 0x40, 0x08, 0x80, 0xC2, 0x40, 0x06, 0x80,
    0xC2, 0x40, 0x02, 0x40, 0x02, 0xC3, 0x40, 0x02, 0x80, 0x40, 0x01, 0xC2, 0x80, 0x03, 0xC0, 0x02, 0xC2, 0x80, 0x03, 0xC0, 0x01, 0x40, 0xC3, 0x40,
    0x02, 0x80, 0x01, 0xC5, 0x02, 0x80, 0xC0, 0x80, 0xC5, 0x03, 0x40, 0x80, 0xC3, 0x80, 0xC1, 0x80, 0x40, 0x02, 0x40, 0xC2, 0x80, 0x01, 0x41, 0x03,
    0xC3, 0x07, 0xC3, 0x06, 0x80, 0xC3, 0x80, 0x05, 0xC5, 0x02, 0x0F, 0x80, 0xC0, 0x40, 0x08, 0x80, 0xC2, 0x40, 0x06, 0x80, 0xC2, 0x40, 0x06, 0xC3,
    0x40, 0x02, 0x40, 0x02, 0xC2, 0x80, 0x03, 0xC0, 0x02, 0xC2, 0x80, 0x03, 0xC0, 0x01, 0x40, 0xC3, 0x40, 0x02, 0x80, 0x01, 0xC5, 0x02, 0x80, 0xC0,
    0x80, 0xC5, 0x04, 0x80, 0xC3, 0x80, 0xC1, 0x80, 0x40, 0x03, 0xC2, 0x80, 0x01, 0x41, 0x03, 0xC3, 0x07, 0xC3, 0x06, 0x80, 0xC3, 0x80, 0x05, 0xC5,
    0x02, 0x0F, 0x80, 0xC0, 0x40, 0x08, 0x80, 0xC2, 0x80, 0x06, 0x80, 0xC2, 0x40, 0x06, 0xC3, 0x40, 0x02, 0x80, 0x02, 0xC2, 0x80, 0x03, 0xC0, 0x02,
    0xC2, 0x80, 0x03, 0xC0, 0x01, 0x80, 0xC3, 0x40, 0x02, 0x80, 0x01, 0xC5, 0x02, 0x80, 0xC0, 0x80, 0xC5, 0x01, 0x40, 0x01, 0x80, 0xC3, 0x80, 0xC1,
    0x80, 0x40, 0x03, 0xC2, 0x80, 0x01, 0x41, 0x03, 0xC3, 0x07, 0xC3, 0x06, 0x80, 0xC3, 0x80, 0x05, 0xC5, 0x02, 0x0F, 0x80, 0xC0, 0x40, 0x00, 0x40,
    0x06, 0x80, 0xC2, 0x80, 0x06, 0x80, 0xC2, 0x40, 0x06, 0xC3, 0x40, 0x02, 0x80, 0x02, 0xC2, 0x80, 0x03, 0xC0, 0x01, 0x40, 0xC2, 0x80, 0x03, 0xC0,
    0x01, 0x80, 0xC3, 0x40, 0x02, 0x80, 0x01, 0xC5, 0x02, 0x80, 0xC0, 0x80, 0xC5, 0x01, 0x40, 0x01, 0x80, 0xC3, 0x80, 0xC1, 0x81, 0x02, 0x40, 0xC2,
    0x80, 0x01, 0x41, 0x03, 0xC3, 0x07, 0xC3, 0x06, 0x80, 0xC3, 0x80, 0x05, 0xC5, 0x02, 0x0F, 0xC1, 0x40, 0x00, 0x40, 0x06, 0xC3, 0x80, 0x06, 0x80,
    0xC2, 0x40, 0x02, 0x40, 0x02, 0xC3, 0x40, 0x02, 0x80, 0x02, 0xC2, 0x80, 0x03, 0xC0, 0x01, 0x40, 0xC2, 0x80, 0x03, 0xC0, 0x01, 0x80, 0xC3, 0x40,
    0x02, 0x80, 0x01, 0xC5, 0x02, 0x80, 0xC7, 0x01, 0x40, 0x01, 0x80, 0xC3, 0x80, 0xC2, 0x80, 0x02, 0x40, 0xC2, 0x80, 0x01, 0x41, 0x03, 0xC3, 0x07,
    0xC3, 0x06, 0x80, 0xC3, 0x80, 0x05, 0xC5, 0x02, 0x0F, 0xC1, 0x00, 0x41, 0x06, 0xC3, 0x80, 0x06, 0x80, 0xC2, 0x40, 0x06, 0xC3, 0x40, 0x02, 0x80,
    0x02, 0xC2, 0x80, 0x03, 0xC0, 0x01, 0x40, 0xC2, 0x80, 0x03, 0xC0, 0x01, 0x80, 0xC3, 0x40, 0x02, 0x80, 0x01, 0xC5, 0x01, 0x40, 0x80, 0xC7, 0x01,
    0x40, 0x01, 0x80, 0xC3, 0x80, 0xC2, 0x80, 0x02, 0x80, 0xC2, 0x80, 0x01, 0x41, 0x03, 0xC3, 0x07, 0xC3, 0x06, 0x80, 0xC3, 0x80, 0x05, 0xC5, 0x02,
    0x0F, 0xC0, 0x80, 0x00, 0x41, 0x06, 0xC3, 0x80, 0x06, 0x80, 0xC2, 0x40, 0x02, 0x40, 0x02, 0xC3, 0x40, 0x02, 0xC0, 0x02, 0xC2, 0x80, 0x03, 0xC0,
    0x40, 0x00, 0x40, 0xC3, 0x03, 0xC0, 0x40, 0x00, 0x80, 0xC3, 0x40, 0x01, 0x40, 0xC0, 0x40, 0x00, 0xC5, 0x01, 0x80, 0x40, 0xC7, 0x01, 0x40, 0x01,
    0x80, 0xC7, 0x80, 0x02, 0x80, 0xC2, 0x80, 0x01, 0x40, 0x04, 0xC3, 0x07, 0xC3, 0x06, 0x80, 0xC3, 0x80, 0x05, 0xC5, 0x02, 0x0F, 0xC0, 0x80, 0x00,
    0x41, 0x06, 0xC3, 0x80, 0x02, 0x40, 0x02, 0x80, 0xC2, 0x40, 0x02, 0x80, 0x02, 0xC3, 0x03, 0xC0, 0x40, 0x01, 0xC3, 0x03, 0xC0, 0x80, 0x00, 0x40,
    0xC3, 0x02, 0x40, 0xC0, 0x40, 0x00, 0x80, 0xC3, 0x40, 0x01, 0x80, 0xC0, 0x80, 0x00, 0xC5, 0x01, 0xC0, 0x00, 0xC7, 0x01, 0x40, 0x01, 0xC9, 0x02,
    0x80, 0xC3, 0x07, 0xC3, 0x07, 0xC3, 0x06, 0x80, 0xC3, 0x80, 0x05, 0xC5, 0x02, 0x0F, 0xC0, 0x40, 0x00, 0x41, 0x05, 0x40, 0xC3, 0x80, 0x02, 0x40,
    0x02, 0x80, 0xC2, 0x03, 0x41, 0x01, 0xC3, 0x03, 0xC1, 0x01, 0xC3, 0x02, 0x80, 0xC1, 0x00, 0x40, 0xC3, 0x01, 0x40, 0xC0, 0x81, 0x00, 0x80, 0xC3,
    0x40, 0x00, 0x40, 0xC2, 0x40, 0xC5, 0x01, 0xC0, 0x00, 0xC7, 0x40, 0x80, 0xC0, 0x01, 0xC7, 0x80, 0x40, 0x02, 0x80, 0xC3, 0x07, 0xC3, 0x07, 0xC3,
    0x06, 0x80, 0xC3, 0x80, 0x05, 0xC5, 0x02, 0x0E, 0x40, 0xC0, 0x40, 0x00, 0x41, 0x05, 0x40, 0xC3, 0x80, 0x06, 0x80, 0xC2, 0x03, 0x40, 0xC0, 0x40,
    0x00, 0xC3, 0x01, 0x42, 0xC0, 0x80, 0x00, 0xC3, 0x01, 0x81, 0x40, 0xC0, 0x80, 0x40, 0xC3, 0x01, 0xC1, 0x81, 0x00, 0x80, 0xC3, 0x80, 0x00, 0xC1,
    0x40, 0xC0, 0x80, 0xC5, 0x00, 0x81, 0x00, 0x80, 0xC8, 0x40, 0x01, 0xC0, 0x80, 0xC5, 0x04, 0x40, 0xC3, 0x07, 0xC3, 0x07, 0xC3, 0x06, 0x80, 0xC3,
    0x80, 0x05, 0xC5, 0x02, 0x0E, 0x40, 0x80, 0x40, 0x00, 0x41, 0x05, 0x80, 0xC3, 0x80, 0x03, 0x81, 0x00, 0x80, 0xC2, 0x04, 0x80, 0xC0, 0x00, 0xC3,
    0x00, 0x40, 0x80, 0x01, 0xC1, 0x00, 0xC3, 0x00, 0x80, 0xC0, 0x40, 0x00, 0x81, 0x40, 0xC3, 0x00, 0x80, 0xC0, 0x41, 0xC0, 0x40, 0x80, 0xC3, 0x80,
    0x40, 0xC0, 0x40, 0x00, 0x80, 0xC8, 0x02, 0xC7, 0x40, 0x02, 0x41, 0xC4, 0x80, 0x05, 0xC3, 0x07, 0xC3, 0x07, 0xC3, 0x06, 0x80, 0xC3, 0x80, 0x05,
    0xC5, 0x02, 0x0E, 0x40, 0x80, 0x01, 0x80, 0x40, 0x03, 0x41, 0x80, 0xC3, 0x40, 0x03, 0x40, 0x80, 0x00, 0xC2, 0x80, 0x00, 0x41, 0x01, 0x40, 0xC0,
    0x80, 0xC3, 0x40, 0xC1, 0x01, 0x80, 0xC0, 0x40, 0xC3, 0x00, 0xC1, 0x01, 0x40, 0x80, 0x40, 0xC3, 0x40, 0xC0, 0x80, 0x01, 0x80, 0xC5, 0x81, 0xC0,
    0x02, 0xC7, 0x40, 0x02, 0x80, 0xC6, 0x04, 0x40, 0xC3, 0x80, 0x40, 0x05, 0xC3, 0x07, 0xC3, 0x07, 0xC3, 0x06, 0x80, 0xC3, 0x80, 0x05, 0xC5, 0x02,
    0x0E, 0x40, 0x80, 0x01, 0x80, 0x40, 0x04, 0x40, 0x80, 0xC3, 0x80, 0x40, 0x03, 0xC0, 0x80, 0xC2, 0x80, 0x40, 0xC0, 0x40, 0x01, 0x40, 0xC0, 0x80,
    0xC3, 0x40, 0xC0, 0x80, 0x01, 0x40, 0xC0, 0x80, 0xC3, 0x40, 0xC0, 0x80, 0x01, 0x42, 0xC3, 0x40, 0x80, 0x40, 0x01, 0x40, 0xC7, 0x40, 0x02, 0xC7,
    0x03, 0x40, 0xC5, 0x80, 0x04, 0x40, 0xC3, 0x80, 0x06, 0xC3, 0x07, 0xC3, 0x07, 0xC3, 0x06, 0x80, 0xC3, 0x80, 0x05, 0xC5, 0x02, 0x0E, 0x41, 0x01,
    0x80, 0x40, 0x04, 0x80, 0xC5, 0x40, 0x03, 0xC0, 0x80, 0xC2, 0x80, 0x40, 0xC0, 0x40, 0x01, 0x40, 0xC5, 0x80, 0xC0, 0x80, 0x02, 0xC0, 0x80, 0xC3,
    0x40, 0xC0, 0x02, 0x40, 0x80, 0x40, 0xC3, 0x00, 0x80, 0x40, 0x02, 0xC7, 0x03, 0x80, 0xC6, 0x03, 0x40, 0xC5, 0x80, 0x04, 0x40, 0xC3, 0x40, 0x06,
    0xC3, 0x40, 0x06, 0xC3, 0x07, 0xC3, 0x06, 0x80, 0xC3, 0x80, 0x05, 0xC5, 0x02, 0x0D, 0x42, 0x01, 0x40, 0x80, 0x40, 0x03, 0x80, 0xC5, 0x80, 0x40,
    0x01, 0x40, 0xC5, 0x80, 0xC0, 0x40, 0x01, 0x40, 0xC5, 0x80, 0xC0, 0x80, 0x02, 0xC0, 0x80, 0xC3, 0x80, 0xC0, 0x02, 0x40, 0x80, 0x00, 0xC3, 0x00,
    0xC0, 0x40, 0x02, 0xC7, 0x03, 0x80, 0xC6, 0x03, 0x40, 0xC5, 0x80, 0x04, 0x40, 0xC3, 0x40, 0x05, 0x40, 0xC3, 0x40, 0x06, 0xC3, 0x07, 0xC3, 0x06,
    0x40, 0xC3, 0x40, 0x05, 0xC5, 0x02, 0x0C, 0x41, 0x80, 0x40, 0x01, 0x40, 0x80, 0x00, 0x40, 0x01, 0x40, 0x80, 0xC5, 0x81, 0x01, 0x40, 0xC8, 0x01,
    0x80, 0xC7, 0x80, 0x02, 0xC5, 0x80, 0xC0, 0x40, 0x01, 0x81, 0x40, 0xC3, 0x40, 0xC0, 0x40, 0x02, 0xC7, 0x03, 0xC7, 0x03, 0x40, 0xC5, 0x80, 0x04,
    0x40, 0xC3, 0x40, 0x05, 0x40, 0xC3, 0x40, 0x06, 0xC3, 0x07, 0xC3, 0x06, 0x40, 0xC3, 0x40, 0x05, 0x80, 0xC3, 0x80, 0x02, 0x00, 0x42, 0x03, 0x40,
    0x00, 0x40, 0x01, 0x80, 0xC0, 0x80, 0x40, 0x01, 0x40, 0x82, 0x01, 0x80, 0xC2, 0x80, 0xC4, 0x01, 0xC9, 0x01, 0x80, 0xC7, 0x80, 0x01, 0x40, 0xC7,
    0x80, 0x01, 0x81, 0x40, 0xC3, 0x40, 0xC0, 0x80, 0x01, 0x40, 0xC0, 0x80, 0xC3, 0x80, 0xC0, 0x03, 0xC7, 0x03, 0x80, 0xC5, 0x80, 0x04, 0x80, 0xC3,
    0x80, 0x05, 0x80, 0xC3, 0x40, 0x06, 0xC3, 0x40, 0x06, 0xC3, 0x06, 0x40, 0xC3, 0x06, 0x80, 0xC3, 0x80, 0x02, 0x00, 0x40, 0xC0, 0x80, 0x02, 0x40,
    0x82, 0x40, 0x00, 0x80, 0xC1, 0x02, 0x40, 0xC2, 0x40, 0x80, 0xC3, 0x40, 0x80, 0xC3, 0x81, 0xC9, 0x40, 0x00, 0xC9, 0x01, 0xC9, 0x01, 0xC6, 0x80,
    0xC1, 0x01, 0x40, 0xC0, 0x40, 0xC3, 0x80, 0xC0, 0x40, 0x01, 0x40, 0xC7, 0x03, 0xC7, 0x03, 0x40, 0xC5, 0x80, 0x04, 0x40, 0xC3, 0x40, 0x05, 0x80,
    0xC3, 0x40, 0x06, 0xC3, 0x07, 0xC3, 0x06, 0x40, 0xC3, 0x40, 0x02, 0x40, 0xC2, 0x02, 0x40, 0x80, 0xC6, 0x40, 0x00, 0x40, 0x80, 0xC8, 0x41, 0xCF,
    0x40, 0x80, 0xC9, 0x81, 0xC9, 0x81, 0xC9, 0x40, 0x00, 0xC1, 0x80, 0xC3, 0x80, 0xC0, 0x80, 0x01, 0x80, 0xC0, 0x80, 0xC5, 0x40, 0x02, 0xC7, 0x03,
    0xC7, 0x04, 0x80, 0xC4, 0x40, 0x04, 0x40, 0xC3, 0x80, 0x05, 0x80, 0xC3, 0x80, 0x05, 0x40, 0xC3, 0x06, 0x40, 0xC3, 0x03, 0xC3, 0x42, 0x82, 0xC5,
    0x80, 0x41, 0xC0, 0x80, 0xC7, 0x40, 0x00, 0xC3, 0x80, 0xCA, 0x80, 0xE2, 0x81, 0xC6, 0x80, 0xC1, 0x01, 0xC1, 0x80, 0xC3, 0x80, 0xC0, 0x80, 0x01,
    0x80, 0xC7, 0x40, 0x01, 0x40, 0xC7, 0x03, 0xC7, 0x04, 0xC5, 0x05, 0x80, 0xC3, 0x80, 0x05, 0xC5, 0x05, 0x40, 0xC3, 0x40, 0x02, 0x80, 0xC0, 0x40,
    0x82, 0x00, 0xC0, 0x83, 0xC4, 0x80, 0x00, 0xC0, 0x80, 0xC7, 0x40, 0x00, 0x81, 0xC7, 0x40, 0x80, 0xF0, 0x80, 0xC2, 0x40, 0xC0, 0x81, 0xC3, 0x80,
    0xC1, 0x01, 0xC1, 0x80, 0xC3, 0x80, 0xC1, 0x01, 0xC8, 0x80, 0x01, 0x40, 0xC7, 0x40, 0x02, 0xC7, 0x04, 0xC5, 0x05, 0xC5, 0x04, 0x40, 0xC5, 0x40,
    0x01, 0xC4, 0x40, 0x00, 0x40, 0x80, 0xC0, 0x80, 0xC4, 0x80, 0x40, 0x00, 0x40, 0x80, 0xC7, 0x42, 0xC8, 0x00, 0x40, 0xC9, 0x80, 0xEC, 0x80, 0xC3,
    0x80, 0xC2, 0x80, 0xC0, 0x81, 0xC3, 0x80, 0xC1, 0x00, 0x40, 0xC9, 0x01, 0xC8, 0x80, 0x01, 0x80, 0xC7, 0x40, 0x02, 0x80, 0xC6, 0x04, 0xC5, 0x05,
    0xC5, 0x02, 0xC0, 0x80, 0xC1, 0x41, 0x01, 0x40, 0xC1, 0x80, 0xC1, 0x80, 0xC0, 0x80, 0x41, 0x00, 0x40, 0xC7, 0x41, 0x81, 0xC7, 0x00, 0x40, 0xC0,
    0x80, 0xC7, 0x41, 0xF0, 0x80, 0xC4, 0x40, 0x80, 0xC3, 0x80, 0xC2, 0x80, 0xC0, 0x80, 0xC4, 0x80, 0xC1, 0x40, 0x80, 0xC9, 0x01, 0xC9, 0x01, 0xC8,
    0x80, 0x01, 0x40, 0x80, 0xC6, 0x40, 0x02, 0x40, 0xC5, 0x02, 0xC0, 0x80, 0x40, 0x81, 0x41, 0x01, 0xC4, 0x80, 0xC0, 0x80, 0x41, 0x80, 0x40, 0xC6,
    0x80, 0x40, 0x80, 0xC0, 0x80, 0xC7, 0x41, 0xC9, 0x40, 0x00, 0x80, 0xC8, 0x80, 0x40, 0xF0, 0x80, 0xC4, 0x40, 0xC4, 0x80, 0xC4, 0x40, 0xC4, 0x80,
    0xC1, 0x80, 0xCA, 0x41, 0xC9, 0x01, 0xC9, 0x01, 0x40, 0x80, 0xC6, 0x80, 0x00, 0xC0, 0x82, 0x40, 0x81, 0x41, 0xC5, 0x81, 0xC0, 0x82, 0xC5, 0x82,
    0x40, 0x80, 0xC8, 0x80, 0x00, 0x80, 0xC8, 0x80, 0x00, 0xC9, 0x80, 0x00, 0x80, 0xC8, 0x80, 0x40, 0xEA, 0x80, 0xCA, 0x40, 0xCA, 0x40, 0xD3, 0x81,
    0xC9, 0x00, 0x40, 0xC9, 0x00, 0xC1, 0x81, 0x40, 0x80, 0x41, 0x80, 0xC5, 0x80, 0x40, 0xC0, 0x40, 0x81, 0xC5, 0x80, 0x40, 0x80, 0x40, 0x80, 0xC7,
    0x81, 0x40, 0x80, 0xC8, 0x82, 0xC7, 0x81, 0x41, 0xC7, 0x42, 0x80, 0xC8, 0x81, 0xF6, 0x40, 0xCA, 0x40, 0xD3, 0x81, 0xC9, 0x40, 0xC2, 0x80, 0x40,
    0x82, 0xC6, 0x80, 0x40, 0x80, 0xC9, 0x40, 0x81, 0xC8, 0x80, 0x40, 0xCA, 0x40, 0x81, 0xC8, 0x40, 0x80, 0x40, 0xC7, 0x80, 0x42, 0xC7, 0x82, 0x40,
    0xF4, 0x80, 0x40, 0xC5, 0x80, 0xC3, 0x00, 0xC5, 0x80, 0xC3, 0x40, 0xD4, 0xC3, 0x81, 0xC9, 0x81, 0xCA, 0x40, 0x80, 0xC9, 0x41, 0x80, 0xC8, 0x80,
    0x40, 0x80, 0xC8, 0x82, 0xC8, 0x81, 0x40, 0xC8, 0x80, 0xC0, 0x80, 0xF5, 0x80, 0xC5, 0x80, 0xC1, 0x02, 0xC5, 0x40, 0x80, 0x40, 0xC0, 0x01, 0xC5,
    0x00, 0xC3, 0x00, 0xC5, 0x80, 0xC1, 0xC4, 0x82, 0xC8, 0x80, 0x40, 0x80, 0xC8, 0x80, 0x00, 0x40, 0xC8, 0x80, 0x40, 0x80, 0xC9, 0x81, 0xC9, 0x80,
    0xC9, 0x81, 0xE2, 0x80, 0xE8, 0x40, 0x81, 0xC5, 0x80, 0xC1, 0x02, 0xC5, 0x41, 0x03, 0xC5, 0x02, 0xC0, 0x80, 0xC3, 0x40, 0x80, 0xC4, 0x80, 0xC3,
    0x40, 0x80, 0xC9, 0x41, 0xC9, 0x41, 0xC9, 0x81, 0xF9, 0x80, 0xCA, 0x40, 0x80, 0xE7, 0x41, 0x80, 0xC5, 0x80, 0xC0, 0x80, 0x02, 0xC5, 0x02, 0xC0,
    0x80, 0xC3, 0x80, 0x40, 0xC9, 0x41, 0xC9, 0x81, 0xC9, 0x80, 0xFF, 0xC6, 0x80, 0xC9, 0x80, 0x40, 0xC9, 0x40, 0x00, 0x80, 0xC9, 0x80, 0xDC, 0x42,
    0xC5, 0x41, 0x80, 0xFF, 0xFF, 0xD5, 0x40, 0x80, 0xC9, 0x80, 0xD1, 0x80, 0xC7, 0x80, 0xC0, 0xFF, 0xFF, 0xFF, 0xFF, 0xFF, 0xFF, 0xFF, 0xFF, 0xFA,
    0x80, 0xC3, 0xFF, 0xFF, 0xFF, 0xC4, 0x80, 0xFF, 0xFF, 0xF9, 0xFF, 0xFF, 0xFF, 0xFF, 0xFF, 0xFF, 0xFF, 0xFF, 0xFF, 0xFF, 0xFF, 0xFF, 0xFF, 0xFF,
    0xFF, 0xFF, 0xFF, 0xFF, 0xFF, 0xFF, 0xFF, 0xFF, 0xFF, 0xFF, 0xFF, 0xFF, 0xFF, 0xFF, 0xFF, 0xFF, 0xFF, 0xFF, 0xFF, 0xFF, 0xFF, 0xFF, 0xFF, 0xFF,
    0xFF, 0xFF, 0xFF, 0xFF, 0xFF, 0xE0, 0x40, 0x80, 0xC9, 0x80, 0x40, 0xCA, 0x80, 0xFC, 0x80, 0xC6, 0xF2, 0x80, 0xCA, 0x80, 0xC9, 0x80, 0xFF, 0xD2,
    0x81, 0xC9, 0x82, 0xC6, 0x80, 0x42, 0x80, 0xC6, 0xC1, 0x81, 0xC7, 0x80, 0xC0, 0x81, 0xC7, 0x83, 0xC7, 0x83, 0xC8, 0x82, 0xC9, 0x81, 0xC9, 0x81,
    0xC9, 0x81, 0xC9, 0x81, 0xCA, 0x80, 0xCA, 0x81, 0xC8, 0x80, 0x40, 0x80, 0xC8, 0x80, 0x41, 0xC8, 0x80, 0x00, 0x40, 0xC7, 0x80, 0x01, 0x40, 0xC6,
    0x80, 0x03, 0x80, 0xC5, 0x42, 0xC8, 0x42, 0xC8, 0x41, 0x80, 0xC8, 0x41, 0x80, 0xC8, 0x80, 0x40, 0x80, 0xC9, 0x80, 0x40, 0x80, 0xC8, 0x80, 0x40,
    0x80, 0xC8, 0x80, 0x41, 0x80, 0xC7, 0x80, 0x42, 0xC8, 0x01, 0x40, 0xC8, 0x01, 0x40, 0xC8, 0x40, 0x00, 0x40, 0xC8, 0x40, 0x00, 0x80, 0xC8, 0x40,
    0x00, 0x80, 0xC7, 0x80, 0x01, 0x80, 0xC6, 0x80, 0x02, 0x40, 0xC6, 0x01, 0x40, 0x80, 0xC7, 0x01, 0x40, 0x80, 0xC2, 0x80, 0xC3, 0x01, 0x40, 0x80,
    0xC7, 0x01, 0x40, 0x80, 0xC7, 0x01, 0x40, 0x80, 0xC8, 0x01, 0x40, 0x80, 0xC7, 0x01, 0x40, 0x81, 0xC6, 0x40, 0x01, 0x40, 0x80, 0xC6, 0x40, 0x01,
    0x40, 0x80, 0xC6, 0x80, 0x00, 0x40, 0x80, 0xC8, 0x00, 0x40, 0xC9, 0x40, 0x80, 0xC9, 0x81, 0xC9, 0x80, 0x40, 0xC8, 0x80, 0x01, 0x40, 0xC6, 0x80,
    0x02, 0x40, 0x80, 0xC5, 0x02, 0x40, 0x82, 0xC4, 0x02, 0x40, 0x80, 0xC6, 0x02, 0x40, 0x80, 0xC6, 0x02, 0x40, 0x80, 0xC6, 0x40, 0x01, 0x40, 0x80,
    0xC7, 0x01, 0x40, 0x80, 0xC7, 0x01, 0x40, 0x80, 0xC7, 0x41, 0x80, 0xC8, 0x81, 0xC9, 0x81, 0xCA, 0x80, 0xCA, 0x80, 0xCA, 0x81, 0xCA, 0x40, 0x80,
    0xC8, 0x40, 0x00, 0x40, 0xC6, 0x80, 0x00, 0x42, 0x80, 0xC5, 0x03, 0x40, 0xC6, 0x03, 0x40, 0xC6, 0x02, 0x40, 0x80, 0xC6, 0x02, 0x40, 0x80, 0xC6,
    0x02, 0x80, 0xC8, 0x00, 0x40, 0x80, 0xC8, 0x41, 0x80, 0xC8, 0x41, 0x80, 0xC8, 0x82, 0xC8, 0x82, 0xC9, 0x40, 0x80, 0xC9, 0x41, 0xC9, 0x80, 0x40,
    0x80, 0xC8, 0x80, 0x40, 0x80, 0xC8, 0x40, 0x00, 0x40, 0x80, 0xC5, 0x80, 0x00, 0x41, 0x00, 0x40, 0x80, 0xC4, 0x03, 0x80, 0xC6, 0x00, 0x42, 0x80,
    0xC6, 0x42, 0x80, 0xC7, 0x40, 0x82, 0xC7, 0x82, 0xC9, 0x81, 0xC9, 0x80, 0x40, 0x80, 0xC8, 0x41, 0x80, 0xC8, 0x40, 0x00, 0x40, 0xC8, 0x80, 0x00,
    0x80, 0xC9, 0x40, 0x80, 0xC9, 0x81, 0xC9, 0x81, 0xC9, 0x80, 0x40, 0x80, 0xC7, 0x80, 0x40, 0x00, 0x40, 0x80, 0xC5, 0x80, 0x03, 0x40, 0x80, 0xC4,
    0x44, 0xC6, 0x00, 0x42, 0x80, 0xC6, 0x00, 0x41, 0x81, 0xC6, 0x00, 0x41, 0x80, 0xC7, 0x01, 0x40, 0x80, 0xC8, 0x41, 0x80, 0xC8, 0x41, 0x80, 0xC8,
    0x41, 0xC9, 0x41, 0xC9, 0x80, 0x40, 0xCA, 0x40, 0xCA, 0x40, 0x80, 0xC9, 0x80, 0x40, 0x80, 0xC8, 0x80, 0x00, 0x40, 0x80, 0xC6, 0x80, 0x02, 0x80,
    0xC5, 0x40, 0x03, 0x80, 0xC5, 0x01, 0x40, 0x80, 0xC7, 0x01, 0x40, 0x80, 0xC7, 0x01, 0x40, 0x80, 0xC7, 0x01, 0x40, 0xC8, 0x01, 0x40, 0xC9, 0x00,
    0x40, 0xC9, 0x01, 0x80, 0xC8, 0x00, 0x40, 0x80, 0xC8, 0x41, 0x80, 0xC8, 0x80, 0x40, 0x80, 0xC9, 0x41, 0xC9, 0x41, 0x80, 0xC8, 0x80, 0x40, 0x80,
    0xC8, 0x80, 0x00, 0x40, 0xC8, 0x01, 0x40, 0xC6, 0x40, 0x02, 0x40, 0xC6, 0x01, 0x80, 0xC8, 0x01, 0x80, 0xC8, 0x01, 0x80, 0xC8, 0x01, 0x40, 0xC8,
    0x01, 0x40, 0xC9, 0x41, 0x80, 0xC8, 0x41, 0x80, 0xC8, 0x41, 0x81, 0xC7, 0x80, 0x40, 0x81, 0xC7, 0x80, 0x40, 0x80, 0xC9, 0x40, 0xCA, 0x40, 0x80,
    0xC9, 0x81, 0xC9, 0x81, 0xC9, 0x41, 0xC7, 0x40, 0x01, 0x40, 0x80, 0xC6, 0x00, 0x40, 0x81, 0xC7, 0x01, 0x40, 0x80, 0xC7, 0x40, 0x00, 0x40, 0x80,
    0xC7, 0x43, 0xC7, 0x43, 0x80, 0xC7, 0x41, 0x81, 0xC7, 0x41, 0x80, 0xC8, 0x00, 0x40, 0xC9, 0x41, 0xC9, 0x80, 0x40, 0xCA, 0x40, 0xCA, 0x81, 0xC9,
    0x81, 0xCA, 0x80, 0xC9, 0x40, 0x81, 0xC6, 0x40, 0x00, 0x41, 0x80, 0xC6, 0x01, 0x40, 0x81, 0xC6, 0x01, 0x40, 0x80, 0xC7, 0x01, 0x41, 0xC7, 0x01,
    0x40, 0x80, 0xC7, 0x01, 0x40, 0x80, 0xC7, 0x80, 0x00, 0x40, 0x80, 0xC8, 0x41, 0xC9, 0x40, 0x80, 0xC9, 0x40, 0x80, 0xC9, 0x80, 0xCB, 0x80, 0xCA,
    0x80, 0xCA, 0x80, 0xCA, 0x80, 0x40, 0x80, 0xC8, 0x41, 0x80, 0xC6, 0x80, 0x01, 0x40, 0x80, 0xC6, 0x02, 0x40, 0x80, 0xC6, 0x01, 0x41, 0xC7, 0x01,
    0x40, 0x80, 0xC7, 0x00, 0x40, 0x80, 0xC8, 0x00, 0x40, 0x80, 0xC8, 0x80, 0x40, 0x80, 0xC9, 0x40, 0x80, 0xC9, 0x40, 0x80, 0xC9, 0x40, 0x80, 0xC9,
    0x81, 0xCA, 0x40, 0x80, 0xC9, 0x40, 0x80, 0xC9, 0x80, 0x40, 0x80, 0xC8, 0x80, 0x40, 0x80, 0xC8, 0x41, 0xC7, 0x80, 0x40, 0x00, 0x80, 0xC7, 0x40,
    0x80, 0xC9, 0x40, 0x80, 0xC9, 0x40, 0x80, 0xC9, 0x40, 0x80, 0xC9, 0x40, 0x80, 0xC9, 0x80, 0x40, 0xCA, 0x40, 0x80, 0xC9, 0x40, 0x80, 0xC9, 0x41,
    0x80, 0xC8, 0x80, 0x40, 0x81, 0xC8, 0x40, 0x81, 0xC8, 0x41, 0x80, 0xC8, 0x80, 0x40, 0x80, 0xC8, 0x81, 0xC9, 0x40, 0x80, 0xC7, 0x80, 0x01, 0x80,
    0xC7, 0x40, 0x80, 0xC9, 0x40, 0x80, 0xC9, 0x00, 0x81, 0xC8, 0x00, 0x40, 0x81, 0xC7, 0x00, 0x41, 0x80, 0xC7, 0x80, 0x41, 0x81, 0xC7, 0x41, 0x80,
    0xC8, 0x00, 0x40, 0x80, 0xC8, 0x40, 0x00, 0x40, 0xC8, 0x80, 0x41, 0xC9, 0x41, 0xC9, 0x81, 0xC9, 0x80, 0xD6, 0x81, 0xC7, 0x80, 0x41, 0x80, 0xC7,
    0x01, 0x41, 0x80, 0xC6, 0x00, 0x42, 0x80, 0xC6, 0x00, 0x41, 0x80, 0xC7, 0x01, 0x40, 0x80, 0xC7, 0x00, 0x41, 0x80, 0xC7, 0x80, 0x00, 0x40, 0x80,
    0xC8, 0x01, 0x80, 0xC8, 0x01, 0x80, 0xC8, 0x41, 0x80, 0xC8, 0x80, 0x40, 0x80, 0xC9, 0x80, 0xCA, 0x80, 0xCA, 0x80, 0xCB, 0x80, 0xC9, 0x81, 0xC7,
    0x80, 0x42, 0x80, 0xC6, 0x01, 0x40, 0x80, 0xC7, 0x40, 0x00, 0x40, 0x80, 0xC7, 0x40, 0x00, 0x40, 0x80, 0xC7, 0x40, 0x00, 0x40, 0x80, 0xC7, 0x42,
    0x80, 0xC7, 0x80, 0x41, 0x80, 0xC8, 0x41, 0x80, 0xC8, 0x40, 0x80, 0xC9, 0x81, 0xC9, 0x80, 0xCB, 0x80, 0xCA, 0x80, 0xCA, 0x81, 0xCA, 0x80, 0xC9,
    0x80, 0x40, 0xC7, 0x80, 0x02, 0x80, 0xC6, 0x01, 0x80, 0xC8, 0x01, 0x40, 0xC8, 0x00, 0x41, 0xC8, 0x00, 0x40, 0x80, 0xC8, 0x41, 0x80, 0xC8, 0x81,
    0xCA, 0x80, 0xEF, 0x80, 0xCA, 0x80, 0xE2, 0x81, 0xC7, 0x80, 0x01, 0x40, 0x80, 0xC6, 0x00, 0x40, 0x80, 0xC8, 0x40, 0x80, 0xC9, 0x40, 0xCA, 0x80,
    0xC4, 0x80, 0xC4, 0x80, 0xDA, 0x81, 0xC6, 0x80, 0xC1, 0x81, 0xC6, 0x80, 0xC1, 0x80, 0xC8, 0x80, 0xD6, 0x80, 0xCA, 0x81, 0xC9, 0x80, 0x40, 0xC9,
    0x41, 0x80, 0xC6, 0x80, 0x02, 0x40, 0x80, 0xC5, 0x82, 0x42, 0x80, 0xC4, 0x82, 0x42, 0x80, 0xC4, 0x82, 0x42, 0x80, 0xC4, 0x82, 0x41, 0x80, 0xC5,
    0x81, 0x41, 0x81, 0xC6, 0x80, 0x41, 0x81, 0xC6, 0x80, 0x41, 0x80, 0xC7, 0x42, 0xC8, 0x80, 0x40, 0x80, 0xC8, 0x80, 0x40, 0x80, 0xC9, 0x40, 0x80,
    0xC9, 0x41, 0x80, 0xC8, 0x80, 0x00, 0x40, 0x80, 0xC7, 0x80, 0x00, 0x41, 0xC7, 0x80, 0x42, 0x80, 0xC4, 0x80, 0x42, 0x80, 0x41, 0x80, 0xC3, 0x41,
    0x00, 0x41, 0x80, 0xC5, 0x43, 0x80, 0xC6, 0x80, 0x42, 0x80, 0xC6, 0x80, 0x41, 0x80, 0xC7, 0x80, 0x41, 0x80, 0xC7, 0x80, 0x42, 0xC8, 0x42, 0xC8,
    0x40, 0x00, 0x80, 0xC8, 0x40, 0x00, 0x40, 0xC8, 0x80, 0x00, 0x40, 0xC9, 0x00, 0x40, 0x80, 0xC8, 0x42, 0xC8, 0x80, 0x42, 0xC7, 0x80, 0x41, 0x00,
    0x40, 0xC6, 0x81, 0x40, 0x01, 0x80, 0xC3, 0x80, 0x43, 0x02, 0x40, 0xC2, 0x01, 0x40, 0x80, 0xC7, 0x40, 0x00, 0x40, 0x80, 0xC7, 0x40, 0x00, 0x40,
    0x80, 0xC7, 0x42, 0x80, 0xC7, 0x40, 0x00, 0x40, 0x80, 0xC7, 0x80, 0x00, 0x40, 0x80, 0xC8, 0x40, 0x00, 0x80, 0xC8, 0x01, 0x40, 0xC8, 0x01, 0x40,
    0x80, 0xC7, 0x40, 0x00, 0x40, 0x81, 0xC7, 0x01, 0x40, 0x80, 0xC7, 0x01, 0x41, 0x80, 0xC6, 0x40, 0x02, 0x40, 0x80, 0xC5, 0x80, 0x03, 0x40, 0xC5,
    0x80, 0x03, 0x40, 0x80, 0xC3, 0x40, 0x05, 0x81, 0xC1, 0x01, 0x40, 0x80, 0xC7, 0x01, 0x40, 0x80, 0xC7, 0x02, 0x80, 0xC7, 0x02, 0x80, 0xC7, 0x02,
    0x80, 0xC7, 0x40, 0x01, 0x81, 0xC7, 0x01, 0x40, 0x80, 0xC7, 0x01, 0x40, 0x81, 0xC6, 0x40, 0x00, 0x42, 0x80, 0xC5, 0x40, 0x03, 0x40, 0x80, 0xC5,
    0x04, 0x40, 0xC5, 0x04, 0x40, 0x80, 0xC4, 0x40, 0x03, 0x40, 0x80, 0xC4, 0x80, 0x03, 0x40, 0x80, 0xC4, 0x80, 0x02, 0x40, 0x81, 0xC2, 0x80, 0x40,
    0x02, 0x40, 0x82, 0xC2, 0x01, 0x40, 0x80, 0xC7, 0x01, 0x40, 0x80, 0xC7, 0x02, 0x40, 0x80, 0xC6, 0x02, 0x40, 0x81, 0xC5, 0x02, 0x41, 0x80, 0xC5,
    0x40, 0x01, 0x42, 0x80, 0xC5, 0x04, 0x40, 0x80, 0xC4, 0x05, 0x40, 0x80, 0xC3, 0x05, 0x40, 0x81, 0xC2, 0x40, 0x04, 0x41, 0x80, 0xC2, 0x80, 0x04,
    0x41, 0x80, 0xC3, 0x04, 0x41, 0x80, 0xC3, 0x40, 0x03, 0x41, 0x80, 0xC3, 0x80, 0x03, 0x41, 0x80, 0xC3, 0x80, 0x02, 0x42, 0x80, 0xC1, 0x80, 0x40,
    0x03, 0x40, 0x82, 0xC1, 0x04, 0x40, 0xC5, 0x05, 0x80, 0xC4, 0x05, 0x40, 0xC4, 0x06, 0x80, 0xC1, 0x80, 0xC0, 0x06, 0x40, 0x80, 0xC0, 0x80, 0xC0,
    0x40, 0x06, 0x40, 0x80, 0xC2, 0x06, 0x40, 0x80, 0xC2, 0x07, 0x40, 0xC2, 0x07, 0x40, 0xC2, 0x40, 0x06, 0x40, 0xC2, 0x80, 0x06, 0x40, 0xC3, 0x06,
    0x40, 0xC3, 0x40, 0x05, 0x40, 0xC3, 0x80, 0x04, 0x41, 0xC3, 0x80, 0x04, 0x41, 0x80, 0xC0, 0x80, 0x40, 0x05, 0x42, 0x80, 0x06, 0x40, 0x81, 0x41,
    0x07, 0x43, 0x08, 0x42, 0x08, 0x41, 0x80, 0x08, 0x40, 0x80, 0xC0, 0x40, 0x08, 0x80, 0xC1, 0x08, 0xC2, 0x02, 0x40, 0x03, 0x40, 0xC2, 0x02, 0x41,
    0x02, 0x40, 0x80, 0xC1, 0x40, 0x01, 0x41, 0x02, 0x40, 0x80, 0xC1, 0x80, 0x01, 0x41, 0x02, 0x40, 0x80, 0xC2, 0x06, 0x40, 0x80, 0xC2, 0x40, 0x05,
    0x40, 0x80, 0xC2, 0x80, 0x06, 0x80, 0xC2, 0x80, 0x06, 0x40, 0xC1, 0x40, 0x08, 0x80, 0x3A, 0x41, 0x08, 0x40, 0xC1, 0x08, 0x40, 0xC1, 0x08, 0x80,
    0xC1, 0x08, 0x40, 0xC1, 0x40, 0x07, 0x40, 0xC1, 0x80, 0x07, 0x80, 0xC2, 0x07, 0x80, 0xC2, 0x40, 0x06, 0x80, 0xC2, 0x80, 0x06, 0x80, 0xC2, 0x80,
    0x07, 0xC1, 0x40, 0x08, 0x80, 0x3B, 0x40, 0x09, 0xC1, 0x08, 0x40, 0xC1, 0x08, 0x40, 0xC1, 0x08, 0x40, 0xC1, 0x40, 0x07, 0x80, 0xC1, 0x80, 0x07,
    0x80, 0xC2, 0x07, 0x80, 0xC2, 0x40, 0x06, 0xC3, 0x80, 0x06, 0x80, 0xC2, 0x40, 0x06, 0x40, 0xC1, 0x40, 0x08, 0x80, 0x3B, 0x40, 0x09, 0xC1, 0x08,
    0x40, 0xC1, 0x08, 0x40, 0xC1, 0x08, 0x80, 0xC1, 0x40, 0x07, 0x80, 0xC1, 0x80, 0x07, 0x80, 0xC2, 0x07, 0xC3, 0x40, 0x06, 0xC3, 0x80, 0x06, 0xC3,
    0x40, 0x06, 0x40, 0xC1, 0x40, 0x08, 0x80, 0x3A, 0x40, 0x80, 0x08, 0x40, 0xC1, 0x40, 0x07, 0x80, 0xC1, 0x08, 0x40, 0xC1, 0x40, 0x07, 0x80, 0xC1,
    0x80, 0x07, 0x80, 0xC2, 0x07, 0xC3, 0x07, 0xC3, 0x40, 0x06, 0xC3, 0x80, 0x06, 0xC3, 0x40, 0x06, 0xC2, 0x40, 0x08, 0x80, 0x3A, 0x40, 0x80, 0x08,
    0x40, 0xC1, 0x40, 0x07, 0x80, 0xC1, 0x40, 0x07, 0x80, 0xC1, 0x40, 0x07, 0x80, 0xC1, 0x80, 0x07, 0xC3, 0x07, 0xC3, 0x07, 0xC3, 0x40, 0x05, 0x40,
    0xC3, 0x80, 0x05, 0x40, 0xC3, 0x80, 0x06, 0xC2, 0x40, 0x08, 0x80, 0x23, 0x40, 0x0A, 0x40, 0x09, 0x40, 0xC0, 0x08, 0x40, 0xC2, 0x07, 0x80, 0xC1,
    0x80, 0x07, 0x80, 0xC1, 0x80, 0x07, 0x80, 0xC2, 0x07, 0xC3, 0x07, 0xC3, 0x40, 0x05, 0x40, 0xC3, 0x80, 0x05, 0x40, 0xC4, 0x05, 0x40, 0xC3, 0x80,
    0x06, 0xC2, 0x40, 0x08, 0x80, 0x23, 0x80, 0x09, 0x40, 0x80, 0x09, 0x80, 0xC0, 0x40, 0x07, 0x40, 0xC2, 0x07, 0x80, 0xC2, 0x07, 0x80, 0xC2, 0x07,
    0xC3, 0x07, 0xC3, 0x40, 0x06, 0xC3, 0x80, 0x05, 0x40, 0xC4, 0x05, 0x80, 0xC4, 0x05, 0x80, 0xC4, 0x05, 0x40, 0xC2, 0x40, 0x08, 0x80, 0x17, 0x80,
    0x09, 0x40, 0xC0, 0x09, 0x80, 0xC0, 0x09, 0x80, 0xC0, 0x80, 0x07, 0x80, 0xC2, 0x40, 0x06, 0xC3, 0x40, 0x06, 0xC1, 0x80, 0xC0, 0x40, 0x06, 0xC3,
    0x80, 0x06, 0xC4, 0x05, 0x40, 0xC4, 0x05, 0x80, 0xC4, 0x40, 0x04, 0x80, 0xC4, 0x40, 0x04, 0x80, 0xC4, 0x40, 0x04, 0x40, 0xC2, 0x80, 0x40, 0x07,
    0x80, 0x17, 0xC0, 0x40, 0x08, 0xC1, 0x80, 0x08, 0xC1, 0x80, 0x08, 0xC2, 0x07, 0xC4, 0x06, 0xC3, 0x80, 0x06, 0xC1, 0x80, 0xC1, 0x06, 0xC4, 0x05,
    0x40, 0xC4, 0x05, 0x40, 0xC4, 0x40, 0x04, 0x80, 0xC4, 0x80, 0x04, 0x80, 0xC5, 0x04, 0xC5, 0x80, 0x04, 0x40, 0xC3, 0x40, 0x07, 0x80, 0x0B, 0x40,
    0x09, 0x40, 0xC0, 0x80, 0x07, 0x80, 0xC2, 0x07, 0x80, 0xC2, 0x07, 0x80, 0xC2, 0x80, 0x05, 0x40, 0xC4, 0x40, 0x04, 0x80, 0xC4, 0x05, 0x40, 0xC4,
    0x05, 0x80, 0xC4, 0x40, 0x04, 0x80, 0xC4, 0x80, 0x04, 0x80, 0xC4, 0x80, 0x04, 0xC6, 0x04, 0xC6, 0x04, 0xC6, 0x04, 0x40, 0xC3, 0x41, 0x05, 0x40,
    0x80, 0x0A, 0x41, 0x80, 0x08, 0x81, 0xC0, 0x40, 0x05, 0x40, 0xC4, 0x06, 0xC3, 0x40, 0x06, 0xC3, 0x80, 0x05, 0x40, 0xC0, 0x81, 0xC1, 0x40, 0x04,
    0xC2, 0x80, 0xC1, 0x40, 0x04, 0xC5, 0x40, 0x04, 0x80, 0xC1, 0x80, 0xC1, 0x40, 0x04, 0xC5, 0x80, 0x04, 0x80, 0xC4, 0x80, 0x04, 0x80, 0xC5, 0x04,
    0x80, 0xC5, 0x04, 0x80, 0xC5, 0x04, 0x40, 0xC5, 0x05, 0xC1, 0x00, 0x40, 0x07, 0x40, 0x01, 0x80, 0x40, 0x06, 0x80, 0x01, 0xC1, 0x05, 0x80, 0xC0,
    0x81, 0xC1, 0x80, 0x04, 0xC5, 0x05, 0x40, 0xC3, 0x80, 0x05, 0x40, 0xC0, 0x41, 0xC1, 0x05, 0xC1, 0x80, 0x40, 0xC1, 0x80, 0x04, 0xC2, 0x80, 0xC1,
    0x40, 0x04, 0xC2, 0x00, 0xC1, 0x40, 0x04, 0xC2, 0x40, 0xC1, 0x40, 0x04, 0xC5, 0x40, 0x04, 0x80, 0xC4, 0x80, 0x04, 0x80, 0xC4, 0x80, 0x04, 0xC5,
    0x80, 0x04, 0xC5, 0x80, 0x04, 0x40, 0xC1, 0x01, 0x40, 0x0A, 0x80, 0x05, 0xC0, 0x02, 0x40, 0xC0, 0x80, 0x04, 0xC0, 0x80, 0x00, 0x80, 0xC2, 0x03,
    0x80, 0xC6, 0x03, 0x40, 0xC5, 0x05, 0x80, 0xC0, 0x80, 0x40, 0xC1, 0x05, 0xC1, 0x01, 0xC1, 0x40, 0x04, 0xC1, 0x41, 0xC1, 0x80, 0x03, 0x40, 0xC1,
    0x80, 0x40, 0xC1, 0x40, 0x04, 0xC1, 0x80, 0x00, 0xC1, 0x05, 0xC5, 0x05, 0xC5, 0x40, 0x04, 0x80, 0xC4, 0x40, 0x04, 0x80, 0xC4, 0x40, 0x04, 0xC5,
    0x40, 0x04, 0xC2, 0x02, 0x40, 0x0A, 0x80, 0x03, 0x80, 0x04, 0x80, 0xC0, 0x03, 0x81, 0x40, 0x01, 0xC2, 0x03, 0xC2, 0x80, 0xC3, 0x80, 0x01, 0x40,
    0xC7, 0x03, 0x80, 0xC5, 0x05, 0xC1, 0x40, 0x00, 0xC1, 0x05, 0xC1, 0x01, 0xC1, 0x81, 0x01, 0x40, 0x80, 0xC1, 0x41, 0xC2, 0x80, 0x01, 0x40, 0xC2,
    0x40, 0x00, 0xC2, 0x40, 0x02, 0xC2, 0x40, 0x80, 0xC1, 0x40, 0x04, 0xC5, 0x05, 0x80, 0xC4, 0x05, 0x80, 0xC4, 0x05, 0x80, 0xC4, 0x05, 0xC2, 0x03,
    0x40, 0x0A, 0x80, 0x01, 0x40, 0x05, 0x40, 0xC0, 0x40, 0x01, 0x40, 0x80, 0x03, 0x80, 0xC1, 0x80, 0x02, 0xC2, 0x00, 0xC3, 0x80, 0x01, 0x80, 0xC8,
    0x01, 0x80, 0xC6, 0x80, 0x03, 0x80, 0xC5, 0x05, 0xC2, 0x80, 0xC1, 0x40, 0x00, 0x81, 0x00, 0x40, 0xC1, 0x41, 0xC1, 0x80, 0x40, 0xC0, 0x80, 0x40,
    0x80, 0xC1, 0x81, 0xC2, 0x83, 0xC2, 0x81, 0xC3, 0x40, 0x00, 0xC3, 0x80, 0xC2, 0x80, 0x03, 0x40, 0xC5, 0x05, 0x80, 0xC4, 0x05, 0x80, 0xC4, 0x05,
    0x80, 0xC1, 0x0F, 0x40, 0x09, 0x81, 0x01, 0xC0, 0x04, 0x80, 0xC2, 0x01, 0x40, 0xC1, 0x80, 0x00, 0x80, 0xC2, 0x80, 0x01, 0x80, 0xC2, 0x80, 0xC4,
    0x01, 0xC8, 0x40, 0x01, 0x40, 0xC6, 0x40, 0x03, 0x40, 0xC5, 0x40, 0x00, 0x41, 0x00, 0x40, 0xC6, 0x00, 0x81, 0x00, 0xD3, 0x80, 0xC1, 0x80, 0xC7,
    0x80, 0x01, 0x80, 0xC5, 0x80, 0x05, 0x80, 0xC4, 0x05, 0x80, 0xC4, 0x05, 0xC2, 0x0F, 0x41, 0x08, 0x81, 0x01, 0xC0, 0x04, 0x40, 0xC2, 0x01, 0x40,
    0xC1, 0x40, 0x00, 0x40, 0xC3, 0x01, 0xC3, 0x40, 0xC4, 0x01, 0xC8, 0x40, 0x01, 0x40, 0xC6, 0x80, 0x03, 0x80, 0xC5, 0x80, 0x00, 0x41, 0x00, 0x80,
    0xC6, 0x00, 0x81, 0x00, 0xD3, 0x80, 0xC1, 0x80, 0xC7, 0x80, 0x01, 0x80, 0xC6, 0x05, 0x80, 0xC4, 0x05, 0xC5, 0x05, 0xC2, 0x10, 0x40, 0x08, 0x80,
    0xC0, 0x01, 0xC0, 0x04, 0x40, 0xC2, 0x01, 0x40, 0xC1, 0x40, 0x00, 0x40, 0xC3, 0x01, 0xC3, 0x40, 0x80, 0xC3, 0x01, 0xC3, 0x80, 0xC3, 0x40, 0x01,
    0x40, 0xC7, 0x03, 0xC7, 0x00, 0x41, 0x00, 0xC7, 0x00, 0x81, 0x00, 0xD3, 0x80, 0xC1, 0x80, 0xC7, 0x80, 0x01, 0x80, 0xC6, 0x05, 0xC5, 0x05, 0xC5,
    0x05, 0xC2, 0x10, 0x40, 0x08, 0x80, 0xC0, 0x01, 0xC0, 0x04, 0x40, 0xC2, 0x01, 0x40, 0xC1, 0x40, 0x01, 0xC3, 0x01, 0xC3, 0x00, 0x80, 0xC3, 0x01,
    0xC3, 0x80, 0xC3, 0x40, 0x01, 0x40, 0xC7, 0x03, 0xC7, 0x00, 0x41, 0x00, 0xC7, 0x00, 0x81, 0x40, 0xD3, 0x80, 0xCA, 0x80, 0x00, 0x40, 0xC7, 0x80,
    0x02, 0x40, 0x00, 0xC5, 0x05, 0xC5, 0x05, 0xC2, 0x0F, 0x40, 0x09, 0x81, 0x01, 0xC0, 0x04, 0x40, 0xC2, 0x01, 0x40, 0xC1, 0x40, 0x01, 0xC3, 0x01,
    0xC3, 0x00, 0x80, 0xC3, 0x01, 0xC3, 0x81, 0xC2, 0x40, 0x01, 0x40, 0xC2, 0x80, 0xC2, 0x80, 0x03, 0x80, 0xC5, 0x80, 0x00, 0x41, 0x00, 0x80, 0xC6,
    0x00, 0x81, 0x00, 0xE0, 0x40, 0x81, 0xC6, 0x00, 0x41, 0x02, 0xC5, 0x05, 0xC5, 0x05, 0xC2, 0x0F, 0x40, 0x09, 0x81, 0x01, 0xC0, 0x04, 0x40, 0xC2,
    0x01, 0x40, 0xC1, 0x40, 0x00, 0x40, 0xC2, 0x80, 0x01, 0x80, 0xC2, 0x40, 0x80, 0xC3, 0x01, 0xC3, 0x81, 0xC2, 0x40, 0x01, 0x40, 0xC2, 0x80, 0xC2,
    0x40, 0x03, 0x40, 0xC5, 0x40, 0x00, 0x41, 0x00, 0x40, 0xC5, 0x80, 0x00, 0x81, 0x00, 0x80, 0xD2, 0x80, 0xCA, 0x80, 0x00, 0x40, 0x80, 0xC6, 0x00,
    0x40, 0x02, 0x40, 0xC5, 0x05, 0xC5, 0x05, 0xC2, 0x0F, 0x40, 0x09, 0x81, 0x01, 0xC0, 0x04, 0x40, 0xC2, 0x01, 0x40, 0xC1, 0x40, 0x00, 0x40, 0xC2,
    0x80, 0x01, 0x80, 0xC2, 0x40, 0x80, 0xC3, 0x01, 0xC3, 0x81, 0xC2, 0x40, 0x01, 0x40, 0xC2, 0x80, 0xC2, 0x05, 0xC5, 0x40, 0x00, 0x41, 0x00, 0x40,
    0xC5, 0x80, 0x00, 0x81, 0x00, 0x80, 0xD2, 0x80, 0xC1, 0x80, 0xC7, 0x80, 0x01, 0x80, 0xC2, 0x80, 0xC2, 0x40, 0x04, 0xC5, 0x05, 0xC5, 0x05, 0xC2,
    0x1A, 0x80, 0xC0, 0x01, 0xC0, 0x04, 0x40, 0xC2, 0x01, 0x40, 0xC1, 0x40, 0x00, 0x40, 0xC2, 0x80, 0x01, 0x80, 0xC2, 0x40, 0x80, 0xC3, 0x01, 0xC3,
    0x80, 0xC3, 0x40, 0x01, 0x40, 0xC2, 0x80, 0xC2, 0x05, 0xC5, 0x80, 0x00, 0x41, 0x00, 0x80, 0xC6, 0x00, 0xC1, 0x00, 0xD6, 0x80, 0xC7, 0x80, 0x01,
    0x80, 0xC6, 0x05, 0xC5, 0x05, 0xC5, 0x05, 0xC2, 0x10, 0x40, 0x08, 0x80, 0xC0, 0x01, 0xC0, 0x04, 0x40, 0xC2, 0x01, 0x80, 0xC1, 0x40, 0x00, 0x40,
    0xC3, 0x01, 0xC3, 0x40, 0x80, 0xC3, 0x01, 0xC3, 0x80, 0xC3, 0x40, 0x01, 0x40, 0xC6, 0x40, 0x03, 0x40, 0xC5, 0x80, 0x00, 0x41, 0x00, 0x80, 0xC6,
    0x00, 0xC1, 0x00, 0xDF, 0x80, 0x01, 0x80, 0xC6, 0x05, 0xC5, 0x05, 0xC5, 0x40, 0x04, 0xC2, 0x10, 0x40, 0x08, 0xC1, 0x01, 0xC0, 0x04, 0x40, 0xC2,
    0x40, 0x00, 0x80, 0xC1, 0x40, 0x00, 0x40, 0xC3, 0x01, 0xC3, 0x40, 0x80, 0xC3, 0x01, 0xC3, 0x80, 0xC3, 0x80, 0x01, 0x40, 0xC6, 0x40, 0x03, 0x40,
    0xC5, 0x80, 0x00, 0x41, 0x00, 0x80, 0xC6, 0x00, 0xC1, 0x00, 0xDF, 0x80, 0x01, 0x80, 0xC6, 0x05, 0xC5, 0x05, 0xC5, 0x40, 0x04, 0xC2, 0x0F, 0x80,
    0x40, 0x07, 0x40, 0xC1, 0x01, 0x40, 0x80, 0x03, 0x40, 0xC2, 0x40, 0x00, 0x80, 0xC1, 0x40, 0x00, 0x40, 0xC3, 0x01, 0xC3, 0x40, 0x80, 0xC3, 0x01,
    0xC3, 0x80, 0xC3, 0x40, 0x01, 0x40, 0xC6, 0x80, 0x03, 0x80, 0xC5, 0x80, 0x00, 0x41, 0x00, 0x80, 0xC6, 0x00, 0xC1, 0x00, 0xDF, 0x80, 0x01, 0x80,
    0xC6, 0x05, 0xC5, 0x05, 0xC5, 0x40, 0x04, 0xC2, 0x03, 0x40, 0x0A, 0xC0, 0x08, 0xC1, 0x80, 0x02, 0x40, 0x80, 0x02, 0x40, 0xC2, 0x01, 0x80, 0xC1,
    0x40, 0x00, 0x40, 0xC3, 0x01, 0xC3, 0x40, 0x80, 0xC3, 0x01, 0xC3, 0x80, 0xC3, 0x40, 0x01, 0x40, 0xC7, 0x03, 0xC7, 0x00, 0x41, 0x00, 0xC7, 0x00,
    0xC1, 0x00, 0xD4, 0x81, 0xC8, 0x40, 0x01, 0x40, 0xC6, 0x05, 0xC5, 0x40, 0x04, 0xC5, 0x80, 0x03, 0x40, 0xC2, 0x02, 0x41, 0x09, 0xC0, 0x40, 0x07,
    0x40, 0xC1, 0x80, 0x01, 0x40, 0x00, 0x80, 0xC0, 0x01, 0x80, 0xC1, 0x80, 0x01, 0x81, 0xC0, 0x80, 0x00, 0x40, 0xC3, 0x01, 0xC3, 0x40, 0x80, 0xC3,
    0x01, 0xC3, 0x80, 0xC3, 0x40, 0x01, 0x40, 0xC6, 0x80, 0x40, 0x01, 0x40, 0x80, 0xC6, 0x00, 0x41, 0x00, 0xC7, 0x40, 0xC1, 0x40, 0xD4, 0x81, 0xC8,
    0x40, 0x01, 0x40, 0xC6, 0x40, 0x03, 0x40, 0xC5, 0x40, 0x03, 0x40, 0xC5, 0x80, 0x03, 0x40, 0xC2, 0x01, 0x41, 0x09, 0xC0, 0x80, 0x40, 0x07, 0x80,
    0xC1, 0x80, 0x01, 0x40, 0x01, 0xC0, 0x80, 0x00, 0x80, 0xC1, 0x40, 0x01, 0x81, 0xC1, 0x00, 0x40, 0xC3, 0x01, 0xC3, 0x40, 0x80, 0xC3, 0x01, 0xC3,
    0x81, 0xC2, 0x80, 0x01, 0x80, 0xC2, 0x80, 0xC3, 0x40, 0x01, 0x40, 0xC7, 0x43, 0xC7, 0x80, 0xC1, 0x80, 0xD4, 0x81, 0xC8, 0x40, 0x01, 0x40, 0xC6,
    0x40, 0x03, 0x40, 0xC5, 0x40, 0x03, 0x40, 0xC5, 0x80, 0x03, 0x40, 0xC2, 0x01, 0x40, 0x80, 0x08, 0x40, 0xC0, 0x80, 0x02, 0x40, 0x02, 0x40, 0x00,
    0xC2, 0x40, 0x01, 0x40, 0x01, 0x80, 0xC0, 0x00, 0x80, 0xC1, 0x02, 0x81, 0xC0, 0x80, 0x01, 0xC3, 0x01, 0xC3, 0x00, 0x40, 0xC3, 0x01, 0xC3, 0x40,
    0x80, 0xC2, 0x80, 0x01, 0x80, 0xC2, 0x81, 0xC2, 0x80, 0x01, 0x80, 0xC2, 0x80, 0xC3, 0x83, 0xE0, 0x81, 0xC8, 0x40, 0x01, 0x40, 0xC6, 0x80, 0x03,
    0x80, 0xC5, 0x80, 0x03, 0x40, 0xC6, 0x03, 0x80, 0xC2, 0x00, 0x42, 0x08, 0x40, 0xC0, 0x80, 0x02, 0x40, 0x02, 0x40, 0x00, 0x80, 0xC1, 0x40, 0x01,
    0x40, 0x01, 0x80, 0xC0, 0x00, 0x40, 0xC1, 0x02, 0x80, 0xC1, 0x80, 0x40, 0x00, 0xC3, 0x01, 0xC3, 0x00, 0x40, 0xC3, 0x01, 0xC3, 0x41, 0xC2, 0x80,
    0x01, 0x80, 0xC2, 0x41, 0xC3, 0x01, 0xC3, 0x40, 0x80, 0xC3, 0x81, 0xC3, 0x80, 0xDC, 0x81, 0xC8, 0x40, 0x01, 0x40, 0xC7, 0x03, 0x80, 0xC5, 0x80,
    0x03, 0x80, 0xC6, 0x03, 0x80, 0xC2, 0x00, 0x42, 0x08, 0x80, 0xC0, 0x40, 0x02, 0x40, 0x02, 0x40, 0x00, 0x80, 0xC1, 0x02, 0x40, 0x01, 0x40, 0xC0,
    0x00, 0x40, 0xC1, 0x02, 0x80, 0xC1, 0x41, 0x00, 0xC3, 0x01, 0xC3, 0x01, 0xC3, 0x01, 0xC3, 0x01, 0xC3, 0x01, 0xC3, 0x00, 0x40, 0xC3, 0x01, 0xC3,
    0x41, 0xC3, 0x81, 0xC3, 0x40, 0x80, 0xC9, 0x80, 0xD0, 0x81, 0xC8, 0x40, 0x01, 0x40, 0xC7, 0x03, 0xC6, 0x80, 0x03, 0x80, 0xC6, 0x03, 0x80, 0xC2,
    0x00, 0x80, 0x41, 0x08, 0x80, 0xC0, 0x40, 0x02, 0x40, 0x02, 0x40, 0x00, 0x80, 0xC1, 0x02, 0x40, 0x01, 0x40, 0xC0, 0x00, 0x40, 0xC1, 0x02, 0x80,
    0xC1, 0x41, 0x00, 0xC3, 0x01, 0xC3, 0x01, 0xC3, 0x01, 0xC3, 0x01, 0xC3, 0x01, 0xC3, 0x01, 0xC3, 0x01, 0xC3, 0x00, 0x40, 0xC3, 0x81, 0xC3, 0x41,
    0xC9, 0x40, 0x80, 0xC9, 0x81, 0xC3, 0x81, 0xC3, 0x81, 0xC2, 0x43, 0xC2, 0x81, 0xC2, 0x03, 0xC7, 0x03, 0x80, 0xC6, 0x03, 0x80, 0xC2, 0x00, 0x80,
    0x41, 0x08, 0x80, 0xC0, 0x40, 0x02, 0x40, 0x02, 0x40, 0x00, 0x80, 0xC1, 0x02, 0x40, 0x01, 0x40, 0xC0, 0x00, 0x40, 0xC1, 0x40, 0x01, 0x80, 0xC1,
    0x41, 0x00, 0xC3, 0x01, 0xC3, 0x01, 0xC3, 0x01, 0xC3, 0x01, 0xC3, 0x01, 0xC3, 0x01, 0xC3, 0x01, 0xC3, 0x01, 0xC3, 0x81, 0xC3, 0x00, 0x40, 0xC9,
    0x41, 0xC9, 0x41, 0xC3, 0x41, 0xC3, 0x41, 0xC2, 0x80, 0x41, 0x80, 0xC2, 0x40, 0x80, 0xC2, 0x40, 0x01, 0x40, 0xC7, 0x03, 0x80, 0xC6, 0x03, 0xC3,
    0x00, 0x80, 0x41, 0x08, 0x80, 0xC0, 0x80, 0x02, 0x40, 0x02, 0x40, 0x00, 0x40, 0xC1, 0x02, 0x40, 0x01, 0x40, 0xC0, 0x01, 0xC1, 0x40, 0x01, 0x80,
    0xC1, 0x41, 0x00, 0x80, 0xC2, 0x01, 0xC3, 0x01, 0xC3, 0x01, 0xC3, 0x01, 0xC3, 0x01, 0xC3, 0x01, 0xC3, 0x01, 0xC3, 0x01, 0xC3, 0x81, 0xC3, 0x01,
    0xC9, 0x01, 0xC9, 0x01, 0xC3, 0x41, 0xC3, 0x40, 0x00, 0xC3, 0x01, 0xC3, 0x00, 0x80, 0xC2, 0x40, 0x01, 0x40, 0xC7, 0x03, 0xC7, 0x03, 0xC3, 0x00,
    0x80, 0x41, 0x08, 0x80, 0xC0, 0x80, 0x02, 0x40, 0x02, 0x40, 0x00, 0x40, 0xC1, 0x02, 0x40, 0x01, 0x40, 0xC0, 0x01, 0xC1, 0x40, 0x01, 0x80, 0xC0,
    0x80, 0x40, 0x01, 0x80, 0xC2, 0x01, 0xC2, 0x80, 0x01, 0xC3, 0x01, 0xC3, 0x01, 0xC3, 0x01, 0xC3, 0x01, 0xC3, 0x41, 0xC3, 0x01, 0xC9, 0x01, 0xC9,
    0x01, 0xC9, 0x01, 0xC3, 0x41, 0xC3, 0x01, 0xC3, 0x01, 0xC3, 0x00, 0x40, 0xC2, 0x80, 0x01, 0x80, 0xC7, 0x03, 0xC7, 0x03, 0xC3, 0x00, 0x80, 0x41,
    0x08, 0x80, 0xC0, 0x80, 0x02, 0x40, 0x04, 0x40, 0xC1, 0x02, 0x40, 0x01, 0x40, 0xC0, 0x01, 0xC1, 0x40, 0x01, 0x80, 0xC0, 0x80, 0x40, 0x01, 0x80,
    0xC2, 0x01, 0xC2, 0x80, 0x01, 0xC3, 0x01, 0xC3, 0x01, 0xC3, 0x01, 0xC3, 0x01, 0xC3, 0x41, 0xC3, 0x01, 0x80, 0xC7, 0x80, 0x01, 0xC9, 0x01, 0xC9,
    0x01, 0xC3, 0x41, 0xC3, 0x01, 0xC3, 0x01, 0xC3, 0x00, 0x40, 0xC2, 0x80, 0x01, 0x80, 0xC7, 0x03, 0xC7, 0x03, 0xC3, 0x00, 0x80, 0x41, 0x08, 0x80,
    0xC0, 0x80, 0x02, 0x40, 0x04, 0x40, 0xC1, 0x02, 0x40, 0x01, 0x40, 0xC0, 0x01, 0xC1, 0x40, 0x01, 0x80, 0xC0, 0x80, 0x41, 0x00, 0x80, 0xC2, 0x01,
    0xC3, 0x01, 0xC3, 0x01, 0xC3, 0x01, 0xC3, 0x01, 0xC3, 0x01, 0x80, 0xC2, 0x41, 0xC2, 0x80, 0x01, 0x80, 0xC7, 0x80, 0x01, 0x80, 0xC7, 0x80, 0x01,
    0xC8, 0x80, 0x01, 0x80, 0xC2, 0x41, 0xC2, 0x80, 0x01, 0xC3, 0x01, 0xC3, 0x00, 0x40, 0xC2, 0x80, 0x01, 0x80, 0xC7, 0x03, 0xC7, 0x03, 0xC3, 0x00,
    0x80, 0x41, 0x08, 0x80, 0xC0, 0x80, 0x02, 0x40, 0x04, 0x80, 0xC1, 0x02, 0x40, 0x02, 0xC0, 0x00, 0x40, 0xC1, 0x40, 0x01, 0x80, 0xC0, 0x80, 0x41,
    0x00, 0x80, 0xC2, 0x01, 0xC3, 0x01, 0xC3, 0x01, 0xC3, 0x01, 0xC3, 0x01, 0xC3, 0x01, 0xC3, 0x41, 0xC3, 0x01, 0x80, 0xC7, 0x80, 0x01, 0x80, 0xC7,
    0x80, 0x01, 0x80, 0xC7, 0x80, 0x01, 0x80, 0xC2, 0x41, 0xC2, 0x80, 0x01, 0x80, 0xC2, 0x01, 0xC2, 0x80, 0x00, 0x40, 0xC2, 0x80, 0x01, 0x80, 0xC2,
    0x80, 0xC3, 0x03, 0xC7, 0x03, 0xC3, 0x00, 0x80, 0x41, 0x08, 0x80, 0xC0, 0x40, 0x02, 0x40, 0x02, 0x40, 0x00, 0x80, 0xC1, 0x02, 0x40, 0x02, 0xC0,
    0x00, 0x40, 0xC1, 0x40, 0x01, 0x80, 0xC0, 0x80, 0x41, 0x00, 0xC3, 0x01, 0xC3, 0x01, 0xC3, 0x01, 0xC3, 0x01, 0xC3, 0x01, 0xC3, 0x01, 0xC3, 0x41,
    0xC3, 0x01, 0xC9, 0x01, 0x80, 0xC7, 0x80, 0x01, 0x80, 0xC7, 0x80, 0x01, 0x80, 0xC2, 0x81, 0xC2, 0x80, 0x01, 0x80, 0xC2, 0x41, 0xC2, 0x80, 0x00,
    0x40, 0xC3, 0x41, 0xC3, 0x40, 0xC3, 0x40, 0x01, 0x40, 0xC7, 0x03, 0xC3, 0x00, 0x81, 0x40, 0x07, 0x40, 0x80, 0xC0, 0x40, 0x02, 0x40, 0x04, 0x80,
    0xC1, 0x02, 0x40, 0x02, 0xC0, 0x00, 0x40, 0xC1, 0x40, 0x01, 0x82, 0x40, 0x80, 0x00, 0xC3, 0x01, 0xC3, 0x01, 0xC3, 0x01, 0xC3, 0x01, 0xC3, 0x01,
    0xC3, 0x01, 0xC3, 0x01, 0xC3, 0x01, 0xC9, 0x01, 0xC9, 0x01, 0xC9, 0x01, 0xC3, 0x81, 0xC3, 0x01, 0xC3, 0x41, 0xC2, 0x80, 0x01, 0xC3, 0x41, 0xC3,
    0x00, 0xC3, 0x40, 0x01, 0x40, 0xC7, 0x03, 0xC3, 0x40, 0x81, 0x40, 0x08, 0x80, 0xC0, 0x40, 0x02, 0x40, 0x04, 0xC2, 0x02, 0x40, 0x02, 0x80, 0x00,
    0x80, 0xC1, 0x40, 0x01, 0x40, 0x81, 0x41, 0x00, 0xC3, 0x01, 0x80, 0xC2, 0x80, 0x00, 0xC3, 0x40, 0x00, 0xC3, 0x40, 0x00, 0xC3, 0x01, 0xC3, 0x40,
    0x00, 0xC3, 0x01, 0xC3, 0x40, 0x00, 0xC4, 0x80, 0xC3, 0x01, 0xC9, 0x01, 0xC9, 0x01, 0xC3, 0x80, 0xC4, 0x01, 0xC3, 0x00, 0x80, 0xC3, 0x00, 0x40,
    0xC3, 0x00, 0x80, 0xC3, 0x00, 0xC3, 0x80, 0x00, 0x40, 0x80, 0xC2, 0x80, 0xC2, 0x80, 0x03, 0xC3, 0x40, 0xC0, 0x81, 0x40, 0x07, 0x40, 0xC0, 0x80,
    0x40, 0x02, 0x40, 0x03, 0x80, 0xC1, 0x03, 0x40, 0x03, 0x80, 0xC2, 0x02, 0x81, 0x40, 0x01, 0xC3, 0x80, 0x00, 0x40, 0xC2, 0x80, 0x40, 0xC3, 0x80,
    0x00, 0x80, 0xC3, 0x40, 0xC3, 0x40, 0x00, 0xC3, 0x80, 0x40, 0xC3, 0x40, 0x00, 0xC3, 0x81, 0xC3, 0x81, 0xC3, 0x40, 0x80, 0xC9, 0x40, 0x80, 0xC9,
    0x00, 0x80, 0xC9, 0x00, 0x80, 0xC3, 0x40, 0xC4, 0x00, 0x80, 0xC2, 0x80, 0x00, 0xC3, 0x80, 0x00, 0xC3, 0x80, 0x00, 0xC3, 0x80, 0x00, 0x81, 0xC0,
    0x80, 0x01, 0x40, 0x80, 0xC3, 0x00, 0x80, 0xC1, 0x40, 0x07, 0x80, 0xC1, 0x80, 0x02, 0x40, 0x03, 0x40, 0xC1, 0x80, 0x02, 0x40, 0x03, 0xC3, 0x40,
    0x01, 0x80, 0x02, 0x40, 0xC4, 0x01, 0x80, 0xC1, 0x80, 0x40, 0xC4, 0x00, 0x40, 0xC3, 0x80, 0xC3, 0x80, 0x00, 0x80, 0xC8, 0x40, 0x00, 0xC9, 0x80,
    0x40, 0xCF, 0x80, 0xCA, 0x40, 0xCA, 0x00, 0xC3, 0x80, 0xC5, 0x00, 0xC3, 0x00, 0x40, 0xC4, 0x00, 0xC3, 0x01, 0xC3, 0x80, 0x00, 0x40, 0x81, 0x40,
    0x01, 0xC3, 0x80, 0x00, 0x00, 0x40, 0xC1, 0x40, 0x07, 0x80, 0xC2, 0x40, 0x02, 0x40, 0x02, 0x40, 0xC2, 0x40, 0x02, 0x40, 0x02, 0xC4, 0x02, 0x40,
    0x01, 0x40, 0xC4, 0x40, 0x01, 0xC1, 0x81, 0xC4, 0x40, 0x00, 0x80, 0xC7, 0x80, 0x01, 0xC8, 0x40, 0x00, 0x80, 0xC8, 0x41, 0xDB, 0x80, 0xCA, 0x40,
    0xCA, 0x00, 0xC2, 0x80, 0x40, 0xC4, 0x80, 0x00, 0xC2, 0x40, 0x00, 0xC4, 0x80, 0x01, 0x41, 0x01, 0x80, 0xC3, 0x40, 0x00, 0x00, 0x80, 0xC2, 0x40,
    0x07, 0xC3, 0x06, 0x80, 0xC3, 0x03, 0x40, 0x00, 0x40, 0xC5, 0x02, 0x40, 0x00, 0x80, 0xC5, 0x01, 0x40, 0x80, 0x40, 0xC6, 0x01, 0x80, 0xC7, 0x01,
    0x40, 0xC7, 0x40, 0x01, 0xC8, 0x01, 0xE7, 0x80, 0xCA, 0x00, 0xC2, 0x80, 0xC5, 0x80, 0x00, 0xC1, 0x80, 0x00, 0xC5, 0x40, 0x04, 0x80, 0xC4, 0x40,
    0x00, 0x01, 0x80, 0xC2, 0x80, 0x05, 0x40, 0xC3, 0x80, 0x05, 0xC5, 0x04, 0x80, 0xC5, 0x80, 0x01, 0x40, 0x00, 0xC7, 0x01, 0x40, 0x00, 0xC6, 0x80,
    0x01, 0x81, 0xC5, 0x40, 0x01, 0x40, 0xC6, 0x02, 0x80, 0xC6, 0x80, 0x01, 0x80, 0xC8, 0x80, 0xE8, 0x80, 0xC1, 0x80, 0xC7, 0x00, 0x81, 0x40, 0xC6,
    0x40, 0x03, 0x80, 0xC5, 0x01, 0x01, 0x80, 0xC4, 0x04, 0xC5, 0x40, 0x03, 0x80, 0xC6, 0x03, 0xC7, 0x40, 0x01, 0x40, 0xC7, 0x80, 0x01, 0x40, 0xC7,
    0x80, 0x01, 0x80, 0xC5, 0x81, 0x02, 0xC4, 0x80, 0x03, 0x40, 0xC5, 0x40, 0x02, 0x80, 0xFD, 0x42, 0xC7, 0x80, 0x02, 0x80, 0xC6, 0x01, 0x00, 0x80,
    0xC5, 0x80, 0x02, 0x40, 0xC6, 0x40, 0x02, 0xC8, 0x02, 0xC8, 0x40, 0x01, 0xC8, 0x80, 0x01, 0xC8, 0x40, 0x01, 0xC8, 0x02, 0xC3, 0x06, 0x80, 0xC3,
    0x40, 0x03, 0x40, 0xC7, 0x81, 0xF3, 0x00, 0xC9, 0x02, 0xC7, 0x40, 0x00, 0x40, 0xC7, 0x80, 0x01, 0xC8, 0x40, 0x01, 0xC9, 0x01, 0xC9, 0x01, 0xC9,
    0x40, 0x00, 0xC9, 0x40, 0x00, 0xC3, 0x81, 0xC3, 0x01, 0xC3, 0x02, 0x40, 0x80, 0x40, 0x01, 0xC0, 0x80, 0xC1, 0x80, 0x05, 0x40, 0xC5, 0x40, 0x01,
    0x40, 0xF1, 0x40, 0xCA, 0x00, 0x40, 0xC8, 0x00, 0x00, 0xC9, 0x00, 0xC9, 0x40, 0x00, 0xC9, 0x80, 0x00, 0xCA, 0x00, 0xCA, 0x00, 0xCA, 0x00, 0xC3,
    0x80, 0x00, 0xC4, 0x00, 0xC3, 0x02, 0x80, 0xC1, 0x80, 0x00, 0xC4, 0x02, 0x80, 0x40, 0x01, 0xC4, 0x80, 0x04, 0x40, 0xC6, 0x42, 0x80, 0xE4, 0x80,
    0xCA, 0x00, 0xC8, 0x80, 0x00, 0x00, 0x80, 0xC8, 0x40, 0xD6, 0x40, 0xCA, 0x80, 0xCC, 0x80, 0xCD, 0x80, 0x00, 0x40, 0xC3, 0x80, 0xC3, 0x80, 0x01,
    0xC3, 0x40, 0xC4, 0x01, 0x40, 0xC2, 0x00, 0xC4, 0x02, 0x81, 0x01, 0xC5, 0x04, 0x40, 0xC6, 0x80, 0x40, 0x81, 0xE4, 0x40, 0xC9, 0x40, 0x40, 0xF0,
    0x80, 0xD9, 0x01, 0xC9, 0x01, 0x80, 0xC7, 0x80, 0x01, 0xC8, 0x80, 0x01, 0xC3, 0x00, 0xC4, 0x01, 0x40, 0xC0, 0x80, 0x01, 0xC4, 0x80, 0x04, 0x40,
    0xC6, 0x82, 0xE4, 0x80, 0x80, 0xE5, 0x80, 0xE5, 0x00, 0x80, 0xC7, 0x80, 0x02, 0xC7, 0x02, 0xC8, 0x01, 0x80, 0xC8, 0x01, 0xC4, 0x40, 0xC3, 0x40,
    0x00, 0x40, 0xC1, 0x80, 0x01, 0xC4, 0x40, 0x04, 0x40, 0xC6, 0x82, 0xC0, 0x80, 0xD7, 0xFF, 0xCE, 0x80, 0xC6, 0x80, 0x03, 0xC6, 0x04, 0xC6, 0x01,
    0x80, 0xC8, 0x00, 0x80, 0xC9, 0x40, 0x00, 0xC5, 0x00, 0xC3, 0x01, 0x82, 0x40, 0x01, 0xC4, 0x40, 0x03, 0x41, 0xC8, 0x82, 0xCB, 0xEB, 0x80, 0xDD,
    0x80, 0x41, 0xC7, 0x80, 0x03, 0x80, 0xC5, 0x00, 0x41, 0x02, 0xC5, 0x00, 0xC2, 0x41, 0xC5, 0x00, 0xCA, 0x41, 0xCA, 0x00, 0x40, 0xC4, 0x80, 0x00,
    0xC3, 0x01, 0x42, 0x02, 0xC4, 0x80, 0x41, 0x00, 0x41, 0x00, 0xC7, 0x81, 0x40, 0x00, 0xFE, 0x80, 0x41, 0xC7, 0x04, 0xC5, 0x80, 0x40, 0xC0, 0x40,
    0x01, 0xC5, 0x00, 0xC2, 0x01, 0xC5, 0x00, 0xC2, 0x40, 0x00, 0x80, 0xC4, 0x00, 0xCA, 0x80, 0x40, 0xCA, 0x00, 0x80, 0xC6, 0x80, 0xC2, 0x00, 0x40,
    0xC3, 0x80, 0x40, 0x00, 0xC3, 0x40, 0x06, 0x40, 0xC4, 0x80, 0x40, 0x03, 0x80, 0xC8, 0x80, 0x40, 0x80, 0xE5, 0x80, 0x40, 0x80, 0xC7, 0x00, 0x41,
    0x01, 0xC5, 0x40, 0x80, 0xC1, 0x40, 0x00, 0x40, 0xC4, 0x40, 0xC2, 0x01, 0x40, 0xC3, 0x81, 0xC1, 0x40, 0x01, 0x80, 0xC3, 0x40, 0x80, 0xC1, 0x40,
    0x00, 0x80, 0xC4, 0x80, 0x40, 0xCA, 0x00, 0xCA, 0x41, 0xCA, 0x41, 0xC6, 0x00, 0xC2, 0x40, 0x00, 0x41, 0x80, 0x40, 0x03, 0xC2, 0x80, 0x40, 0x05,
    0x01, 0xC8, 0x00, 0x40, 0xE4, 0x80, 0x40, 0x81, 0x40, 0xC5, 0x40, 0x80, 0xC3, 0x40, 0xC3, 0x81, 0xC3, 0x80, 0x00, 0x80, 0xC2, 0x40, 0xC2, 0x40,
    0x02, 0x80, 0xC2, 0x40, 0xC2, 0x02, 0x40, 0xC3, 0x40, 0xC2, 0x80, 0xC6, 0x00, 0xCA, 0x40, 0x80, 0xCA, 0x00, 0xCA, 0x80, 0x00, 0xC7, 0x80, 0xC1,
    0x40, 0x00, 0x40, 0x80, 0xC2, 0x80, 0x02, 0xC1, 0x80, 0x07, 0x01, 0x80, 0xC7, 0x00, 0x80, 0xD9, 0x83, 0xC5, 0x81, 0xC3, 0x80, 0xC3, 0x81, 0xC5,
    0x80, 0xC2, 0x40, 0xC3, 0x80, 0xC1, 0x80, 0xC2, 0x80, 0xC2, 0x84, 0xC2, 0x80, 0xC3, 0x83, 0xC2, 0x80, 0xC4, 0x81, 0xC3, 0x80, 0xCA, 0x40, 0xCA,
    0x40, 0x80, 0xCA, 0x00, 0x80, 0xC9, 0x80, 0x00, 0x40, 0xC5, 0x80, 0x00, 0x40, 0xC0, 0x80, 0x08, 0x00, 0x40, 0xC8, 0x00, 0xEF, 0x80, 0xFF, 0xC6,
    0x80, 0xCA, 0x40, 0xCA, 0x80, 0x40, 0xCA, 0x40, 0x00, 0x40, 0xC5, 0x80, 0x01, 0xC0, 0x40, 0x08, 0x80, 0xC8, 0x40, 0x00, 0xCA, 0x40, 0xFF, 0xF7,
    0x80, 0xCA, 0x41, 0xC7, 0x80, 0x00, 0x80, 0x42, 0x84, 0x40, 0x02, 0x80, 0x09, 0xC8, 0x80, 0x01, 0xC9, 0x80, 0x00, 0xCA, 0x40, 0xCA, 0x80, 0xFF,
    0xD2, 0x80, 0xCA, 0x40, 0xC8, 0x80, 0x40, 0x00, 0x80, 0xC6, 0x41, 0x01, 0x42, 0x82, 0x41, 0x03, 0x80, 0x0A, 0xC9, 0x40, 0x00, 0xC9, 0x80, 0x40,
    0xCA, 0x40, 0xCA, 0x80, 0xCA, 0x80, 0xEE, 0x80, 0xCA, 0x40, 0xC9, 0x80, 0x40, 0xC8, 0x80, 0x40, 0x00, 0xC7, 0x80, 0x41, 0x00, 0xC6, 0x80, 0x41,
    0x01, 0x40, 0x83, 0x42, 0x05, 0x43, 0x05, 0xC9, 0x40, 0x00, 0xC9, 0x80, 0x40, 0xC9, 0x80, 0x40, 0xCA, 0x40, 0xCA, 0x40, 0xCA, 0x40, 0xCA, 0x40,
    0xCA, 0x40, 0xC9, 0x80, 0x40, 0xC9, 0x41, 0xC8, 0x80, 0x40, 0x00, 0xC7, 0x80, 0x41, 0x00, 0xC6, 0x80, 0x41, 0x01, 0xC4, 0x80, 0x42, 0x02, 0x46,
    0x06, 0x40, 0x08, 0xC8, 0x40, 0x01, 0xC8, 0x80, 0x40, 0x00, 0xC8, 0x80, 0x40, 0x00, 0xC8, 0x80, 0x40, 0x00, 0xC8, 0x80, 0x40, 0x00, 0xC8, 0x80,
    0x40, 0x00, 0xC8, 0x80, 0x40, 0x00, 0xC8, 0x41, 0x00, 0xC7, 0x80, 0x40, 0x01, 0xC7, 0x41, 0x01, 0xC6, 0x41, 0x02, 0xC4, 0x80, 0x41, 0x03, 0xC2,
    0x80, 0x42, 0x04, 0x44, 0x1E, 0xC6, 0x80, 0x40, 0x02, 0xC7, 0x40, 0x02, 0xC7, 0x40, 0x02, 0xC7, 0x40, 0x02, 0xC7, 0x40, 0x02, 0xC6, 0x80, 0x40,
    0x02, 0xC6, 0x80, 0x40, 0x02, 0xC6, 0x41, 0x02, 0xC5, 0x41, 0x03, 0xC4, 0x80, 0x40, 0x04, 0xC2, 0x80, 0x41, 0x05, 0x81, 0x42, 0x06, 0x42, 0x2C,
    0xC5, 0x40, 0x04, 0xC5, 0x40, 0x04, 0xC5, 0x40, 0x04, 0xC5, 0x40, 0x04, 0xC5, 0x40, 0x04, 0xC4, 0x80, 0x40, 0x04, 0xC4, 0x41, 0x04, 0xC3, 0x80,
    0x40, 0x05, 0xC2, 0x80, 0x40, 0x06, 0xC0, 0x80, 0x41, 0x07, 0x41, 0x3F, 0x05, 0xC3, 0x80, 0x40, 0x05, 0xC3, 0x80, 0x40, 0x05, 0xC3, 0x80, 0x40,
    0x05, 0xC3, 0x80, 0x40, 0x05, 0xC3, 0x40, 0x06, 0xC2, 0x80, 0x40, 0x06, 0xC1, 0x80, 0x40, 0x07, 0xC0, 0x80, 0x40, 0x08, 0x41, 0x3F, 0x1D, 0xC2,
    0x40, 0x07, 0xC2, 0x40, 0x07, 0xC2, 0x40, 0x07, 0xC2, 0x40, 0x07, 0xC1, 0x80, 0x40, 0x07, 0xC0, 0x80, 0x40, 0x08, 0x80, 0x40, 0x09, 0x40, 0x3F,
    0x2A, 0xC1, 0x80, 0x08, 0xC1, 0x80, 0x08, 0xC1, 0x80, 0x08, 0xC1, 0x40, 0x08, 0xC0, 0x80, 0x09, 0x80, 0x40, 0x09, 0x40, 0x3F, 0x36, 0xC1, 0x80,
    0x08, 0xC1, 0x80, 0x08, 0xC1, 0x40, 0x08, 0xC1, 0x40, 0x08, 0xC0, 0x40, 0x09, 0x41, 0x3F, 0x3F, 0x01, 0xC1, 0x80, 0x08, 0xC1, 0x80, 0x08, 0xC1,
    0x40, 0x08, 0xC1, 0x40, 0x08, 0xC0, 0x40, 0x09, 0x41, 0x3F, 0x3F, 0x01, 0xC1, 0x80, 0x08, 0xC1, 0x80, 0x08, 0xC1, 0x40, 0x08, 0xC1, 0x40, 0x08,
    0xC0, 0x40, 0x09, 0x41, 0x3F, 0x3F, 0x01, 0xC1, 0x80, 0x08, 0xC1, 0x80, 0x08, 0xC1, 0x40, 0x08, 0xC1, 0x40, 0x08, 0xC0, 0x40, 0x08, 0x80, 0x41,
    0x08, 0x40, 0x3F, 0x37, 0xC1, 0x80, 0x08, 0xC1, 0x80, 0x08, 0xC1, 0x40, 0x08, 0xC1, 0x40, 0x07, 0x40, 0xC0, 0x40, 0x08, 0xC0, 0x41, 0x08, 0x80,
    0x3F, 0x06, 0x80, 0x2F, 0xC1, 0x80, 0x08, 0xC1, 0x80, 0x08, 0xC1, 0x40, 0x08, 0xC1, 0x40, 0x07, 0x40, 0xC0, 0x40, 0x07, 0x80, 0xC0, 0x41, 0x08,
    0xC0, 0x16, 0x80, 0x0A, 0x80, 0x0A, 0x40, 0x0A, 0xC0, 0x09, 0x40, 0xC0, 0x0A, 0x80, 0x0A, 0x80, 0x0A, 0xC0, 0x0A, 0x80, 0xC1, 0x80, 0x08, 0xC1,
    0x80, 0x08, 0xC1, 0x40, 0x08, 0xC1, 0x40, 0x06, 0x41, 0xC0, 0x40, 0x07, 0xC1, 0x41, 0x07, 0x40, 0xC0, 0x0A, 0x80, 0x0A, 0xC0, 0x0A, 0xC0, 0x0A,
    0xC0, 0x09, 0x40, 0xC0, 0x09, 0x80, 0xC0, 0x0A, 0xC0, 0x0A, 0xC0, 0x09, 0x40, 0xC0, 0x09, 0x40, 0xC0, 0xC1, 0x80, 0x08, 0xC1, 0x80, 0x08, 0xC1,
    0x40, 0x08, 0xC1, 0x40, 0x06, 0x41, 0xC0, 0x40, 0x07, 0xC1, 0x41, 0x07, 0x80, 0xC0, 0x0A, 0xC0, 0x0A, 0xC0, 0x09, 0x40, 0xC0, 0x0A, 0xC0, 0x09,
    0x80, 0xC0, 0x09, 0x80, 0xC0, 0x09, 0x40, 0xC0, 0x09, 0x80, 0xC0, 0x09, 0xC1, 0x09, 0xC1, 0xC1, 0x80, 0x08, 0xC1, 0x80, 0x08, 0xC1, 0x40, 0x08,
    0xC1, 0x40, 0x05, 0x42, 0xC0, 0x40, 0x06, 0x40, 0xC1, 0x41, 0x07, 0x80, 0xC0, 0x0A, 0xC0, 0x09, 0x40, 0xC0, 0x09, 0x40, 0xC0, 0x0A, 0xC0, 0x09,
    0x80, 0xC0, 0x09, 0xC1, 0x09, 0x80, 0xC0, 0x09, 0xC1, 0x09, 0xC1, 0x08, 0x40, 0xC1, 0xC1, 0x80, 0x08, 0xC1, 0x80, 0x08, 0xC1, 0x40, 0x08, 0xC1,
    0x40, 0x05, 0x42, 0xC0, 0x40, 0x06, 0x40, 0xC1, 0x41, 0x07, 0xC1, 0x0A, 0xC0, 0x09, 0x80, 0xC0, 0x09, 0x80, 0xC0, 0x09, 0x40, 0xC0, 0x09, 0x80,
    0xC0, 0x09, 0xC1, 0x09, 0xC1, 0x09, 0xC1, 0x08, 0x40, 0xC1, 0x08, 0x80, 0xC1, 0xC1, 0x80, 0x08, 0xC1, 0x80, 0x08, 0xC1, 0x40, 0x08, 0xC1, 0x40,
    0x05, 0x40, 0x80, 0x40, 0xC0, 0x40, 0x06, 0x80, 0xC1, 0x41, 0x07, 0xC1, 0x09, 0x40, 0xC0, 0x09, 0x80, 0xC0, 0x09, 0x80, 0xC0, 0x09, 0x40, 0xC0,
    0x09, 0x80, 0xC0, 0x09, 0xC1, 0x09, 0xC1, 0x09, 0xC1, 0x08, 0x80, 0xC1, 0x08, 0xC2, 0xC1, 0x80, 0x08, 0xC1, 0x80, 0x08, 0xC1, 0x40, 0x08, 0xC1,
    0x40, 0x05, 0x81, 0x40, 0xC0, 0x40, 0x06, 0x80, 0xC1, 0x41, 0x07, 0xC1, 0x09, 0x40, 0xC0, 0x09, 0xC1, 0x09, 0xC1, 0x09, 0x80, 0xC0, 0x09, 0x80,
    0xC0, 0x09, 0xC1, 0x09, 0xC1, 0x08, 0x40, 0xC1, 0x08, 0x80, 0xC1, 0x08, 0xC2, 0xC1, 0x80, 0x08, 0xC1, 0x80, 0x08, 0xC1, 0x40, 0x08, 0xC1, 0x40,
    0x05, 0x81, 0x00, 0xC0, 0x40, 0x06, 0xC2, 0x41, 0x06, 0x40, 0xC1, 0x09, 0x80, 0xC0, 0x09, 0xC1, 0x09, 0xC1, 0x09, 0x80, 0xC0, 0x09, 0xC1, 0x09,
    0xC1, 0x09, 0xC1, 0x08, 0x40, 0xC1, 0x08, 0x80, 0xC1, 0x08, 0xC2, 0xC1, 0x80, 0x08, 0xC1, 0x80, 0x08, 0xC1, 0x40, 0x08, 0xC1, 0x40, 0x05, 0x80,
    0x40, 0x00, 0xC0, 0x40, 0x06, 0xC2, 0x41, 0x06, 0x40, 0xC1, 0x09, 0x80, 0xC0, 0x09, 0xC1, 0x09, 0xC1, 0x09, 0xC1, 0x09, 0xC1, 0x09, 0xC1, 0x08,
    0x40, 0xC1, 0x08, 0x80, 0xC1, 0x08, 0xC2, 0x08, 0xC2, 0xC1, 0x80, 0x08, 0xC1, 0x80, 0x08, 0xC1, 0x40, 0x08, 0xC1, 0x40, 0x05, 0x80, 0x40, 0x00,
    0xC0, 0x40, 0x06, 0xC2, 0x41, 0x06, 0x80, 0xC1, 0x09, 0xC1, 0x08, 0x40, 0xC1, 0x08, 0x40, 0xC1, 0x09, 0xC0, 0x80, 0x09, 0xC1, 0x08, 0x40, 0xC1,
    0x08, 0x80, 0xC1, 0x08, 0xC2, 0x08, 0xC2, 0x08, 0xC2, 0xC1, 0x80, 0x08, 0xC1, 0x80, 0x08, 0xC1, 0x40, 0x08, 0xC1, 0x40, 0x04, 0x40, 0x80, 0x40,
    0x00, 0xC0, 0x40, 0x06, 0xC1, 0x80, 0x41, 0x06, 0x80, 0xC1, 0x09, 0xC1, 0x08, 0x40, 0xC1, 0x08, 0x80, 0xC1, 0x09, 0xC0, 0x40, 0x08, 0x40, 0xC1,
    0x08, 0x80, 0xC1, 0x08, 0x80, 0xC1, 0x08, 0xC2, 0x08, 0xC2, 0x07, 0x40, 0xC2, 0xC1, 0x80, 0x08, 0xC1, 0x80, 0x08, 0xC1, 0x40, 0x08, 0xC1, 0x40,
    0x04, 0x40, 0x80, 0x40, 0x00, 0xC0, 0x40, 0x05, 0x40, 0xC1, 0x42, 0x06, 0xC2, 0x08, 0x40, 0xC1, 0x08, 0x80, 0xC1, 0x08, 0x80, 0xC0, 0x80, 0x08,
    0x40, 0xC0, 0x40, 0x08, 0x80, 0xC0, 0x80, 0x08, 0x80, 0xC1, 0x08, 0xC2, 0x08, 0xC2, 0x07, 0x40, 0xC2, 0x07, 0x80, 0xC2, 0xC1, 0x80, 0x08, 0xC1,
    0x80, 0x08, 0xC1, 0x40, 0x08, 0xC1, 0x40, 0x04, 0x40, 0x80, 0x40, 0x00, 0xC0, 0x40, 0x05, 0x40, 0xC1, 0x42, 0x06, 0xC1, 0x80, 0x08, 0x40, 0xC1,
    0x08, 0xC2, 0x08, 0xC1, 0x80, 0x08, 0x80, 0xC0, 0x40, 0x08, 0xC1, 0x40, 0x08, 0xC2, 0x08, 0xC2, 0x07, 0x40, 0xC2, 0x07, 0x80, 0xC2, 0x07, 0x80,
    0xC2, 0xC1, 0x80, 0x08, 0xC1, 0x80, 0x08, 0xC1, 0x40, 0x08, 0xC1, 0x40, 0x04, 0x81, 0x40, 0x00, 0xC0, 0x40, 0x05, 0x80, 0xC1, 0x00, 0x41, 0x06,
    0xC1, 0x80, 0x08, 0x80, 0xC1, 0x08, 0xC2, 0x08, 0xC0, 0x80, 0xC0, 0x08, 0xC0, 0x81, 0x08, 0xC1, 0x40, 0x07, 0x40, 0xC1, 0x80, 0x07, 0x40, 0xC2,
    0x07, 0x80, 0xC2, 0x07, 0xC3, 0x07, 0xC3, 0xC1, 0x80, 0x08, 0xC1, 0x80, 0x08, 0xC1, 0x40, 0x08, 0xC1, 0x40, 0x04, 0x81, 0x01, 0xC0, 0x40, 0x05,
    0x80, 0xC1, 0x00, 0x41, 0x06, 0xC1, 0x40, 0x08, 0xC1, 0x80, 0x07, 0x40, 0xC2, 0x07, 0x40, 0xC2, 0x08, 0xC0, 0x80, 0xC0, 0x08, 0xC1, 0x40, 0x07,
    0x40, 0xC1, 0x40, 0x07, 0x80, 0xC2, 0x07, 0xC3, 0x07, 0xC3, 0x07, 0xC3, 0xC1, 0x80, 0x08, 0xC1, 0x80, 0x08, 0xC1, 0x40, 0x08, 0xC1, 0x40, 0x04,
    0x81, 0x01, 0xC0, 0x40, 0x05, 0x80, 0xC1, 0x00, 0x41, 0x05, 0x40, 0xC1, 0x40, 0x08, 0xC1, 0x80, 0x07, 0x40, 0xC1, 0x80, 0x07, 0x40, 0xC2, 0x08,
    0xC0, 0x80, 0xC0, 0x07, 0x40, 0xC2, 0x07, 0x80, 0xC1, 0x80, 0x07, 0x80, 0xC1, 0x80, 0x07, 0xC3, 0x06, 0x40, 0xC3, 0x06, 0x40, 0xC3, 0xC1, 0x80,
    0x08, 0xC1, 0x80, 0x08, 0xC1, 0x40, 0x08, 0xC1, 0x40, 0x04, 0x81, 0x01, 0xC0, 0x40, 0x05, 0x80, 0xC1, 0x00, 0x41, 0x05, 0x40, 0xC1, 0x09, 0xC1,
    0x40, 0x07, 0x40, 0xC1, 0x80, 0x07, 0x40, 0xC2, 0x07, 0x40, 0xC2, 0x07, 0x40, 0xC2, 0x07, 0x80, 0xC2, 0x07, 0xC2, 0x80, 0x07, 0xC3, 0x06, 0x40,
    0xC3, 0x06, 0x80, 0xC3, 0xC1, 0x80, 0x08, 0xC1, 0x80, 0x08, 0xC1, 0x40, 0x08, 0xC1, 0x40, 0x04, 0x81, 0x01, 0xC0, 0x40, 0x05, 0x80, 0xC1, 0x00,
    0x41, 0x05, 0x40, 0xC1, 0x09, 0xC1, 0x40, 0x07, 0x80, 0xC1, 0x40, 0x07, 0x80, 0xC1, 0x80, 0x07, 0x40, 0xC1, 0x80, 0x07, 0x40, 0xC2, 0x07, 0x80,
    0xC1, 0x80, 0x07, 0xC2, 0x80, 0x07, 0xC3, 0x06, 0x80, 0xC3, 0x06, 0xC4, 0xC1, 0x80, 0x08, 0xC1, 0x80, 0x08, 0xC1, 0x40, 0x08, 0xC1, 0x40, 0x04,
    0x81, 0x01, 0xC0, 0x40, 0x05, 0xC2, 0x00, 0x40, 0x06, 0x40, 0xC1, 0x09, 0xC1, 0x40, 0x07, 0x80, 0xC1, 0x40, 0x07, 0x80, 0xC1, 0x40, 0x07, 0x40,
    0xC1, 0x40, 0x07, 0x80, 0xC1, 0x80, 0x07, 0xC2, 0x40, 0x07, 0xC2, 0x80, 0x07, 0xC3, 0x06, 0x80, 0xC3, 0x06, 0xC4, 0xC1, 0x80, 0x08, 0xC1, 0x80,
    0x08, 0xC1, 0x40, 0x08, 0xC1, 0x40, 0x04, 0x81, 0x01, 0xC0, 0x40, 0x05, 0xC2, 0x00, 0x40, 0x06, 0x40, 0xC1, 0x09, 0xC1, 0x40, 0x07, 0x80, 0xC1,
    0x40, 0x07, 0x80, 0xC1, 0x40, 0x07, 0x80, 0xC1, 0x40, 0x07, 0xC2, 0x80, 0x06, 0x40, 0x80, 0xC1, 0x80, 0x07, 0xC2, 0x80, 0x07, 0xC3, 0x06, 0x80,
    0xC3, 0x06, 0x80, 0xC3, 0xC1, 0x80, 0x08, 0xC1, 0x80, 0x08, 0xC1, 0x40, 0x08, 0xC1, 0x40, 0x04, 0xC0, 0x80, 0x01, 0xC0, 0x40, 0x05, 0xC2, 0x00,
    0x40, 0x06, 0x40, 0xC1, 0x09, 0xC1, 0x40, 0x07, 0x80, 0xC1, 0x40, 0x07, 0x80, 0xC1, 0x80, 0x07, 0xC2, 0x80, 0x06, 0x81, 0xC1, 0x80, 0x06, 0x40,
    0x80, 0xC1, 0x80, 0x07, 0xC2, 0x80, 0x07, 0xC3, 0x06, 0x40, 0xC3, 0x06, 0x80, 0xC3, 0xC1, 0x80, 0x08, 0xC1, 0x80, 0x08, 0xC1, 0x40, 0x08, 0xC1,
    0x40, 0x04, 0xC0, 0x80, 0x01, 0xC0, 0x40, 0x05, 0xC1, 0x80, 0x00, 0x40, 0x06, 0x80, 0xC1, 0x08, 0x40, 0xC1, 0x40, 0x07, 0x80, 0xC1, 0x40, 0x07,
    0xC2, 0x80, 0x06, 0x80, 0xC2, 0x80, 0x05, 0x40, 0x00, 0x80, 0xC1, 0x80, 0x07, 0x80, 0xC1, 0x80, 0x07, 0xC2, 0x80, 0x07, 0xC3, 0x06, 0x40, 0xC3,
    0x06, 0x80, 0xC3, 0xC1, 0x80, 0x08, 0xC1, 0x80, 0x08, 0xC1, 0x40, 0x08, 0xC1, 0x40, 0x04, 0xC0, 0x80, 0x01, 0xC0, 0x40, 0x05, 0xC1, 0x80, 0x00,
    0x40, 0x06, 0x80, 0xC1, 0x08, 0x40, 0xC1, 0x08, 0xC2, 0x40, 0x06, 0x80, 0xC2, 0x80, 0x04, 0x40, 0x80, 0x40, 0x80, 0xC1, 0x80, 0x07, 0x80, 0xC1,
    0x80, 0x07, 0x80, 0xC1, 0x80, 0x07, 0xC2, 0x80, 0x07, 0xC3, 0x06, 0x40, 0xC3, 0x06, 0x80, 0xC3, 0xC1, 0x80, 0x08, 0xC1, 0x80, 0x08, 0xC1, 0x40,
    0x08, 0xC1, 0x40, 0x04, 0xC0, 0x40, 0x01, 0xC0, 0x40, 0x05, 0xC1, 0x80, 0x00, 0x40, 0x06, 0x80, 0xC1, 0x08, 0x80, 0xC1, 0x07, 0x80, 0xC2, 0x40,
    0x04, 0x82, 0xC2, 0x80, 0x07, 0x40, 0xC1, 0x80, 0x07, 0x80, 0xC1, 0x80, 0x07, 0xC2, 0x80, 0x07, 0xC2, 0x80, 0x07, 0xC3, 0x06, 0x80, 0xC3, 0x06,
    0x80, 0xC3, 0xC1, 0x80, 0x08, 0xC1, 0x80, 0x08, 0xC1, 0x40, 0x08, 0xC1, 0x40, 0x04, 0xC0, 0x40, 0x01, 0xC0, 0x40, 0x05, 0xC1, 0x40, 0x00, 0x40,
    0x06, 0xC1, 0x80, 0x08, 0x80, 0xC1, 0x04, 0x42, 0xC3, 0x40, 0x03, 0x40, 0x00, 0x41, 0xC2, 0x80, 0x07, 0x80, 0xC1, 0x80, 0x07, 0x80, 0xC2, 0x07,
    0xC2, 0x80, 0x07, 0xC2, 0x80, 0x06, 0x40, 0xC3, 0x06, 0x80, 0xC3, 0x06, 0x80, 0xC3, 0xC1, 0x80, 0x08, 0xC1, 0x80, 0x08, 0xC1, 0x40, 0x08, 0xC1,
    0x40, 0x04, 0xC0, 0x40, 0x01, 0xC0, 0x40, 0x04, 0x40, 0xC1, 0x40, 0x00, 0x40, 0x06, 0xC1, 0x80, 0x07, 0x40, 0x80, 0xC1, 0x03, 0x40, 0x81, 0xC4,
    0x40, 0x07, 0xC2, 0x80, 0x07, 0x80, 0xC1, 0x80, 0x07, 0x80, 0xC2, 0x07, 0xC3, 0x07, 0xC2, 0x80, 0x06, 0x40, 0xC3, 0x06, 0x80, 0xC3, 0x06, 0xC4,
    0xC1, 0x80, 0x08, 0xC1, 0x80, 0x08, 0xC1, 0x40, 0x08, 0xC1, 0x40, 0x04, 0xC0, 0x40, 0x01, 0xC0, 0x40, 0x04, 0x40, 0xC1, 0x40, 0x00, 0x40, 0x06,
    0xC1, 0x40, 0x03, 0x80, 0x40, 0x00, 0x40, 0x80, 0xC1, 0x80, 0x05, 0x82, 0xC2, 0x40, 0x07, 0xC2, 0x80, 0x07, 0x80, 0xC1, 0x80, 0x07, 0x80, 0xC1,
    0x80, 0x07, 0xC3, 0x07, 0xC2, 0x40, 0x06, 0x40, 0xC3, 0x06, 0x80, 0xC3, 0x06, 0xC4, 0xC1, 0x80, 0x08, 0xC1, 0x80, 0x08, 0xC1, 0x40, 0x08, 0xC1,
    0x40, 0x03, 0x40, 0xC0, 0x40, 0x01, 0xC0, 0x40, 0x04, 0x40, 0xC1, 0x40, 0x00, 0x40, 0x06, 0xC1, 0x40, 0x03, 0x81, 0x40, 0x81, 0xC1, 0x80, 0x05,
    0x40, 0x81, 0xC2, 0x40, 0x07, 0xC2, 0x80, 0x07, 0x80, 0xC1, 0x80, 0x07, 0x80, 0xC1, 0x80, 0x07, 0xC3, 0x07, 0xC2, 0x40, 0x06, 0x40, 0xC2, 0x80,
    0x06, 0x80, 0xC3, 0x06, 0xC4, 0xC1, 0x80, 0x08, 0xC1, 0x80, 0x08, 0xC1, 0x40, 0x08, 0xC1, 0x40, 0x03, 0x40, 0xC0, 0x40, 0x01, 0xC0, 0x40, 0x04,
    0x40, 0xC1, 0x01, 0x40, 0x06, 0xC1, 0x40, 0x02, 0x40, 0x81, 0x40, 0x81, 0xC1, 0x80, 0x05, 0x40, 0x81, 0xC2, 0x08, 0xC2, 0x80, 0x07, 0x80, 0xC1,
    0x80, 0x07, 0x80, 0xC1, 0x80, 0x07, 0xC3, 0x07, 0xC2, 0x40, 0x06, 0x40, 0xC2, 0x80, 0x06, 0x80, 0xC3, 0x06, 0xC4, 0xC1, 0x80, 0x08, 0xC1, 0x80,
    0x08, 0xC1, 0x40, 0x08, 0xC1, 0x40, 0x03, 0x40, 0xC0, 0x40, 0x01, 0xC0, 0x40, 0x04, 0x40, 0xC1, 0x01, 0x40, 0x06, 0xC1, 0x40, 0x02, 0x40, 0x81,
    0x40, 0x81, 0xC1, 0x80, 0x05, 0x40, 0x81, 0xC2, 0x08, 0xC2, 0x40, 0x07, 0x80, 0xC0, 0x81, 0x07, 0x80, 0xC1, 0x80, 0x07, 0xC3, 0x07, 0xC2, 0x40,
    0x06, 0x40, 0xC2, 0x80, 0x06, 0x80, 0xC3, 0x06, 0xC4, 0xC1, 0x80, 0x08, 0xC1, 0x80, 0x08, 0xC1, 0x40, 0x08, 0xC1, 0x40, 0x03, 0x40, 0x80, 0x40,
    0x01, 0xC0, 0x40, 0x04, 0x40, 0xC1, 0x01, 0x40, 0x06, 0xC1, 0x40, 0x02, 0x40, 0x81, 0x40, 0x81, 0xC1, 0x80, 0x05, 0x40, 0x81, 0xC2, 0x08, 0xC2,
    0x40, 0x07, 0x80, 0xC0, 0x81, 0x07, 0x80, 0xC0, 0x81, 0x07, 0xC3, 0x07, 0xC2, 0x40, 0x06, 0x40, 0xC2, 0x80, 0x06, 0x80, 0xC3, 0x06, 0xC4, 0xC1,
    0x80, 0x08, 0xC1, 0x80, 0x08, 0xC1, 0x40, 0x08, 0xC1, 0x40, 0x03, 0x40, 0x80, 0x40, 0x01, 0xC0, 0x40, 0x04, 0x80, 0xC1, 0x01, 0x40, 0x06, 0xC1,
    0x40, 0x02, 0x40, 0x81, 0x40, 0x81, 0xC1, 0x80, 0x05, 0x40, 0x81, 0xC2, 0x08, 0xC2, 0x40, 0x07, 0x80, 0xC0, 0x81, 0x07, 0x80, 0xC0, 0x81, 0x07,
    0xC3, 0x07, 0xC2, 0x40, 0x06, 0x40, 0xC2, 0x80, 0x06, 0x80, 0xC3, 0x06, 0xC4, 0xC1, 0x80, 0x08, 0xC1, 0x80, 0x08, 0xC1, 0x40, 0x08, 0xC1, 0x40,
    0x03, 0x40, 0x80, 0x02, 0xC0, 0x40, 0x04, 0x80, 0xC1, 0x01, 0x40, 0x06, 0xC1, 0x40, 0x02, 0x40, 0x81, 0x40, 0x81, 0xC1, 0x40, 0x05, 0x40, 0x81,
    0xC2, 0x08, 0xC2, 0x40, 0x07, 0x80, 0xC0, 0x81, 0x07, 0xC1, 0x81, 0x07, 0xC3, 0x07, 0xC2, 0x40, 0x06, 0x40, 0xC2, 0x80, 0x06, 0x80, 0xC3, 0x06,
    0xC4, 0xC1, 0x80, 0x08, 0xC1, 0x80, 0x08, 0xC1, 0x40, 0x08, 0xC1, 0x40, 0x03, 0x40, 0x80, 0x02, 0xC0, 0x40, 0x04, 0x80, 0xC1, 0x01, 0x40, 0x00,
    0x40, 0x04, 0xC1, 0x04, 0x81, 0x40, 0x81, 0xC1, 0x40, 0x05, 0x40, 0x81, 0xC2, 0x07, 0x40, 0xC2, 0x40, 0x07, 0x80, 0xC1, 0x80, 0x07, 0xC1, 0x81,
    0x07, 0xC3, 0x07, 0xC2, 0x40, 0x06, 0x40, 0xC2, 0x80, 0x06, 0x80, 0xC3, 0x06, 0xC4, 0xC1, 0x80, 0x08, 0xC1, 0x80, 0x08, 0xC1, 0x40, 0x08, 0xC1,
    0x40, 0x03, 0x40, 0x80, 0x02, 0xC0, 0x40, 0x04, 0x80, 0xC1, 0x01, 0x40, 0x00, 0x40, 0x04, 0xC1, 0x04, 0x81, 0x40, 0x81, 0xC1, 0x40, 0x06, 0x81,
    0xC2, 0x07, 0x40, 0xC2, 0x40, 0x07, 0x80, 0xC1, 0x80, 0x07, 0xC1, 0x81, 0x07, 0xC3, 0x07, 0xC2, 0x40, 0x06, 0x40, 0xC2, 0x80, 0x06, 0xC4, 0x06,
    0xC4, 0xC1, 0x80, 0x08, 0xC1, 0x80, 0x08, 0xC1, 0x40, 0x08, 0xC1, 0x40, 0x03, 0x40, 0x80, 0x02, 0xC0, 0x40, 0x04, 0x80, 0xC1, 0x01, 0x40, 0x00,
    0x40, 0x04, 0xC1, 0x04, 0x81, 0x40, 0x81, 0xC1, 0x40, 0x06, 0x81, 0xC2, 0x07, 0x40, 0xC2, 0x40, 0x07, 0x80, 0xC1, 0x80, 0x07, 0xC1, 0x81, 0x07,
    0xC3, 0x07, 0xC2, 0x40, 0x06, 0x40, 0xC2, 0x80, 0x06, 0xC4, 0x06, 0xC4, 0xC1, 0x80, 0x08, 0xC1, 0x80, 0x08, 0xC1, 0x40, 0x08, 0xC1, 0x40, 0x03,
    0x40, 0x80, 0x02, 0xC0, 0x40, 0x04, 0x80, 0xC1, 0x01, 0x40, 0x00, 0x40, 0x04, 0xC1, 0x04, 0x84, 0xC1, 0x40, 0x06, 0x81, 0xC2, 0x07, 0x40, 0xC2,
    0x40, 0x07, 0x80, 0xC1, 0x40, 0x07, 0xC1, 0x81, 0x07, 0xC3, 0x07, 0xC2, 0x40, 0x06, 0x40, 0xC2, 0x80, 0x06, 0xC4, 0x06, 0xC4, 0xC1, 0x80, 0x08,
    0xC1, 0x80, 0x08, 0xC1, 0x40, 0x08, 0xC1, 0x40, 0x03, 0x81, 0x02, 0xC0, 0x40, 0x04, 0x80, 0xC1, 0x01, 0x40, 0x00, 0x40, 0x03, 0x40, 0xC1, 0x04,
    0x84, 0xC1, 0x40, 0x06, 0x81, 0xC2, 0x07, 0x40, 0xC2, 0x08, 0x80, 0xC1, 0x40, 0x07, 0xC1, 0x81, 0x07, 0xC3, 0x07, 0xC2, 0x40, 0x06, 0x40, 0xC2,
    0x80, 0x06, 0xC4, 0x06, 0xC4, 0xC1, 0x80, 0x08, 0xC1, 0x80, 0x08, 0xC1, 0x40, 0x08, 0xC1, 0x40, 0x03, 0x81, 0x02, 0xC0, 0x40, 0x04, 0x80, 0xC1,
    0x01, 0x40, 0x00, 0x40, 0x03, 0x40, 0xC1, 0x04, 0x84, 0xC1, 0x40, 0x06, 0x81, 0xC2, 0x07, 0x40, 0xC2, 0x08, 0x80, 0xC1, 0x40, 0x07, 0xC1, 0x81,
    0x07, 0xC3, 0x07, 0xC2, 0x40, 0x06, 0x40, 0xC2, 0x80, 0x06, 0xC4, 0x06, 0xC4, 0xC1, 0x80, 0x08, 0xC1, 0x80, 0x08, 0xC1, 0x40, 0x08, 0xC1, 0x40,
    0x03, 0x81, 0x02, 0xC0, 0x40, 0x04, 0x80, 0xC1, 0x01, 0x40, 0x00, 0x40, 0x03, 0x40, 0xC1, 0x03, 0x40, 0x81, 0x40, 0x81, 0xC1, 0x40, 0x06, 0x81,
    0xC2, 0x07, 0x40, 0xC2, 0x08, 0x80, 0xC1, 0x40, 0x07, 0xC1, 0x81, 0x07, 0xC2, 0x80, 0x07, 0xC2, 0x40, 0x06, 0x40, 0xC2, 0x80, 0x06, 0xC4, 0x06,
    0xC4, 0xC1, 0x80, 0x08, 0xC1, 0x80, 0x08, 0xC1, 0x40, 0x08, 0xC1, 0x40, 0x03, 0x81, 0x02, 0xC0, 0x40, 0x04, 0x80, 0xC1, 0x01, 0x40, 0x06, 0xC1,
    0x03, 0x40, 0x81, 0x40, 0x81, 0xC1, 0x40, 0x06, 0x81, 0xC2, 0x07, 0x40, 0xC2, 0x08, 0x80, 0xC1, 0x40, 0x07, 0xC1, 0x81, 0x07, 0xC2, 0x80, 0x07,
    0xC2, 0x40, 0x06, 0x40, 0xC2, 0x80, 0x06, 0xC4, 0x06, 0xC4, 0xC1, 0x80, 0x08, 0xC1, 0x80, 0x08, 0xC1, 0x40, 0x08, 0xC1, 0x40, 0x03, 0x81, 0x02,
    0xC0, 0x40, 0x04, 0x80, 0xC1, 0x01, 0x40, 0x06, 0xC1, 0x03, 0x40, 0x81, 0x40, 0x81, 0xC1, 0x40, 0x05, 0x40, 0x81, 0xC2, 0x07, 0x40, 0xC2, 0x08,
    0x80, 0xC1, 0x40, 0x07, 0xC1, 0x81, 0x07, 0xC2, 0x80, 0x07, 0xC2, 0x40, 0x06, 0x40, 0xC2, 0x80, 0x06, 0xC4, 0x06, 0xC4, 0xC1, 0x80, 0x08, 0xC1,
    0x80, 0x08, 0xC1, 0x40, 0x08, 0xC1, 0x40, 0x03, 0x81, 0x02, 0xC0, 0x40, 0x04, 0x80, 0xC1, 0x01, 0x40, 0x06, 0xC1, 0x40, 0x02, 0x40, 0x81, 0x40,
    0x81, 0xC1, 0x40, 0x05, 0x40, 0x81, 0xC2, 0x07, 0x40, 0xC2, 0x08, 0x80, 0xC1, 0x40, 0x07, 0xC1, 0x81, 0x07, 0xC2, 0x80, 0x07, 0xC2, 0x40, 0x06,
    0x40, 0xC2, 0x80, 0x06, 0xC4, 0x06, 0xC4, 0xC1, 0x80, 0x08, 0xC1, 0x80, 0x08, 0xC1, 0x40, 0x08, 0xC1, 0x40, 0x03, 0x40, 0x80, 0x40, 0x01, 0xC0,
    0x40, 0x04, 0x80, 0xC1, 0x01, 0x40, 0x06, 0xC1, 0x40, 0x02, 0x40, 0x81, 0x40, 0x81, 0xC1, 0x80, 0x05, 0x40, 0x81, 0xC2, 0x07, 0x40, 0xC2, 0x08,
    0x80, 0xC1, 0x40, 0x07, 0xC1, 0x81, 0x07, 0xC2, 0x80, 0x07, 0xC2, 0x40, 0x06, 0x40, 0xC2, 0x80, 0x06, 0xC4, 0x06, 0xC4, 0xC1, 0x80, 0x08, 0xC1,
    0x80, 0x08, 0xC1, 0x40, 0x08, 0xC1, 0x40, 0x03, 0x40, 0x80, 0x40, 0x01, 0xC0, 0x40, 0x04, 0x80, 0xC1, 0x01, 0x40, 0x06, 0xC1, 0x40, 0x02, 0x40,
    0x81, 0x40, 0x81, 0xC1, 0x80, 0x05, 0x40, 0x81, 0xC2, 0x08, 0xC2, 0x08, 0x80, 0xC1, 0x40, 0x07, 0xC2, 0x80, 0x07, 0xC2, 0x80, 0x07, 0xC2, 0x40,
    0x06, 0x40, 0xC2, 0x80, 0x06, 0xC4, 0x06, 0xC4, 0xC1, 0x80, 0x08, 0xC1, 0x80, 0x08, 0xC1, 0x40, 0x08, 0xC1, 0x40, 0x03, 0x40, 0x80, 0x40, 0x01,
    0xC0, 0x40, 0x04, 0x80, 0xC1, 0x01, 0x40, 0x06, 0xC1, 0x40, 0x02, 0x40, 0x81, 0x40, 0x81, 0xC1, 0x80, 0x05, 0x40, 0x81, 0xC2, 0x08, 0xC2, 0x08,
    0x80, 0xC1, 0x40, 0x07, 0xC2, 0x80, 0x07, 0xC2, 0x80, 0x07, 0xC2, 0x40, 0x06, 0x40, 0xC2, 0x80, 0x06, 0xC4, 0x06, 0xC4, 0xC1, 0x80, 0x08, 0xC1,
    0x80, 0x08, 0xC1, 0x40, 0x08, 0xC1, 0x40, 0x03, 0x40, 0x80, 0x40, 0x01, 0xC0, 0x40, 0x04, 0x80, 0xC1, 0x01, 0x40, 0x06, 0xC1, 0x40, 0x02, 0x40,
    0x80, 0x41, 0x81, 0xC1, 0x80, 0x05, 0x40, 0x81, 0xC2, 0x08, 0xC2, 0x08, 0x80, 0xC1, 0x40, 0x07, 0xC2, 0x80, 0x07, 0xC2, 0x80, 0x07, 0xC2, 0x40,
    0x06, 0x40, 0xC2, 0x80, 0x06, 0xC4, 0x06, 0xC4, 0xC1, 0x80, 0x08, 0xC1, 0x80, 0x08, 0xC1, 0x40, 0x08, 0xC1, 0x40, 0x03, 0x40, 0x80, 0x40, 0x01,
    0xC0, 0x40, 0x04, 0x40, 0xC1, 0x01, 0x40, 0x06, 0xC1, 0x40, 0x02, 0x40, 0x80, 0x41, 0x81, 0xC1, 0x80, 0x05, 0x40, 0x81, 0xC2, 0x08, 0xC2, 0x08,
    0x80, 0xC1, 0x40, 0x07, 0xC2, 0x80, 0x07, 0xC2, 0x80, 0x07, 0xC2, 0x40, 0x06, 0x40, 0xC2, 0x80, 0x06, 0xC4, 0x06, 0xC4, 0xC1, 0x80, 0x08, 0xC1,
    0x80, 0x08, 0xC1, 0x40, 0x08, 0xC1, 0x40, 0x03, 0x40, 0x80, 0x40, 0x01, 0xC0, 0x40, 0x04, 0x40, 0xC1, 0x01, 0x40, 0x06, 0xC1, 0x40, 0x02, 0x40,
    0x80, 0x41, 0x81, 0xC1, 0x80, 0x05, 0x40, 0x81, 0xC2, 0x08, 0xC2, 0x08, 0x80, 0xC1, 0x40, 0x07, 0x80, 0xC1, 0x40, 0x07, 0xC2, 0x80, 0x07, 0xC2,
    0x40, 0x06, 0x40, 0xC2, 0x80, 0x06, 0x80, 0xC3, 0x06, 0xC4, 0xC1, 0x80, 0x08, 0xC1, 0x80, 0x08, 0xC1, 0x40, 0x08, 0xC1, 0x40, 0x03, 0x40, 0x80,
    0x40, 0x01, 0xC0, 0x40, 0x04, 0x40, 0xC1, 0x01, 0x40, 0x06, 0xC1, 0x40, 0x02, 0x40, 0x80, 0x42, 0x80, 0xC1, 0x80, 0x05, 0x40, 0x81, 0xC2, 0x08,
    0xC2, 0x08, 0x80, 0xC1, 0x40, 0x07, 0x80, 0xC1, 0x40, 0x07, 0xC2, 0x80, 0x07, 0xC2, 0x40, 0x06, 0x40, 0xC2, 0x80, 0x06, 0x80, 0xC3, 0x06, 0xC4,
    0xC1, 0x80, 0x08, 0xC1, 0x80, 0x08, 0xC1, 0x40, 0x08, 0xC1, 0x40, 0x03, 0x40, 0x80, 0x40, 0x01, 0xC0, 0x40, 0x04, 0x40, 0xC1, 0x40, 0x00, 0x40,
    0x06, 0xC1, 0x80, 0x02, 0x40, 0x80, 0x42, 0x80, 0xC2, 0x05, 0x40, 0x81, 0xC2, 0x08, 0xC2, 0x08, 0x80, 0xC1, 0x40, 0x07, 0x80, 0xC1, 0x40, 0x07,
    0xC2, 0x80, 0x07, 0xC2, 0x40, 0x06, 0x40, 0xC2, 0x80, 0x06, 0x80, 0xC3, 0x06, 0xC4, 0xC1, 0x80, 0x08, 0xC1, 0x80, 0x08, 0xC1, 0x40, 0x08, 0xC1,
    0x40, 0x03, 0x40, 0x80, 0x40, 0x01, 0xC0, 0x40, 0x04, 0x40, 0xC1, 0x40, 0x00, 0x40, 0x06, 0xC1, 0x80, 0x02, 0x44, 0x80, 0xC2, 0x04, 0x41, 0x81,
    0xC2, 0x08, 0xC2, 0x08, 0x80, 0xC1, 0x40, 0x07, 0x80, 0xC1, 0x40, 0x07, 0xC2, 0x80, 0x07, 0xC2, 0x40, 0x06, 0x40, 0xC2, 0x80, 0x06, 0x80, 0xC3,
    0x06, 0xC4, 0xC1, 0x80, 0x08, 0xC1, 0x80, 0x08, 0xC1, 0x40, 0x08, 0xC1, 0x40, 0x03, 0x40, 0x80, 0x40, 0x01, 0xC0, 0x40, 0x04, 0x40, 0xC1, 0x40,
    0x00, 0x41, 0x05, 0xC1, 0x80, 0x03, 0x41, 0x00, 0x40, 0x80, 0xC2, 0x04, 0x41, 0x81, 0xC2, 0x08, 0xC2, 0x08, 0x80, 0xC1, 0x40, 0x07, 0x80, 0xC1,
    0x40, 0x07, 0xC2, 0x80, 0x07, 0xC2, 0x40, 0x06, 0x40, 0xC2, 0x80, 0x06, 0x80, 0xC3, 0x06, 0xC4, 0xC1, 0x80, 0x08, 0xC1, 0x80, 0x08, 0xC1, 0x40,
    0x08, 0xC1, 0x40, 0x03, 0x40, 0x80, 0x40, 0x01, 0xC0, 0x40, 0x04, 0x40, 0xC1, 0x40, 0x00, 0x41, 0x05, 0xC1, 0x80, 0x03, 0x41, 0x00, 0x40, 0x81,
    0xC1, 0x03, 0x41, 0x81, 0xC3, 0x08, 0xC2, 0x08, 0x80, 0xC1, 0x40, 0x07, 0x80, 0xC1, 0x40, 0x07, 0xC2, 0x40, 0x07, 0xC2, 0x40, 0x06, 0x40, 0xC2,
    0x80, 0x06, 0x80, 0xC3, 0x06, 0xC4, 0xC1, 0x80, 0x08, 0xC1, 0x80, 0x08, 0xC1, 0x40, 0x08, 0xC1, 0x40, 0x03, 0x40, 0x80, 0x40, 0x01, 0xC0, 0x40,
    0x04, 0x40, 0xC1, 0x40, 0x00, 0x41, 0x05, 0xC1, 0x80, 0x07, 0x40, 0x80, 0xC1, 0x03, 0x41, 0x81, 0xC3, 0x08, 0xC2, 0x08, 0x80, 0xC1, 0x40, 0x07,
    0x80, 0xC1, 0x40, 0x07, 0xC2, 0x40, 0x07, 0xC2, 0x40, 0x06, 0x40, 0xC2, 0x80, 0x06, 0x80, 0xC3, 0x06, 0xC4, 0xC1, 0x80, 0x08, 0xC1, 0x80, 0x08,
    0xC1, 0x40, 0x08, 0xC1, 0x40, 0x03, 0x40, 0x80, 0x40, 0x01, 0xC0, 0x40, 0x04, 0x40, 0xC1, 0x40, 0x00, 0x41, 0x05, 0xC1, 0x80, 0x07, 0x40, 0x80,
    0xC1, 0x03, 0x83, 0xC3, 0x08, 0xC2, 0x08, 0x40, 0xC1, 0x08, 0x80, 0xC1, 0x40, 0x07, 0xC2, 0x40, 0x07, 0xC2, 0x40, 0x06, 0x40, 0xC3, 0x06, 0x80,
    0xC3, 0x06, 0xC4, 0xC1, 0x80, 0x08, 0xC1, 0x80, 0x08, 0xC1, 0x40, 0x08, 0xC1, 0x40, 0x03, 0x40, 0x80, 0x40, 0x01, 0xC0, 0x40, 0x04, 0x40, 0xC1,
    0x40, 0x00, 0x41, 0x05, 0xC2, 0x07, 0x40, 0x80, 0xC1, 0x03, 0x40, 0x82, 0xC3, 0x08, 0xC2, 0x08, 0x40, 0xC1, 0x08, 0x80, 0xC1, 0x08, 0x80, 0xC1,
    0x40, 0x07, 0xC2, 0x40, 0x06, 0x40, 0xC3, 0x06, 0x80, 0xC3, 0x06, 0xC4, 0xC1, 0x80, 0x08, 0xC1, 0x80, 0x08, 0xC1, 0x40, 0x08, 0xC1, 0x40, 0x03,
    0x42, 0x01, 0xC0, 0x40, 0x04, 0x80, 0xC1, 0x40, 0x00, 0x41, 0x05, 0xC2, 0x08, 0x80, 0xC1, 0x03, 0x40, 0x82, 0xC3, 0x08, 0xC2, 0x40, 0x07, 0x40,
    0xC1, 0x08, 0x80, 0xC1, 0x40, 0x07, 0x80, 0xC1, 0x40, 0x07, 0xC2, 0x40, 0x07, 0xC3, 0x06, 0x80, 0xC3, 0x06, 0xC4, 0xC1, 0x80, 0x08, 0xC1, 0x80,
    0x08, 0xC1, 0x40, 0x08, 0xC1, 0x40, 0x03, 0x42, 0x01, 0xC0, 0x40, 0x04, 0x40, 0xC1, 0x40, 0x00, 0x41, 0x05, 0xC2, 0x08, 0x80, 0xC1, 0x04, 0x42,
    0xC3, 0x40, 0x04, 0x42, 0xC2, 0x40, 0x07, 0x40, 0xC1, 0x40, 0x07, 0x40, 0xC1, 0x40, 0x07, 0x80, 0xC1, 0x08, 0xC2, 0x40, 0x07, 0xC3, 0x06, 0x40,
    0xC3, 0x06, 0x80, 0xC3, 0xC1, 0x80, 0x08, 0xC1, 0x80, 0x08, 0xC1, 0x40, 0x08, 0xC1, 0x40, 0x03, 0x42, 0x01, 0xC0, 0x40, 0x04, 0x40, 0xC1, 0x80,
    0x00, 0x41, 0x05, 0xC2, 0x08, 0x40, 0xC1, 0x40, 0x06, 0x80, 0xC2, 0x40, 0x03, 0x41, 0x80, 0x40, 0x80, 0xC1, 0x80, 0x07, 0x40, 0xC1, 0x40, 0x07,
    0x40, 0xC1, 0x40, 0x07, 0x80, 0xC1, 0x40, 0x07, 0xC2, 0x80, 0x07, 0xC3, 0x06, 0x40, 0xC3, 0x06, 0x80, 0xC3, 0xC1, 0x80, 0x08, 0xC1, 0x80, 0x08,
    0xC1, 0x40, 0x08, 0xC1, 0x40, 0x04, 0x41, 0x01, 0xC0, 0x40, 0x05, 0xC1, 0x80, 0x00, 0x41, 0x05, 0x80, 0xC1, 0x09, 0xC1, 0x40, 0x06, 0x40, 0xC2,
    0x40, 0x03, 0x40, 0x83, 0xC1, 0x80, 0x08, 0xC1, 0x80, 0x08, 0xC1, 0x40, 0x07, 0x40, 0xC1, 0x40, 0x07, 0x80, 0xC1, 0x80, 0x07, 0xC3, 0x06, 0x40,
    0xC3, 0x06, 0x80, 0xC3, 0xC1, 0x80, 0x08, 0xC1, 0x80, 0x08, 0xC1, 0x40, 0x08, 0xC1, 0x40, 0x04, 0x41, 0x01, 0xC0, 0x40, 0x05, 0x80, 0xC1, 0x00,
    0x41, 0x05, 0x40, 0xC1, 0x40, 0x08, 0xC1, 0x80, 0x07, 0xC2, 0x80, 0x04, 0x40, 0x80, 0xC0, 0x80, 0xC1, 0x80, 0x08, 0xC1, 0x80, 0x08, 0xC1, 0x80,
    0x07, 0x40, 0xC1, 0x80, 0x07, 0x80, 0xC2, 0x07, 0xC3, 0x06, 0x40, 0xC3, 0x06, 0x80, 0xC3, 0xC1, 0x80, 0x08, 0xC1, 0x80, 0x08, 0xC1, 0x40, 0x08,
    0xC1, 0x40, 0x04, 0x40, 0x80, 0x40, 0x00, 0xC0, 0x40, 0x05, 0x40, 0xC1, 0x42, 0x06, 0xC1, 0x40, 0x08, 0x80, 0xC0, 0x80, 0x07, 0x80, 0xC1, 0x80,
    0x06, 0x40, 0xC3, 0x06, 0x40, 0x00, 0xC2, 0x08, 0xC1, 0x80, 0x08, 0xC2, 0x07, 0x40, 0xC2, 0x07, 0xC3, 0x07, 0xC3, 0x06, 0x80, 0xC3, 0xC1, 0x80,
    0x08, 0xC1, 0x80, 0x08, 0xC1, 0x40, 0x08, 0xC1, 0x40, 0x05, 0x40, 0x80, 0x40, 0xC0, 0x40, 0x06, 0x80, 0xC1, 0x41, 0x06, 0x80, 0xC1, 0x08, 0x40,
    0xC0, 0x80, 0x08, 0xC2, 0x07, 0x80, 0xC2, 0x07, 0x40, 0xC2, 0x08, 0x40, 0xC1, 0x08, 0xC2, 0x08, 0xC2, 0x07, 0x80, 0xC2, 0x07, 0xC3, 0x06, 0x40,
    0xC3, 0xC1, 0x80, 0x08, 0xC1, 0x80, 0x08, 0xC1, 0x40, 0x08, 0xC1, 0x40, 0x06, 0x40, 0x80, 0xC0, 0x40, 0x07, 0xC1, 0x41, 0x07, 0xC1, 0x09, 0xC1,
    0x08, 0x80, 0xC1, 0x08, 0xC2, 0x08, 0x40, 0xC1, 0x09, 0xC1, 0x08, 0x40, 0xC1, 0x08, 0xC2, 0x07, 0x40, 0xC2, 0x07, 0xC3, 0x07, 0xC3, 0xC1, 0x80,
    0x08, 0xC1, 0x80, 0x08, 0xC1, 0x40, 0x08, 0xC1, 0x40, 0x07, 0x40, 0xC0, 0x40, 0x07, 0x40, 0xC0, 0x41, 0x07, 0x80, 0xC0, 0x09, 0xC1, 0x09, 0xC1,
    0x09, 0xC1, 0x09, 0xC1, 0x09, 0xC1, 0x09, 0xC1, 0x08, 0x40, 0xC1, 0x08, 0xC2, 0x07, 0x80, 0xC2, 0x07, 0xC3, 0xC1, 0x80, 0x08, 0xC1, 0x80, 0x08,
    0xC1, 0x40, 0x08, 0xC1, 0x40, 0x08, 0xC0, 0x40, 0x08, 0xC0, 0x41, 0x07, 0x80, 0xC0, 0x09, 0xC1, 0x09, 0xC1, 0x09, 0xC1, 0x09, 0xC1, 0x09, 0xC1,
    0x09, 0x80, 0xC0, 0x09, 0xC1, 0x08, 0x80, 0xC1, 0x07, 0x40, 0xC2, 0x07, 0xC3, 0xC1, 0x80, 0x08, 0xC1, 0x80, 0x08, 0xC1, 0x40, 0x08, 0xC1, 0x40,
    0x08, 0xC0, 0x40, 0x08, 0x80, 0x41, 0x07, 0x40, 0xC0, 0x09, 0xC1, 0x09, 0xC1, 0x09, 0xC1, 0x09, 0xC1, 0x09, 0xC1, 0x09, 0x80, 0xC0, 0x09, 0x80,
    0xC0, 0x09, 0xC1, 0x08, 0xC2, 0x07, 0x40, 0xC2, 0xC1, 0x80, 0x08, 0xC1, 0x80, 0x08, 0xC1, 0x80, 0x08, 0xC1, 0x40, 0x08, 0xC0, 0x80, 0x08, 0x40,
    0x80, 0x40, 0x08, 0xC0, 0x09, 0x40, 0xC0, 0x09, 0x80, 0xC0, 0x09, 0xC1, 0x09, 0xC1, 0x09, 0x80, 0xC0, 0x09, 0x40, 0xC0, 0x0A, 0xC0, 0x09, 0x80,
    0xC0, 0x09, 0xC1, 0x08, 0xC2, 0xC2, 0x40, 0x07, 0xC2, 0x40, 0x07, 0xC1, 0x80, 0x08, 0xC1, 0x40, 0x08, 0xC0, 0x80, 0x40, 0x08, 0x80, 0x40, 0x08,
    0x41, 0x09, 0xC0, 0x0A, 0xC0, 0x09, 0x40, 0xC0, 0x09, 0x40, 0xC0, 0x09, 0x40, 0xC0, 0x0A, 0x80, 0x0A, 0x80, 0x0A, 0xC0, 0x09, 0x80, 0xC0, 0x09,
    0xC1, 0xC2, 0x40, 0x07, 0xC2, 0x40, 0x07, 0xC2, 0x40, 0x07, 0xC1, 0x80, 0x08, 0xC0, 0x80, 0x40, 0x08, 0x80, 0x40, 0x09, 0x40, 0x09, 0x40, 0x0A,
    0x40, 0x0A, 0x80, 0x0A, 0xC0, 0x0A, 0xC0, 0x22, 0x40, 0x0A, 0xC0, 0x0A, 0xC0, 0xC2, 0x80, 0x07, 0xC2, 0x40, 0x07, 0xC2, 0x40, 0x07, 0xC2, 0x40,
    0x07, 0xC1, 0x40, 0x08, 0xC0, 0x40, 0x09, 0x40, 0x3F, 0x35, 0x40, 0xC3, 0x40, 0x06, 0xC3, 0x40, 0x06, 0xC2, 0x80, 0x07, 0xC2, 0x40, 0x07, 0xC1,
    0x80, 0x40, 0x07, 0xC0, 0x80, 0x40, 0x08, 0x41, 0x3F, 0x35, 0xC3, 0x80, 0x06, 0xC3, 0x40, 0x06, 0xC3, 0x40, 0x06, 0xC3, 0x40, 0x06, 0xC2, 0x40,
    0x07, 0xC1, 0x40, 0x08, 0x80, 0x40, 0x3F, 0x35, 0xC4, 0x40, 0x05, 0xC4, 0x40, 0x05, 0xC4, 0x40, 0x05, 0xC3, 0x80, 0x40, 0x05, 0xC3, 0x40, 0x06,
    0xC2, 0x40, 0x07, 0x80, 0x41, 0x3F, 0x34, 0xC5, 0x40, 0x04, 0xC5, 0x40, 0x04, 0xC5, 0x40, 0x04, 0xC4, 0x80, 0x05, 0xC4, 0x40, 0x05, 0xC3, 0x40,
    0x06, 0x81, 0x41, 0x07, 0x40, 0x3F, 0x2A, 0xC6, 0x40, 0x03, 0xC6, 0x40, 0x03, 0xC6, 0x40, 0x03, 0xC5, 0x80, 0x04, 0xC5, 0x40, 0x04, 0xC3, 0x80,
    0x40, 0x05, 0x82, 0x41, 0x3F, 0x32, 0xC7, 0x40, 0x02, 0xC7, 0x40, 0x02, 0xC7, 0x40, 0x02, 0xC6, 0x80, 0x03, 0xC6, 0x40, 0x03, 0xC4, 0x80, 0x40,
    0x04, 0x40, 0x82, 0x41, 0x3F, 0x31, 0xC8, 0x40, 0x01, 0xC8, 0x40, 0x01, 0xC8, 0x40, 0x01, 0xC7, 0x80, 0x02, 0xC7, 0x40, 0x02, 0x80, 0xC5, 0x40,
    0x03, 0x41, 0x82, 0x41, 0x3F, 0x30, 0xC9, 0x40, 0x00, 0xC9, 0x40, 0x00, 0xC9, 0x40, 0x00, 0xC8, 0x80, 0x01, 0xC8, 0x40, 0x01, 0x40, 0x80, 0xC5,
    0x40, 0x03, 0x41, 0x82, 0x41, 0x3F, 0x2F, 0xCA, 0x40, 0xCA, 0x40, 0xCA, 0x40, 0x80, 0xC8, 0x80, 0x00, 0x40, 0xC8, 0x40, 0x00, 0x41, 0x80, 0xC5,
    0x40, 0x03, 0x41, 0x82, 0x41, 0x3F, 0x2E, 0x40, 0xCA, 0x40, 0xCA, 0x40, 0xCA, 0x40, 0x80, 0xC8, 0x80, 0x00, 0x40, 0xC8, 0x40, 0x00, 0x41, 0x80,
    0xC5, 0x40, 0x03, 0x41, 0x82, 0x41, 0x07, 0x40, 0x3F, 0x24, 0x00, 0x40, 0xC9, 0x00, 0x40, 0xC9, 0x00, 0x40, 0xC9, 0x00, 0x40, 0x80, 0xC8, 0x01,
    0x40, 0xC8, 0x02, 0x40, 0x80, 0xC5, 0x40, 0x03, 0x41, 0x82, 0x41, 0x07, 0x40, 0x3F, 0x23, 0x01, 0x40, 0xC8, 0x01, 0x40, 0xC8, 0x01, 0x40, 0xC8,
    0x01, 0x40, 0x80, 0xC7, 0x02, 0x40, 0xC7, 0x03, 0x40, 0x80, 0xC5, 0x04, 0x41, 0x82, 0x41, 0x07, 0x40, 0x3F, 0x22, 0x02, 0x40, 0xC7, 0x02, 0x40,
    0xC7, 0x02, 0x40, 0xC7, 0x02, 0x40, 0x80, 0xC6, 0x03, 0x40, 0x80, 0xC5, 0x04, 0x40, 0x80, 0xC4, 0x05, 0x41, 0x83, 0x08, 0x41, 0x3F, 0x20, 0x03,
    0x40, 0xC6, 0x03, 0x40, 0xC6, 0x03, 0x40, 0xC6, 0x04, 0x80, 0xC5, 0x04, 0x40, 0x80, 0xC4, 0x05, 0x40, 0x80, 0xC3, 0x06, 0x41, 0x82, 0x09, 0x41,
    0x3F, 0x1F, 0x04, 0x40, 0xC5, 0x04, 0x40, 0xC5, 0x04, 0x40, 0xC5, 0x05, 0x80, 0xC4, 0x05, 0x40, 0x80, 0xC3, 0x06, 0x40, 0x80, 0xC2, 0x07, 0x41,
    0x81, 0x0A, 0x40, 0x3F, 0x1F, 0x05, 0x40, 0xC4, 0x05, 0x40, 0xC4, 0x05, 0x40, 0xC4, 0x06, 0x80, 0xC3, 0x06, 0x40, 0x80, 0xC2, 0x07, 0x40, 0x80,
    0xC1, 0x08, 0x41, 0x80, 0x3F, 0x2B, 0x06, 0x40, 0xC3, 0x06, 0x40, 0xC3, 0x06, 0x40, 0xC3, 0x07, 0x80, 0xC2, 0x07, 0x40, 0x80, 0xC1, 0x08, 0x40,
    0x80, 0xC0, 0x09, 0x42, 0x0A, 0x80, 0x0A, 0xC0, 0x0A, 0xC0, 0x0A, 0xC0, 0x0A, 0xC0, 0x0A, 0xC0, 0x0A, 0xC0, 0x0A, 0xC0, 0x0A, 0x07, 0x40, 0xC2,
    0x07, 0x40, 0xC2, 0x07, 0x40, 0xC2, 0x08, 0x80, 0xC1, 0x40, 0x07, 0x40, 0x80, 0xC1, 0x40, 0x07, 0x40, 0x80, 0xC0, 0x80, 0x08, 0x40, 0xC1, 0x09,
    0xC1, 0x09, 0xC1, 0x09, 0xC1, 0x40, 0x08, 0xC1, 0x40, 0x08, 0xC1, 0x80, 0x08, 0xC1, 0x80, 0x08, 0xC1, 0x40, 0x08, 0xC1, 0x80, 0x08, 0x08, 0x40,
    0xC1, 0x08, 0x40, 0xC1, 0x08, 0x40, 0xC1, 0x09, 0x80, 0xC0, 0x00, 0x40, 0x07, 0x40, 0x81, 0xC0, 0x80, 0x07, 0x41, 0xC1, 0x09, 0xC1, 0x40, 0x08,
    0xC1, 0x40, 0x08, 0xC1, 0x80, 0x08, 0xC2, 0x08, 0xC2, 0x07, 0x40, 0xC2, 0x08, 0xC2, 0x07, 0x40, 0xC2, 0x07, 0x40, 0xC2, 0x07, 0x09, 0x40, 0xC0,
    0x09, 0x40, 0xC0, 0x09, 0x40, 0xC0, 0x0A, 0x80, 0x01, 0x40, 0x07, 0x40, 0x00, 0x40, 0xC1, 0x09, 0xC1, 0x40, 0x08, 0x80, 0xC0, 0x80, 0x08, 0xC2,
    0x08, 0xC2, 0x08, 0x80, 0xC1, 0x08, 0xC2, 0x08, 0xC2, 0x40, 0x07, 0xC2, 0x40, 0x07, 0xC2, 0x08, 0xC2, 0x40, 0x05, 0x0A, 0x40, 0x0A, 0x40, 0x0A,
    0x40, 0x0A, 0x40, 0x03, 0x40, 0x09, 0xC1, 0x40, 0x08, 0xC1, 0x80, 0x08, 0x40, 0xC1, 0x08, 0x80, 0xC1, 0x08, 0x80, 0xC1, 0x08, 0x80, 0xC1, 0x40,
    0x07, 0x80, 0xC1, 0x40, 0x07, 0xC2, 0x40, 0x07, 0x80, 0xC1, 0x80, 0x07, 0xC2, 0x40, 0x07, 0xC2, 0x80, 0x04, 0x0A, 0x40, 0x0A, 0x40, 0x0A, 0x40,
    0x0F, 0x40, 0x09, 0x80, 0xC1, 0x08, 0x40, 0xC1, 0x09, 0x80, 0xC0, 0x40, 0x08, 0xC1, 0x80, 0x08, 0xC1, 0x80, 0x08, 0xC2, 0x08, 0xC2, 0x07, 0x40,
    0xC2, 0x08, 0xC2, 0x08, 0xC2, 0x08, 0xC2, 0x04, 0x0A, 0x40, 0x0A, 0x40, 0x1C, 0x40, 0x09, 0xC1, 0x40, 0x08, 0xC1, 0x80, 0x08, 0x40, 0xC1, 0x08,
    0x80, 0xC1, 0x08, 0x80, 0xC1, 0x08, 0x80, 0xC1, 0x08, 0x80, 0xC1, 0x40, 0x07, 0xC2, 0x40, 0x07, 0x80, 0xC1, 0x40, 0x07, 0x80, 0xC1, 0x40, 0x07,
    0xC2, 0x80, 0x03, 0x16, 0x40, 0x1C, 0x40, 0x09, 0xC1, 0x80, 0x08, 0x80, 0xC1, 0x09, 0xC1, 0x08, 0x40, 0xC1, 0x40, 0x07, 0x40, 0xC1, 0x40, 0x07,
    0x40, 0xC1, 0x40, 0x07, 0x40, 0xC1, 0x40, 0x07, 0x80, 0xC1, 0x80, 0x07, 0x40, 0xC1, 0x80, 0x07, 0x40, 0xC1, 0x80, 0x07, 0x80, 0xC2, 0x03, 0x34,
    0x40, 0x09, 0x80, 0xC0, 0x80, 0x08, 0x80, 0xC1, 0x09, 0xC1, 0x40, 0x08, 0xC1, 0x40, 0x08, 0xC1, 0x80, 0x08, 0xC1, 0x80, 0x08, 0xC1, 0x80, 0x07,
    0x40, 0xC1, 0x80, 0x08, 0xC1, 0x80, 0x07, 0x40, 0xC2, 0x07, 0x40, 0xC2, 0x03, 0x34, 0x40, 0x09, 0x80, 0xC1, 0x08, 0x40, 0xC1, 0x09, 0x80, 0xC0,
    0x40, 0x08, 0xC1, 0x80, 0x08, 0xC1, 0x80, 0x08, 0xC2, 0x08, 0xC2, 0x07, 0x40, 0xC2, 0x08, 0xC2, 0x08, 0xC2, 0x08, 0xC2, 0x03, 0x34, 0x40, 0x09,
    0x80, 0xC1, 0x08, 0x40, 0xC1, 0x40, 0x08, 0x80, 0xC0, 0x40, 0x08, 0xC1, 0x80, 0x08, 0xC2, 0x08, 0xC2, 0x08, 0xC2, 0x08, 0xC2, 0x08, 0xC2, 0x08,
    0xC2, 0x08, 0xC2, 0x03, 0x34, 0x40, 0x09, 0x40, 0xC1, 0x08, 0x40, 0xC1, 0x40, 0x08, 0x80, 0xC0, 0x80, 0x08, 0xC1, 0x80, 0x08, 0xC2, 0x08, 0xC2,
    0x08, 0xC2, 0x08, 0xC2, 0x08, 0xC2, 0x08, 0xC2, 0x08, 0xC2, 0x40, 0x02, 0x34, 0x40, 0x09, 0x40, 0xC1, 0x08, 0x40, 0xC1, 0x40, 0x08, 0x80, 0xC0,
    0x80, 0x08, 0xC1, 0x80, 0x08, 0xC2, 0x08, 0xC2, 0x08, 0xC2, 0x08, 0xC2, 0x08, 0xC2, 0x08, 0xC2, 0x08, 0xC2, 0x40, 0x02, 0x34, 0x40, 0x09, 0x40,
    0xC1, 0x08, 0x40, 0xC1, 0x40, 0x08, 0x80, 0xC0, 0x80, 0x08, 0xC1, 0x80, 0x08, 0xC2, 0x08, 0xC2, 0x08, 0xC2, 0x08, 0xC2, 0x08, 0xC2, 0x08, 0xC2,
    0x08, 0xC2, 0x40, 0x02, 0x34, 0x40, 0x09, 0x40, 0xC1, 0x08, 0x40, 0xC1, 0x40, 0x08, 0x80, 0xC0, 0x80, 0x08, 0xC1, 0x80, 0x08, 0xC2, 0x08, 0xC2,
    0x08, 0xC2, 0x08, 0xC2, 0x08, 0xC2, 0x08, 0xC2, 0x08, 0xC2, 0x40, 0x02, 0x34, 0x40, 0x09, 0x40, 0xC1, 0x08, 0x40, 0xC1, 0x40, 0x08, 0x80, 0xC0,
    0x80, 0x08, 0xC1, 0x80, 0x08, 0xC2, 0x08, 0xC2, 0x08, 0xC2, 0x08, 0xC2, 0x08, 0xC2, 0x08, 0xC2, 0x08, 0xC2, 0x40, 0x02, 0x34, 0x40, 0x09, 0x40,
    0xC1, 0x08, 0x40, 0xC1, 0x40, 0x08, 0x80, 0xC0, 0x80, 0x08, 0xC1, 0x80, 0x08, 0xC2, 0x08, 0xC2, 0x08, 0xC2, 0x08, 0xC2, 0x08, 0xC2, 0x08, 0xC2,
    0x08, 0xC2, 0x40, 0x02, 0x34, 0x40, 0x09, 0x40, 0xC1, 0x08, 0x40, 0xC1, 0x40, 0x08, 0x80, 0xC0, 0x80, 0x08, 0xC1, 0x80, 0x08, 0xC2, 0x08, 0xC2,
    0x08, 0xC2, 0x08, 0xC2, 0x08, 0xC2, 0x08, 0xC2, 0x08, 0xC2, 0x40, 0x02, 0x34, 0x40, 0x09, 0x40, 0xC1, 0x08, 0x40, 0xC1, 0x40, 0x08, 0x80, 0xC0,
    0x80, 0x08, 0xC1, 0x80, 0x08, 0xC2, 0x08, 0xC2, 0x08, 0xC2, 0x08, 0xC2, 0x08, 0xC2, 0x08, 0xC2, 0x08, 0xC2, 0x40, 0x02, 0x34, 0x40, 0x09, 0x40,
    0xC1, 0x08, 0x40, 0xC1, 0x40, 0x08, 0x80, 0xC0, 0x80, 0x08, 0xC1, 0x80, 0x08, 0xC2, 0x08, 0xC2, 0x08, 0xC2, 0x08, 0xC2, 0x08, 0xC2, 0x08, 0xC2,
    0x08, 0xC2, 0x40, 0x02, 0x34, 0x41, 0x08, 0x40, 0xC1, 0x09, 0xC1, 0x40, 0x08, 0x80, 0xC0, 0x80, 0x08, 0xC2, 0x08, 0xC2, 0x08, 0xC2, 0x08, 0xC2,
    0x08, 0xC2, 0x08, 0xC2, 0x08, 0xC2, 0x08, 0xC2, 0x40, 0x02, 0x34, 0x41, 0x08, 0x40, 0xC1, 0x09, 0xC1, 0x40, 0x08, 0x80, 0xC0, 0x80, 0x08, 0xC2,
    0x08, 0xC2, 0x08, 0xC2, 0x08, 0xC2, 0x08, 0xC2, 0x08, 0xC2, 0x08, 0xC2, 0x08, 0xC2, 0x40, 0x02, 0x34, 0x41, 0x08, 0x40, 0xC1, 0x40, 0x08, 0xC1,
    0x80, 0x08, 0x80, 0xC0, 0x80, 0x08, 0xC2, 0x08, 0xC2, 0x08, 0xC2, 0x08, 0xC2, 0x08, 0xC2, 0x08, 0xC2, 0x08, 0xC2, 0x08, 0xC2, 0x40, 0x02, 0x34,
    0x40, 0x80, 0x08, 0x40, 0xC1, 0x40, 0x08, 0xC1, 0x80, 0x08, 0x80, 0xC0, 0x80, 0x08, 0xC2, 0x08, 0xC2, 0x08, 0xC2, 0x08, 0xC2, 0x08, 0xC2, 0x08,
    0xC2, 0x08, 0xC2, 0x08, 0xC2, 0x40, 0x02, 0x34, 0x81, 0x08, 0x40, 0xC1, 0x40, 0x08, 0xC1, 0x80, 0x08, 0x80, 0xC1, 0x08, 0xC2, 0x08, 0xC2, 0x08,
    0xC2, 0x08, 0xC2, 0x08, 0xC2, 0x08, 0xC2, 0x08, 0xC2, 0x08, 0xC2, 0x40, 0x02, 0x34, 0x81, 0x08, 0x40, 0xC1, 0x80, 0x08, 0xC2, 0x08, 0x80, 0xC1,
    0x08, 0xC2, 0x08, 0xC2, 0x08, 0xC2, 0x40, 0x07, 0xC2, 0x40, 0x07, 0xC2, 0x40, 0x06, 0x40, 0xC2, 0x40, 0x07, 0xC2, 0x08, 0xC2, 0x40, 0x02, 0x34,
    0xC1, 0x08, 0x40, 0xC1, 0x80, 0x08, 0xC2, 0x08, 0x80, 0xC1, 0x08, 0xC2, 0x08, 0xC2, 0x40, 0x07, 0xC2, 0x40, 0x07, 0xC2, 0x40, 0x07, 0xC2, 0x40,
    0x06, 0x40, 0xC2, 0x40, 0x07, 0xC2, 0x40, 0x07, 0xC2, 0x40, 0x02, 0x34, 0xC1, 0x40, 0x07, 0x80, 0xC2, 0x08, 0xC2, 0x08, 0x40, 0xC1, 0x08, 0xC2,
    0x40, 0x07, 0xC2, 0x40, 0x07, 0xC2, 0x40, 0x07, 0xC2, 0x80, 0x07, 0xC2, 0x80, 0x06, 0x40, 0xC2, 0x40, 0x07, 0xC2, 0x40, 0x07, 0xC2, 0x40, 0x02,
    0x34, 0xC1, 0x40, 0x07, 0x80, 0xC2, 0x08, 0x80, 0xC1, 0x08, 0x40, 0xC1, 0x08, 0xC2, 0x40, 0x07, 0xC2, 0x40, 0x07, 0xC2, 0x80, 0x07, 0xC2, 0x80,
    0x07, 0xC2, 0x80, 0x07, 0xC2, 0x80, 0x06, 0x40, 0xC2, 0x80, 0x07, 0xC2, 0x80, 0x02, 0x29, 0x40, 0x08, 0x40, 0xC1, 0x80, 0x07, 0x80, 0xC2, 0x08,
    0x80, 0xC1, 0x08, 0x40, 0xC1, 0x40, 0x07, 0xC2, 0x40, 0x07, 0xC2, 0x80, 0x07, 0xC2, 0x80, 0x07, 0xC2, 0x80, 0x07, 0xC3, 0x07, 0xC3, 0x06, 0x40,
    0xC2, 0x80, 0x07, 0xC2, 0x80, 0x02, 0x28, 0x41, 0x08, 0x40, 0xC2, 0x07, 0x40, 0xC2, 0x08, 0x80, 0xC1, 0x40, 0x07, 0x40, 0xC1, 0x40, 0x07, 0xC2,
    0x80, 0x07, 0xC2, 0x80, 0x07, 0xC3, 0x07, 0xC3, 0x07, 0xC3, 0x07, 0xC3, 0x06, 0x40, 0xC3, 0x06, 0x40, 0xC3, 0x02, 0x28, 0x40, 0x80, 0x40, 0x07,
    0x40, 0xC2, 0x07, 0x40, 0xC2, 0x40, 0x07, 0x80, 0xC1, 0x80, 0x07, 0x40, 0xC1, 0x80, 0x07, 0xC2, 0x80, 0x07, 0xC3, 0x07, 0xC3, 0x07, 0xC3, 0x07,
    0xC3, 0x07, 0xC3, 0x06, 0x40, 0xC3, 0x06, 0x80, 0xC3, 0x02, 0x28, 0x40, 0xC0, 0x80, 0x07, 0x40, 0xC2, 0x40, 0x06, 0x40, 0xC2, 0x80, 0x07, 0x80,
    0xC1, 0x80, 0x07, 0x40, 0xC1, 0x80, 0x07, 0xC3, 0x07, 0xC3, 0x06, 0x40, 0xC3, 0x07, 0xC3, 0x07, 0xC3, 0x07, 0xC3, 0x06, 0x40, 0xC3, 0x06, 0x80,
    0xC3, 0x02, 0x28, 0x80, 0xC1, 0x07, 0x40, 0xC2, 0x80, 0x07, 0xC3, 0x07, 0x80, 0xC2, 0x07, 0x40, 0xC2, 0x07, 0xC3, 0x07, 0xC3, 0x06, 0x40, 0xC3,
    0x07, 0xC3, 0x07, 0xC3, 0x07, 0xC3, 0x40, 0x05, 0x40, 0xC3, 0x40, 0x05, 0x80, 0xC3, 0x02, 0x28, 0x80, 0xC1, 0x40, 0x06, 0x40, 0xC3, 0x07, 0xC3,
    0x07, 0x40, 0xC2, 0x08, 0xC2, 0x07, 0xC3, 0x07, 0xC3, 0x06, 0x40, 0xC3, 0x40, 0x05, 0x40, 0xC3, 0x40, 0x06, 0xC3, 0x40, 0x06, 0xC3, 0x40, 0x06,
    0xC3, 0x40, 0x05, 0x40, 0xC3, 0x40, 0x01, 0x28, 0xC2, 0x80, 0x06, 0x40, 0xC3, 0x07, 0xC3, 0x40, 0x06, 0x40, 0xC2, 0x40, 0x07, 0xC2, 0x40, 0x06,
    0xC3, 0x40, 0x06, 0xC3, 0x40, 0x05, 0x40, 0xC3, 0x40, 0x05, 0x40, 0xC3, 0x40, 0x06, 0xC3, 0x40, 0x06, 0xC3, 0x80, 0x06, 0xC3, 0x80, 0x05, 0x40,
    0xC3, 0x80, 0x01, 0x1D, 0x41, 0x08, 0xC3, 0x06, 0x40, 0xC3, 0x40, 0x06, 0xC3, 0x80, 0x06, 0x40, 0xC2, 0x40, 0x07, 0xC2, 0x40, 0x06, 0x80, 0xC2,
    0x40, 0x06, 0xC3, 0x80, 0x05, 0x40, 0xC3, 0x80, 0x05, 0x80, 0xC3, 0x80, 0x05, 0x40, 0xC3, 0x80, 0x06, 0xC3, 0x80, 0x06, 0xC3, 0x80, 0x05, 0x40,
    0xC3, 0x80, 0x01, 0x1D, 0x41, 0x08, 0xC3, 0x06, 0x40, 0xC3, 0x80, 0x06, 0xC3, 0x80, 0x06, 0x40, 0xC2, 0x80, 0x07, 0xC2, 0x80, 0x06, 0x80, 0xC2,
    0x80, 0x06, 0xC3, 0x80, 0x05, 0x40, 0xC4, 0x05, 0x80, 0xC4, 0x05, 0x40, 0xC4, 0x06, 0xC4, 0x06, 0xC4, 0x06, 0xC4, 0x01, 0x1D, 0x40, 0x80, 0x40,
    0x07, 0xC3, 0x40, 0x05, 0x40, 0xC3, 0x80, 0x06, 0xC4, 0x06, 0x80, 0xC3, 0x07, 0xC3, 0x06, 0x80, 0xC3, 0x06, 0xC4, 0x05, 0x40, 0xC4, 0x05, 0x80,
    0xC4, 0x05, 0x80, 0xC4, 0x05, 0x40, 0xC4, 0x06, 0xC4, 0x06, 0xC4, 0x01, 0x1D, 0x81, 0x40, 0x07, 0xC3, 0x40, 0x05, 0x40, 0xC4, 0x06, 0xC4, 0x06,
    0x80, 0xC3, 0x07, 0xC3, 0x06, 0x40, 0xC3, 0x06, 0xC4, 0x05, 0x40, 0xC4, 0x05, 0x80, 0xC4, 0x05, 0x80, 0xC4, 0x05, 0x40, 0xC4, 0x05, 0x40, 0xC4,
    0x40, 0x05, 0xC4, 0x40, 0x00, 0x1D, 0x81, 0x40, 0x07, 0xC3, 0x80, 0x05, 0x80, 0xC4, 0x06, 0xC4, 0x06, 0x80, 0xC3, 0x07, 0xC3, 0x06, 0x40, 0xC3,
    0x06, 0xC4, 0x05, 0x40, 0xC4, 0x05, 0x80, 0xC4, 0x40, 0x04, 0x80, 0xC4, 0x40, 0x04, 0x40, 0xC4, 0x40, 0x04, 0x40, 0xC4, 0x40, 0x04, 0x40, 0xC4,
    0x40, 0x00, 0x1C, 0x40, 0x80, 0xC0, 0x80, 0x07, 0xC3, 0x80, 0x05, 0x80, 0xC4, 0x06, 0xC4, 0x06, 0x80, 0xC3, 0x40, 0x06, 0xC3, 0x06, 0x40, 0xC3,
    0x06, 0xC4, 0x05, 0x40, 0xC4, 0x40, 0x04, 0x80, 0xC4, 0x40, 0x04, 0x80, 0xC4, 0x40, 0x04, 0x40, 0xC4, 0x40, 0x04, 0x40, 0xC4, 0x40, 0x04, 0x40,
    0xC4, 0x80, 0x00, 0x1C, 0x40, 0x80, 0xC0, 0x80, 0x06, 0x40, 0xC3, 0x80, 0x05, 0x80, 0xC4, 0x06, 0xC4, 0x40, 0x05, 0x80, 0xC3, 0x40, 0x06, 0xC3,
    0x40, 0x05, 0x40, 0xC3, 0x06, 0xC4, 0x05, 0x40, 0xC4, 0x40, 0x04, 0x80, 0xC4, 0x40, 0x04, 0x80, 0xC4, 0x40, 0x04, 0x40, 0xC4, 0x40, 0x04, 0x40,
    0xC4, 0x80, 0x05, 0xC4, 0x80, 0x00, 0x1C, 0x40, 0x80, 0xC0, 0x80, 0x06, 0x40, 0xC3, 0x80, 0x05, 0x80, 0xC4, 0x06, 0xC4, 0x06, 0x80, 0xC3, 0x40,
    0x06, 0xC3, 0x40, 0x05, 0x40, 0xC3, 0x06, 0xC4, 0x05, 0x40, 0xC4, 0x40, 0x04, 0x80, 0xC4, 0x40, 0x04, 0x80, 0xC4, 0x40, 0x04, 0x40, 0xC4, 0x40,
    0x04, 0x40, 0xC4, 0x40, 0x05, 0xC4, 0x80, 0x00, 0x1C, 0x40, 0x80, 0xC0, 0x80, 0x06, 0x40, 0xC3, 0x80, 0x05, 0x80, 0xC4, 0x05, 0x40, 0xC4, 0x06,
    0x80, 0xC3, 0x07, 0xC3, 0x06, 0x40, 0xC3, 0x06, 0xC4, 0x06, 0xC4, 0x40, 0x04, 0x80, 0xC4, 0x40, 0x04, 0x80, 0xC4, 0x40, 0x04, 0x40, 0xC4, 0x40,
    0x05, 0xC4, 0x40, 0x05, 0xC4, 0x80, 0x00, 0x1C, 0x40, 0xC1, 0x80, 0x06, 0x40, 0xC3, 0x80, 0x05, 0xC5, 0x05, 0x40, 0xC4, 0x06, 0x80, 0xC3, 0x07,
    0xC3, 0x06, 0x40, 0xC3, 0x06, 0xC4, 0x06, 0xC4, 0x40, 0x04, 0x80, 0xC4, 0x40, 0x04, 0x80, 0xC4, 0x40, 0x04, 0x40, 0xC4, 0x40, 0x05, 0xC4, 0x40,
    0x05, 0xC4, 0x80, 0x00, 0x1C, 0x40, 0x80, 0xC0, 0x40, 0x06, 0x40, 0xC3, 0x40, 0x05, 0xC5, 0x05, 0x40, 0xC4, 0x06, 0xC4, 0x07, 0xC3, 0x06, 0x40,
    0xC3, 0x06, 0xC4, 0x06, 0xC4, 0x40, 0x04, 0x40, 0xC4, 0x40, 0x04, 0x80, 0xC4, 0x40, 0x04, 0x40, 0xC4, 0x40, 0x05, 0xC4, 0x40, 0x05, 0xC4, 0x80,
    0x00, 0x1C, 0x40, 0x81, 0x40, 0x06, 0x80, 0xC3, 0x40, 0x05, 0xC4, 0x80, 0x05, 0x80, 0xC4, 0x06, 0xC4, 0x06, 0x40, 0xC3, 0x06, 0x40, 0xC3, 0x06,
    0xC4, 0x05, 0x40, 0xC4, 0x05, 0x80, 0xC4, 0x05, 0x80, 0xC4, 0x40, 0x04, 0x40, 0xC4, 0x40, 0x05, 0xC4, 0x40, 0x05, 0xC4, 0x80, 0x00, 0x1C, 0x40,
    0x81, 0x07, 0x80, 0xC3, 0x06, 0xC4, 0x40, 0x05, 0xC4, 0x80, 0x06, 0xC4, 0x06, 0x80, 0xC3, 0x06, 0x80, 0xC3, 0x06, 0xC4, 0x05, 0x40, 0xC4, 0x05,
    0x80, 0xC4, 0x05, 0xC5, 0x05, 0x40, 0xC4, 0x05, 0x40, 0xC4, 0x40, 0x04, 0x40, 0xC5, 0x00, 0x1C, 0x40, 0x80, 0x40, 0x07, 0xC3, 0x80, 0x05, 0x40,
    0xC4, 0x05, 0x40, 0xC4, 0x40, 0x05, 0x80, 0xC3, 0x40, 0x06, 0xC3, 0x40, 0x06, 0xC3, 0x40, 0x06, 0xC3, 0x80, 0x05, 0x80, 0xC3, 0x80, 0x05, 0xC4,
    0x80, 0x05, 0xC4, 0x80, 0x05, 0xC5, 0x05, 0x80, 0xC4, 0x40, 0x04, 0xC6, 0x00, 0x1C, 0x41, 0x08, 0xC3, 0x40, 0x05, 0x80, 0xC4, 0x05, 0x80, 0xC4,
    0x06, 0xC4, 0x40, 0x05, 0x40, 0xC3, 0x40, 0x06, 0xC3, 0x06, 0x40, 0xC3, 0x06, 0xC4, 0x40, 0x05, 0xC4, 0x40, 0x05, 0xC4, 0x80, 0x05, 0xC5, 0x40,
    0x03, 0x40, 0xC6, 0x03, 0x80, 0xC6, 0x80, 0x27, 0x40, 0xC1, 0x80, 0x06, 0x40, 0xC4, 0x05, 0xC5, 0x40, 0x04, 0xC5, 0x80, 0x05, 0xC4, 0x80, 0x05,
    0x80, 0xC3, 0x80, 0x05, 0xC4, 0x40, 0x05, 0xC4, 0x05, 0x40, 0xC4, 0x40, 0x04, 0xC6, 0x40, 0x02, 0x40, 0xC7, 0x40, 0x01, 0x80, 0xC8, 0x01, 0xC9,
    0x29, 0x40, 0x80, 0x40, 0x06, 0x40, 0xC3, 0x80, 0x05, 0xC5, 0x80, 0x03, 0x40, 0xC5, 0x80, 0x04, 0xC5, 0x80, 0x04, 0x40, 0xC4, 0x80, 0x04, 0x80,
    0xC4, 0x40, 0x04, 0xC5, 0x04, 0x80, 0xC5, 0x80, 0x02, 0x40, 0xC7, 0x40, 0x01, 0xC0, 0x80, 0xC7, 0x00, 0xC1, 0x80, 0xC7, 0x80, 0xC0, 0x40, 0xC5,
    0x80, 0xC1, 0x29, 0x80, 0xC2, 0x80, 0x05, 0xC5, 0x80, 0x03, 0x40, 0xC6, 0x03, 0x40, 0xC6, 0x04, 0xC6, 0x03, 0x40, 0xC6, 0x02, 0x40, 0xC6, 0x80,
    0x01, 0x40, 0xC7, 0x40, 0x00, 0x40, 0xC9, 0x40, 0xE2, 0x80, 0xCA, 0x14, 0x40, 0x07, 0x80, 0xC3, 0x80, 0x04, 0x80, 0xC5, 0x03, 0x40, 0xC6, 0x03,
    0xC7, 0x03, 0xC7, 0x02, 0x40, 0xC7, 0x01, 0x80, 0xC7, 0x00, 0x80, 0xC9, 0x00, 0xCA, 0x80, 0xCC, 0x80, 0xC9, 0x80, 0xE1, 0x80, 0x11, 0x40, 0x81,
    0x40, 0x05, 0x40, 0xC5, 0x03, 0x40, 0xC6, 0x40, 0x02, 0xC7, 0x80, 0x02, 0xC7, 0x40, 0x01, 0x80, 0xC7, 0x40, 0x01, 0xC8, 0x40, 0x01, 0xC7, 0x80,
    0x00, 0xC9, 0x40, 0x00, 0x80, 0xC8, 0x80, 0x41, 0x00, 0xC9, 0x00, 0x80, 0xED, 0x1B, 0x40, 0xC1, 0x80, 0x40, 0x05, 0xC5, 0x40, 0x03, 0xC6, 0x80,
    0x02, 0x40, 0xC6, 0x80, 0x02, 0x80, 0xC7, 0x02, 0xC8, 0x02, 0xC8, 0x02, 0xC7, 0x40, 0x01, 0x40, 0xC7, 0x02, 0xCA, 0x81, 0xCA, 0x00, 0xCA, 0x00,
    0xD6, 0x25, 0x40, 0xC3, 0x80, 0x04, 0x80, 0xC5, 0x03, 0x80, 0xC6, 0x03, 0xC7, 0x80, 0x02, 0xC8, 0x02, 0xC8, 0x02, 0xC7, 0x40, 0x02, 0xC7, 0x03,
    0xC7, 0x40, 0x02, 0xC9, 0x40, 0x00, 0xCA, 0x00, 0xCA, 0x80, 0xCB, 0x25, 0x42, 0x06, 0x40, 0xC4, 0x40, 0x04, 0xC5, 0x80, 0x04, 0xC5, 0x80, 0x04,
    0xC6, 0x40, 0x03, 0xC6, 0x80, 0x03, 0xC6, 0x80, 0x03, 0xC6, 0x04, 0xC5, 0x80, 0x04, 0xC6, 0x80, 0x40, 0x02, 0xC8, 0x02, 0xC9, 0x01, 0xCA, 0x00,
    0x2F, 0x40, 0x81, 0x40, 0x07, 0xC4, 0x06, 0xC4, 0x40, 0x05, 0xC4, 0x40, 0x05, 0xC5, 0x05, 0xC5, 0x05, 0xC5, 0x40, 0x04, 0xC4, 0x40, 0x05, 0xC4,
    0x06, 0xC5, 0x80, 0x40, 0x03, 0xC7, 0x03, 0xC8, 0x40, 0x01, 0x3B, 0xC0, 0x80, 0x40, 0x08, 0xC2, 0x40, 0x07, 0xC3, 0x07, 0xC2, 0x80, 0x07, 0xC3,
    0x40, 0x06, 0xC3, 0x80, 0x06, 0xC3, 0x80, 0x06, 0xC3, 0x07, 0xC2, 0x80, 0x07, 0xC4, 0x80, 0x05, 0xC6, 0x40, 0x03, 0x3F, 0x07, 0x80, 0x0A, 0xC1,
    0x09, 0xC1, 0x09, 0xC1, 0x09, 0xC2, 0x08, 0xC2, 0x08, 0xC2, 0x08, 0xC1, 0x40, 0x08, 0xC1, 0x09, 0xC1, 0x81, 0x07, 0x3F, 0x2B, 0x40, 0x0A, 0x40,
    0x0A, 0xC0, 0x0A, 0xC0, 0x0A, 0xC0, 0x40, 0x09, 0x80, 0x0A, 0x40, 0x06, 0x40, 0x81, 0x00, 0x3F, 0x3F, 0x25, 0x41, 0x07, 0x80, 0xC2, 0x05, 0x80,
    0xC4, 0x0A, 0x40, 0x3F, 0x3F, 0x01, 0x40, 0x07, 0x40, 0xC3, 0x05, 0x80, 0xC4, 0x04, 0x40, 0xC5, 0x04, 0xC6, 0x0A, 0x40, 0x0A, 0x40, 0x3F, 0x27,
    0x40, 0x08, 0x80, 0xC3, 0x05, 0x80, 0xC5, 0x04, 0xC6, 0x03, 0x80, 0xC6, 0x02, 0x40, 0xC7, 0x09, 0x41, 0x0A, 0x40, 0x0A, 0x40, 0x3F, 0x18, 0x40,
    0x80, 0xC0, 0x80, 0x40, 0x06, 0xC4, 0x40, 0x04, 0xC6, 0x03, 0x40, 0xC6, 0x03, 0xC7, 0x02, 0x80, 0xC7, 0x00, 0x09, 0x41, 0x09, 0x41, 0x0A, 0x40,
    0x0A, 0x40, 0x35, 0x41, 0x08, 0x80, 0xC2, 0x80, 0x05, 0x80, 0xC4, 0x80, 0x03, 0x40, 0xC5, 0x80, 0x03, 0xC6, 0x40, 0x02, 0x80, 0xC6, 0x02, 0x40,
    0xC7, 0x40, 0x01, 0xC8, 0x01, 0x09, 0x41, 0x09, 0x41, 0x09, 0x41, 0x06, 0xC0, 0x00, 0x42, 0x05, 0x40, 0xC0, 0x40, 0xC0, 0x40, 0x06, 0x81, 0xC0,
    0x80, 0xC0, 0x80, 0x04, 0xC5, 0x40, 0x04, 0xC5, 0x80, 0x04, 0xC3, 0x80, 0x06, 0xC3, 0x05, 0x40, 0xC3, 0x80, 0x05, 0xC4, 0x05, 0xC5, 0x80, 0x03,
    0x80, 0xC6, 0x40, 0x01, 0x40, 0xC7, 0x40, 0x01, 0xC8, 0x02, 0x08, 0x42, 0x09, 0x41, 0x09, 0x41, 0x05, 0x80, 0x00, 0x80, 0x01, 0x40, 0x05, 0x80,
    0x40, 0x80, 0x00, 0x41, 0x05, 0xC1, 0x40, 0x80, 0x40, 0x04, 0x81, 0xC2, 0x41, 0x04, 0x40, 0xC4, 0x80, 0x05, 0xC3, 0x07, 0xC2, 0x40, 0x05, 0x80,
    0xC3, 0x05, 0x80, 0xC3, 0x05, 0x40, 0xC4, 0x80, 0x04, 0xC6, 0x40, 0x02, 0xC7, 0x80, 0x02, 0xC7, 0x80, 0x02, 0x08, 0x42, 0x08, 0x42, 0x08, 0x42,
    0x04, 0x80, 0x01, 0x40, 0x00, 0x41, 0x04, 0xC0, 0x00, 0xC0, 0x40, 0x00, 0x41, 0x04, 0xC0, 0x40, 0x80, 0x41, 0x00, 0x40, 0x03, 0x40, 0xC1, 0x40,
    0xC0, 0x06, 0xC3, 0x40, 0x80, 0x05, 0x80, 0xC2, 0x80, 0x06, 0xC2, 0x80, 0x06, 0x40, 0xC2, 0x40, 0x05, 0xC3, 0x80, 0x05, 0xC4, 0x80, 0x04, 0x80,
    0xC5, 0x40, 0x03, 0xC7, 0x03, 0xC7, 0x03, 0x07, 0x43, 0x07, 0x43, 0x07, 0x43, 0x08, 0x42, 0x03, 0x80, 0x00, 0x41, 0x00, 0x42, 0x03, 0xC0, 0x40,
    0xC0, 0x02, 0x41, 0x03, 0xC1, 0x81, 0x40, 0x01, 0x40, 0x02, 0xC3, 0x40, 0x06, 0x80, 0xC2, 0x81, 0x05, 0x80, 0xC2, 0x07, 0xC2, 0x80, 0x05, 0x40,
    0xC3, 0x05, 0x40, 0xC3, 0x80, 0x05, 0xC5, 0x40, 0x04, 0xC6, 0x04, 0xC6, 0x04, 0x06, 0x43, 0x80, 0x06, 0x44, 0x06, 0x44, 0x06, 0x44, 0x02, 0x40,
    0x03, 0x43, 0x02, 0xC0, 0x00, 0x80, 0x01, 0x43, 0x02, 0xC0, 0x81, 0x02, 0x42, 0x02, 0xC1, 0x40, 0x80, 0x02, 0x41, 0x01, 0xC3, 0x41, 0x02, 0x40,
    0x01, 0xC3, 0x80, 0x06, 0xC2, 0x40, 0x07, 0xC2, 0x06, 0xC3, 0x80, 0x06, 0xC3, 0x80, 0x06, 0xC4, 0x40, 0x05, 0xC5, 0x05, 0x05, 0x43, 0x81, 0x05,
    0x43, 0x81, 0x05, 0x43, 0x81, 0x05, 0x44, 0x80, 0x06, 0x44, 0x01, 0x40, 0x03, 0x44, 0x00, 0x40, 0x80, 0x41, 0x02, 0x43, 0x00, 0x81, 0xC0, 0x00,
    0x40, 0x02, 0x42, 0x00, 0x80, 0xC0, 0x80, 0xC0, 0x40, 0x03, 0x41, 0x80, 0xC2, 0x81, 0x04, 0x41, 0xC2, 0x80, 0x06, 0x40, 0xC2, 0x07, 0x80, 0xC1,
    0x80, 0x07, 0xC2, 0x08, 0xC2, 0x80, 0x07, 0xC3, 0x40, 0x06, 0x04, 0x41, 0x81, 0xC2, 0x04, 0x42, 0x80, 0xC2, 0x04, 0x42, 0x81, 0xC1, 0x04, 0x42,
    0x81, 0xC1, 0x04, 0x43, 0x81, 0xC0, 0x05, 0x43, 0x81, 0x40, 0x04, 0x44, 0x80, 0xC0, 0x00, 0xC0, 0x03, 0x44, 0xC0, 0x80, 0x41, 0x03, 0x43, 0xC1,
    0x81, 0x04, 0x42, 0xC2, 0x80, 0x40, 0x05, 0x40, 0xC2, 0x40, 0x07, 0xC1, 0x40, 0x08, 0xC1, 0x09, 0xC0, 0x80, 0x09, 0xC1, 0x40, 0x08, 0x02, 0x41,
    0x80, 0xC5, 0x02, 0x41, 0x80, 0xC5, 0x02, 0x41, 0x80, 0xC5, 0x02, 0x41, 0x81, 0xC4, 0x02, 0x42, 0x80, 0xC4, 0x03, 0x41, 0x81, 0xC3, 0x03, 0x42,
    0x81, 0xC2, 0x04, 0x42, 0x81, 0xC1, 0x80, 0x40, 0x02, 0x43, 0x81, 0xC1, 0x00, 0x40, 0x02, 0x43, 0x82, 0xC0, 0x04, 0x44, 0xC0, 0x81, 0x05, 0x42,
    0xC0, 0x80, 0x08, 0x40, 0xC0, 0x0A, 0x40, 0x16, 0x41, 0xC9, 0x41, 0x80, 0xC8, 0x41, 0x80, 0xC8, 0x41, 0x80, 0xC8, 0x00, 0x41, 0x80, 0xC7, 0x00,
    0x41, 0x80, 0xC7, 0x00, 0x42, 0x80, 0xC6, 0x01, 0x41, 0x80, 0xC6, 0x01, 0x42, 0x80, 0xC5, 0x02, 0x42, 0x80, 0xC4, 0x40, 0x02, 0x42, 0x80, 0xC3,
    0x80, 0x03, 0x42, 0x81, 0xC1, 0x41, 0x03, 0x43, 0x81, 0x40, 0x05, 0x44, 0x08, 0x42, 0x0B, 0xFF, 0xC7, 0x80, 0xCA, 0x40, 0xCA, 0x40, 0x80, 0xC9,
    0x41, 0x80, 0xC8, 0x41, 0x80, 0xC8, 0x00, 0x41, 0x80, 0xC7, 0x01, 0x41, 0x80, 0xC6, 0x02, 0x42, 0x80, 0xC4, 0x03, 0x42, 0x81, 0xC2, 0x04, 0x43,
    0x81, 0xC0, 0xFF, 0xFF, 0xCF, 0x80, 0xCA, 0x40, 0x80, 0xC9, 0x41, 0x80, 0xC8, 0x00, 0x41, 0x80, 0xC7, 0xFF, 0xFF, 0xFF, 0xFF, 0xFF, 0xFF, 0xFF,
    0xFF, 0xFF, 0xFF, 0xFF, 0xFF, 0xFF, 0xFF, 0xFF, 0xFF, 0xFF, 0xFF, 0xFF, 0xFF, 0xFF, 0xFF, 0xFF, 0xFF, 0xFF, 0xFF, 0xFF, 0xFF, 0xFF, 0xFF, 0xFF,
    0xFF, 0xFF, 0xFF, 0xFF, 0xFF, 0xFF, 0xFF, 0xFF, 0xFF, 0xFF, 0xFF, 0xFF, 0xFF, 0xFF, 0xFF, 0xFF, 0xFF, 0xFF, 0xFF, 0xF8, 0x00, 0x40, 0xC4, 0xFF,
    0xFF, 0xE0, 0x41, 0xC9, 0x01, 0xC9, 0x01, 0xC4, 0xFF, 0xFF, 0xD4, 0x41, 0xC9, 0x41, 0xC9, 0x01, 0xC4, 0x80, 0xC3, 0x01, 0xC4, 0xFF, 0xFF, 0xD4,
    0x40, 0x80, 0xC9, 0x41, 0xC9, 0x01, 0xC4, 0x80, 0xC3, 0x01, 0xC4, 0xFF, 0xFF, 0xD4, 0x41, 0xC9, 0x41, 0xC9, 0x01, 0xC4, 0x80, 0xC3, 0x01, 0xC4,
    0xFF, 0xFF, 0xC9, 0x80, 0xC9, 0x80, 0x00, 0xC9, 0x80, 0x00, 0xC9, 0x40, 0x00, 0x80, 0xC3, 0x80, 0xC3, 0x80, 0x00, 0x80, 0xC3, 0xFF, 0xFF, 0xC9,
    0x40, 0xC4, 0x80, 0xC3, 0x80, 0x00, 0xC4, 0x80, 0xC3, 0x80, 0x01, 0x40, 0xC2, 0x80, 0xC4, 0x00, 0x40, 0xC3, 0x80, 0xC4, 0x00, 0x80, 0xC3, 0xFF,
    0xFF, 0xC9, 0x40, 0xC4, 0x80, 0xC3, 0x80, 0x00, 0x80, 0xC3, 0x80, 0xC3, 0x80, 0x01, 0x40, 0xC2, 0x80, 0xC4, 0x00, 0x40, 0xC3, 0x80, 0xC4, 0x00,
    0x40, 0xC3, 0xFF, 0xFF, 0xC9, 0x40, 0xC4, 0x80, 0xC3, 0x80, 0x00, 0x80, 0xC3, 0x80, 0xC3, 0x80, 0x01, 0x40, 0xC2, 0x80, 0xC4, 0x00, 0x40, 0xC3,
    0x80, 0xC4, 0x00, 0x40, 0xC3, 0xFF, 0xFF, 0xC9, 0x40, 0xC4, 0x80, 0xC3, 0x80, 0x00, 0xC4, 0x80, 0xC3, 0x80, 0x01, 0x40, 0xC2, 0x80, 0xC4, 0x00,
    0x40, 0xC3, 0x80, 0xC4, 0x00, 0x80, 0xC3, 0xFF, 0xFF, 0xC9, 0x80, 0xC9, 0x80, 0x00, 0xC4, 0x80, 0xC3, 0x80, 0x01, 0x40, 0xC8, 0x00, 0x40, 0xC9,
    0x00, 0x80, 0xC3, 0xFF, 0xFF, 0xC9, 0x80, 0xC9, 0x80, 0x00, 0xC9, 0x80, 0x00, 0x40, 0x80, 0xC8, 0x00, 0x40, 0x80, 0xC8, 0x00, 0xC4, 0xFF, 0xFF,
    0xC9, 0x80, 0xC9, 0x80, 0x00, 0xC9, 0x80, 0x00, 0x40, 0xC8, 0x80, 0x00, 0x41, 0xC8, 0x00, 0xC4, 0xFF, 0xFF, 0xC9, 0x40, 0xC9, 0x80, 0x00, 0xC9,
    0x80, 0x00, 0x40, 0xC8, 0x80, 0x00, 0x41, 0xC7, 0x80, 0x00, 0xC4, 0xFF, 0xFF, 0xC9, 0x00, 0x80, 0xC9, 0x00, 0x80, 0xC8, 0x80, 0x01, 0xC9, 0x00,
    0x81, 0xC7, 0x80, 0x00, 0xC4, 0xFF, 0xFD, 0x80, 0xCA, 0x00, 0x80, 0xC9, 0x00, 0x80, 0xC8, 0x80, 0x01, 0xC8, 0x80, 0x00, 0x81, 0xC2, 0x80, 0xC3,
    0x80, 0x00, 0x80, 0xC3, 0xFF, 0xFD, 0x00, 0xCA, 0x00, 0xC9, 0x80, 0x00, 0x80, 0xC8, 0x80, 0x01, 0x80, 0xC7, 0x80, 0x00, 0xC4, 0x80, 0xC3, 0x40,
    0x00, 0x40, 0xC3, 0xFF, 0xF1, 0x80, 0xC9, 0x80, 0x00, 0xC9, 0x40, 0x00, 0xC9, 0x40, 0x00, 0x40, 0xC8, 0x41, 0x80, 0xC8, 0x40, 0x00, 0xC4, 0x40,
    0xC3, 0x40, 0x01, 0xC3, 0xFF, 0xF0, 0x41, 0xC9, 0x40, 0x00, 0xC9, 0x01, 0xC9, 0x00, 0x40, 0xC9, 0x00, 0x40, 0xC4, 0x80, 0xC3, 0x01, 0x80, 0xC3,
    0x00, 0xC3, 0x01, 0x40, 0xC3, 0xFF, 0xE4, 0x81, 0xC8, 0x80, 0x00, 0x40, 0xC4, 0x80, 0xC2, 0x40, 0x00, 0x40, 0xC9, 0x00, 0x80, 0xC9, 0x00, 0x80,
    0xC9, 0x01, 0xC4, 0x40, 0xC3, 0x01, 0x40, 0xC3, 0x40, 0xC3, 0x41, 0xC4, 0xFF, 0xE4, 0x80, 0x40, 0xC4, 0x80, 0xC2, 0x01, 0x40, 0xC4, 0x80, 0xC2,
    0x40, 0x00, 0x40, 0xC4, 0x80, 0xC3, 0x00, 0xCA, 0x00, 0x80, 0xC4, 0x40, 0xC2, 0x80, 0x01, 0xC4, 0x00, 0xC2, 0x80, 0x01, 0x80, 0xC8, 0x40, 0x80,
    0xC4, 0xFF, 0xDF, 0x80, 0xC1, 0x81, 0x40, 0x00, 0xC4, 0x40, 0xC2, 0x02, 0xC4, 0x80, 0xC2, 0x80, 0x00, 0x40, 0xC4, 0x80, 0xC3, 0x00, 0x80, 0xC4,
    0x80, 0xC3, 0x00, 0x40, 0xC4, 0x00, 0xC2, 0x40, 0x01, 0xC4, 0x00, 0xC2, 0x80, 0x01, 0xC9, 0x80, 0xC0, 0x80, 0xC3, 0xFF, 0xD9, 0x40, 0xC4, 0x40,
    0xC1, 0x80, 0x41, 0x00, 0xC4, 0x40, 0xC2, 0x40, 0x01, 0xC4, 0x80, 0xC3, 0x00, 0x80, 0xC4, 0x80, 0xC3, 0x00, 0x40, 0xC4, 0x40, 0xC2, 0x80, 0x01,
    0xC4, 0x00, 0xC2, 0x40, 0x01, 0xC4, 0x80, 0xC3, 0x41, 0xC9, 0x80, 0xC0, 0x80, 0xC3, 0xFF, 0xCD, 0x80, 0xC4, 0x40, 0xC2, 0x81, 0x00, 0xC4, 0x00,
    0xC2, 0x40, 0x01, 0xC4, 0x40, 0xC2, 0x80, 0x01, 0xC3, 0x81, 0xC3, 0x41, 0xC3, 0x80, 0x40, 0xC3, 0x01, 0xC4, 0x00, 0xC2, 0x80, 0x01, 0xC4, 0x00,
    0xC3, 0x01, 0xC9, 0x81, 0xC4, 0x80, 0xC3, 0x40, 0x81, 0xC3, 0xFF, 0xCD, 0x40, 0xC4, 0x40, 0xC3, 0x80, 0x00, 0xC4, 0x40, 0xC2, 0x40, 0x01, 0xC4,
    0x40, 0xC3, 0x40, 0x00, 0xC2, 0x80, 0x41, 0xC3, 0x40, 0x00, 0xC4, 0x00, 0xC3, 0x01, 0xC3, 0x80, 0x00, 0x80, 0xC1, 0x80, 0x01, 0xC3, 0x80, 0x40,
    0xC3, 0x41, 0xC3, 0x80, 0xC4, 0x81, 0xC4, 0x40, 0xC3, 0x41, 0xC4, 0xFF, 0xCD, 0x40, 0xC4, 0x40, 0xC3, 0x80, 0x00, 0xC4, 0x40, 0xC2, 0x40, 0x01,
    0xC2, 0x40, 0x00, 0x40, 0xC3, 0x80, 0x00, 0xC3, 0x80, 0x40, 0xC3, 0x40, 0x00, 0xC3, 0x80, 0x00, 0xC3, 0x01, 0xC3, 0x40, 0x00, 0x40, 0xC2, 0x01,
    0x80, 0xC2, 0x00, 0x40, 0xC3, 0x80, 0x40, 0xC3, 0x80, 0xC4, 0x81, 0xC3, 0x80, 0x00, 0xC3, 0x40, 0x00, 0x80, 0xC2, 0x80, 0xFF, 0xC7, 0x80, 0xC3,
    0x80, 0x00, 0xC4, 0x40, 0xC3, 0x80, 0x00, 0xC2, 0x81, 0x40, 0xC2, 0x40, 0x01, 0xC2, 0x40, 0x00, 0x40, 0xC3, 0x80, 0x00, 0xC3, 0x80, 0x00, 0xC3,
    0x40, 0x00, 0xC3, 0x40, 0x00, 0x80, 0xC2, 0x01, 0x80, 0xC2, 0x01, 0x40, 0xC2, 0x01, 0x80, 0xC2, 0x00, 0x80, 0xC3, 0x81, 0xC3, 0x80, 0x40, 0xC3,
    0x41, 0x80, 0xC2, 0x80, 0x00, 0x80, 0xC2, 0x80, 0x40, 0xC3, 0x40, 0xFF, 0xC7, 0x80, 0xC3, 0x40, 0x00, 0xC4, 0x40, 0xC3, 0x80, 0x00, 0xC2, 0x80,
    0x40, 0x80, 0xC2, 0x40, 0x01, 0xC2, 0x80, 0x41, 0xC3, 0x80, 0x00, 0xC3, 0x80, 0x00, 0xC3, 0x40, 0x00, 0xC3, 0x01, 0x80, 0xC2, 0x01, 0x40, 0xC1,
    0x80, 0x01, 0x40, 0xC2, 0x40, 0x00, 0x80, 0xC2, 0x40, 0xC4, 0x81, 0xC3, 0x80, 0x00, 0xC3, 0x40, 0x00, 0x80, 0xC2, 0x80, 0x00, 0x80, 0xC2, 0x41,
    0xC3, 0x40, 0xFF, 0xC0, 0x80, 0x40, 0xC4, 0x40, 0xC3, 0x80, 0x00, 0xC4, 0x40, 0xC3, 0x40, 0x00, 0xC2, 0x80, 0x00, 0x40, 0xC2, 0x41, 0x00, 0xC3,
    0x80, 0x00, 0xC3, 0x80, 0x00, 0xC3, 0x80, 0x00, 0x80, 0xC2, 0x40, 0x00, 0x80, 0xC2, 0x01, 0x40, 0xC2, 0x01, 0x40, 0xC1, 0x80, 0x00, 0x40, 0x80,
    0xC2, 0x81, 0xC3, 0x81, 0xC3, 0x40, 0x81, 0xC2, 0x80, 0x00, 0xC3, 0x80, 0x40, 0x80, 0xC2, 0x80, 0x00, 0x80, 0xC2, 0x81, 0xC3, 0x40, 0xFB, 0x80,
    0xC3, 0x80, 0x00, 0xC4, 0x40, 0xC4, 0x00, 0xC2, 0x80, 0xC0, 0x40, 0xC3, 0x01, 0x80, 0xC1, 0x41, 0x00, 0xC2, 0x81, 0x00, 0x80, 0xC3, 0x00, 0xC3,
    0x80, 0x00, 0x80, 0xC2, 0x80, 0x00, 0x80, 0xC2, 0x01, 0x80, 0xC2, 0x01, 0x40, 0xC2, 0x40, 0x00, 0x80, 0xC2, 0x00, 0x80, 0xC3, 0x80, 0xC0, 0x80,
    0xC2, 0x80, 0x40, 0xC3, 0x41, 0x80, 0xC2, 0x80, 0x00, 0x80, 0xC2, 0x80, 0x40, 0x80, 0xC2, 0x41, 0x80, 0xC8, 0x40, 0xF5, 0x80, 0xC4, 0x40, 0xC4,
    0x00, 0x80, 0xC3, 0x00, 0xC4, 0x00, 0x40, 0xC0, 0x81, 0x40, 0x00, 0xC3, 0x80, 0x00, 0x40, 0xC1, 0x81, 0x00, 0xC4, 0x41, 0xC3, 0x00, 0x80, 0xC2,
    0x80, 0x00, 0x40, 0xC2, 0x80, 0x01, 0xC2, 0x01, 0x40, 0xC2, 0x02, 0xC3, 0x40, 0x80, 0xC2, 0x40, 0x80, 0xC3, 0x80, 0xC0, 0x80, 0xC2, 0x80, 0x00,
    0xC3, 0x80, 0x41, 0xC2, 0x80, 0x00, 0x40, 0xC3, 0x41, 0xC2, 0x41, 0x80, 0xC7, 0x81, 0xEF, 0x40, 0xC4, 0x41, 0xC3, 0x00, 0xC4, 0x41, 0xC3, 0x00,
    0xC4, 0x01, 0xC0, 0x82, 0x00, 0xC4, 0x80, 0x00, 0xC1, 0x80, 0x40, 0x00, 0x80, 0xC3, 0x40, 0x00, 0xC3, 0x00, 0x40, 0xC2, 0x80, 0x01, 0xC2, 0x80,
    0x01, 0xC2, 0x80, 0x00, 0x40, 0xC2, 0x01, 0x40, 0xC3, 0x81, 0xC2, 0x80, 0x00, 0xC3, 0x80, 0xC0, 0x80, 0xC2, 0x80, 0x00, 0x80, 0xC2, 0x80, 0x41,
    0xC2, 0x80, 0x00, 0x40, 0xC4, 0x40, 0x80, 0xC1, 0x41, 0x80, 0xC7, 0x80, 0xC0, 0xEF, 0x00, 0xC4, 0x40, 0x00, 0xC3, 0x00, 0x80, 0xC3, 0x40, 0x01,
    0x80, 0xC1, 0x00, 0x80, 0xC3, 0x80, 0x00, 0x40, 0xC0, 0x80, 0xC0, 0x00, 0x80, 0xC4, 0x00, 0xC1, 0x80, 0x40, 0x00, 0x40, 0xC3, 0x40, 0x00, 0xC3,
    0x01, 0xC2, 0x80, 0x01, 0xC2, 0x80, 0x01, 0x80, 0xC2, 0x40, 0x00, 0xC2, 0x01, 0x80, 0xC4, 0x80, 0xC2, 0x80, 0x00, 0xC3, 0x81, 0x40, 0xC3, 0x40,
    0x80, 0xC3, 0x80, 0x40, 0x80, 0xC1, 0x80, 0x01, 0x80, 0xC4, 0x80, 0xC1, 0x41, 0x80, 0xC9, 0xEF, 0x00, 0x80, 0xC3, 0x40, 0x00, 0xC0, 0x80, 0xC1,
    0x00, 0x40, 0xC3, 0x80, 0x01, 0x80, 0xC1, 0x00, 0x80, 0xC3, 0x80, 0x00, 0x80, 0xC0, 0x40, 0x80, 0x00, 0x40, 0xC4, 0x00, 0xC1, 0x80, 0x40, 0x00,
    0x40, 0xC3, 0x80, 0x00, 0x80, 0xC2, 0x01, 0xC3, 0x01, 0x80, 0xC1, 0x80, 0x01, 0x40, 0xC2, 0x41, 0xC2, 0x01, 0x80, 0xC3, 0x81, 0xC3, 0x40, 0x80,
    0xC3, 0x41, 0x80, 0xC2, 0x41, 0xC3, 0x80, 0x40, 0x80, 0xC1, 0x40, 0x01, 0x80, 0xC7, 0x80, 0x40, 0x80, 0xC9, 0xEF, 0x41, 0xC3, 0x40, 0x00, 0x81,
    0xC1, 0x00, 0x40, 0xC3, 0x80, 0x01, 0xC2, 0x00, 0x40, 0xC4, 0x00, 0xC1, 0x80, 0x40, 0x00, 0x40, 0xC4, 0x00, 0xC2, 0x40, 0x00, 0x40, 0xC3, 0x80,
    0x00, 0x80, 0xC2, 0x01, 0x80, 0xC2, 0x02, 0xC1, 0x80, 0x01, 0x40, 0xC2, 0x41, 0xC2, 0x01, 0xC4, 0x81, 0xC3, 0x40, 0x80, 0xC3, 0x40, 0x00, 0x40,
    0xC2, 0x00, 0x40, 0xC4, 0x81, 0xC1, 0x43, 0xC7, 0x82, 0xC9, 0xE9, 0x81, 0xC3, 0x00, 0x40, 0xC3, 0x40, 0x00, 0x81, 0xC1, 0x00, 0x40, 0xC3, 0x80,
    0x01, 0xC2, 0x00, 0x40, 0xC4, 0x00, 0xC2, 0x40, 0x00, 0x40, 0xC4, 0x00, 0xC3, 0x01, 0xC3, 0x80, 0x00, 0x40, 0xC2, 0x01, 0x80, 0xC2, 0x40, 0x01,
    0xC1, 0x80, 0x01, 0x40, 0xC2, 0x80, 0x40, 0xC2, 0x40, 0x00, 0xC4, 0x81, 0xC3, 0x80, 0x40, 0xC3, 0x40, 0x00, 0x40, 0xC2, 0x01, 0xC4, 0x82, 0xC0,
    0x80, 0x41, 0x80, 0xC7, 0x81, 0xCA, 0xE3, 0x81, 0xC3, 0x80, 0x40, 0xC3, 0x00, 0x40, 0xC3, 0x80, 0x00, 0x81, 0xC1, 0x00, 0x40, 0xC3, 0x80, 0x00,
    0x40, 0x80, 0xC1, 0x00, 0x40, 0xC4, 0x00, 0xC2, 0x40, 0x00, 0x40, 0xC3, 0x80, 0x00, 0x80, 0xC2, 0x01, 0xC3, 0x80, 0x00, 0x40, 0xC2, 0x01, 0x40,
    0xC2, 0x40, 0x00, 0x40, 0xC1, 0x40, 0x00, 0x40, 0xC3, 0x81, 0xC2, 0x80, 0x00, 0x80, 0xC3, 0x41, 0xC3, 0x80, 0x40, 0xC3, 0x80, 0x00, 0x40, 0xC2,
    0x40, 0x00, 0x80, 0xC4, 0x80, 0xC1, 0x80, 0x41, 0xC8, 0x80, 0x40, 0xCA, 0xE3, 0x40, 0xC4, 0x80, 0x00, 0xC3, 0x00, 0x40, 0xC3, 0x80, 0x00, 0x80,
    0xC2, 0x00, 0x40, 0xC3, 0x80, 0x01, 0x80, 0xC1, 0x00, 0x40, 0xC4, 0x00, 0xC2, 0x80, 0x00, 0x40, 0xC3, 0x80, 0x00, 0x80, 0xC2, 0x01, 0xC3, 0x40,
    0x00, 0x40, 0xC2, 0x01, 0x40, 0xC2, 0x80, 0x00, 0x80, 0xC1, 0x80, 0x00, 0x40, 0xC3, 0x81, 0xC3, 0x41, 0xC3, 0x41, 0x80, 0xC2, 0x80, 0x00, 0xC4,
    0x40, 0x80, 0xC1, 0x80, 0x40, 0x00, 0x80, 0xC8, 0x41, 0xC9, 0x40, 0xCA, 0xE3, 0x80, 0xC5, 0x00, 0xC3, 0x00, 0x80, 0xC3, 0x80, 0x00, 0xC3, 0x00,
    0x80, 0xC3, 0x80, 0x01, 0x40, 0xC1, 0x00, 0x80, 0xC4, 0x00, 0xC3, 0x00, 0x40, 0xC3, 0x80, 0x00, 0xC3, 0x01, 0xC3, 0x40, 0x00, 0x40, 0xC2, 0x02,
    0xC2, 0x40, 0x00, 0x80, 0xC2, 0x00, 0x80, 0xC3, 0x81, 0xC3, 0x40, 0x80, 0xC3, 0x80, 0x40, 0x80, 0xC2, 0x80, 0x00, 0xC4, 0x41, 0xC1, 0x80, 0x40,
    0x00, 0x40, 0xC8, 0x40, 0x80, 0xC9, 0x40, 0x80, 0xC9, 0xE3, 0x80, 0xC5, 0x00, 0xC3, 0x00, 0x80, 0xC3, 0x80, 0x00, 0xC3, 0x00, 0x80, 0xC3, 0x80,
    0x01, 0x80, 0xC1, 0x00, 0x80, 0xC3, 0x80, 0x00, 0xC3, 0x00, 0x40, 0xC3, 0x40, 0x00, 0xC3, 0x01, 0xC3, 0x40, 0x00, 0x40, 0xC2, 0x02, 0xC2, 0x40,
    0x00, 0x80, 0xC2, 0x00, 0x80, 0xC3, 0x81, 0xC3, 0x81, 0xC3, 0x80, 0x00, 0x80, 0xC2, 0x80, 0x00, 0xC4, 0x41, 0xC2, 0x41, 0x80, 0xC8, 0x40, 0x80,
    0xC9, 0x40, 0x80, 0xC9, 0xE3, 0x40, 0xC5, 0x00, 0xC3, 0x00, 0x80, 0xC3, 0x80, 0x00, 0xC3, 0x00, 0x80, 0xC3, 0x80, 0x01, 0xC2, 0x00, 0x80, 0xC3,
    0x80, 0x00, 0xC3, 0x00, 0x40, 0xC3, 0x40, 0x00, 0xC3, 0x01, 0xC3, 0x01, 0x40, 0xC2, 0x01, 0x40, 0xC2, 0x40, 0x00, 0xC3, 0x00, 0x80, 0xC3, 0x81,
    0xC3, 0x80, 0x40, 0xC3, 0x80, 0x00, 0x80, 0xC2, 0x40, 0x00, 0x80, 0xC3, 0x40, 0x80, 0xC2, 0x41, 0xC9, 0x40, 0xCA, 0x40, 0x80, 0xC9, 0xDE, 0x80,
    0xC3, 0x40, 0xC5, 0x00, 0x80, 0xC2, 0x00, 0x80, 0xC3, 0x80, 0x00, 0xC3, 0x00, 0x80, 0xC3, 0x80, 0x01, 0xC2, 0x00, 0x80, 0xC3, 0x80, 0x00, 0xC3,
    0x00, 0x40, 0xC3, 0x40, 0x00, 0xC3, 0x01, 0xC3, 0x01, 0x80, 0xC2, 0x01, 0x80, 0xC2, 0x41, 0xC3, 0x00, 0xC4, 0x41, 0xC3, 0x80, 0x40, 0xC3, 0x80,
    0x00, 0x80, 0xC2, 0x40, 0x00, 0x80, 0xC3, 0x81, 0xC2, 0x41, 0xC9, 0x40, 0xCA, 0x40, 0x80, 0xC9, 0xDE, 0x40, 0xC3, 0x00, 0xC4, 0x80, 0x00, 0xC3,
    0x00, 0x80, 0xC3, 0x40, 0x00, 0xC3, 0x00, 0xC4, 0x40, 0x00, 0x40, 0xC2, 0x00, 0x80, 0xC3, 0x41, 0xC3, 0x00, 0x40, 0xC3, 0x01, 0xC3, 0x01, 0x80,
    0xC2, 0x01, 0x80, 0xC2, 0x00, 0x40, 0x80, 0xC2, 0x81, 0xC3, 0x40, 0xC4, 0x41, 0xC3, 0x80, 0x00, 0xC3, 0x80, 0x40, 0x80, 0xC2, 0x40, 0x00, 0x80,
    0xC3, 0x81, 0xC2, 0x40, 0x80, 0xC9, 0x40, 0xCA, 0x40, 0x80, 0xC9, 0xD7, 0x80, 0xC4, 0x41, 0xC3, 0x00, 0xC4, 0x40, 0x00, 0xC3, 0x00, 0xC4, 0x01,
    0xC3, 0x00, 0xC4, 0x00, 0x41, 0xC2, 0x00, 0xC4, 0x00, 0x40, 0xC3, 0x00, 0x40, 0xC3, 0x01, 0xC3, 0x01, 0x80, 0xC2, 0x01, 0xC3, 0x00, 0x80, 0xC3,
    0x81, 0xC3, 0x40, 0x80, 0xC3, 0x41, 0xC3, 0x80, 0x00, 0xC3, 0x41, 0xC3, 0x40, 0x00, 0x80, 0xC3, 0x80, 0xC3, 0x40, 0x80, 0xC9, 0x40, 0xCA, 0x40,
    0xCA, 0xD7, 0x40, 0xC4, 0x00, 0x80, 0xC3, 0x00, 0xC4, 0x00, 0x80, 0xC3, 0x00, 0xC3, 0x80, 0x00, 0x40, 0xC3, 0x00, 0xC4, 0x00, 0xC4, 0x00, 0xC3,
    0x80, 0x00, 0x40, 0xC3, 0x00, 0x40, 0xC3, 0x01, 0xC3, 0x01, 0xC3, 0x41, 0xC3, 0x00, 0xC4, 0x81, 0xC3, 0x80, 0x40, 0xC3, 0x41, 0xC3, 0x40, 0x00,
    0xC3, 0x41, 0xC3, 0x40, 0x00, 0xC3, 0x81, 0xC3, 0x40, 0xCA, 0x40, 0x80, 0xC9, 0x40, 0xCA, 0xD1, 0x80, 0xC4, 0x40, 0xC3, 0x80, 0x00, 0x80, 0xC3,
    0x00, 0xC3, 0x01, 0xC4, 0x00, 0xC3, 0x40, 0x00, 0xC4, 0x00, 0xC3, 0x80, 0x00, 0xC4, 0x00, 0xC3, 0x40, 0x00, 0x80, 0xC3, 0x00, 0x40, 0xC2, 0x80,
    0x01, 0xC3, 0x00, 0x40, 0xC2, 0x82, 0xC3, 0x00, 0xC5, 0x80, 0xC3, 0x80, 0x40, 0xC2, 0x80, 0x41, 0xC3, 0x40, 0x00, 0xC2, 0x80, 0x40, 0x80, 0xC3,
    0x41, 0xC2, 0x80, 0xC5, 0x80, 0xCA, 0x40, 0x80, 0xC9, 0x80, 0xCA, 0xD1, 0x80, 0xC4, 0x40, 0xC2, 0x41, 0x00, 0xC4, 0x00, 0xC2, 0x80, 0x01, 0xC4,
    0x00, 0xC3, 0x40, 0x00, 0xC4, 0x00, 0xC3, 0x41, 0xC4, 0x00, 0xC3, 0x01, 0xC4, 0x00, 0x40, 0xC2, 0x01, 0x40, 0xC3, 0x00, 0x80, 0xC2, 0x82, 0xC3,
    0x40, 0xC3, 0x80, 0xC0, 0x80, 0xC3, 0x81, 0xC2, 0x42, 0xC3, 0x01, 0xC2, 0x80, 0x40, 0xC4, 0x40, 0x80, 0xC9, 0x80, 0xCA, 0x40, 0xCA, 0x80, 0xCA,
    0xD1, 0x80, 0xC4, 0x40, 0xC2, 0x40, 0x80, 0x00, 0xC4, 0x00, 0xC2, 0x40, 0x01, 0xC4, 0x00, 0xC3, 0x40, 0x00, 0xC4, 0x00, 0xC3, 0x41, 0xC4, 0x00,
    0xC3, 0x01, 0xC4, 0x00, 0x80, 0xC2, 0x01, 0x80, 0xC3, 0x00, 0x80, 0xC2, 0x40, 0x81, 0xC3, 0x40, 0xC3, 0x80, 0xC0, 0x80, 0xC3, 0x40, 0xC3, 0x41,
    0x80, 0xC3, 0x00, 0x40, 0xC2, 0x81, 0xC4, 0x40, 0x80, 0xC9, 0x80, 0xCA, 0x40, 0xCA, 0x80, 0xCA, 0xD1, 0x40, 0xC4, 0x80, 0xC2, 0x40, 0x80, 0x00,
    0xC4, 0x00, 0xC2, 0x40, 0x01, 0xC4, 0x40, 0xC3, 0x41, 0xC4, 0x40, 0xC3, 0x41, 0xC4, 0x00, 0xC3, 0x01, 0xC4, 0x00, 0x80, 0xC1, 0x80, 0x01, 0xC4,
    0x00, 0x80, 0xC2, 0x40, 0x80, 0xC3, 0x81, 0xC3, 0x80, 0xC0, 0x80, 0xC3, 0x40, 0xC3, 0x41, 0x80, 0xC3, 0x00, 0x40, 0xC2, 0x81, 0xC3, 0x80, 0x40,
    0xD6, 0x40, 0xCA, 0x80, 0xCA, 0xD1, 0x00, 0xC4, 0x80, 0xC1, 0x80, 0x41, 0x00, 0xC4, 0x40, 0xC2, 0x40, 0x01, 0xC4, 0x80, 0xC3, 0x41, 0xC3, 0x81,
    0xC3, 0x00, 0x40, 0xC3, 0x41, 0xC3, 0x01, 0xC4, 0x00, 0xC2, 0x80, 0x01, 0xC3, 0x80, 0x40, 0xC3, 0x81, 0xC3, 0x81, 0xC3, 0x81, 0xC4, 0x00, 0xC3,
    0x41, 0xC3, 0x80, 0x00, 0x80, 0xC1, 0x82, 0xC3, 0x80, 0x40, 0xD5, 0x80, 0x40, 0xD6, 0xD0, 0x80, 0x40, 0xC9, 0x40, 0x00, 0xC4, 0x80, 0xC1, 0x80,
    0x02, 0xC9, 0x00, 0x80, 0xC2, 0x41, 0xC4, 0x00, 0x40, 0xC3, 0x80, 0x40, 0xC2, 0x80, 0x01, 0xC3, 0x40, 0x00, 0xC2, 0x40, 0x01, 0xC3, 0x00, 0x40,
    0xC3, 0x81, 0xC3, 0x00, 0xC4, 0x80, 0x40, 0xC3, 0x41, 0xC3, 0x41, 0xC3, 0x80, 0x00, 0xC2, 0x82, 0xC3, 0x41, 0xC9, 0x80, 0xCB, 0x80, 0xD6, 0xD0,
    0x40, 0xCA, 0x00, 0x40, 0xC8, 0x40, 0x00, 0x40, 0xC3, 0x80, 0xC2, 0x80, 0x40, 0x00, 0x80, 0xC1, 0x80, 0x01, 0xC4, 0x00, 0x80, 0xC3, 0x00, 0xC3,
    0x80, 0x00, 0x40, 0xC3, 0x01, 0xC2, 0x40, 0x01, 0xC2, 0x80, 0x01, 0xC3, 0x41, 0xC2, 0x80, 0x00, 0xC4, 0x40, 0x80, 0xC3, 0x40, 0x80, 0xC2, 0x80,
    0x00, 0x40, 0xC3, 0x80, 0x00, 0xC2, 0x80, 0x40, 0x80, 0xC2, 0x80, 0x00, 0x80, 0xC8, 0x80, 0x40, 0xCA, 0x80, 0xD7, 0xD0, 0x80, 0xC9, 0x80, 0x00,
    0xC4, 0x40, 0xC3, 0x80, 0x00, 0x80, 0xC3, 0x40, 0xC2, 0x40, 0x01, 0x80, 0xC1, 0x41, 0x00, 0xC4, 0x00, 0xC4, 0x00, 0xC3, 0x40, 0x00, 0x80, 0xC2,
    0x80, 0x00, 0x80, 0xC2, 0x01, 0x40, 0xC2, 0x02, 0xC2, 0x80, 0x00, 0x80, 0xC2, 0x01, 0xC3, 0x80, 0x40, 0x80, 0xC2, 0x80, 0xC4, 0x80, 0x00, 0x80,
    0xC2, 0x80, 0xC0, 0x00, 0xC2, 0x41, 0x80, 0xC2, 0x41, 0xC8, 0x81, 0x40, 0xCA, 0x40, 0xCA, 0x80, 0xCB, 0xCF, 0x80, 0xCA, 0x00, 0x40, 0xC4, 0x00,
    0xC3, 0x01, 0xC4, 0x00, 0xC2, 0x02, 0xC2, 0x40, 0x01, 0xC1, 0x80, 0xC0, 0x40, 0x00, 0xC3, 0x40, 0x00, 0xC3, 0x01, 0xC3, 0x40, 0x00, 0xC3, 0x01,
    0x80, 0xC1, 0x80, 0x01, 0xC3, 0x01, 0x80, 0xC1, 0x40, 0x01, 0xC3, 0x41, 0xC3, 0x40, 0x80, 0xC3, 0x40, 0x00, 0xC3, 0x40, 0xC4, 0x41, 0xC2, 0x80,
    0x40, 0x80, 0xC8, 0x80, 0x41, 0xC9, 0x80, 0x40, 0xC9, 0x81, 0xCB, 0xD6, 0x80, 0xC2, 0x01, 0xC4, 0x80, 0x00, 0xC2, 0x40, 0x00, 0xC4, 0x80, 0x00,
    0xC1, 0x80, 0x01, 0x80, 0xC2, 0x02, 0xC1, 0x40, 0x80, 0x00, 0x80, 0xC3, 0x01, 0xC2, 0x80, 0x00, 0x80, 0xC3, 0x00, 0x40, 0xC2, 0x40, 0x00, 0x40,
    0xC2, 0x80, 0x01, 0xC2, 0x40, 0x01, 0xC2, 0x02, 0xC2, 0x82, 0xC2, 0x80, 0x01, 0xC2, 0x42, 0xC3, 0x81, 0xC2, 0x80, 0x40, 0x80, 0xC3, 0x81, 0xC2,
    0x41, 0xC3, 0x40, 0x00, 0x40, 0xC8, 0x42, 0xC9, 0x40, 0x80, 0xC9, 0x80, 0xC0, 0xCE, 0x80, 0xC6, 0x80, 0xC1, 0x40, 0x00, 0x80, 0xC4, 0x01, 0xC1,
    0x80, 0x00, 0x80, 0xC4, 0x01, 0xC1, 0x01, 0x40, 0xC1, 0x80, 0x02, 0x40, 0xC0, 0x40, 0x80, 0x00, 0x40, 0xC2, 0x80, 0x40, 0x00, 0x80, 0xC2, 0x01,
    0xC3, 0x40, 0x00, 0xC2, 0x40, 0x01, 0xC3, 0x01, 0x80, 0xC1, 0x40, 0x01, 0xC2, 0x80, 0x01, 0x40, 0xC2, 0x41, 0xC2, 0x80, 0x01, 0x40, 0xC2, 0x80,
    0x40, 0xC3, 0x40, 0xC0, 0x40, 0xC1, 0x80, 0x00, 0x40, 0xC3, 0x40, 0xC0, 0x40, 0xC1, 0x80, 0x41, 0xC3, 0x40, 0x80, 0x40, 0xC1, 0x81, 0xC3, 0x80,
    0x00, 0x40, 0x80, 0xC7, 0x81, 0x41, 0xC8, 0x80, 0x40, 0x80, 0xCD, 0x40, 0xC6, 0x40, 0xC1, 0x80, 0x00, 0x40, 0xC4, 0x01, 0x80, 0xC0, 0x80, 0x00,
    0x40, 0xC4, 0x01, 0x80, 0xC0, 0x40, 0x01, 0xC1, 0x41, 0x02, 0xC1, 0x00, 0x40, 0x00, 0xC3, 0x02, 0xC2, 0x01, 0xC3, 0x80, 0x00, 0x40, 0xC1, 0x80,
    0x01, 0xC3, 0x80, 0x00, 0x40, 0xC1, 0x02, 0xC3, 0x02, 0xC1, 0x80, 0x01, 0xC3, 0x02, 0xC2, 0x80, 0x40, 0xC3, 0x41, 0x00, 0xC1, 0x80, 0x41, 0xC3,
    0x40, 0xC0, 0x40, 0xC1, 0x80, 0x41, 0xC3, 0x80, 0xC0, 0x40, 0xC2, 0x41, 0xC3, 0x40, 0x80, 0x00, 0xC2, 0x81, 0xC3, 0x40, 0x00, 0x40, 0xC1, 0x80,
    0xC3, 0x80, 0xC0, 0x80, 0x41, 0xC0, 0xCC, 0x00, 0xC6, 0x80, 0xC1, 0x80, 0x00, 0x40, 0xC4, 0x01, 0x80, 0xC0, 0x80, 0x00, 0x40, 0xC4, 0x01, 0x80,
    0xC0, 0x40, 0x01, 0x81, 0x40, 0xC0, 0x80, 0x01, 0x80, 0xC0, 0x80, 0x01, 0x80, 0xC0, 0x40, 0x03, 0x80, 0xC1, 0x40, 0x00, 0xC2, 0x80, 0x02, 0xC2,
    0x01, 0x80, 0xC2, 0x80, 0x01, 0xC1, 0x02, 0x80, 0xC2, 0x80, 0x01, 0xC1, 0x02, 0xC3, 0x02, 0x80, 0xC0, 0x81, 0x40, 0xC2, 0x80, 0x02, 0x40, 0xC0,
    0x80, 0xC0, 0x80, 0xC3, 0x40, 0x01, 0x80, 0xC0, 0x40, 0x80, 0x40, 0x80, 0xC2, 0x81, 0x00, 0xC1, 0x41, 0x00, 0x80, 0xC2, 0x81, 0x40, 0xC2, 0x41,
    0x80, 0xC2, 0x41, 0x00, 0xC2, 0x80, 0x40, 0xC3, 0x40, 0x01, 0x80, 0xC0, 0xCB, 0x00, 0xCA, 0x00, 0x80, 0xC4, 0x41, 0xC2, 0x01, 0x40, 0xC2, 0x80,
    0x01, 0x80, 0xC1, 0x01, 0x40, 0xC3, 0x01, 0x80, 0xC1, 0x01, 0x80, 0x00, 0x40, 0xC0, 0x40, 0x01, 0xC2, 0x01, 0xC1, 0x40, 0x03, 0xC2, 0x01, 0xC2,
    0x03, 0xC2, 0x01, 0x80, 0xC1, 0x81, 0x01, 0xC2, 0x01, 0x80, 0xC2, 0x40, 0x01, 0xC2, 0x01, 0xC3, 0x02, 0x80, 0xC2, 0x00, 0xC2, 0x04, 0xC2, 0x40,
    0xC3, 0x03, 0xC1, 0x80, 0x40, 0xC3, 0x80, 0x40, 0x00, 0xC2, 0x40, 0x00, 0x80, 0xC2, 0x81, 0x00, 0xC2, 0x41, 0x80, 0xC2, 0x41, 0x00, 0xC2, 0xD7,
    0x80, 0x40, 0xC3, 0x00, 0x80, 0xC3, 0x00, 0x40, 0xC2, 0x02, 0xC3, 0x00, 0x80, 0xC2, 0x02, 0xC3, 0x42, 0xC1, 0x40, 0x01, 0xC3, 0x40, 0xC0, 0x40,
    0x04, 0x80, 0xC2, 0x40, 0xC1, 0x04, 0xC3, 0x00, 0xC1, 0x04, 0xC3, 0x00, 0xC3, 0x40, 0x01, 0xC3, 0x00, 0x80, 0xC2, 0x02, 0xC3, 0x00, 0xC2, 0x80,
    0x02, 0x80, 0xC2, 0x40, 0xC2, 0x03, 0x40, 0xC2, 0x40, 0xC2, 0x40, 0x03, 0xC2, 0x40, 0xC3, 0x40, 0x01, 0xC3, 0x00, 0xC3, 0x00, 0x80, 0x00, 0xC3,
    0xD0, 0x80, 0xC8, 0x80, 0x00, 0x40, 0xC8, 0x02, 0x80, 0xC7, 0x40, 0x01, 0x40, 0xC4, 0x81, 0xC0, 0x80, 0x01, 0x80, 0xC4, 0x40, 0x00, 0x40, 0x02,
    0x81, 0xC4, 0x04, 0x80, 0xC4, 0x40, 0x04, 0x40, 0xC4, 0x40, 0x81, 0xC0, 0x01, 0x40, 0xC8, 0x01, 0x40, 0xC4, 0x80, 0xC1, 0x40, 0x02, 0xC7, 0x03,
    0xC6, 0x80, 0x03, 0x80, 0xC5, 0x80, 0x03, 0x40, 0xC6, 0x80, 0x01, 0x40, 0xC4, 0xCE, 0x40, 0xC8, 0x80, 0x01, 0x40, 0xC7, 0x80, 0x02, 0xC7, 0x80,
    0x02, 0xC8, 0x02, 0x81, 0xC4, 0x40, 0x03, 0xC6, 0x04, 0xC6, 0x04, 0x80, 0xC7, 0x40, 0x01, 0x80, 0xC7, 0x80, 0x01, 0x80, 0xC7, 0x02, 0x40, 0xC6,
    0x80, 0x03, 0xC6, 0x04, 0xC5, 0x80, 0x04, 0xC5, 0x40, 0x04, 0xC5, 0xC1, 0x40, 0xC8, 0x40, 0x01, 0x80, 0xC7, 0x40, 0x02, 0xC7, 0x03, 0x81, 0xC5,
    0x80, 0x02, 0xC7, 0x40, 0x02, 0xC7, 0x03, 0xC7, 0x03, 0xC8, 0x02, 0x80, 0xC7, 0x40, 0x01, 0x40, 0xC7, 0x40, 0x01, 0x80, 0xC7, 0x02, 0x40, 0xC6,
    0x40, 0x03, 0xC6, 0x04, 0xC6, 0x04, 0xC6, 0x04, 0xC6, 0x40, 0x00, 0x80, 0xC8, 0x02, 0x80, 0xC0, 0x80, 0xC5, 0x02, 0x40, 0x80, 0xC6, 0x02, 0x80,
    0xC7, 0x03, 0xC7, 0x03, 0xC7, 0x03, 0xC7, 0x02, 0x40, 0xC7, 0x03, 0xC7, 0x80, 0x02, 0xC7, 0x80, 0x02, 0xC7, 0x03, 0xC7, 0x03, 0xC7, 0x03, 0x80,
    0xC6, 0x03, 0x80, 0xC6, 0x03, 0x80, 0xC6, 0x02, 0xC2, 0x80, 0xC4, 0x02, 0xC0, 0x80, 0xC6, 0x02, 0x80, 0x40, 0x00, 0x40, 0x80, 0xC3, 0x06, 0xC4,
    0x05, 0x80, 0xC4, 0x04, 0x80, 0xC5, 0x02, 0x40, 0xC7, 0x02, 0x40, 0xC7, 0x03, 0xC7, 0x40, 0x02, 0xC7, 0x40, 0x01, 0x40, 0xC7, 0x03, 0xC7, 0x03,
    0xC7, 0x03, 0x80, 0xC6, 0x03, 0x80, 0xC6, 0x03, 0x40, 0xC6, 0x02, 0x80, 0xC1, 0x80, 0xC4, 0x02, 0x84, 0xC3, 0x02, 0x40, 0x80, 0x40, 0x01, 0x40,
    0x80, 0xC1, 0x07, 0xC3, 0x05, 0x40, 0xC4, 0x03, 0x40, 0xC6, 0x03, 0xC7, 0x03, 0xC7, 0x80, 0x02, 0xC7, 0x80, 0x02, 0xC7, 0x80, 0x02, 0xC7, 0x03,
    0x80, 0xC6, 0x03, 0x40, 0xC6, 0x04, 0xC6, 0x04, 0xC6, 0x04, 0x80, 0xC5, 0x02, 0xC8, 0x02, 0x80, 0xC1, 0x82, 0xC2, 0x02, 0x40, 0x80, 0x40, 0x01,
    0x40, 0xC2, 0x07, 0xC3, 0x06, 0xC4, 0x05, 0x80, 0xC4, 0x03, 0xC7, 0x03, 0xC7, 0x80, 0x02, 0xC7, 0x80, 0x02, 0x80, 0xC7, 0x02, 0xC7, 0x40, 0x02,
    0x80, 0xC6, 0x03, 0x40, 0xC6, 0x04, 0xC6, 0x04, 0x40, 0xC5, 0x05, 0xC5, 0x40, 0x00, 0x40, 0xC8, 0x02, 0x40, 0xC7, 0x02, 0x40, 0xC0, 0x80, 0x01,
    0x40, 0xC2, 0x07, 0xC3, 0x04, 0x80, 0x00, 0x40, 0xC3, 0x06, 0xC4, 0x03, 0x40, 0x80, 0xC5, 0x03, 0x80, 0xC7, 0x02, 0x80, 0xC7, 0x02, 0x80, 0xC7,
    0x02, 0x80, 0xC6, 0x80, 0x02, 0x80, 0xC6, 0x40, 0x03, 0xC6, 0x04, 0xC6, 0x04, 0x40, 0xC5, 0x05, 0x80, 0xC4, 0x40, 0x02, 0xC7, 0x03, 0xC7, 0x03,
    0xC2, 0x41, 0x80, 0xC1, 0x03, 0x40, 0x03, 0x80, 0xC1, 0x40, 0x04, 0x40, 0x00, 0x40, 0xC2, 0x06, 0x40, 0xC3, 0x04, 0x81, 0xC4, 0x80, 0x03, 0xC7,
    0x03, 0xC7, 0x02, 0x40, 0xC7, 0x40, 0x01, 0x40, 0xC7, 0x03, 0xC6, 0x80, 0x03, 0xC6, 0x40, 0x03, 0x80, 0xC5, 0x05, 0xC5, 0x05, 0x80, 0xC4, 0x80,
    0x02, 0x40, 0xC6, 0x03, 0x80, 0xC6, 0x80, 0x02, 0x40, 0xC6, 0x04, 0x42, 0x01, 0x80, 0xC0, 0x09, 0x40, 0x80, 0x08, 0x40, 0xC1, 0x04, 0x81, 0x40,
    0xC4, 0x40, 0x02, 0xC7, 0x80, 0x02, 0xC7, 0x40, 0x02, 0xC7, 0x80, 0x02, 0xC7, 0x03, 0x80, 0xC6, 0x03, 0x40, 0xC5, 0x80, 0x04, 0xC5, 0x40, 0x04,
    0x80, 0xC4, 0x05, 0x40, 0xC4, 0xC0, 0x80, 0x01, 0x40, 0xC6, 0x80, 0x03, 0xC7, 0x03, 0xC7, 0x03, 0xC1, 0x82, 0xC2, 0x04, 0x40, 0x80, 0xC3, 0x40,
    0x09, 0x40, 0x0A, 0x80, 0x04, 0x81, 0x41, 0x80, 0xC1, 0x40, 0x80, 0x02, 0x80, 0xC6, 0x80, 0x02, 0x80, 0xC6, 0x80, 0x02, 0xC7, 0x80, 0x02, 0x80,
    0xC6, 0x40, 0x03, 0xC6, 0x04, 0x80, 0xC5, 0x05, 0xC4, 0x80, 0x05, 0x80, 0xC3, 0xC2, 0x80, 0xC9, 0x02, 0x40, 0xC6, 0x03, 0x40, 0xC6, 0x40, 0x02,
    0x40, 0xC2, 0x81, 0xC1, 0x80, 0x02, 0x40, 0xC0, 0x81, 0xC4, 0x02, 0x41, 0xC5, 0x07, 0x42, 0xC0, 0x10, 0xC0, 0x80, 0x00, 0x41, 0xC0, 0x80, 0xC0,
    0x03, 0xC7, 0x02, 0x40, 0xC7, 0x02, 0x80, 0xC7, 0x02, 0x40, 0xC6, 0x80, 0x03, 0x80, 0xC5, 0x40, 0x04, 0xC5, 0x05, 0x40, 0xC3, 0xC3, 0x80, 0xC9,
    0x02, 0x80, 0xC6, 0x03, 0x40, 0xC6, 0x40, 0x02, 0x40, 0xC6, 0x40, 0x02, 0x40, 0xC1, 0x80, 0xC3, 0x80, 0x02, 0x80, 0x40, 0xC5, 0x05, 0x40, 0x81,
    0xC1, 0x40, 0x09, 0x80, 0x04, 0x40, 0x80, 0x03, 0x80, 0x40, 0xC0, 0x02, 0x40, 0xC1, 0x80, 0xC3, 0x80, 0x02, 0x80, 0xC6, 0x80, 0x02, 0xC7, 0x80,
    0x02, 0x80, 0xC6, 0x40, 0x03, 0xC6, 0x04, 0xC6, 0x04, 0x40, 0xC3, 0xC4, 0x40, 0xC9, 0x02, 0x40, 0xC6, 0x03, 0x40, 0xC6, 0x80, 0x03, 0xC6, 0x80,
    0x02, 0x40, 0xC0, 0x80, 0xC4, 0x80, 0x02, 0x40, 0x80, 0xC5, 0x06, 0x40, 0x80, 0xC1, 0x07, 0x41, 0xC0, 0x05, 0x41, 0x02, 0xC0, 0x40, 0xC1, 0x02,
    0x40, 0xC1, 0x40, 0xC3, 0x80, 0x02, 0x80, 0xC6, 0x40, 0x02, 0xC7, 0x40, 0x02, 0x80, 0xC6, 0x03, 0x40, 0xC6, 0x04, 0xC5, 0x80, 0x04, 0x80, 0xC2,
    0xC4, 0x80, 0x40, 0xC8, 0x80, 0x02, 0x40, 0xC6, 0x03, 0x80, 0xC6, 0x40, 0x02, 0x40, 0xC6, 0x40, 0x02, 0x40, 0x80, 0xC3, 0x80, 0x40, 0x03, 0x41,
    0x81, 0xC1, 0x07, 0x40, 0x00, 0xC0, 0x80, 0x07, 0x40, 0x00, 0xC0, 0x40, 0x00, 0x40, 0x03, 0xC0, 0x40, 0x00, 0x40, 0xC0, 0x81, 0xC0, 0x40, 0x02,
    0xC7, 0x02, 0x40, 0xC7, 0x02, 0x80, 0xC7, 0x03, 0xC7, 0x03, 0x40, 0xC5, 0x80, 0x04, 0xC5, 0x80, 0x04, 0x40, 0xC1, 0xC5, 0x00, 0x40, 0x80, 0xC6,
    0x80, 0x03, 0xC6, 0x80, 0x03, 0xC6, 0x80, 0x03, 0xC1, 0x80, 0x41, 0x82, 0x08, 0x80, 0xC0, 0x40, 0x08, 0xC0, 0x08, 0xC0, 0x08, 0x40, 0xC1, 0x41,
    0xC0, 0x80, 0x02, 0x80, 0xC6, 0x80, 0x02, 0xC7, 0x40, 0x02, 0xC7, 0x80, 0x02, 0xC7, 0x40, 0x02, 0x40, 0xC6, 0x04, 0xC6, 0x05, 0xC5, 0x05, 0x40,
    0xC0, 0xC5, 0x02, 0xC7, 0x03, 0x40, 0xC6, 0x40, 0x02, 0x80, 0xC6, 0x40, 0x04, 0x80, 0x00, 0x83, 0x40, 0x04, 0xC0, 0x00, 0x80, 0xC1, 0x41, 0x03,
    0x40, 0xC0, 0x40, 0x00, 0x80, 0x06, 0xC2, 0x01, 0x40, 0x80, 0x03, 0xC7, 0x02, 0x40, 0xC7, 0x02, 0x80, 0xC7, 0x02, 0xC8, 0x02, 0x40, 0xC6, 0x80,
    0x03, 0xC6, 0x80, 0x03, 0x40, 0xC5, 0x80, 0x04, 0x80, 0xC4, 0x40, 0x05, 0x80, 0xC5, 0x40, 0x01, 0x40, 0xC7, 0x03, 0x80, 0xC5, 0x04, 0xC6, 0x40,
    0x03, 0x40, 0xC3, 0x81, 0x04, 0xC1, 0x40, 0x00, 0x40, 0xC0, 0x80, 0x04, 0xC2, 0x40, 0x00, 0x80, 0x05, 0xC3, 0x02, 0x40, 0x02, 0x40, 0xC3, 0x81,
    0xC0, 0x40, 0x02, 0xC7, 0x40, 0x02, 0xC7, 0x40, 0x02, 0xC7, 0x40, 0x02, 0x80, 0xC6, 0x04, 0xC6, 0x04, 0x80, 0xC5, 0x05, 0xC5, 0x05, 0x40, 0xC6,
    0x40, 0x01, 0x40, 0xC5, 0x80, 0xC0, 0x03, 0x80, 0xC3, 0x80, 0x00, 0x40, 0x03, 0xC5, 0x40, 0x04, 0x80, 0xC4, 0x05, 0xC2, 0x01, 0x81, 0x04, 0xC2,
    0x80, 0x00, 0x80, 0x05, 0xC3, 0x40, 0x05, 0x80, 0xC4, 0x40, 0xC0, 0x40, 0x02, 0xC7, 0x40, 0x02, 0xC7, 0x40, 0x01, 0x40, 0xC7, 0x40, 0x02, 0x80,
    0xC6, 0x03, 0x40, 0xC6, 0x04, 0xC5, 0x80, 0x04, 0x80, 0xC4, 0x06, 0xC8, 0x80, 0x40, 0x80, 0xC5, 0x80, 0xC0, 0x40, 0x02, 0xC5, 0x05, 0xC6, 0x04,
    0xC6, 0x04, 0xC3, 0x01, 0x80, 0x40, 0x03, 0xC3, 0x80, 0x00, 0x40, 0x04, 0xC4, 0x06, 0xC4, 0x00, 0x40, 0x80, 0x02, 0x40, 0xC6, 0x80, 0x02, 0x80,
    0xC6, 0x80, 0x02, 0x80, 0xC7, 0x02, 0x80, 0xC6, 0x40, 0x03, 0xC6, 0x04, 0xC5, 0x80, 0x04, 0xC5, 0x05, 0xD5, 0x01, 0xC7, 0x03, 0xC7, 0x80, 0x02,
    0xC7, 0x80, 0x02, 0xC5, 0x40, 0x00, 0x80, 0x02, 0xC5, 0x40, 0x00, 0x40, 0x02, 0xC5, 0x80, 0x04, 0xC5, 0x80, 0x00, 0x80, 0x02, 0xC8, 0x02, 0xC8,
    0x02, 0xC8, 0x40, 0x01, 0x80, 0xC7, 0x02, 0x80, 0xC6, 0x80, 0x02, 0x40, 0xC6, 0x40, 0x03, 0xC5, 0x80, 0x03, 0xD6, 0x40, 0xCA, 0x40, 0x80, 0xC8,
    0x02, 0xC8, 0x02, 0xC4, 0x40, 0x00, 0x81, 0x40, 0x01, 0xC5, 0x00, 0x80, 0x40, 0x02, 0x40, 0xC4, 0x40, 0x01, 0x40, 0x01, 0x80, 0xC5, 0x40, 0xC1,
    0x01, 0x80, 0xC8, 0x01, 0x40, 0xC8, 0x01, 0x40, 0xC8, 0x02, 0xC7, 0x80, 0x02, 0xC7, 0x03, 0xC7, 0x03, 0xC6, 0x40, 0x01, 0xD7, 0x41, 0xC9, 0x01,
    0x80, 0xC8, 0x01, 0x40, 0xC3, 0x80, 0xC2, 0x80, 0x01, 0x40, 0xC2, 0x40, 0x01, 0xC1, 0x40, 0x01, 0x40, 0xC3, 0x80, 0x00, 0x40, 0x04, 0x80, 0xC3,
    0x80, 0x40, 0x81, 0x02, 0xC8, 0x02, 0xC8, 0x80, 0x01, 0x80, 0xC7, 0x40, 0x01, 0x80, 0xC7, 0x02, 0x80, 0xC7, 0x02, 0x80, 0xC7, 0x02, 0x80, 0xC6,
    0x40, 0x02, 0x80, 0xC6, 0x00, 0xD9, 0x41, 0xC8, 0x02, 0x40, 0xC7, 0x40, 0x01, 0x80, 0xC7, 0x40, 0x01, 0x40, 0xC2, 0x81, 0xC2, 0x03, 0xC2, 0x40,
    0x00, 0x40, 0x80, 0xC0, 0x03, 0x40, 0xC2, 0x80, 0x01, 0xC0, 0x03, 0x40, 0xC3, 0x80, 0x40, 0xC1, 0x02, 0xC8, 0x40, 0x01, 0xC8, 0x02, 0xC7, 0x40,
    0x02, 0xC6, 0x80, 0x03, 0xC6, 0x04, 0xC6, 0x04, 0xC6, 0xDA, 0x80, 0x40, 0x80, 0xC7, 0x80, 0x02, 0xC0, 0x41, 0xC5, 0x05, 0xC5, 0x04, 0x80, 0xC4,
    0x80, 0x04, 0xC1, 0x81, 0xC1, 0x80, 0x04, 0x81, 0x01, 0xC2, 0x40, 0x01, 0x80, 0xC3, 0x40, 0xC2, 0x80, 0x01, 0x40, 0xC8, 0x01, 0x40, 0xC7, 0x40,
    0x01, 0x40, 0xC7, 0x03, 0xC6, 0x40, 0x03, 0xC5, 0x80, 0x04, 0xC5, 0x05, 0xC4, 0xDC, 0x80, 0xC9, 0x02, 0xC0, 0x80, 0xC0, 0x00, 0x80, 0xC2, 0x80,
    0x02, 0x80, 0x01, 0x40, 0x80, 0xC3, 0x02, 0x40, 0x00, 0x40, 0xC5, 0x05, 0xC5, 0x05, 0xC5, 0x40, 0x02, 0xC8, 0x02, 0xC8, 0x02, 0xC7, 0x80, 0x02,
    0xC7, 0x40, 0x02, 0xC7, 0x03, 0x80, 0xC5, 0x40, 0x03, 0x40, 0xC4, 0x80, 0x04, 0x40, 0xC2, 0xE8, 0x40, 0x00, 0x80, 0xC2, 0x40, 0xC3, 0x80, 0x02,
    0xC0, 0x01, 0x40, 0xC4, 0x02, 0x40, 0x01, 0xC5, 0x40, 0x04, 0xC5, 0x05, 0x80, 0xC4, 0x40, 0x02, 0xC8, 0x02, 0xC8, 0x02, 0xC8, 0x02, 0xC7, 0x80,
    0x02, 0xC7, 0x40, 0x02, 0x80, 0xC6, 0x04, 0xC5, 0x80, 0x04, 0xC1, 0xE9, 0x41, 0x80, 0xC7, 0x80, 0x02, 0xC0, 0x80, 0x40, 0xC5, 0x02, 0x80, 0x01,
    0xC5, 0x40, 0x01, 0x40, 0x01, 0xC5, 0x05, 0xC5, 0x40, 0x02, 0x80, 0xC7, 0x02, 0xC8, 0x02, 0xC8, 0x02, 0xC7, 0x80, 0x02, 0xC7, 0x80, 0x02, 0x80,
    0xC6, 0x40, 0x03, 0xC6, 0x04, 0xC0, 0xEA, 0x40, 0x01, 0xC8, 0x02, 0x80, 0xC7, 0x40, 0x01, 0x80, 0x40, 0xC6, 0x40, 0x01, 0x80, 0x00, 0xC6, 0x04,
    0xC6, 0x80, 0x02, 0x80, 0xC7, 0x40, 0x01, 0xC8, 0x40, 0x01, 0xC8, 0x02, 0xC7, 0x80, 0x02, 0x80, 0xC6, 0x80, 0x02, 0x40, 0xC6, 0x40, 0x03, 0xC6,
    0x04, 0xE0, 0x80, 0xCA, 0x01, 0x80, 0xC7, 0x02, 0x40, 0xC7, 0x40, 0x01, 0x80, 0xC7, 0x02, 0x40, 0xC7, 0x40, 0x02, 0xC8, 0x02, 0xC8, 0x40, 0x01,
    0xC8, 0x02, 0xC8, 0x02, 0xC7, 0x80, 0x02, 0xC7, 0x80, 0x02, 0xC7, 0x40, 0x02, 0xC7, 0x03, 0xED, 0x41, 0xC8, 0x80, 0x01, 0xC8, 0x80, 0x01, 0xC8,
    0x40, 0x01, 0xC8, 0x40, 0x01, 0xC8, 0x40, 0x01, 0xC9, 0x01, 0xC9, 0x01, 0xC9, 0x01, 0xC8, 0x80, 0x01, 0xC8, 0x40, 0x01, 0xC8, 0x40, 0x01, 0xC8,
    0x02, 0xFA, 0x40, 0xCA, 0x00, 0xC9, 0x80, 0x00, 0xC9, 0x40, 0x00, 0xC9, 0x40, 0x00, 0xCA, 0x00, 0xCA, 0x00, 0xC9, 0x80, 0x00, 0xC9, 0x80, 0x00,
    0xC9, 0x40, 0x00, 0xC9, 0x01, 0x80, 0xC8, 0x01, 0xEF, 0x80, 0xCA, 0x80, 0xCA, 0x40, 0xCA, 0x80, 0xC9, 0x80, 0xCA, 0x80, 0x40, 0xCA, 0x40, 0xCA,
    0x40, 0xC9, 0x80, 0x40, 0xC9, 0x80, 0x40, 0xC9, 0x40, 0x00, 0xC9, 0x01, 0x40, 0xC8, 0x00, 0xCB, 0x80, 0xCA, 0x40, 0xCA, 0x00, 0xCA, 0x00, 0x40,
    0xC9, 0x00, 0x40, 0xC9, 0x01, 0xC9, 0x00, 0x80, 0xC9, 0x00, 0x40, 0xC9, 0x01, 0xC9, 0x01, 0xC9, 0x01, 0xC9, 0x01, 0xC9, 0x01, 0xC9, 0x01, 0x80,
    0xC8, 0x02, 0xC8, 0xCB, 0x41, 0xC9, 0x00, 0x40, 0xC9, 0x01, 0x40, 0xC8, 0x01, 0x40, 0xC8, 0x02, 0xC8, 0x02, 0xC8, 0x01, 0x80, 0xC8, 0x02, 0xC8,
    0x02, 0xC8, 0x02, 0xC8, 0x02, 0xC8, 0x02, 0xC8, 0x03, 0xC7, 0x03, 0xC7, 0x03, 0xC7, 0xCC, 0x41, 0xC8, 0x40, 0x01, 0xC8, 0x02, 0x40, 0xC7, 0x02,
    0x40, 0xC7, 0x03, 0xC7, 0x02, 0x40, 0xC7, 0x40, 0x01, 0x80, 0xC7, 0x03, 0xC7, 0x03, 0xC7, 0x02, 0x40, 0xC7, 0x03, 0xC7, 0x02, 0x80, 0xC7, 0x04,
    0x40, 0xC5, 0x05, 0xC5, 0x04, 0x80, 0xC5, 0xC1, 0x80, 0xCA, 0x00, 0x40, 0xC7, 0x80, 0x02, 0xC7, 0x40, 0x02, 0x40, 0xC6, 0x40, 0x02, 0x40, 0xC7,
    0x03, 0xC7, 0x40, 0x01, 0x80, 0xC7, 0x02, 0x40, 0xC6, 0x80, 0x03, 0xC6, 0x40, 0x02, 0x40, 0xC6, 0x03, 0x40, 0xC6, 0x03, 0x40, 0xC6, 0x03, 0xC7,
    0x06, 0x80, 0xC3, 0x06, 0x40, 0xC3, 0x05, 0x40, 0xC4, 0xC2, 0x80, 0xCA, 0x00, 0x80, 0xC7, 0x40, 0x02, 0xC7, 0x40, 0x02, 0x80, 0xC6, 0x40, 0x02,
    0x40, 0xC7, 0x02, 0x40, 0xC7, 0x40, 0x01, 0x80, 0xC6, 0x80, 0x02, 0x80, 0xC6, 0x40, 0x02, 0x80, 0xC6, 0x03, 0x80, 0xC5, 0x80, 0x03, 0x80, 0xC5,
    0x00, 0x40, 0x02, 0xC6, 0x04, 0xC6, 0x04, 0x41, 0x01, 0xC2, 0x08, 0xC2, 0x07, 0x40, 0xC2, 0xCF, 0x00, 0x80, 0xC7, 0x80, 0x01, 0x80, 0xC7, 0x40,
    0x02, 0x80, 0xC6, 0x40, 0x02, 0x80, 0xC7, 0x02, 0x40, 0xC7, 0x40, 0x01, 0x80, 0xC6, 0x80, 0x02, 0xC7, 0x40, 0x02, 0x80, 0xC6, 0x03, 0xC6, 0x80,
    0x03, 0xC5, 0x05, 0xC5, 0x00, 0x40, 0x02, 0x80, 0xC5, 0x05, 0x41, 0x01, 0x80, 0xC0, 0x09, 0x80, 0xC0, 0x09, 0xC1, 0xCF, 0x80, 0x40, 0xC9, 0x01,
    0xC8, 0x03, 0xC7, 0x03, 0xC7, 0x40, 0x02, 0x80, 0xC7, 0x02, 0xC7, 0x80, 0x01, 0x40, 0xC7, 0x03, 0xC6, 0x80, 0x03, 0xC6, 0x40, 0x03, 0xC4, 0x80,
    0x05, 0xC4, 0x01, 0x40, 0x02, 0xC5, 0x05, 0x40, 0x81, 0x41, 0x80, 0x0A, 0x41, 0x09, 0xC0, 0xD0, 0x40, 0x80, 0xC8, 0x80, 0x00, 0x40, 0xC7, 0x40,
    0x02, 0x80, 0xC6, 0x80, 0x02, 0x40, 0xC6, 0x80, 0x03, 0xC7, 0x40, 0x02, 0xC7, 0x40, 0x01, 0x80, 0xC6, 0x80, 0x02, 0x80, 0xC6, 0x03, 0x80, 0xC5,
    0x80, 0x03, 0x80, 0xC4, 0x40, 0x04, 0x80, 0xC3, 0x01, 0x40, 0x02, 0x40, 0xC4, 0x06, 0xC2, 0x81, 0x17, 0xC5, 0x80, 0xC9, 0x40, 0x00, 0xC8, 0x40,
    0x01, 0x80, 0xC7, 0x03, 0xC7, 0x03, 0xC7, 0x40, 0x02, 0x80, 0xC7, 0x02, 0xC7, 0x40, 0x01, 0x40, 0xC7, 0x03, 0xC6, 0x40, 0x03, 0xC5, 0x40, 0x04,
    0xC3, 0x80, 0x00, 0x40, 0x80, 0x03, 0xC3, 0x01, 0x41, 0x02, 0xC4, 0x06, 0x40, 0xC3, 0x08, 0x40, 0x0D, 0xC5, 0x80, 0xC9, 0x80, 0x00, 0xC8, 0x40,
    0x01, 0x80, 0xC7, 0x03, 0xC7, 0x03, 0xC7, 0x40, 0x02, 0x80, 0xC6, 0x80, 0x02, 0x80, 0xC6, 0x80, 0x01, 0x40, 0xC7, 0x03, 0xC6, 0x40, 0x03, 0xC5,
    0x40, 0x04, 0xC3, 0x80, 0x00, 0x40, 0xC0, 0x03, 0xC3, 0x41, 0x80, 0x40, 0x03, 0xC3, 0x06, 0x40, 0xC3, 0x07, 0x40, 0x81, 0x40, 0x0B, 0xD1, 0x80,
    0xC9, 0x80, 0x00, 0x80, 0xC6, 0x80, 0x40, 0x01, 0x80, 0xC7, 0x03, 0xC7, 0x03, 0xC7, 0x03, 0x80, 0xC6, 0x80, 0x02, 0x80, 0xC6, 0x40, 0x01, 0x40,
    0xC7, 0x03, 0xC6, 0x40, 0x03, 0xC4, 0x80, 0x05, 0xC3, 0x01, 0x80, 0xC0, 0x03, 0x80, 0xC2, 0x07, 0x80, 0xC2, 0x07, 0xC3, 0x09, 0x40, 0x00, 0xDD,
    0x00, 0x80, 0xC7, 0x80, 0x01, 0x80, 0xC6, 0x80, 0x03, 0xC7, 0x03, 0xC7, 0x03, 0x80, 0xC6, 0x40, 0x02, 0x80, 0xC7, 0x01, 0x40, 0xC7, 0x03, 0xC6,
    0x80, 0x03, 0xC5, 0x80, 0x04, 0x80, 0xC2, 0x02, 0x80, 0x03, 0x80, 0xC2, 0x00, 0x82, 0x03, 0x40, 0xC2, 0x07, 0x80, 0xC2, 0x07, 0x40, 0x80, 0xC0,
    0x80, 0xDD, 0x40, 0x00, 0x80, 0xC7, 0x40, 0x01, 0xC7, 0x40, 0x03, 0xC6, 0x40, 0x02, 0x40, 0xC6, 0x40, 0x03, 0xC6, 0x80, 0x03, 0xC7, 0x40, 0x01,
    0xC7, 0x80, 0x02, 0x40, 0xC6, 0x03, 0x40, 0xC2, 0x80, 0x41, 0x05, 0xC2, 0x42, 0x80, 0x03, 0x40, 0xC6, 0x40, 0x02, 0x40, 0xC2, 0x07, 0x80, 0xC2,
    0x07, 0x80, 0xC2, 0xD2, 0x80, 0xCA, 0x00, 0x40, 0xC7, 0x80, 0x01, 0x40, 0xC7, 0x03, 0x40, 0xC6, 0x03, 0x80, 0xC6, 0x03, 0x40, 0xC6, 0x03, 0x40,
    0xC7, 0x02, 0xC7, 0x03, 0x80, 0xC1, 0x42, 0xC0, 0x04, 0x80, 0xC1, 0x80, 0x40, 0x06, 0x80, 0xC4, 0x81, 0x03, 0xC6, 0x80, 0x03, 0xC2, 0x00, 0x42,
    0x03, 0x40, 0xC2, 0x07, 0x80, 0xC2, 0xD3, 0x80, 0xC9, 0x80, 0x00, 0x40, 0xC7, 0x40, 0x01, 0x80, 0xC6, 0x40, 0x03, 0x80, 0xC6, 0x03, 0xC6, 0x80,
    0x03, 0xC6, 0x40, 0x03, 0xC7, 0x40, 0x01, 0x80, 0xC1, 0x40, 0x01, 0xC1, 0x04, 0xC1, 0x80, 0x40, 0x00, 0x40, 0x05, 0xC3, 0x40, 0x00, 0x40, 0x04,
    0xC6, 0x03, 0x80, 0xC6, 0x03, 0x80, 0xC1, 0x40, 0x82, 0x04, 0xC2, 0x07, 0x40, 0xC2, 0xD3, 0x40, 0xC9, 0x80, 0x00, 0x40, 0xC6, 0x80, 0x40, 0x02,
    0xC7, 0x03, 0x40, 0xC6, 0x03, 0xC6, 0x80, 0x03, 0x80, 0xC3, 0x00, 0xC0, 0x80, 0x03, 0x80, 0xC2, 0x41, 0xC1, 0x40, 0x01, 0x40, 0xC3, 0x00, 0x40,
    0x80, 0x04, 0x80, 0xC2, 0x07, 0x80, 0xC2, 0x01, 0x80, 0x04, 0x80, 0xC5, 0x04, 0xC6, 0x04, 0xC1, 0x80, 0xC2, 0x80, 0x03, 0x40, 0xC1, 0x08, 0xC2,
    0xD3, 0x00, 0x40, 0xC8, 0x40, 0x00, 0x40, 0xC6, 0x80, 0x03, 0x40, 0xC6, 0x03, 0x40, 0xC6, 0x03, 0x80, 0xC3, 0x40, 0xC1, 0x03, 0x40, 0xC2, 0x80,
    0x40, 0xC1, 0x03, 0x40, 0xC2, 0x00, 0x40, 0xC1, 0x40, 0x01, 0x40, 0xC3, 0x00, 0x40, 0x80, 0x05, 0xC2, 0x08, 0xC2, 0x00, 0x40, 0x80, 0x05, 0xC5,
    0x04, 0x40, 0xC5, 0x40, 0x03, 0x80, 0xC0, 0x80, 0xC3, 0x40, 0x03, 0x80, 0xC0, 0x08, 0x40, 0xC1, 0xD2, 0x80, 0x00, 0x40, 0xC8, 0x01, 0x40, 0xC6,
    0x80, 0x04, 0xC5, 0x80, 0x03, 0x40, 0xC6, 0x04, 0xC0, 0x40, 0x80, 0xC3, 0x04, 0xC0, 0x40, 0x00, 0xC3, 0x04, 0xC1, 0x01, 0xC2, 0x80, 0x02, 0xC2,
    0x40, 0x00, 0xC0, 0x80, 0x05, 0x80, 0xC0, 0x80, 0x00, 0x40, 0x06, 0x40, 0xC1, 0x01, 0x41, 0x04, 0x40, 0xC4, 0x80, 0x04, 0x80, 0xC5, 0x04, 0x80,
    0x40, 0xC4, 0x04, 0x80, 0x09, 0x40, 0xC0, 0xC7, 0x80, 0xC9, 0x80, 0x01, 0x80, 0xC7, 0x40, 0x01, 0x40, 0xC6, 0x40, 0x03, 0x80, 0xC5, 0x04, 0xC6,
    0x80, 0x03, 0x40, 0xC5, 0x40, 0x04, 0x80, 0xC4, 0x80, 0x07, 0xC3, 0x40, 0x02, 0xC1, 0x01, 0xC1, 0x80, 0x05, 0xC0, 0x80, 0x00, 0x41, 0x06, 0xC1,
    0x02, 0x40, 0x05, 0xC1, 0x81, 0xC1, 0x80, 0x04, 0xC6, 0x04, 0x40, 0x80, 0xC4, 0x08, 0x42, 0x04, 0xC8, 0x80, 0xCA, 0x02, 0xC7, 0x80, 0x01, 0x40,
    0xC6, 0x80, 0x03, 0xC6, 0x04, 0xC7, 0x03, 0xC7, 0x03, 0xC0, 0x80, 0xC5, 0x03, 0x40, 0x01, 0x40, 0xC3, 0x80, 0x02, 0xC0, 0x80, 0x01, 0x80, 0xC1,
    0x80, 0x40, 0x02, 0xC1, 0x80, 0x00, 0x40, 0x80, 0x05, 0xC2, 0x08, 0xC2, 0x80, 0x00, 0x40, 0x80, 0xC0, 0x40, 0x02, 0xC7, 0x40, 0x03, 0x80, 0xC5,
    0x80, 0x06, 0x40, 0x80, 0xC2, 0x02, 0xCA, 0x80, 0xCA, 0x00, 0xCA, 0x00, 0xC9, 0x01, 0xC8, 0x02, 0xC8, 0x80, 0x01, 0xC9, 0x01, 0xC9, 0x01, 0xC0,
    0x81, 0x00, 0x40, 0x80, 0xC3, 0x40, 0x00, 0xC1, 0x80, 0x02, 0xC3, 0x80, 0x00, 0xC3, 0x01, 0x80, 0xC0, 0x40, 0x02, 0xC3, 0x80, 0x06, 0xC4, 0x03,
    0x40, 0x01, 0xC5, 0x80, 0xC2, 0x80, 0x02, 0xC7, 0x80, 0x04, 0x80, 0xC5, 0x00, 0xFA, 0x80, 0xCA, 0x80, 0xDC, 0x40, 0x80, 0xC7, 0x40, 0x03, 0x80,
    0xC7, 0x80, 0x01, 0x40, 0xC1, 0x80, 0xC5, 0x80, 0x01, 0x80, 0x01, 0xC6, 0x04, 0xC6, 0x40, 0x01, 0x40, 0x80, 0xC0, 0x81, 0xC8, 0x03, 0x80, 0xC6,
    0xFF, 0xE6, 0x80, 0xC9, 0x80, 0x40, 0x00, 0x41, 0xC6, 0x80, 0x03, 0xC9, 0x01, 0x80, 0xC8, 0x40, 0x01, 0xC8, 0x80, 0x01, 0xC9, 0x40, 0x00, 0xC0,
    0x80, 0x42, 0x80, 0xC5, 0xFF, 0xF5, 0x40, 0x80, 0xC7, 0x40, 0x02, 0xC9, 0x80, 0x00, 0xCA, 0x80, 0xE3, 0xFF, 0xFF, 0xC1, 0x81, 0xC9, 0x80, 0x40,
    0xEF, 0xFF, 0xFF, 0xF6, 0x40, 0x02, 0x41, 0xC2, 0xFF, 0xF9, 0x40, 0x05, 0x40, 0xC2, 0x40, 0x07, 0x40, 0xC1, 0x09, 0xC1, 0x09, 0xC0, 0x80, 0x09,
    0x80, 0x0B, 0xFF, 0xE2, 0x85, 0xC3, 0x80, 0x07, 0xC2, 0x08, 0x40, 0xC1, 0x09, 0xC0, 0x2F, 0xFF, 0xD6, 0x40, 0x03, 0x40, 0xC4, 0x06, 0x40, 0xC1,
    0x2F, 0x80, 0x09, 0x81, 0x09, 0x80, 0xC0, 0x09, 0x80, 0xFF, 0xD6, 0x40, 0x03, 0x80, 0xC2, 0x23, 0x40, 0x09, 0x40, 0xC0, 0x09, 0xC1, 0x09, 0x80,
    0xC0, 0x40, 0x08, 0xC1, 0x40, 0x08, 0xC0, 0xFF, 0xE2, 0x80, 0x03, 0x80, 0xC2, 0x08, 0x40, 0x19, 0x40, 0x09, 0x40, 0xC0, 0x09, 0xC1, 0x09, 0xC1,
    0x09, 0xC0, 0xFF, 0xE3, 0x82, 0xC7, 0x04, 0x40, 0xC2, 0x23, 0x80, 0x09, 0x40, 0xC0, 0x09, 0xC1, 0x09, 0x80, 0xFF, 0xE2, 0x04, 0x40, 0xC4, 0x40,
    0x05, 0x40, 0xC1, 0x23, 0x80, 0x09, 0x40, 0xC0, 0x09, 0xC1, 0x09, 0x80, 0xFF, 0xE2, 0x40, 0x03, 0x40, 0xC2, 0x81, 0x40, 0x05, 0x40, 0x81, 0x23,
    0x80, 0x09, 0x80, 0xC0, 0x09, 0xC1, 0x09, 0x80, 0xFF, 0xE2, 0x40, 0x03, 0x40, 0xC2, 0x81, 0x40, 0x05, 0x40, 0x81, 0x23, 0x80, 0x09, 0x40, 0xC0,
    0x09, 0xC1, 0x09, 0x80, 0xFF, 0xD7, 0x40, 0x02, 0x40, 0xC5, 0x06, 0xC1, 0x23, 0x80, 0x0A, 0xC0, 0x09, 0x80, 0xC0, 0x09, 0x80, 0xC0, 0x40, 0x08,
    0x40, 0xFF, 0xC0, 0x43, 0xC6, 0x05, 0x40, 0xC0, 0x80, 0x42, 0x1F, 0xC0, 0x0A, 0xC0, 0x0A, 0xC0, 0x40, 0x09, 0xC0, 0x80, 0x09, 0xC1, 0x40, 0x08,
    0xC1, 0x40, 0x08, 0xE8, 0x80, 0x42, 0x80, 0xC5, 0x06, 0xC3, 0x80, 0x07, 0xC0, 0x0A, 0xC0, 0x40, 0x09, 0xC0, 0x40, 0x09, 0xC0, 0x40, 0x09, 0xC0,
    0x80, 0x09, 0xC1, 0x80, 0x08, 0xC1, 0x80, 0x08, 0xC2, 0x08, 0xC2, 0x40, 0x07, 0xC3, 0x40, 0x06, 0xD2, 0x80, 0xC6, 0x81, 0x04, 0x80, 0xC2, 0x80,
    0x07, 0x80, 0xC0, 0x80, 0x09, 0xC0, 0x0A, 0xC0, 0x40, 0x09, 0xC0, 0x0A, 0xC0, 0x0A, 0xC0, 0x80, 0x09, 0xC2, 0x08, 0xC1, 0x80, 0x08, 0xC2, 0x08,
    0xC2, 0x80, 0x07, 0xC4, 0x06, 0xC2, 0x81, 0x04, 0x40, 0x80, 0xCC, 0x41, 0x80, 0xC0, 0x40, 0x02, 0x40, 0xC2, 0x09, 0x80, 0xC0, 0x40, 0x09, 0xC0,
    0x0A, 0x80, 0x0A, 0xC0, 0x80, 0x07, 0x80, 0x40, 0xC1, 0x40, 0x05, 0x40, 0xC0, 0x40, 0xC2, 0x40, 0x03, 0x40, 0xC6, 0x03, 0xC8, 0x01, 0xC9, 0x81,
    0xF4, 0x40, 0x09, 0xC0, 0x40, 0x0A, 0x80, 0xC0, 0x40, 0x05, 0x40, 0xC0, 0x00, 0x40, 0xC0, 0x40, 0x05, 0x40, 0xC0, 0x41, 0xC0, 0x07, 0xC0, 0x41,
    0xC1, 0x05, 0xC1, 0x40, 0xC3, 0x03, 0xC7, 0x80, 0x01, 0x80, 0xC8, 0x41, 0xFF, 0xD8, 0x01, 0x40, 0x05, 0x40, 0x02, 0xC0, 0x40, 0x05, 0x40, 0xC0,
    0x01, 0xC0, 0x40, 0x05, 0x40, 0xC0, 0x01, 0xC0, 0x40, 0x05, 0x40, 0xC0, 0x01, 0xC0, 0x80, 0x05, 0x80, 0xC0, 0x01, 0xC2, 0x03, 0xC2, 0x00, 0x80,
    0xC2, 0x80, 0x01, 0x80, 0xC2, 0x80, 0xC4, 0x41, 0xE7, 0x80, 0xCA, 0x80, 0xE2, 0x80, 0xCA, 0x40, 0x0C, 0x40, 0x07, 0x40, 0x01, 0x81, 0x05, 0x81,
    0x01, 0x81, 0x05, 0x81, 0x01, 0x80, 0xC0, 0x05, 0xC0, 0x80, 0x01, 0xC2, 0x03, 0xC2, 0x00, 0x40, 0xC3, 0x01, 0xC3, 0x40, 0x80, 0xC9, 0x81, 0xC9,
    0x80, 0x40, 0xC9, 0x40, 0x80, 0xC9, 0x80, 0xD7, 0x80, 0xC9, 0x80, 0xD7, 0x31, 0x40, 0x05, 0x40, 0x02, 0x40, 0xC0, 0x05, 0xC0, 0x40, 0x01, 0x80,
    0xC1, 0x03, 0xC1, 0x80, 0x01, 0xC3, 0x01, 0xC3, 0x00, 0x40, 0xC3, 0x81, 0xC3, 0x41, 0xC9, 0x41, 0xC9, 0x41, 0xC9, 0x40, 0xD7, 0x40, 0xC9, 0x40,
    0x00, 0xC9, 0x00, 0x3F, 0x08, 0x40, 0xC0, 0x05, 0xC0, 0x40, 0x01, 0x80, 0xC1, 0x03, 0xC2, 0x01, 0xC3, 0x01, 0xC3, 0x00, 0x40, 0xC9, 0x41, 0xC9,
    0x41, 0xC9, 0x41, 0xC9, 0x40, 0xCB, 0x80, 0xC9, 0x80, 0x00, 0xC9, 0x00, 0x3C, 0x80, 0xC0, 0x05, 0xC0, 0x80, 0x01, 0xC2, 0x03, 0xC2, 0x00, 0x40,
    0xC3, 0x01, 0xC3, 0x40, 0x80, 0xC3, 0x81, 0xC3, 0x81, 0xCA, 0x80, 0xC9, 0x81, 0xC9, 0x81, 0xC9, 0x80, 0xCB, 0x80, 0xCA, 0x00, 0xC9, 0x00, 0x31,
    0x40, 0x05, 0x41, 0x01, 0x80, 0xC0, 0x05, 0xC0, 0x80, 0x01, 0xC2, 0x03, 0xC2, 0x00, 0x40, 0xC3, 0x01, 0xC3, 0x40, 0x80, 0xC3, 0x81, 0xC3, 0x81,
    0xCA, 0x80, 0xC9, 0x81, 0xC9, 0x81, 0xC9, 0x80, 0xCB, 0x80, 0xCA, 0x00, 0xC9, 0x40, 0x30, 0x41, 0x05, 0x41, 0x01, 0x80, 0xC0, 0x05, 0xC1, 0x01,
    0xC2, 0x03, 0xC2, 0x00, 0x40, 0xC3, 0x01, 0xC3, 0x81, 0xC3, 0x81, 0xD0, 0x80, 0xC9, 0x81, 0xC9, 0x80, 0xCA, 0x80, 0xD7, 0x40, 0xC9, 0x40, 0x31,
    0xC0, 0x05, 0x40, 0xC0, 0x40, 0x00, 0x40, 0xC1, 0x03, 0x80, 0xC1, 0x80, 0x00, 0xC3, 0x01, 0x40, 0xC3, 0x00, 0xC3, 0x80, 0x00, 0xC4, 0x40, 0xCA,
    0x40, 0xCA, 0x40, 0xCA, 0x80, 0xE2, 0x40, 0xC9, 0x80, 0x00, 0xC9, 0x40, 0x21, 0x40, 0xC0, 0x03, 0x80, 0x03, 0xC2, 0x02, 0x80, 0xC1, 0x01, 0xC3,
    0x02, 0xC2, 0x40, 0xC4, 0x01, 0x80, 0xC8, 0x01, 0xC9, 0x00, 0x40, 0xC9, 0x40, 0xD5, 0x81, 0xCA, 0x00, 0xCA, 0x00, 0xC9, 0x80, 0x01, 0xC8, 0x80,
    0x01, 0x40, 0xC7, 0x40, 0x09, 0x80, 0xC0, 0x07, 0x40, 0xC2, 0x06, 0x80, 0xC3, 0x04, 0x40, 0xC5, 0x03, 0x80, 0xC6, 0x02, 0xC8, 0x01, 0x80, 0xD4,
    0x00, 0x80, 0xC9, 0x00, 0x80, 0xC9, 0x00, 0x40, 0xC9, 0x01, 0xC9, 0x02, 0xC8, 0x02, 0xC8, 0x02, 0x40, 0xC6, 0x80, 0x03, 0x80, 0xC6, 0x06, 0x80,
    0xC3, 0x05, 0x80, 0xC4, 0x04, 0x80, 0xC5, 0x03, 0xC7, 0x02, 0x80, 0xC7, 0x81, 0xC9, 0x00, 0x80, 0xC9, 0x00, 0x40, 0xC9, 0x01, 0xC9, 0x01, 0x80,
    0xC8, 0x02, 0x80, 0xC7, 0x02, 0xC8, 0x02, 0x40, 0xC7, 0x03, 0xC6, 0x40, 0x04, 0x40, 0xC2, 0x81, 0x05, 0xC3, 0x41, 0xC0, 0x05, 0x40, 0xC4, 0x04,
    0x80, 0xC5, 0x03, 0x80, 0xC6, 0x02, 0x80, 0xC7, 0x02, 0xC8, 0x80, 0xCA, 0x00, 0x40, 0xC9, 0x00, 0x80, 0xC9, 0x00, 0x40, 0xC9, 0x01, 0x80, 0xC8,
    0x02, 0x80, 0xC7, 0x02, 0x80, 0x03, 0x80, 0xC2, 0x09, 0x40, 0xC0, 0x23, 0x03, 0x40, 0xC6, 0x02, 0x40, 0xC7, 0x02, 0xC8, 0x01, 0x80, 0xD4, 0x80,
    0xCA, 0x40, 0xCA, 0x40, 0xCA, 0x00, 0xCA, 0x00, 0x40, 0xC1, 0x80, 0x41, 0x80, 0xC3, 0x08, 0x40, 0x80, 0xC0, 0x3B, 0x01, 0xC9, 0x00, 0x80, 0xC9,
    0x80, 0xFF, 0xC7, 0x80, 0x40, 0x81, 0x41, 0x81, 0x40, 0x80, 0xC0, 0x0A, 0x80, 0x3F, 0x07, 0xFF, 0xE0, 0x43, 0x01, 0x41, 0x00, 0x40, 0xC0, 0x2F,
    0x80, 0x09, 0x41, 0x09, 0xC0, 0x0A, 0x80, 0xFF, 0xDF, 0x40, 0x80, 0xC7, 0x80, 0x40, 0x02, 0x40, 0x80, 0x01, 0x40, 0x80, 0x02, 0x40, 0x09, 0x40,
    0xC1, 0x07, 0xC2, 0x80, 0x07, 0x40, 0xC1, 0x40, 0x08, 0xC1, 0x09, 0x80, 0xC0, 0x09, 0x80, 0xFF, 0xDF, 0x80, 0xCA, 0x01, 0x80, 0xC6, 0x40, 0x03,
    0x40, 0x03, 0x40, 0x02, 0xC0, 0x80, 0x07, 0x40, 0x80, 0xC1, 0x07, 0x80, 0xC1, 0x80, 0x08, 0xC1, 0x40, 0x08, 0xC1, 0x40, 0x08, 0x80, 0xFF, 0xEF,
    0x40, 0x01, 0x40, 0x80, 0xC2, 0x0C, 0x40, 0x07, 0x40, 0x00, 0x81, 0x07, 0x40, 0xC1, 0x40, 0x08, 0xC1, 0x09, 0x80, 0xC0, 0x09, 0x80, 0xFF, 0xEF,
    0x40, 0x01, 0x40, 0x80, 0xC2, 0x80, 0x09, 0x40, 0x23, 0x40, 0x0A, 0xC0, 0x0A, 0xFF, 0xEF, 0x40, 0x01, 0x40, 0xC4, 0x09, 0xC0, 0x40, 0x09, 0x40,
    0x2F, 0xFF, 0xE4, 0x80, 0x40, 0x80, 0xC4, 0x80, 0x08, 0x81, 0x3F, 0x06, 0xFF, 0xCA, 0x80, 0xC1, 0x81, 0xC0, 0x41, 0xC2, 0x09, 0xC0, 0x0A, 0x40,
    0x2E, 0x81, 0x09, 0xC1, 0x09, 0xC1, 0x09, 0xEA, 0x81, 0xC8, 0x40, 0x02, 0xC4, 0x80, 0x05, 0x40, 0xC2, 0x08, 0x80, 0xC0, 0x0A, 0x40, 0x17, 0x40,
    0x09, 0xC1, 0x80, 0x08, 0xC1, 0x80, 0x08, 0xC2, 0x08, 0xC2, 0x40, 0x07, 0xC3, 0x80, 0x06, 0xDA, 0x02, 0x80, 0xC6, 0x04, 0x41, 0xC3, 0x08, 0x40,
    0xC1, 0x09, 0x81, 0x0A, 0x80, 0x0A, 0xC0, 0x0A, 0xC0, 0x80, 0x09, 0xC2, 0x08, 0xC1, 0x80, 0x08, 0xC2, 0x08, 0xC2, 0x80, 0x05, 0x81, 0xC4, 0x03,
    0xC7, 0x40, 0x01, 0x80, 0xC2, 0xCD, 0x80, 0x41, 0xC7, 0x04, 0x40, 0x81, 0xC2, 0x40, 0x08, 0x80, 0xC1, 0x09, 0x80, 0xC1, 0x09, 0xC1, 0x40, 0x06,
    0x40, 0x80, 0xC2, 0x05, 0x80, 0xC4, 0x40, 0x03, 0x40, 0xC5, 0x80, 0x03, 0x80, 0xC6, 0x03, 0xC1, 0x80, 0x40, 0xC9, 0x01, 0xC9, 0x01, 0xC9, 0x40,
    0x00, 0xCA, 0x00, 0xCA, 0x00, 0xC1, 0x40, 0x01, 0x80, 0xC7, 0x04, 0x41, 0xC4, 0x07, 0x40, 0xC2, 0x80, 0x07, 0xC3, 0x05, 0x40, 0xC4, 0x40, 0x04,
    0xC5, 0x80, 0x03, 0x80, 0xC1, 0x81, 0xC2, 0x03, 0xC1, 0x80, 0x01, 0xC2, 0x03, 0xC1, 0x40, 0x00, 0xC0, 0x80, 0xC1, 0x43, 0xC1, 0x01, 0xC9, 0x01,
    0xC0, 0x80, 0xC7, 0x01, 0xC9, 0x80, 0x00, 0xCA, 0x00, 0xCA, 0x00, 0xCA, 0x40, 0xC2, 0x06, 0xC1, 0x80, 0xC1, 0x40, 0x04, 0x80, 0xC1, 0x40, 0xC1,
    0x80, 0x04, 0xC2, 0x00, 0xC2, 0x03, 0x80, 0xC1, 0x40, 0x00, 0x80, 0xC1, 0x03, 0xC1, 0x40, 0x02, 0xC1, 0x40, 0x01, 0x40, 0xC1, 0x03, 0xC1, 0x40,
    0x01, 0x40, 0xC0, 0x80, 0x03, 0x80, 0xC0, 0x80, 0x01, 0x40, 0xC0, 0x40, 0x03, 0x40, 0xC0, 0x80, 0x01, 0x80, 0xC0, 0x40, 0x01, 0x80, 0x00, 0x40,
    0xC5, 0x02, 0x40, 0x00, 0x40, 0xC5, 0x40, 0x01, 0x41, 0xC7, 0x40, 0x00, 0xC0, 0x80, 0xC7, 0x80, 0x00, 0xCA, 0x00, 0xCA, 0x00, 0xCA, 0x00, 0x80,
    0xC1, 0x06, 0xC1, 0x40, 0xC1, 0x40, 0x04, 0x80, 0xC1, 0x00, 0xC2, 0x03, 0x40, 0xC1, 0x80, 0x00, 0x40, 0xC1, 0x03, 0xC2, 0x02, 0xC1, 0x03, 0xC1,
    0x03, 0xC1, 0x40, 0x01, 0x40, 0xC0, 0x80, 0x03, 0x80, 0xC0, 0x80, 0x01, 0x80, 0xC0, 0x40, 0x03, 0x40, 0xC0, 0x80, 0x01, 0x80, 0xC0, 0x05, 0xC1,
    0x41, 0xC1, 0x05, 0xC5, 0x04, 0xC7, 0x02, 0x40, 0xC7, 0x40, 0x01, 0x80, 0xC7, 0x80, 0x01, 0xC9, 0x01, 0xC9, 0x00, 0x81, 0xC7, 0x80, 0x00, 0x80,
    0x40, 0x09, 0xC1, 0x40, 0x08, 0xC2, 0x08, 0xC2, 0x80, 0x05, 0x40, 0xC0, 0x40, 0xC2, 0x04, 0x80, 0xC1, 0x00, 0x40, 0xC1, 0x03, 0x80, 0xC2, 0x01,
    0xC1, 0x40, 0x02, 0xC1, 0x80, 0x40, 0x01, 0x80, 0xC0, 0x80, 0x01, 0x40, 0xC0, 0x40, 0x03, 0x40, 0xC0, 0x80, 0x01, 0x80, 0xC0, 0x05, 0xC1, 0x41,
    0x80, 0xC0, 0x05, 0xC5, 0x04, 0x80, 0xC5, 0x80, 0x03, 0xC7, 0x02, 0x40, 0xC7, 0x80, 0x01, 0x80, 0xC8, 0x01, 0xC9, 0x00, 0x2F, 0x80, 0xC0, 0x80,
    0x08, 0xC2, 0x80, 0x07, 0x80, 0xC2, 0x03, 0x40, 0x82, 0x01, 0xC1, 0x40, 0x02, 0xC3, 0x01, 0x40, 0xC0, 0x80, 0x01, 0x40, 0xC0, 0x40, 0x00, 0x80,
    0x01, 0x40, 0xC0, 0x80, 0x01, 0x80, 0xC0, 0x05, 0xC1, 0x81, 0xC1, 0x05, 0xC5, 0x04, 0xC7, 0x02, 0x40, 0xC7, 0x40, 0x01, 0x80, 0xC7, 0x80, 0x01,
    0xC9, 0x00, 0x2F, 0xC1, 0x80, 0x08, 0xC3, 0x04, 0x81, 0x40, 0xC0, 0x80, 0xC1, 0x03, 0xC3, 0x01, 0xC1, 0x40, 0x02, 0xC3, 0x01, 0x80, 0xC0, 0x40,
    0x01, 0x40, 0xC0, 0x40, 0x00, 0x80, 0x01, 0x40, 0xC0, 0x80, 0x41, 0x80, 0xC0, 0x40, 0x04, 0xC5, 0x04, 0x80, 0xC5, 0x80, 0x02, 0x40, 0xC7, 0x40,
    0x01, 0x80, 0xC7, 0x80, 0x01, 0xC9, 0x01, 0xC9, 0x00, 0x17, 0xC0, 0x40, 0x09, 0xC1, 0x80, 0x08, 0xC2, 0x40, 0x05, 0x41, 0x80, 0xC2, 0x03, 0x40,
    0xC2, 0x01, 0xC1, 0x03, 0xC1, 0x80, 0xC0, 0x01, 0xC1, 0x40, 0x01, 0x40, 0xC0, 0x80, 0x03, 0x80, 0xC0, 0x80, 0x01, 0x40, 0xC0, 0x40, 0x03, 0x40,
    0xC0, 0x80, 0x00, 0x40, 0x80, 0xC0, 0x40, 0x04, 0xC5, 0x04, 0x80, 0xC5, 0x80, 0x02, 0x40, 0xC7, 0x40, 0x01, 0x80, 0xC7, 0x80, 0x01, 0xC9, 0x01,
    0xC9, 0x00, 0xC0, 0x80, 0x09, 0xC1, 0x40, 0x08, 0xC2, 0x08, 0xC2, 0x40, 0x05, 0x40, 0xC0, 0x00, 0xC2, 0x04, 0x80, 0xC1, 0x00, 0x40, 0xC1, 0x03,
    0x80, 0xC2, 0x01, 0xC1, 0x40, 0x02, 0xC1, 0x03, 0x80, 0xC0, 0x80, 0x01, 0x40, 0xC0, 0x80, 0x03, 0x40, 0xC0, 0x80, 0x01, 0x40, 0xC0, 0x40, 0x04,
    0xC1, 0x01, 0x80, 0xC0, 0x05, 0xC5, 0x04, 0x80, 0xC5, 0x80, 0x02, 0x40, 0xC7, 0x40, 0x01, 0x80, 0xC7, 0x80, 0x01, 0xC9, 0x01, 0xC9, 0x00, 0x00,
    0x80, 0xC1, 0x80, 0x07, 0x80, 0xC2, 0x08, 0xC2, 0x08, 0xC2, 0x04, 0x80, 0xC0, 0x01, 0x40, 0xC1, 0x03, 0xC2, 0x02, 0xC1, 0x40, 0x01, 0x40, 0xC1,
    0x80, 0x02, 0xC1, 0x40, 0x01, 0x80, 0xC0, 0x04, 0xC1, 0x40, 0x01, 0xC1, 0x04, 0x80, 0xC0, 0x40, 0x01, 0xC0, 0x80, 0x04, 0x80, 0xC4, 0x80, 0x04,
    0xC5, 0x80, 0x03, 0xC7, 0x80, 0x01, 0x40, 0xC8, 0x01, 0x80, 0xC8, 0x01, 0x40, 0xC8, 0x01, 0x40, 0xC8, 0x40, 0x01, 0x40, 0xC1, 0x80, 0x04, 0x80,
    0x02, 0xC1, 0x80, 0x03, 0xC1, 0x02, 0x80, 0xC1, 0x02, 0xC2, 0x02, 0x40, 0xC1, 0x02, 0xC1, 0x80, 0x03, 0xC1, 0x01, 0x40, 0xC0, 0x80, 0x04, 0xC1,
    0x01, 0x80, 0xC0, 0x40, 0x04, 0xC1, 0x01, 0x80, 0xC0, 0x05, 0xC5, 0x04, 0xC6, 0x03, 0x80, 0xC7, 0x02, 0xC8, 0x80, 0x00, 0x40, 0xC9, 0x01, 0xC9,
    0x01, 0x40, 0xC8, 0x01, 0x40, 0xC8, 0x01, 0x80, 0xC8, 0x00, 0x40, 0xC1, 0x80, 0x00, 0x40, 0xC1, 0x40, 0x03, 0x40, 0xC1, 0x00, 0x40, 0xC1, 0x05,
    0x80, 0xC0, 0x41, 0xC1, 0x06, 0xC0, 0x80, 0x40, 0xC1, 0x06, 0xC1, 0x40, 0xC1, 0x05, 0x40, 0xC4, 0x40, 0x04, 0xC6, 0x80, 0x02, 0xC8, 0x80, 0x01,
    0xC9, 0x01, 0xC9, 0x01, 0x80, 0xC8, 0x02, 0x80, 0xC7, 0x02, 0x80, 0xC7, 0x02, 0xC8, 0x02, 0xC0, 0x80, 0xC6, 0x02, 0xC8, 0x80, 0xC2, 0x80, 0xC0,
    0x80, 0x06, 0x80, 0xC3, 0x07, 0x40, 0xC2, 0x08, 0xC2, 0x80, 0x40, 0x05, 0x80, 0xC5, 0x03, 0xC8, 0x01, 0x40, 0xC8, 0x40, 0x00, 0x80, 0xC9, 0x01,
    0xC9, 0x01, 0x40, 0xC8, 0x02, 0xC8, 0x03, 0xC7, 0x03, 0xC0, 0x80, 0xC5, 0x03, 0xC7, 0x03, 0xC7, 0x02, 0x80, 0xC7, 0x80, 0xC4, 0x07, 0x80, 0xC2,
    0x40, 0x08, 0xC1, 0x80, 0x08, 0x80, 0xC2, 0x80, 0x05, 0xC6, 0x40, 0x02, 0xC8, 0x01, 0x40, 0xC8, 0x40, 0x00, 0x40, 0xC9, 0x01, 0xC9, 0x02, 0x80,
    0xC7, 0x02, 0x80, 0xC7, 0x03, 0xC7, 0x03, 0x40, 0xC6, 0x03, 0x40, 0xC6, 0x03, 0xC7, 0x02, 0x80, 0xC7, 0x00, 0x80, 0xC3, 0x40, 0x07, 0x80, 0xC1,
    0x80, 0x08, 0x80, 0xC0, 0x80, 0x08, 0x80, 0xC2, 0x80, 0x04, 0x40, 0xC6, 0x40, 0x02, 0xC8, 0x01, 0x40, 0xC8, 0x40, 0x01, 0xC8, 0x80, 0x01, 0x80,
    0xC8, 0x02, 0x80, 0xC7, 0x02, 0x40, 0xC7, 0x03, 0x80, 0xC6, 0x04, 0xC6, 0x03, 0x80, 0xC6, 0x02, 0x40, 0xC7, 0x02, 0xC8, 0x02, 0xC2, 0x80, 0x08,
    0x80, 0xC1, 0x09, 0xC1, 0x08, 0x80, 0xC2, 0x80, 0x05, 0xC6, 0x40, 0x02, 0x80, 0xC7, 0x02, 0xC8, 0x02, 0x80, 0xC7, 0x40, 0x02, 0x80, 0xC6, 0x80,
    0x02, 0x40, 0xC6, 0x80, 0x03, 0x80, 0xC5, 0x80, 0x04, 0xC6, 0x03, 0x40, 0xC6, 0x03, 0xC7, 0x02, 0x80, 0xC7, 0x02, 0xC8, 0x02, 0x40, 0xC2, 0x08,
    0x40, 0xC1, 0x09, 0xC1, 0x08, 0x40, 0xC2, 0x80, 0x05, 0xC6, 0x03, 0x40, 0xC6, 0x80, 0x02, 0x40, 0xC7, 0x03, 0x80, 0xC6, 0x04, 0xC6, 0x04, 0x80,
    0xC5, 0x05, 0xC5, 0x05, 0xC5, 0x04, 0x80, 0xC5, 0x40, 0x03, 0xC6, 0x80, 0x02, 0x80, 0xC7, 0x02, 0xC8, 0x01, 0x40, 0xC3, 0x08, 0x80, 0xC1, 0x09,
    0xC1, 0x09, 0xC1, 0x80, 0x40, 0x05, 0x40, 0xC4, 0x80, 0x04, 0xC6, 0x04, 0xC6, 0x40, 0x04, 0xC5, 0x40, 0x04, 0x80, 0xC4, 0x40, 0x05, 0xC4, 0x80,
    0x05, 0xC4, 0x80, 0x05, 0xC4, 0x80, 0x04, 0x80, 0xC5, 0x04, 0xC6, 0x03, 0x80, 0xC6, 0x80, 0x02, 0x80, 0xC6, 0x80, 0x00, 0x40, 0xC3, 0x80, 0x06,
    0x40, 0x80, 0xC2, 0x08, 0x40, 0xC1, 0x09, 0x80, 0xC0, 0x40, 0x07, 0x80, 0xC3, 0x05, 0x40, 0xC4, 0x80, 0x04, 0x40, 0xC5, 0x05, 0x40, 0xC4, 0x06,
    0xC4, 0x06, 0x80, 0xC3, 0x06, 0xC4, 0x06, 0xC4, 0x40, 0x04, 0x80, 0xC4, 0x80, 0x04, 0xC6, 0x03, 0x80, 0xC6, 0x03, 0xC7, 0x00, 0x01, 0x40, 0x01,
    0xC0, 0x80, 0x06, 0xC1, 0x81, 0xC0, 0x07, 0x40, 0x81, 0xC0, 0x09, 0x80, 0xC0, 0x08, 0x40, 0xC2, 0x80, 0x06, 0xC4, 0x40, 0x05, 0x80, 0xC3, 0x80,
    0x06, 0xC3, 0x80, 0x06, 0x80, 0xC2, 0x80, 0x06, 0x40, 0xC3, 0x06, 0xC4, 0x06, 0xC4, 0x40, 0x04, 0xC5, 0x80, 0x03, 0x80, 0xC6, 0x03, 0xC6, 0x80,
    0x02, 0x40, 0xC6, 0x80, 0x00, 0x03, 0x40, 0x80, 0x07, 0x42, 0xC0, 0x40, 0x06, 0x40, 0xC1, 0x81, 0x09, 0xC1, 0x09, 0xC2, 0x40, 0x06, 0xC4, 0x06,
    0x40, 0xC3, 0x07, 0xC3, 0x07, 0x40, 0xC2, 0x07, 0xC3, 0x40, 0x05, 0x40, 0xC4, 0x03, 0x41, 0xC5, 0x03, 0xC7, 0x40, 0x02, 0x80, 0xC0, 0x80, 0xC4,
    0x80, 0x05, 0xC4, 0x80, 0x05, 0xC4, 0x40, 0x00, 0x0E, 0x80, 0xC0, 0x40, 0x09, 0x80, 0xC0, 0x09, 0x40, 0xC0, 0x40, 0x09, 0x80, 0xC0, 0x80, 0x07,
    0x80, 0xC2, 0x40, 0x06, 0x40, 0xC2, 0x80, 0x07, 0xC3, 0x04, 0x40, 0x01, 0x80, 0xC2, 0x03, 0x40, 0xC0, 0x41, 0xC3, 0x04, 0xC6, 0x80, 0x03, 0x80,
    0xC6, 0x06, 0xC4, 0x06, 0xC4, 0x05, 0x40, 0xC4, 0x40, 0x04, 0x40, 0xC4, 0x40, 0x00, 0x1B, 0x80, 0xC0, 0x40, 0x0A, 0x81, 0x09, 0xC1, 0x08, 0x80,
    0xC1, 0x40, 0x07, 0xC2, 0x80, 0x05, 0x80, 0x00, 0xC2, 0x80, 0x05, 0xC4, 0x80, 0x05, 0x40, 0xC4, 0x06, 0x40, 0xC3, 0x07, 0xC3, 0x80, 0x06, 0xC4,
    0x06, 0xC4, 0x40, 0x05, 0xC4, 0x80, 0x05, 0xC4, 0x80, 0x00, 0x1D, 0x40, 0x0A, 0x42, 0xC0, 0x07, 0x40, 0x81, 0x08, 0xC1, 0x80, 0x07, 0x80, 0xC1,
    0x80, 0x07, 0xC2, 0x40, 0x07, 0xC2, 0x40, 0x06, 0x40, 0xC2, 0x40, 0x06, 0x40, 0xC2, 0x40, 0x06, 0x40, 0xC2, 0x80, 0x06, 0xC4, 0x06, 0xC4, 0x40,
    0x05, 0xC4, 0x80, 0x06, 0xC3, 0x80, 0x01, 0x2A, 0x82, 0x07, 0x40, 0xC0, 0x40, 0x08, 0xC1, 0x80, 0x07, 0x40, 0xC1, 0x80, 0x07, 0x40, 0xC2, 0x80,
    0x06, 0x80, 0xC2, 0x80, 0x05, 0x80, 0xC2, 0x40, 0x06, 0xC3, 0x06, 0x81, 0xC2, 0x06, 0x80, 0x40, 0xC2, 0x40, 0x05, 0x40, 0x00, 0xC3, 0x07, 0xC3,
    0x07, 0x80, 0xC0, 0x80, 0xC0, 0x02, 0x2A, 0xC0, 0x40, 0x08, 0x41, 0x09, 0xC1, 0x41, 0x06, 0x40, 0xC1, 0x40, 0x80, 0x40, 0x06, 0xC1, 0x40, 0x80,
    0xC0, 0x05, 0x40, 0xC2, 0x80, 0x05, 0x40, 0xC3, 0x40, 0x05, 0x80, 0xC2, 0x80, 0x06, 0x40, 0xC2, 0x80, 0x06, 0x40, 0xC3, 0x40, 0x05, 0x80, 0xC3,
    0x40, 0x05, 0x40, 0xC3, 0x08, 0x81, 0xC0, 0x02, 0x29, 0x41, 0x80, 0x08, 0x40, 0x80, 0x0A, 0xC0, 0x80, 0x00, 0x40, 0x06, 0x40, 0xC1, 0x00, 0xC0,
    0x06, 0x80, 0xC3, 0x06, 0x80, 0xC1, 0x40, 0x07, 0xC2, 0x80, 0x06, 0x40, 0xC2, 0x40, 0x06, 0x80, 0xC2, 0x40, 0x06, 0xC3, 0x40, 0x06, 0xC3, 0x40,
    0x08, 0x40, 0xC0, 0x0A, 0xC0, 0x02, 0x2A, 0x40, 0x00, 0x80, 0x08, 0x80, 0x41, 0x08, 0x40, 0xC1, 0x80, 0x07, 0x40, 0xC1, 0x08, 0x40, 0xC1, 0x08,
    0x80, 0xC1, 0x08, 0xC2, 0x40, 0x06, 0x40, 0xC2, 0x80, 0x06, 0x80, 0xC2, 0x40, 0x06, 0x80, 0xC2, 0x40, 0x07, 0x80, 0xC1, 0x09, 0xC1, 0x09, 0xC1,
    0x01, 0x2B, 0x40, 0x00, 0x40, 0x08, 0x80, 0x40, 0x09, 0xC1, 0x40, 0x07, 0xC0, 0x80, 0xC1, 0x07, 0x80, 0xC2, 0x08, 0x80, 0xC1, 0x08, 0x80, 0xC1,
    0x40, 0x07, 0x80, 0xC1, 0x80, 0x07, 0xC2, 0x80, 0x07, 0xC2, 0x80, 0x08, 0xC1, 0x08, 0x40, 0x80, 0xC0, 0x08, 0x80, 0x40, 0xC0, 0x00, 0x2C, 0x40,
    0x0A, 0x81, 0x06, 0x80, 0x01, 0x80, 0xC0, 0x40, 0x05, 0x80, 0x40, 0x00, 0x80, 0xC1, 0x06, 0xC4, 0x08, 0x80, 0xC1, 0x08, 0x40, 0xC1, 0x09, 0xC1,
    0x08, 0x40, 0xC1, 0x08, 0xC2, 0x08, 0x80, 0xC1, 0x08, 0xC0, 0x40, 0xC0, 0x08, 0xC0, 0x00, 0xC0, 0x2C, 0x40, 0x00, 0x40, 0x08, 0x40, 0x80, 0x40,
    0x09, 0xC1, 0x04, 0x40, 0x03, 0xC1, 0x04, 0x40, 0xC1, 0x81, 0xC1, 0x08, 0x40, 0xC1, 0x09, 0xC1, 0x09, 0x80, 0xC0, 0x09, 0xC1, 0x08, 0x40, 0xC1,
    0x09, 0xC0, 0x80, 0x08, 0x40, 0xC0, 0x40, 0x08, 0x80, 0x41, 0x2D, 0x41, 0x09, 0x81, 0x09, 0x40, 0xC0, 0x09, 0x40, 0xC0, 0x05, 0x84, 0xC0, 0x09,
    0x40, 0xC0, 0x0A, 0xC0, 0x0A, 0xC0, 0x09, 0x80, 0xC0, 0x09, 0xC1, 0x09, 0x81, 0x09, 0xC0, 0x0A, 0x80, 0x00, 0x2D, 0x41, 0x09, 0x40, 0x80, 0x0A,
    0xC0, 0x0A, 0xC0, 0x05, 0x84, 0xC0, 0x09, 0x40, 0xC0, 0x0A, 0x80, 0x0A, 0xC0, 0x0A, 0xC0, 0x09, 0x80, 0xC0, 0x09, 0x40, 0xC0, 0x09, 0x81, 0x09,
    0xC0, 0x00, 0x2E, 0x40, 0x09, 0x40, 0x80, 0x0A, 0x80, 0x0A, 0xC0, 0x05, 0x40, 0x83, 0xC0, 0x09, 0x40, 0x80, 0x0A, 0x40, 0x0A, 0x80, 0x0A, 0xC0,
    0x09, 0x40, 0xC0, 0x0A, 0xC0, 0x09, 0x40, 0xC0, 0x09, 0x80, 0x40, 0x2E, 0x40, 0x0A, 0x80, 0x0A, 0x80, 0x0A, 0x80, 0x05, 0x40, 0x84, 0x09, 0x40,
    0x80, 0x16, 0x40, 0x0A, 0x80, 0x0A, 0xC0, 0x0A, 0xC0, 0x0A, 0xC0, 0x09, 0x40, 0x80, 0x2E, 0x40, 0x0A, 0x80, 0x0A, 0x40, 0x0A, 0x40, 0x06, 0x84,
    0x09, 0x41, 0x22, 0x80, 0x0A, 0xC0, 0x0A, 0x80, 0x0A, 0xC0, 0x0A, 0x80, 0x2E, 0x40, 0x0A, 0x80, 0x0A, 0x40, 0x0A, 0x40, 0x06, 0x84, 0x0A, 0x40,
    0x22, 0x40, 0x0A, 0xC0, 0x0A, 0x80, 0x0A, 0xC0, 0x0A, 0xC0, 0x3A, 0x40, 0x1C, 0x40, 0x00, 0x84, 0x0A, 0x40, 0x2E, 0x40, 0x16, 0x40, 0x0A, 0x80,
    0x3F, 0x15, 0x45, 0x00, 0x40, 0x81, 0x3F, 0x1F, 0x3F, 0x12, 0x49, 0x01, 0x40, 0x3F, 0x1F, 0x3F, 0x13, 0x4A, 0x3F, 0x20, 0x3F, 0x13, 0x4B, 0x3F,
    0x1F, 0x3B, 0x40, 0x0A, 0x80, 0x40, 0x09, 0x80, 0xC0, 0x49, 0x00, 0x80, 0x40, 0x09, 0x41, 0x3F, 0x10, 0x17, 0x40, 0x0A, 0x80, 0x40, 0x0A, 0x80,
    0x40, 0x0A, 0x80, 0x40, 0x0A, 0xC0, 0x07, 0xC0, 0x80, 0x40, 0x81, 0x46, 0xC0, 0x80, 0x01, 0x40, 0x06, 0x40, 0x3F, 0x12, 0x40, 0x0A, 0xC0, 0x40,
    0x09, 0xC0, 0x41, 0x08, 0x40, 0x00, 0x41, 0x0A, 0x81, 0x06, 0xC0, 0x40, 0x01, 0x80, 0x40, 0x05, 0xC2, 0x40, 0x00, 0xC0, 0x05, 0xC2, 0x80, 0x40,
    0x80, 0x45, 0x80, 0x41, 0x08, 0x40, 0x3F, 0x12, 0xC0, 0x80, 0x09, 0xC1, 0x80, 0x08, 0xC1, 0x81, 0x07, 0x80, 0x40, 0x00, 0x40, 0x80, 0x06, 0x80,
    0x02, 0x40, 0x80, 0x05, 0xC3, 0x81, 0x40, 0x04, 0xC3, 0x80, 0x00, 0xC0, 0x04, 0xC1, 0x81, 0x41, 0x80, 0x44, 0xC1, 0x09, 0xC0, 0x40, 0x09, 0xC0,
    0x0A, 0x40, 0x3A, 0x80, 0xC0, 0x80, 0x40, 0x07, 0x80, 0xC1, 0x40, 0x07, 0xC3, 0x40, 0x06, 0xC2, 0x80, 0x40, 0x80, 0x05, 0xC0, 0x40, 0x02, 0x40,
    0x80, 0x04, 0xC4, 0x42, 0x03, 0xC4, 0x01, 0x80, 0x03, 0xC2, 0x81, 0x46, 0xC2, 0x80, 0x07, 0xC1, 0x80, 0x08, 0x80, 0xC0, 0x80, 0x09, 0xC0, 0x0A,
    0x80, 0x2D, 0x00, 0x80, 0xC0, 0x40, 0x08, 0xC3, 0x40, 0x05, 0x40, 0xC1, 0x83, 0x04, 0x80, 0xC3, 0x00, 0x80, 0x04, 0xC1, 0x80, 0xC1, 0x06, 0xC2,
    0x81, 0x40, 0x05, 0xC5, 0x05, 0xC4, 0x46, 0xC3, 0x80, 0x06, 0xC3, 0x07, 0x40, 0xC0, 0x40, 0xC0, 0x09, 0x80, 0x40, 0x09, 0xC0, 0x0A, 0x40, 0x20,
    0x00, 0x40, 0xC0, 0x80, 0x08, 0xC2, 0x40, 0x07, 0x80, 0xC1, 0x40, 0x07, 0x80, 0xC1, 0x40, 0x07, 0x80, 0xC3, 0x06, 0x80, 0xC0, 0x80, 0xC1, 0x40,
    0x05, 0xC4, 0x80, 0x04, 0x40, 0xC4, 0x46, 0xC3, 0x40, 0x05, 0xC5, 0x40, 0x04, 0x80, 0xC3, 0x40, 0x07, 0xC0, 0x00, 0xC0, 0x08, 0x41, 0x0A, 0xC0,
    0x0A, 0x80, 0x13, 0x01, 0xC0, 0x0A, 0xC0, 0x80, 0x40, 0x08, 0xC2, 0x08, 0xC1, 0x80, 0x08, 0xC2, 0x08, 0x80, 0xC0, 0x80, 0xC0, 0x80, 0x06, 0x80,
    0xC1, 0x80, 0xC0, 0x04, 0x41, 0xC4, 0x80, 0x43, 0x01, 0xC2, 0x80, 0x00, 0x40, 0x04, 0x80, 0xC3, 0x80, 0x04, 0x80, 0xC4, 0x80, 0x04, 0x80, 0xC4,
    0x06, 0x41, 0xC0, 0x40, 0x80, 0x08, 0x80, 0x0A, 0x80, 0x0A, 0x40, 0x07, 0x0E, 0x40, 0x0A, 0x81, 0x40, 0x07, 0x40, 0xC1, 0x80, 0x08, 0xC2, 0x08,
    0xC2, 0x80, 0x07, 0xC1, 0x40, 0xC1, 0x03, 0x42, 0xC2, 0x82, 0x42, 0x01, 0x80, 0xC2, 0x40, 0x05, 0xC4, 0x80, 0x04, 0x40, 0xC5, 0x04, 0x40, 0xC4,
    0x80, 0x05, 0x40, 0xC3, 0x08, 0x80, 0x0A, 0x80, 0x40, 0x12, 0x0E, 0x40, 0x0A, 0x40, 0x0A, 0x40, 0xC1, 0x08, 0x80, 0xC2, 0x40, 0x07, 0xC4, 0x05,
    0x40, 0xC1, 0x00, 0x40, 0x03, 0x42, 0xC2, 0x80, 0x44, 0x00, 0x40, 0xC3, 0x40, 0x05, 0xC4, 0x80, 0x05, 0xC5, 0x05, 0xC4, 0x80, 0x05, 0x40, 0x80,
    0xC2, 0x40, 0x07, 0xC0, 0x00, 0x41, 0x1C, 0x02, 0x40, 0x0A, 0x40, 0x0A, 0x40, 0x0A, 0x40, 0x00, 0x40, 0x09, 0xC4, 0x06, 0xC4, 0x06, 0x80, 0xC0,
    0x80, 0x04, 0x43, 0xC2, 0x44, 0x01, 0x40, 0xC2, 0x80, 0x05, 0x40, 0xC3, 0x80, 0x05, 0x40, 0xC4, 0x40, 0x04, 0x40, 0xC4, 0x40, 0x05, 0x80, 0xC3,
    0x07, 0x40, 0x00, 0xC0, 0x41, 0x09, 0x40, 0x80, 0x0A, 0x41, 0x02, 0x02, 0x40, 0x0A, 0x40, 0x0A, 0x40, 0x0A, 0x40, 0x0B, 0x40, 0x00, 0x41, 0x80,
    0x40, 0x05, 0x40, 0xC4, 0x05, 0x40, 0xC3, 0x80, 0x01, 0x43, 0x80, 0xC1, 0x80, 0x43, 0x02, 0x40, 0x80, 0xC1, 0x40, 0x05, 0x40, 0xC3, 0x06, 0x80,
    0xC4, 0x05, 0x80, 0xC4, 0x06, 0xC4, 0x06, 0x40, 0x80, 0xC1, 0x80, 0x08, 0x40, 0x80, 0x00, 0x40, 0x09, 0x41, 0x02, 0x02, 0x40, 0x0A, 0x80, 0x0A,
    0x80, 0x0A, 0x40, 0x0B, 0x40, 0x0A, 0x80, 0x41, 0x80, 0xC1, 0x80, 0x04, 0x80, 0xC5, 0x00, 0x84, 0xC3, 0x81, 0x40, 0x04, 0xC2, 0x06, 0x40, 0xC3,
    0x40, 0x05, 0xC4, 0x06, 0xC5, 0x05, 0x80, 0xC4, 0x06, 0xC4, 0x08, 0xC0, 0x40, 0x80, 0x08, 0x41, 0x00, 0x40, 0x01, 0x01, 0x40, 0x80, 0x0A, 0x80,
    0x0A, 0x80, 0x0A, 0x80, 0x40, 0x09, 0x40, 0x80, 0x0A, 0xC0, 0x00, 0x40, 0x08, 0xC3, 0x80, 0xC5, 0x81, 0xC6, 0x04, 0xC3, 0x80, 0x00, 0x40, 0x04,
    0xC3, 0x06, 0xC4, 0x05, 0x80, 0xC4, 0x06, 0xC4, 0x80, 0x05, 0x80, 0xC3, 0x80, 0x06, 0x40, 0xC2, 0x80, 0x07, 0x81, 0x00, 0x80, 0x01, 0x01, 0x81,
    0x0A, 0xC0, 0x0A, 0xC0, 0x0A, 0xC0, 0x80, 0x09, 0x80, 0xC0, 0x0A, 0xC0, 0x06, 0x40, 0x02, 0xC3, 0x41, 0x00, 0x40, 0xCB, 0x40, 0x02, 0x40, 0xC6,
    0x04, 0xC4, 0x80, 0x05, 0xC4, 0x05, 0x80, 0xC4, 0x05, 0xC5, 0x05, 0x40, 0xC4, 0x40, 0x05, 0x40, 0xC3, 0x40, 0x06, 0x80, 0xC0, 0x81, 0x40, 0x00,
    0x01, 0x80, 0xC0, 0x0A, 0xC0, 0x0A, 0xC0, 0x40, 0x09, 0xC0, 0x80, 0x09, 0x80, 0xC0, 0x09, 0x40, 0xC0, 0x40, 0x05, 0x43, 0xC2, 0x80, 0x40, 0x80,
    0x01, 0xCB, 0x80, 0x40, 0x01, 0x40, 0xC2, 0x40, 0xC2, 0x03, 0x40, 0xC6, 0x03, 0x40, 0xC5, 0x40, 0x03, 0x80, 0xC5, 0x04, 0x80, 0xC4, 0x80, 0x04,
    0x40, 0xC5, 0x05, 0x80, 0xC4, 0x06, 0xC4, 0x00, 0x01, 0xC1, 0x0A, 0xC0, 0x40, 0x09, 0xC0, 0x80, 0x09, 0xC1, 0x09, 0xC1, 0x09, 0x80, 0xC0, 0x80,
    0x05, 0x81, 0x40, 0x80, 0xC2, 0x82, 0x01, 0xCC, 0x40, 0x01, 0x40, 0xC2, 0x80, 0x41, 0x80, 0x03, 0x80, 0xC3, 0x40, 0xC1, 0x03, 0x80, 0xC6, 0x03,
    0xC6, 0x80, 0x03, 0xC7, 0x03, 0x40, 0xC5, 0x80, 0x04, 0xC6, 0x05, 0xC5, 0x01, 0xC1, 0x40, 0x08, 0x40, 0xC0, 0x40, 0x09, 0xC0, 0x80, 0x08, 0x40,
    0xC1, 0x09, 0xC1, 0x40, 0x08, 0x80, 0xC1, 0x05, 0xC0, 0x81, 0xC3, 0x81, 0xC0, 0x40, 0x00, 0xCC, 0x80, 0x40, 0x00, 0x80, 0xC3, 0x41, 0x04, 0x80,
    0xC3, 0x00, 0x41, 0x03, 0xC4, 0x80, 0x00, 0xC0, 0x03, 0xC5, 0x80, 0xC0, 0x02, 0x80, 0xC2, 0x80, 0xC3, 0x03, 0xC7, 0x04, 0xC6, 0x40, 0x03, 0x40,
    0xC5, 0x01, 0xC1, 0x80, 0x08, 0x40, 0xC0, 0x80, 0x09, 0xC1, 0x08, 0x80, 0xC1, 0x08, 0x40, 0xC1, 0x80, 0x08, 0xC2, 0x40, 0x01, 0x40, 0x01, 0xC1,
    0x80, 0xC6, 0x41, 0xCC, 0x80, 0x40, 0x00, 0x80, 0xC3, 0x81, 0x04, 0xC4, 0x06, 0xC4, 0x80, 0x00, 0x40, 0x02, 0x80, 0xC5, 0x80, 0x40, 0x02, 0xC3,
    0x00, 0xC2, 0x80, 0x02, 0x40, 0xC2, 0x80, 0xC3, 0x03, 0x40, 0xC6, 0x40, 0x03, 0x80, 0xC5, 0x01, 0xC1, 0x80, 0x08, 0x40, 0xC1, 0x09, 0xC1, 0x08,
    0x80, 0xC1, 0x40, 0x07, 0x40, 0xC2, 0x08, 0xC2, 0x80, 0x01, 0x40, 0x01, 0xC9, 0x41, 0xCD, 0x40, 0x00, 0x80, 0xC1, 0x41, 0x80, 0xC0, 0x00, 0x40,
    0x02, 0xC2, 0x80, 0xC0, 0x05, 0x40, 0xC5, 0x04, 0xC6, 0x40, 0x02, 0x80, 0xC3, 0x40, 0xC2, 0x80, 0x02, 0x80, 0xC2, 0x41, 0xC2, 0x03, 0x80, 0xC6,
    0x40, 0x03, 0xC6, 0x00, 0x40, 0xC2, 0x08, 0x40, 0xC1, 0x09, 0xC1, 0x08, 0xC2, 0x80, 0x07, 0x80, 0xC2, 0x07, 0x40, 0xC3, 0x40, 0x00, 0x80, 0x01,
    0xC9, 0x41, 0xCD, 0x80, 0x00, 0x80, 0xC1, 0x82, 0xC0, 0x00, 0x40, 0x02, 0xC2, 0x40, 0x06, 0x40, 0xC4, 0x80, 0x04, 0xC6, 0x40, 0x02, 0xC4, 0x80,
    0xC2, 0x40, 0x02, 0xC3, 0x00, 0x80, 0xC2, 0x03, 0xC3, 0x80, 0xC2, 0x80, 0x03, 0xC6, 0x00, 0x80, 0xC2, 0x40, 0x07, 0x80, 0xC1, 0x08, 0x40, 0xC1,
    0x40, 0x07, 0xC3, 0x07, 0xC3, 0x40, 0x04, 0x40, 0x00, 0x80, 0xC3, 0x80, 0x00, 0x80, 0x01, 0xC9, 0x80, 0x40, 0xCD, 0x80, 0x40, 0xC3, 0x80, 0xC1,
    0x40, 0x80, 0x02, 0xC2, 0x80, 0x06, 0x80, 0xC3, 0x05, 0x40, 0xC6, 0x40, 0x01, 0x40, 0xC4, 0x40, 0xC2, 0x02, 0x40, 0xC3, 0x00, 0xC3, 0x02, 0x40,
    0xC3, 0x40, 0xC2, 0x80, 0x02, 0x40, 0xC2, 0x80, 0xC2, 0x00, 0x80, 0xC2, 0x40, 0x07, 0x80, 0xC1, 0x08, 0x40, 0xC1, 0x40, 0x06, 0x40, 0xC3, 0x07,
    0xC3, 0x80, 0x04, 0x40, 0x00, 0x80, 0xC3, 0x80, 0x40, 0x80, 0x01, 0xC9, 0x80, 0x40, 0xCD, 0x80, 0x40, 0xC3, 0x80, 0xC1, 0x40, 0x80, 0x01, 0x40,
    0xC2, 0x80, 0x06, 0x80, 0xC3, 0x05, 0x40, 0xC4, 0x80, 0x41, 0x01, 0x40, 0xC4, 0x41, 0xC1, 0x40, 0x01, 0x80, 0xC3, 0x00, 0x40, 0xC2, 0x02, 0x40,
    0xC3, 0x40, 0xC2, 0x80, 0x02, 0x40, 0xC2, 0x80, 0x40, 0xC1, 0x00, 0x80, 0xC2, 0x40, 0x07, 0x80, 0xC1, 0x09, 0xC1, 0x40, 0x06, 0x40, 0xC3, 0x07,
    0xC3, 0x80, 0x04, 0x40, 0x00, 0x80, 0xC3, 0x80, 0x40, 0x80, 0x01, 0xC9, 0x80, 0x40, 0xCD, 0x80, 0x40, 0xC3, 0x80, 0xC1, 0x40, 0x80, 0x02, 0xC2,
    0x80, 0x06, 0x80, 0xC3, 0x05, 0x40, 0xC4, 0x40, 0x03, 0x40, 0xC4, 0x40, 0x01, 0x41, 0x01, 0x80, 0xC3, 0x02, 0xC1, 0x02, 0x40, 0xC3, 0x00, 0x40,
    0xC1, 0x40, 0x02, 0x40, 0xC2, 0x80, 0x00, 0xC1, 0x00, 0x80, 0xC2, 0x80, 0x41, 0x05, 0xC2, 0x40, 0x08, 0xC1, 0x80, 0x06, 0x40, 0xC3, 0x07, 0xC3,
    0x80, 0x06, 0x80, 0xC3, 0x80, 0x00, 0x80, 0x01, 0xC9, 0x80, 0x40, 0xCE, 0x81, 0xC5, 0x40, 0xC0, 0x40, 0x01, 0xC2, 0x80, 0x01, 0x40, 0x03, 0x40,
    0xC3, 0x06, 0xC4, 0x40, 0x04, 0xC4, 0x80, 0x04, 0x40, 0x80, 0xC3, 0x03, 0x40, 0x02, 0x80, 0xC3, 0x02, 0xC0, 0x40, 0x02, 0x80, 0xC3, 0x01, 0xC0,
    0x00, 0x40, 0xC4, 0x80, 0x40, 0x03, 0x40, 0xC2, 0x80, 0x07, 0x40, 0xC1, 0x80, 0x07, 0xC3, 0x06, 0x40, 0xC3, 0x80, 0x06, 0xC4, 0x80, 0x01, 0x40,
    0x00, 0xC0, 0x80, 0xC7, 0x80, 0x00, 0xD6, 0x40, 0xC0, 0x80, 0x40, 0x00, 0x80, 0xC1, 0x80, 0x41, 0x80, 0x04, 0xC2, 0x80, 0x06, 0x80, 0xC3, 0x05,
    0x80, 0xC4, 0x40, 0x03, 0x40, 0xC4, 0x07, 0xC3, 0x80, 0x07, 0xC4, 0x02, 0x01, 0xC6, 0x40, 0x02, 0x80, 0xC3, 0x80, 0x06, 0xC3, 0x07, 0x80, 0xC2,
    0x06, 0x80, 0xC3, 0x80, 0x05, 0x40, 0xC4, 0x80, 0x01, 0x40, 0x00, 0x41, 0xC6, 0x40, 0xC0, 0x00, 0xD6, 0x40, 0xC2, 0x81, 0xC4, 0x80, 0x00, 0x80,
    0x02, 0x80, 0xC1, 0x40, 0x06, 0x40, 0xC2, 0x80, 0x06, 0xC4, 0x40, 0x03, 0x40, 0xC4, 0x80, 0x05, 0x80, 0xC3, 0x07, 0x80, 0xC3, 0x40, 0x02, 0x00,
    0x80, 0xC7, 0x02, 0x40, 0xC5, 0x80, 0x03, 0x40, 0xC3, 0x40, 0x06, 0x80, 0xC2, 0x40, 0x05, 0x80, 0xC4, 0x05, 0xC5, 0x80, 0x04, 0x80, 0xC5, 0x80,
    0x01, 0x81, 0xE0, 0x80, 0x00, 0xC0, 0x80, 0x41, 0x00, 0xC1, 0x41, 0x80, 0x05, 0x80, 0xC1, 0x07, 0x40, 0xC3, 0x05, 0x80, 0xC4, 0x40, 0x03, 0x40,
    0xC4, 0x40, 0x05, 0x40, 0xC3, 0x80, 0x03, 0x40, 0xC8, 0x80, 0x01, 0x40, 0xC6, 0x80, 0x02, 0x80, 0xC5, 0x40, 0x03, 0x40, 0xC3, 0x80, 0x06, 0xC4,
    0x04, 0x40, 0xC5, 0x80, 0x03, 0x40, 0xC6, 0x80, 0x02, 0x40, 0xC8, 0x81, 0xD5, 0x81, 0xC9, 0x01, 0xC0, 0x40, 0x02, 0xC1, 0x08, 0x80, 0xC1, 0x07,
    0x80, 0xC3, 0x04, 0x40, 0xC5, 0x05, 0xC4, 0x40, 0x03, 0x40, 0xC9, 0x01, 0xC8, 0x80, 0x01, 0x40, 0xC6, 0x80, 0x02, 0xC6, 0x40, 0x03, 0x40, 0xC4,
    0x40, 0x04, 0x40, 0xC4, 0x80, 0x03, 0xC7, 0x80, 0x02, 0xC8, 0x80, 0x40, 0x00, 0xE1, 0x01, 0xC8, 0x80, 0x01, 0x40, 0x03, 0x81, 0x08, 0x80, 0xC1,
    0x07, 0x80, 0xC3, 0x04, 0x80, 0xC5, 0x03, 0x80, 0xC9, 0x41, 0xC9, 0x40, 0x00, 0xC9, 0x01, 0x80, 0xC7, 0x02, 0xC7, 0x03, 0x80, 0xC5, 0x03, 0x40,
    0xC6, 0x80, 0x02, 0xC8, 0x80, 0x01, 0xCA, 0x80, 0xD5, 0x80, 0xC9, 0x80, 0x01, 0xC8, 0x40, 0x06, 0x40, 0x80, 0x08, 0x40, 0xC1, 0x06, 0x40, 0x80,
    0xC3, 0x40, 0x02, 0xCA, 0x41, 0xC9, 0x80, 0x40, 0xC9, 0x80, 0x00, 0xC9, 0x01, 0x80, 0xC7, 0x40, 0x00, 0x40, 0xC7, 0x80, 0x02, 0xC7, 0x02, 0x80,
    0xC7, 0x40, 0x01, 0xC9, 0x80, 0x40, 0xD7, 0x80, 0xC7, 0x83, 0xC7, 0x02, 0x81, 0xC6, 0x07, 0x80, 0xC0, 0x09, 0x81, 0x04, 0xCA, 0x00, 0xCA, 0x80,
    0x40, 0xCA, 0x40, 0xCA, 0x00, 0xC9, 0x80, 0x40, 0xC9, 0x00, 0xC9, 0x40, 0x00, 0x80, 0xC8, 0x01, 0xC9, 0x80, 0x00, 0xD7, 0x00, 0xC9, 0x80, 0x00,
    0xC7, 0x41, 0x01, 0xC7, 0x02, 0x40, 0x81, 0xC5, 0x06, 0x40, 0xC1, 0x40, 0x03, 0xC9, 0x40, 0x80, 0xCA, 0x00, 0xCB, 0x40, 0xCA, 0x40, 0xCA, 0x40,
    0xCA, 0x40, 0xD5, 0x40, 0xCA, 0x00, 0xCA, 0x80, 0xD7, 0x00, 0x80, 0xC8, 0x01, 0x80, 0xC6, 0x41, 0x01, 0xC6, 0x80, 0x03, 0x80, 0xC1, 0x80, 0x40,
    0xC2, 0x02, 0xC9, 0x00, 0xCA, 0x00, 0x80, 0xCA, 0x00, 0xCB, 0x80, 0xCA, 0x80, 0xD6, 0x80, 0xFF, 0xC5, 0x80, 0x01, 0xC7, 0x80, 0x01, 0x40, 0xC2,
    0x40, 0xC2, 0x80, 0x02, 0x80, 0xC1, 0x01, 0x80, 0xC0, 0x40, 0x02, 0xD5, 0x80, 0xCA, 0x00, 0xCB, 0x00, 0xD7, 0x80, 0xFF, 0xD7, 0x80, 0xC3, 0x81,
    0x01, 0x40, 0xC0, 0x40, 0x00, 0x80, 0xC2, 0x03, 0xC1, 0x40, 0x00, 0x40, 0xC1, 0x80, 0x01, 0xED, 0x00, 0xCA, 0x80, 0x00, 0xFF, 0xD6, 0x80, 0xC0,
    0x80, 0xC9, 0x80, 0x00, 0x80, 0xC3, 0x80, 0xC3, 0x01, 0x40, 0xC2, 0x80, 0x00, 0x40, 0x01, 0xC1, 0x00, 0x40, 0xC1, 0x80, 0x01, 0xF9, 0x80, 0xCA,
    0x00, 0x40, 0xCA, 0x80, 0xF2, 0x80, 0xC0, 0x80, 0xCA, 0x00, 0x40, 0xC8, 0x01, 0x40, 0xC9, 0x01, 0xC3, 0x40, 0xC4, 0x00, 0x40, 0xC2, 0x80, 0x00,
    0xFF, 0xD1, 0x81, 0xC9, 0x80, 0x00, 0xE8, 0x00, 0x40, 0xC8, 0x01, 0x40, 0xC8, 0x80, 0x01, 0xC9, 0x00, 0x40, 0xC4, 0x40, 0xC3, 0x00, 0x40, 0xC2,
    0x80, 0x40, 0xFF, 0xEA, 0x40, 0xCA, 0x40, 0xC2, 0x80, 0xC0, 0x00, 0x80, 0xC8, 0x40, 0x00, 0x40, 0xC8, 0x80, 0x01, 0xC9, 0x01, 0xC9, 0x00, 0x40,
    0xC9, 0x01, 0xC4, 0xFF, 0xEE, 0x80, 0xC0, 0x00, 0x80, 0xC8, 0x40, 0x00, 0x40, 0xC3, 0x80, 0xC3, 0x40, 0x01, 0xC9, 0x01, 0xC9, 0x00, 0x40, 0xC9,
    0x01, 0xC9, 0x01, 0x40, 0xC3, 0xFF, 0xE2, 0x80, 0xC0, 0x00, 0x80, 0xC8, 0x40, 0x00, 0x40, 0xC8, 0x40, 0x00, 0x40, 0xC9, 0x01, 0xC9, 0x01, 0xC9,
    0x01, 0xC9, 0x01, 0xC9, 0x80, 0x00, 0x40, 0xC3, 0xFF, 0xD6, 0x80, 0xC0, 0x40, 0xC9, 0x80, 0x00, 0x80, 0xC8, 0x01, 0x40, 0xC8, 0x80, 0x00, 0x40,
    0xC9, 0x00, 0x40, 0xC9, 0x01, 0xC9, 0x01, 0xC9, 0x40, 0x00, 0xCA, 0x00, 0x80, 0xC3, 0xFF, 0xD7, 0x80, 0x00, 0x80, 0xC8, 0x01, 0x40, 0xC8, 0x80,
    0x00, 0x80, 0xC8, 0x80, 0x00, 0x40, 0xC9, 0x00, 0x40, 0xC9, 0x01, 0xC9, 0x00, 0x40, 0xC9, 0x00, 0x80, 0xC9, 0x01, 0xC4, 0xFF, 0xCC, 0x40, 0x80,
    0xC8, 0x01, 0x40, 0xC8, 0x40, 0x00, 0x80, 0xC8, 0x80, 0x00, 0x80, 0xC9, 0x00, 0x40, 0xC8, 0x80, 0x01, 0xC8, 0x80, 0x01, 0xC8, 0x80, 0x00, 0x80,
    0xC8, 0x80, 0x00, 0xC9, 0x80, 0x00, 0xC5, 0xFF, 0xCB, 0x80, 0x00, 0x80, 0xC8, 0x01, 0x80, 0xC8, 0x40, 0x00, 0x80, 0xC8, 0x80, 0x00, 0x80, 0xC8,
    0x80, 0x00, 0x40, 0xC8, 0x40, 0x01, 0xC8, 0x40, 0x00, 0x40, 0xC8, 0x00, 0x40, 0xC9, 0x01, 0xC9, 0x81, 0xC5, 0xFF, 0xC0, 0x40, 0xC9, 0x01, 0x40,
    0xC8, 0x40, 0x00, 0x80, 0xC8, 0x40, 0x00, 0x80, 0xC8, 0x80, 0x00, 0x40, 0xC8, 0x40, 0x01, 0xC8, 0x02, 0xC8, 0x00, 0x40, 0x80, 0xC7, 0x80, 0x00,
    0x80, 0xC9, 0x40, 0xD2, 0xFF, 0x80, 0x00, 0x80, 0xC8, 0x40, 0x00, 0x40, 0xC8, 0x40, 0x00, 0x40, 0xC8, 0x40, 0x00, 0x80, 0xC8, 0x80, 0x00, 0x40,
    0xC8, 0x40, 0x01, 0xC7, 0x80, 0x02, 0xC7, 0x40, 0x00, 0x81, 0xC8, 0x40, 0xDE, 0xFF, 0x80, 0x00, 0x80, 0xC8, 0x40, 0x00, 0x40, 0xC8, 0x40, 0x00,
    0x40, 0xC8, 0x40, 0x00, 0x80, 0xC8, 0x80, 0x00, 0x40, 0xC8, 0x40, 0x01, 0xC7, 0x80, 0x02, 0xC7, 0x80, 0x00, 0xEA, 0xFF, 0x80, 0x00, 0x80, 0xC8,
    0x40, 0x00, 0x40, 0xC8, 0x40, 0x00, 0x40, 0xC8, 0x40, 0x00, 0x40, 0xC8, 0x80, 0x00, 0x40, 0xC8, 0x02, 0xC8, 0x02, 0xC8, 0x00, 0x81, 0xE8, 0xFF,
    0x80, 0x00, 0x80, 0xC8, 0x40, 0x00, 0x40, 0xC8, 0x40, 0x01, 0xC8, 0x80, 0x00, 0x40, 0xC8, 0x80, 0x00, 0x40, 0xC8, 0x80, 0x01, 0xC8, 0x40, 0x01,
    0xC8, 0x40, 0x00, 0x80, 0xC9, 0x40, 0xDD, 0xFF, 0x80, 0x00, 0x40, 0xC8, 0x01, 0x40, 0xC8, 0x80, 0x01, 0xC8, 0x80, 0x00, 0x40, 0xC9, 0x01, 0xC9,
    0x01, 0xC9, 0x01, 0xC9, 0x01, 0xC9, 0x01, 0xCA, 0x80, 0xD0, 0xFF, 0x80, 0x40, 0x00, 0xC8, 0x02, 0xC9, 0x40, 0x00, 0xC9, 0x01, 0xC9, 0x01, 0xC9,
    0x01, 0xC9, 0x01, 0xC9, 0x80, 0x00, 0xCA, 0x00, 0x40, 0xC9, 0x01, 0xCF, 0xF2, 0x80, 0xCB, 0x81, 0x00, 0xC8, 0x40, 0x01, 0xC9, 0x01, 0xC9, 0x40,
    0x00, 0xC9, 0x40, 0x00, 0xC9, 0x01, 0x80, 0xC8, 0x01, 0x80, 0xC8, 0x80, 0x00, 0x40, 0xC9, 0x80, 0x00, 0x80, 0xC9, 0x01, 0xC9, 0x41, 0xC2, 0xF2,
    0x80, 0xC1, 0x80, 0xC9, 0x80, 0x00, 0x80, 0xC7, 0x80, 0x40, 0x00, 0x80, 0xC8, 0x01, 0x80, 0xC8, 0x40, 0x00, 0x40, 0xC8, 0x40, 0x00, 0x80, 0xC8,
    0x40, 0x00, 0x80, 0xC8, 0x40, 0x00, 0x40, 0xC8, 0x80, 0x01, 0xC9, 0x80, 0x40, 0x00, 0xC9, 0x40, 0x00, 0x40, 0xC9, 0x00, 0x40, 0xC1, 0xF5, 0x80,
    0xC8, 0x80, 0xC0, 0x00, 0x40, 0xC7, 0x80, 0x40, 0x00, 0x40, 0xC8, 0x01, 0x40, 0xC8, 0x80, 0x01, 0xC8, 0x80, 0x00, 0x40, 0xC8, 0x80, 0x00, 0x40,
    0xC8, 0x80, 0x01, 0xC8, 0x80, 0x01, 0x80, 0xC8, 0x41, 0x00, 0xC9, 0x80, 0x01, 0xC9, 0x01, 0xC1, 0xF5, 0x80, 0xC8, 0x80, 0xC0, 0x01, 0xC8, 0x80,
    0x01, 0xC8, 0x02, 0xC8, 0x80, 0x01, 0x80, 0xC8, 0x01, 0x80, 0xC8, 0x01, 0xC8, 0x80, 0x01, 0xC8, 0x80, 0x01, 0xC9, 0x00, 0x40, 0x00, 0xC9, 0x80,
    0x00, 0x40, 0xC9, 0x01, 0x80, 0xC0, 0xF3, 0x80, 0xC1, 0x80, 0xC7, 0x80, 0xC0, 0x01, 0xC8, 0x80, 0x40, 0x00, 0x80, 0xC7, 0x02, 0x80, 0xC7, 0x40,
    0x01, 0x40, 0xC8, 0x01, 0x40, 0xC8, 0x01, 0x80, 0xC8, 0x01, 0x80, 0xC8, 0x01, 0x80, 0xC7, 0x80, 0x01, 0x40, 0xC8, 0x80, 0x40, 0x00, 0x80, 0xC9,
    0x01, 0xC1, 0xF3, 0x80, 0xC1, 0x80, 0xC7, 0x80, 0xC0, 0x40, 0x00, 0x80, 0xC7, 0x81, 0x00, 0x40, 0xC7, 0x02, 0x40, 0xC7, 0x00, 0x40, 0x00, 0x40,
    0xC8, 0x40, 0x01, 0xC8, 0x40, 0x01, 0xC8, 0x01, 0x40, 0xC8, 0x01, 0x40, 0xC8, 0x01, 0x40, 0xC8, 0x02, 0xC9, 0x40, 0x00, 0x80, 0xC1, 0xF3, 0x80,
    0xC1, 0x80, 0xC7, 0x80, 0xC0, 0x80, 0x00, 0x40, 0xC7, 0x40, 0x80, 0x01, 0xC7, 0x03, 0xC7, 0x00, 0x40, 0x01, 0xC8, 0x40, 0x01, 0xC8, 0x40, 0x01,
    0xC8, 0x40, 0x01, 0xC8, 0x40, 0x01, 0xC8, 0x02, 0xC8, 0x01, 0x40, 0xC8, 0x40, 0x01, 0xC2, 0xE7, 0x80, 0xCA, 0x80, 0xC1, 0x81, 0xC8, 0x80, 0x01,
    0xC7, 0x40, 0xC0, 0x01, 0xC7, 0x03, 0xC7, 0x41, 0x01, 0xC7, 0x81, 0x01, 0xC8, 0x02, 0xC8, 0x40, 0x01, 0xC8, 0x40, 0x01, 0xC8, 0x40, 0x01, 0xC8,
    0x02, 0xC8, 0x40, 0x00, 0x40, 0xC2, 0xE7, 0x80, 0xCD, 0x81, 0xC7, 0x80, 0xC0, 0x01, 0xC7, 0x00, 0x80, 0x01, 0x80, 0xC6, 0x40, 0x02, 0x80, 0xC6,
    0x41, 0x01, 0x80, 0xC6, 0x80, 0xC0, 0x01, 0xC7, 0x80, 0x02, 0xC8, 0x40, 0x01, 0x80, 0xC7, 0x40, 0x01, 0x80, 0xC7, 0x02, 0x40, 0xC7, 0x02, 0x80,
    0xC7, 0x02, 0x80, 0xC1, 0xE8, 0x80, 0xCA, 0x80, 0xC1, 0x80, 0xC7, 0x80, 0xC0, 0x01, 0x80, 0xC6, 0x00, 0x80, 0x01, 0x40, 0xC6, 0x40, 0x02, 0x40,
    0xC6, 0x40, 0x02, 0x40, 0xC6, 0x80, 0xC0, 0x01, 0x80, 0xC6, 0x40, 0x02, 0x80, 0xC6, 0x80, 0x02, 0x80, 0xC6, 0x81, 0x01, 0x80, 0xC6, 0x81, 0x01,
    0x40, 0xC6, 0x40, 0x02, 0x40, 0xC6, 0x40, 0x02, 0x40, 0xC1, 0xE8, 0x80, 0xCA, 0x80, 0xC1, 0x80, 0xC7, 0x80, 0xC0, 0x01, 0x40, 0xC6, 0x42, 0x01,
    0xC6, 0x40, 0x03, 0xC6, 0x40, 0x03, 0xC6, 0x80, 0xC0, 0x40, 0x00, 0x40, 0xC6, 0x03, 0x40, 0xC6, 0x80, 0x02, 0x40, 0xC6, 0x80, 0x02, 0x40, 0xC6,
    0x80, 0xC0, 0x01, 0x40, 0xC6, 0x81, 0x02, 0xC5, 0x80, 0x41, 0x02, 0xC1, 0xDD, 0x80, 0xCA, 0x80, 0xCA, 0x80, 0xC0, 0x40, 0x80, 0xC6, 0x80, 0xC0,
    0x02, 0xC6, 0x80, 0x41, 0x01, 0xC6, 0x80, 0x03, 0xC6, 0x40, 0x03, 0xC6, 0x81, 0x02, 0xC6, 0x00, 0x40, 0x01, 0x40, 0xC6, 0x40, 0x03, 0xC6, 0x40,
    0x03, 0xC5, 0x80, 0xC1, 0x02, 0xC5, 0x80, 0xC1, 0x02, 0xC5, 0x00, 0xC0, 0x80, 0x02, 0x80, 0xC0, 0xDD, 0x80, 0xCA, 0x80, 0xCA, 0x80, 0xC0, 0x40,
    0x80, 0xC7, 0x80, 0x40, 0x01, 0x80, 0xC5, 0x80, 0x00, 0x40, 0x01, 0x80, 0xC5, 0x80, 0x03, 0x80, 0xC5, 0x80, 0x03, 0x80, 0xC5, 0x80, 0x40, 0x02,
    0xC6, 0x40, 0x80, 0x40, 0x01, 0xC6, 0x04, 0xC5, 0x80, 0x40, 0x03, 0xC5, 0x81, 0x40, 0x02, 0xC5, 0x80, 0xC1, 0x02, 0x80, 0xC4, 0x40, 0xC0, 0x80,
    0x02, 0x80, 0xC0, 0xDD, 0x80, 0xCA, 0x40, 0xCA, 0x80, 0xC0, 0x41, 0xC7, 0x80, 0x40, 0x01, 0x40, 0xC5, 0x80, 0x00, 0x80, 0x01, 0x40, 0xC5, 0x80,
    0x41, 0x01, 0x40, 0xC5, 0x80, 0x03, 0x40, 0xC5, 0x80, 0x40, 0x02, 0x40, 0xC5, 0x80, 0xC0, 0x02, 0x80, 0xC4, 0x80, 0x04, 0xC5, 0x80, 0x04, 0x80,
    0xC4, 0x80, 0x04, 0x80, 0xC4, 0x80, 0xC1, 0x40, 0x01, 0x40, 0xC4, 0x80, 0xC1, 0x02, 0x40, 0xC0, 0xDD, 0x81, 0xC9, 0x80, 0xCA, 0x40, 0xC0, 0x40,
    0x00, 0x80, 0xC6, 0x80, 0x40, 0x02, 0xC6, 0x00, 0x80, 0x02, 0xC5, 0x80, 0x41, 0x02, 0xC5, 0x80, 0x40, 0x03, 0xC5, 0x80, 0x40, 0x03, 0xC5, 0x81,
    0x03, 0xC4, 0x80, 0x40, 0x80, 0x40, 0x01, 0x40, 0xC4, 0x40, 0x04, 0x80, 0xC4, 0x80, 0x04, 0x40, 0xC4, 0x06, 0xC4, 0x80, 0xC1, 0x40, 0x02, 0xC0,
    0xDD, 0x81, 0xC9, 0x80, 0xCA, 0x40, 0xC0, 0x40, 0x01, 0xC6, 0x41, 0x02, 0x80, 0xC5, 0x00, 0x80, 0x02, 0x40, 0xC4, 0x80, 0x00, 0x80, 0x02, 0x40,
    0xC4, 0x81, 0x03, 0x80, 0xC4, 0x80, 0x04, 0x80, 0xC4, 0x81, 0x03, 0x80, 0xC3, 0x81, 0xC0, 0x03, 0xC4, 0x01, 0x40, 0x03, 0xC4, 0x40, 0x05, 0xC4,
    0x40, 0x05, 0xC4, 0x06, 0xC0, 0xDD, 0x81, 0xC9, 0x80, 0xCA, 0x40, 0xC0, 0x02, 0x40, 0xC5, 0x40, 0x80, 0x03, 0xC5, 0x40, 0xC0, 0x03, 0xC4, 0x80,
    0x00, 0x80, 0x03, 0xC4, 0x40, 0xC0, 0x04, 0xC4, 0x41, 0x04, 0xC4, 0x80, 0x40, 0x04, 0xC3, 0x82, 0x03, 0x40, 0xC3, 0x41, 0xC0, 0x03, 0x40, 0xC3,
    0x06, 0x80, 0xC3, 0x40, 0x05, 0xC4, 0x06, 0x80, 0xDD, 0x81, 0xC9, 0x40, 0xC1, 0x81, 0xC6, 0x40, 0xC0, 0x03, 0xC5, 0x40, 0x80, 0x03, 0xC5, 0x40,
    0xC0, 0x03, 0xC4, 0x40, 0x00, 0xC0, 0x03, 0xC4, 0x43, 0x02, 0xC4, 0x40, 0x80, 0x04, 0xC4, 0x40, 0x05, 0xC3, 0x81, 0x40, 0x04, 0xC3, 0x40, 0xC1,
    0x04, 0xC3, 0x01, 0x40, 0x04, 0xC3, 0x07, 0xC3, 0x40, 0x05, 0x40, 0xDD, 0x40, 0xCA, 0x40, 0xC1, 0x41, 0x80, 0xC5, 0x40, 0xC0, 0x03, 0xC5, 0x40,
    0xC0, 0x03, 0xC4, 0x81, 0xC0, 0x03, 0xC4, 0x40, 0x00, 0xC0, 0x03, 0xC4, 0x40, 0x00, 0x80, 0x40, 0x02, 0xC4, 0x40, 0xC0, 0x04, 0xC4, 0x40, 0x05,
    0xC3, 0x81, 0x05, 0xC3, 0x40, 0xC0, 0x40, 0x04, 0xC3, 0x00, 0x81, 0x04, 0xC2, 0x80, 0x07, 0xC3, 0x07, 0xDD, 0x40, 0xCA, 0x40, 0xC1, 0x01, 0x40,
    0xC5, 0x40, 0xC0, 0x03, 0xC5, 0x40, 0xC0, 0x03, 0xC4, 0x81, 0xC0, 0x03, 0xC4, 0x40, 0x00, 0xC0, 0x03, 0xC4, 0x40, 0x00, 0xC0, 0x40, 0x02, 0xC4,
    0x40, 0x80, 0x40, 0x03, 0xC4, 0x41, 0x04, 0xC3, 0x81, 0x05, 0xC3, 0x40, 0xC0, 0x05, 0xC3, 0x00, 0xC0, 0x40, 0x04, 0xC2, 0x80, 0x07, 0xC2, 0x80,
    0x07, 0xDD, 0x80, 0xCA, 0x00, 0xC0, 0x80, 0x02, 0xC5, 0x40, 0xC0, 0x03, 0xC5, 0x80, 0xC0, 0x03, 0xC4, 0x81, 0xC0, 0x03, 0xC4, 0x00, 0x40, 0xC0,
    0x03, 0xC4, 0x01, 0xC0, 0x40, 0x02, 0xC4, 0x40, 0x80, 0x40, 0x03, 0xC4, 0x40, 0x80, 0x04, 0xC4, 0x40, 0x05, 0xC3, 0x81, 0x05, 0xC3, 0x40, 0xC0,
    0x05, 0xC3, 0x00, 0x40, 0x05, 0xC2, 0x80, 0x07, 0x80, 0xDC, 0x80, 0xCA, 0x00, 0xC0, 0x80, 0x02, 0xC5, 0x40, 0xC0, 0x03, 0xC5, 0x80, 0xC0, 0x03,
    0xC4, 0x81, 0xC0, 0x03, 0xC4, 0x41, 0xC0, 0x03, 0xC4, 0x01, 0xC0, 0x80, 0x02, 0xC4, 0x41, 0x80, 0x03, 0xC4, 0x40, 0x80, 0x04, 0xC4, 0x40, 0x05,
    0xC3, 0x81, 0x05, 0xC3, 0x40, 0x80, 0x05, 0xC3, 0x00, 0x40, 0x05, 0xC2, 0x80, 0x07, 0x40, 0xDC, 0x80, 0xCA, 0x00, 0xC0, 0x80, 0x02, 0xC5, 0x40,
    0xC0, 0x03, 0xC5, 0x40, 0xC0, 0x03, 0xC4, 0x81, 0xC0, 0x03, 0xC4, 0x41, 0xC0, 0x03, 0xC4, 0x01, 0xC0, 0x80, 0x02, 0xC4, 0x41, 0x80, 0x03, 0xC4,
    0x40, 0x80, 0x04, 0xC4, 0x40, 0x05, 0xC4, 0x40, 0x05, 0xC3, 0x81, 0x05, 0xC3, 0x07, 0xC3, 0x07, 0xCB, 0x40, 0xD0, 0x80, 0xCA, 0x00, 0xC0, 0x80,
    0x02, 0xC5, 0x40, 0xC0, 0x03, 0xC5, 0x40, 0xC0, 0x03, 0xC5, 0x80, 0xC0, 0x03, 0xC4, 0x41, 0xC0, 0x03, 0xC4, 0x01, 0xC0, 0x80, 0x02, 0xC4, 0x40,
    0x00, 0x80, 0x03, 0xC4, 0x40, 0xC0, 0x04, 0xC4, 0x40, 0x05, 0xC4, 0x40, 0x05, 0xC3, 0x81, 0x05, 0xC3, 0x07, 0xC3, 0x07, 0xCB, 0x40, 0xD0, 0x80,
    0xCA, 0x00, 0xC0, 0x80, 0x02, 0xC5, 0x40, 0xC0, 0x03, 0xC5, 0x40, 0xC0, 0x03, 0xC5, 0x40, 0xC0, 0x03, 0xC4, 0x41, 0xC0, 0x03, 0xC4, 0x01, 0xC0,
    0x80, 0x02, 0xC4, 0x40, 0x00, 0x80, 0x03, 0xC4, 0x40, 0x80, 0x04, 0xC4, 0x40, 0x05, 0xC4, 0x06, 0xC3, 0x80, 0x40, 0x05, 0xC3, 0x07, 0xC3, 0x07,
    0xCB, 0x80, 0xDC, 0x00, 0xC0, 0x80, 0x02, 0xC5, 0x40, 0xC0, 0x03, 0xC5, 0x40, 0xC0, 0x03, 0xC5, 0x40, 0xC0, 0x03, 0xC4, 0x80, 0x40, 0xC0, 0x03,
    0xC4, 0x01, 0xC0, 0x80, 0x02, 0xC4, 0x01, 0xC0, 0x03, 0xC4, 0x40, 0x05, 0xC4, 0x41, 0x04, 0xC4, 0x06, 0xC3, 0x80, 0x40, 0x05, 0xC3, 0x07, 0xC3,
    0x07, 0xE9, 0x00, 0xC0, 0x80, 0x02, 0xC5, 0x40, 0xC0, 0x03, 0xC5, 0x40, 0xC0, 0x03, 0xC5, 0x40, 0xC0, 0x03, 0xC4, 0x80, 0x40, 0xC0, 0x03, 0xC4,
    0x00, 0x40, 0xC0, 0x80, 0x02, 0xC4, 0x01, 0xC0, 0x03, 0xC4, 0x40, 0x05, 0xC4, 0x41, 0x04, 0xC4, 0x06, 0xC3, 0x80, 0x06, 0xC3, 0x07, 0xC3, 0x07,
    0xE9, 0x00, 0xC0, 0x80, 0x02, 0xC5, 0x40, 0xC0, 0x03, 0xC5, 0x40, 0xC0, 0x03, 0xC5, 0x40, 0xC0, 0x03, 0xC4, 0x80, 0x40, 0xC0, 0x03, 0xC4, 0x00,
    0x40, 0xC0, 0x40, 0x02, 0xC4, 0x01, 0xC0, 0x03, 0xC4, 0x40, 0x00, 0x40, 0x03, 0xC4, 0x06, 0xC4, 0x06, 0xC3, 0x80, 0x06, 0xC3, 0x40, 0x06, 0xC3,
    0x07, 0xE9, 0x00, 0xC0, 0x80, 0x02, 0xC5, 0x40, 0xC0, 0x03, 0xC5, 0x40, 0xC0, 0x03, 0xC5, 0x40, 0xC0, 0x03, 0xC4, 0x80, 0x40, 0xC0, 0x03, 0xC4,
    0x00, 0x40, 0xC0, 0x40, 0x02, 0xC3, 0x80, 0x00, 0x40, 0xC0, 0x03, 0xC4, 0x01, 0x40, 0x03, 0xC4, 0x06, 0xC4, 0x06, 0xC3, 0x80, 0x06, 0xC3, 0x40,
    0x06, 0xC3, 0x07, 0xE9, 0x40, 0xC0, 0x40, 0x02, 0xC5, 0x40, 0xC0, 0x03, 0xC5, 0x40, 0xC0, 0x03, 0xC5, 0x40, 0xC0, 0x03, 0xC4, 0x80, 0x40, 0xC0,
    0x03, 0xC3, 0x80, 0x41, 0xC0, 0x40, 0x02, 0xC3, 0x40, 0x00, 0x80, 0xC0, 0x03, 0xC4, 0x00, 0x41, 0x03, 0xC4, 0x06, 0xC4, 0x06, 0xC3, 0x80, 0x06,
    0xC3, 0x80, 0x06, 0xC3, 0x07, 0xE9, 0x40, 0xC0, 0x40, 0x02, 0xC5, 0x40, 0x80, 0x03, 0xC5, 0x40, 0x80, 0x03, 0xC5, 0x40, 0xC0, 0x03, 0xC5, 0x40,
    0xC0, 0x03, 0xC3, 0x00, 0x41, 0xC0, 0x40, 0x02, 0xC3, 0x01, 0x80, 0xC0, 0x03, 0xC3, 0x80, 0x00, 0x80, 0x40, 0x03, 0xC3, 0x80, 0x06, 0xC3, 0x40,
    0x06, 0xC3, 0x40, 0x06, 0xC3, 0x80, 0x06, 0xC3, 0x07, 0xE3, 0x80, 0xC4, 0x80, 0xC0, 0x40, 0x02, 0xC5, 0x00, 0x80, 0x03, 0xC5, 0x40, 0x80, 0x03,
    0xC5, 0x40, 0xC0, 0x03, 0xC5, 0x40, 0xC0, 0x03, 0xC2, 0x40, 0x00, 0x80, 0x40, 0xC0, 0x40, 0x02, 0xC2, 0x40, 0x01, 0x80, 0xC0, 0x03, 0xC3, 0x40,
    0x00, 0x80, 0x40, 0x03, 0xC3, 0x07, 0xC3, 0x07, 0xC3, 0x07, 0xC3, 0x07, 0xC3, 0x40, 0x06, 0xE9, 0x80, 0xC0, 0x40, 0x02, 0x40, 0xC4, 0x00, 0x80,
    0x03, 0xC5, 0x40, 0x80, 0x03, 0xC5, 0x40, 0x80, 0x03, 0xC2, 0x80, 0xC1, 0x40, 0xC0, 0x03, 0xC2, 0x00, 0x40, 0x80, 0x40, 0xC0, 0x40, 0x02, 0xC2,
    0x01, 0x81, 0xC0, 0x03, 0xC3, 0x01, 0x80, 0x40, 0x03, 0xC2, 0x40, 0x07, 0xC2, 0x40, 0x07, 0xC2, 0x40, 0x07, 0xC2, 0x80, 0x07, 0xC3, 0x01, 0x40,
    0x04, 0xEB, 0x40, 0x02, 0x80, 0xC4, 0x00, 0x80, 0x03, 0xC5, 0x40, 0x80, 0x03, 0xC5, 0x40, 0x80, 0x03, 0xC5, 0x40, 0xC0, 0x03, 0xC1, 0x40, 0x00,
    0xC0, 0x81, 0xC0, 0x40, 0x02, 0xC1, 0x40, 0x00, 0x40, 0x81, 0xC0, 0x03, 0xC2, 0x40, 0x01, 0x80, 0x40, 0x03, 0xC2, 0x08, 0xC2, 0x08, 0xC2, 0x08,
    0xC2, 0x40, 0x01, 0x40, 0x04, 0xC2, 0x80, 0x01, 0xC0, 0x40, 0x03, 0xEB, 0x40, 0x02, 0xC0, 0x80, 0xC3, 0x00, 0x80, 0x03, 0xC0, 0x80, 0xC3, 0x40,
    0x80, 0x03, 0xC5, 0x40, 0x80, 0x03, 0xC1, 0x80, 0xC2, 0x80, 0xC0, 0x03, 0xC1, 0x00, 0x40, 0xC0, 0x81, 0xC0, 0x40, 0x02, 0xC1, 0x01, 0x82, 0xC0,
    0x03, 0xC2, 0x02, 0x41, 0x03, 0xC1, 0x80, 0x08, 0xC1, 0x40, 0x08, 0xC1, 0x80, 0x08, 0xC2, 0x02, 0x80, 0x04, 0xC2, 0x40, 0x00, 0x40, 0xC0, 0x40,
    0x03, 0xEB, 0x40, 0x02, 0xC0, 0x80, 0xC3, 0x40, 0x80, 0x03, 0xC0, 0x80, 0xC3, 0x40, 0x80, 0x03, 0xC5, 0x81, 0x03, 0xC4, 0x81, 0xC0, 0x03, 0xC0,
    0x40, 0x00, 0xC1, 0x81, 0xC0, 0x40, 0x02, 0xC1, 0x40, 0x00, 0xC0, 0x81, 0xC0, 0x03, 0xC2, 0x01, 0x41, 0x04, 0xC1, 0x40, 0x08, 0xC1, 0x09, 0xC1,
    0x09, 0xC1, 0x40, 0x02, 0xC0, 0x04, 0xC2, 0x01, 0x40, 0xC0, 0x40, 0x03, 0xEB, 0x40, 0x02, 0xC4, 0x80, 0x40, 0x80, 0x03, 0xC0, 0x80, 0xC3, 0x81,
    0x03, 0xC4, 0x82, 0x03, 0xC0, 0x80, 0xC2, 0x81, 0xC0, 0x03, 0xC0, 0x00, 0x40, 0xC1, 0x81, 0xC0, 0x40, 0x02, 0xC0, 0x80, 0x41, 0xC0, 0x40, 0x80,
    0xC0, 0x03, 0xC1, 0x80, 0x01, 0x41, 0x04, 0xC1, 0x09, 0xC1, 0x09, 0xC1, 0x09, 0xC1, 0x03, 0xC0, 0x04, 0xC1, 0x80, 0x01, 0x40, 0xC0, 0x40, 0x03,
    0xEB, 0x40, 0x02, 0xC4, 0x81, 0x40, 0x03, 0xC0, 0x81, 0xC1, 0x81, 0x40, 0x03, 0xC4, 0x82, 0x03, 0xC4, 0x80, 0xC1, 0x03, 0x80, 0x00, 0x80, 0xC1,
    0x40, 0xC1, 0x40, 0x02, 0xC0, 0x80, 0x00, 0x40, 0xC0, 0x40, 0xC1, 0x03, 0xC1, 0x40, 0x00, 0x42, 0x04, 0xC0, 0x80, 0x09, 0xC0, 0x80, 0x09, 0xC0,
    0x80, 0x03, 0x40, 0x04, 0xC1, 0x02, 0x40, 0xC0, 0x04, 0xC1, 0x40, 0x01, 0x40, 0xC0, 0x40, 0x03, 0xEB, 0x40, 0x02, 0xC4, 0x81, 0x40, 0x03, 0xC0,
    0x40, 0x80, 0xC1, 0x80, 0xC0, 0x40, 0x03, 0xC4, 0x80, 0xC0, 0x80, 0x03, 0x80, 0xC3, 0x40, 0xC1, 0x04, 0x40, 0xC2, 0x40, 0xC1, 0x40, 0x02, 0xC0,
    0x40, 0x00, 0x80, 0xC0, 0x40, 0xC1, 0x03, 0xC1, 0x01, 0x80, 0x41, 0x04, 0xC0, 0x40, 0x09, 0xC0, 0x0A, 0xC0, 0x40, 0x03, 0x40, 0x04, 0xC0, 0x80,
    0x02, 0x40, 0xC0, 0x04, 0xC1, 0x40, 0x01, 0x40, 0xC0, 0x40, 0x03, 0xEB, 0x03, 0xC4, 0x40, 0x80, 0x40, 0x03, 0xC0, 0x80, 0xC2, 0x40, 0xC0, 0x40,
    0x03, 0xC4, 0x40, 0xC0, 0x80, 0x03, 0xC4, 0x40, 0xC1, 0x04, 0x40, 0xC2, 0x40, 0xC1, 0x40, 0x02, 0x80, 0x40, 0x00, 0x80, 0xC0, 0x00, 0xC1, 0x03,
    0xC1, 0x01, 0xC0, 0x00, 0x40, 0x04, 0xC0, 0x0A, 0xC0, 0x0A, 0xC0, 0x04, 0x40, 0x04, 0xC0, 0x40, 0x02, 0x40, 0xC0, 0x04, 0xC1, 0x02, 0x40, 0xC0,
    0x40, 0x03, 0xEB, 0x03, 0xC4, 0x40, 0xC0, 0x40, 0x03, 0xC4, 0x40, 0xC0, 0x40, 0x03, 0xC0, 0x40, 0xC2, 0x40, 0xC0, 0x80, 0x03, 0xC4, 0x40, 0xC0,
    0x80, 0x03, 0x41, 0xC2, 0x40, 0xC1, 0x40, 0x04, 0x40, 0x80, 0xC0, 0x00, 0xC1, 0x04, 0x40, 0x01, 0xC0, 0x1E, 0x80, 0x03, 0x40, 0x80, 0x04, 0xC0,
    0x03, 0x40, 0xC0, 0x04, 0xC0, 0x80, 0x01, 0x41, 0xC0, 0x40, 0x03, 0xEB, 0x03, 0xC4, 0x40, 0xC0, 0x40, 0x03, 0xC4, 0x40, 0xC0, 0x40, 0x03, 0x81,
    0xC2, 0x40, 0xC0, 0x80, 0x03, 0xC4, 0x40, 0xC0, 0x80, 0x03, 0x41, 0xC2, 0x40, 0xC1, 0x03, 0x80, 0x00, 0x40, 0xC1, 0x00, 0xC1, 0x04, 0x40, 0x01,
    0xC0, 0x23, 0x40, 0x80, 0x04, 0xC0, 0x03, 0x40, 0xC0, 0x04, 0xC0, 0x40, 0x01, 0x41, 0xC0, 0x40, 0x03, 0xEB, 0x03, 0xC4, 0x40, 0xC0, 0x40, 0x03,
    0xC4, 0x40, 0xC0, 0x40, 0x03, 0x40, 0xC3, 0x40, 0xC0, 0x80, 0x03, 0x40, 0xC3, 0x40, 0xC0, 0x80, 0x04, 0x40, 0xC2, 0x40, 0xC1, 0x06, 0xC1, 0x00,
    0xC1, 0x07, 0xC0, 0x23, 0x40, 0x80, 0x04, 0x40, 0x03, 0x40, 0xC0, 0x04, 0xC0, 0x40, 0x01, 0x41, 0xC0, 0x40, 0x03, 0x01, 0xC9, 0x00, 0x40, 0xC9,
    0x00, 0x40, 0xC9, 0x00, 0xC6, 0x04, 0xC3, 0x40, 0xC0, 0x40, 0x03, 0x40, 0xC3, 0x40, 0xC0, 0x05, 0xC3, 0x40, 0xC0, 0x80, 0x04, 0xC3, 0x40, 0xC0,
    0x80, 0x05, 0xC2, 0x40, 0xC1, 0x06, 0xC1, 0x00, 0xC1, 0x07, 0xC0, 0x23, 0x40, 0x80, 0x04, 0x40, 0x03, 0x80, 0xC0, 0x04, 0x40, 0x02, 0x40, 0x80,
    0xC0, 0x04, 0x00, 0x80, 0x40, 0xC8, 0x01, 0x40, 0xC8, 0x01, 0x80, 0xC8, 0x01, 0xC5, 0x04, 0x40, 0xC2, 0x00, 0xC0, 0x05, 0xC3, 0x40, 0xC0, 0x05,
    0xC3, 0x40, 0xC0, 0x40, 0x04, 0x40, 0xC2, 0x40, 0xC0, 0x80, 0x05, 0xC2, 0x40, 0xC1, 0x06, 0x80, 0xC0, 0x00, 0xC1, 0x07, 0x80, 0x23, 0x41, 0x09,
    0x80, 0xC0, 0x08, 0x40, 0x80, 0xC0, 0x04, 0x40, 0x00, 0xC9, 0x02, 0x80, 0xC7, 0x02, 0x81, 0xC6, 0x02, 0xC3, 0x80, 0x05, 0x80, 0xC1, 0x00, 0xC0,
    0x06, 0xC2, 0x40, 0xC0, 0x06, 0xC2, 0x40, 0xC0, 0x40, 0x06, 0xC1, 0x40, 0xC0, 0x40, 0x06, 0x40, 0xC0, 0x40, 0xC1, 0x08, 0x40, 0xC0, 0x80, 0x27,
    0x40, 0x03, 0x80, 0x40, 0x04, 0x40, 0x03, 0xC1, 0x04, 0x80, 0x02, 0x40, 0xC1, 0x04, 0x02, 0xC8, 0x02, 0xC8, 0x02, 0x41, 0xC6, 0x02, 0x41, 0xC1,
    0x40, 0x02, 0x40, 0x02, 0x83, 0x04, 0x80, 0x01, 0xC0, 0x82, 0x04, 0xC0, 0x01, 0xC0, 0x81, 0xC0, 0x07, 0x40, 0x81, 0xC0, 0x09, 0x80, 0xC0, 0x80,
    0x0A, 0x40, 0x2C, 0xC0, 0x05, 0xC0, 0x40, 0x02, 0xC0, 0x40, 0x04, 0xC0, 0x01, 0x40, 0x00, 0xC0, 0x80, 0x04, 0x02, 0x80, 0xC7, 0x40, 0x01, 0x80,
    0xC7, 0x80, 0x02, 0xC8, 0x02, 0x80, 0xC1, 0x03, 0xC0, 0x80, 0x40, 0x02, 0xC0, 0x05, 0xC0, 0x80, 0x02, 0xC0, 0x05, 0xC1, 0x01, 0x40, 0xC0, 0x80,
    0x04, 0xC0, 0x40, 0x02, 0xC1, 0x04, 0x40, 0x03, 0xC1, 0x0A, 0x80, 0x34, 0xC1, 0x01, 0x80, 0xC0, 0x05, 0xC0, 0x40, 0x01, 0x80, 0xC0, 0x05, 0xC0,
    0x00, 0x41, 0xC8, 0x02, 0xC8, 0x02, 0x80, 0xC7, 0x40, 0x01, 0x80, 0xC0, 0x40, 0x02, 0x40, 0xC1, 0x40, 0x02, 0x80, 0x04, 0x80, 0xC2, 0x00, 0x40,
    0x80, 0x04, 0x40, 0xC1, 0x80, 0x00, 0x40, 0xC0, 0x05, 0xC1, 0x02, 0xC0, 0x40, 0x04, 0xC0, 0x03, 0x40, 0x80, 0x04, 0x40, 0x04, 0x40, 0x03, 0x40,
    0x0A, 0x40, 0x0A, 0x40, 0x0A, 0x40, 0x0B, 0x81, 0x01, 0x41, 0x05, 0xC1, 0x01, 0xC0, 0x80, 0x05, 0xC2, 0x01, 0x80, 0xC7, 0x40, 0x01, 0x80, 0xC7,
    0x02, 0x80, 0xC6, 0x80, 0x02, 0x40, 0x03, 0xC2, 0x80, 0x07, 0x40, 0xC3, 0x07, 0xC3, 0x01, 0x40, 0x04, 0x80, 0xC1, 0x08, 0x80, 0xC0, 0x80, 0x08,
    0xC1, 0x09, 0xC0, 0x40, 0x09, 0xC0, 0x0A, 0xC0, 0x0A, 0xC0, 0x0A, 0x81, 0x41, 0x00, 0x80, 0x05, 0x80, 0xC2, 0x00, 0xC0, 0x05, 0x80, 0xC3, 0x00,
    0x81, 0xC6, 0x80, 0x40, 0x01, 0x80, 0xC5, 0x81, 0x40, 0x01, 0x40, 0xC6, 0x41, 0x04, 0x80, 0xC2, 0x81, 0x06, 0xC4, 0x06, 0x80, 0xC3, 0x00, 0x40,
    0x04, 0x40, 0xC2, 0x80, 0x06, 0x40, 0xC2, 0x40, 0x06, 0x40, 0xC2, 0x07, 0x40, 0xC1, 0x40, 0x07, 0x40, 0xC0, 0x40, 0x08, 0x40, 0xC0, 0x09, 0x40,
    0xC1, 0x80, 0x40, 0x06, 0x40, 0xC3, 0x07, 0xC3, 0x07, 0xC0, 0xC3, 0x40, 0x80, 0xC9, 0x01, 0x40, 0x80, 0xC6, 0x40, 0x01, 0x40, 0x80, 0xC6, 0x40,
    0x03, 0x40, 0xC5, 0x05, 0x80, 0xC4, 0x40, 0x05, 0xC4, 0x80, 0x05, 0xC4, 0x06, 0xC3, 0x07, 0xC1, 0x80, 0x08, 0xC1, 0x09, 0xC1, 0x09, 0xC1, 0x80,
    0x08, 0xC5, 0x05, 0xC5, 0x05, 0xC5, 0x05, 0xC1, 0xC2, 0x80, 0x01, 0xC8, 0x80, 0x01, 0x40, 0xC8, 0x02, 0x41, 0xC6, 0x03, 0x40, 0xC6, 0x03, 0x40,
    0xC6, 0x40, 0x03, 0xC6, 0x40, 0x03, 0x80, 0xC5, 0x04, 0x80, 0xC4, 0x05, 0xC2, 0x80, 0x40, 0x07, 0x80, 0xC0, 0x0A, 0x40, 0x0A, 0xC1, 0x40, 0x06,
    0x40, 0xC3, 0x80, 0x05, 0x80, 0xC6, 0x03, 0x80, 0xC5, 0x80, 0x03, 0x80, 0xC1, 0xC2, 0x80, 0x02, 0xC8, 0x02, 0xC8, 0x02, 0x40, 0x80, 0xC6, 0x40,
    0x02, 0x80, 0xC7, 0x02, 0xC8, 0x02, 0x80, 0xC7, 0x40, 0x01, 0x40, 0xC7, 0x02, 0x40, 0xC6, 0x03, 0x40, 0xC4, 0x80, 0x06, 0x80, 0xC0, 0x80, 0x09,
    0x40, 0x17, 0xC0, 0x80, 0x40, 0x07, 0x80, 0xC4, 0x40, 0x01, 0x40, 0xC7, 0x02, 0x40, 0xC2, 0xC4, 0x00, 0x41, 0xC7, 0x80, 0x01, 0x40, 0xC7, 0x80,
    0x01, 0x40, 0xC7, 0x40, 0x01, 0x40, 0xC8, 0x40, 0x00, 0x40, 0xC8, 0x80, 0x01, 0xC8, 0x80, 0x01, 0xC8, 0x02, 0xC7, 0x40, 0x02, 0x80, 0xC4, 0x80,
    0x40, 0x04, 0xC3, 0x40, 0x07, 0x80, 0xC0, 0x40, 0x16, 0x80, 0x09, 0x80, 0xC1, 0x80, 0x41, 0x02, 0x40, 0x80, 0xC6, 0x40, 0x01, 0xC3, 0xC4, 0x80,
    0x01, 0x80, 0xC7, 0x80, 0x01, 0x80, 0xC7, 0x02, 0xC8, 0x02, 0x80, 0xC7, 0x40, 0x01, 0x80, 0xC7, 0x80, 0x01, 0x80, 0xC7, 0x80, 0x01, 0xC8, 0x40,
    0x01, 0x80, 0xC6, 0x80, 0x03, 0xC6, 0x04, 0x80, 0xC4, 0x06, 0xC3, 0x07, 0x40, 0xC1, 0x40, 0x08, 0x80, 0xC0, 0x40, 0x08, 0x80, 0xC1, 0x07, 0x40,
    0xC3, 0x80, 0x40, 0x01, 0x40, 0x80, 0xC2, 0xC4, 0x40, 0x00, 0x80, 0xC8, 0x02, 0xC7, 0x40, 0x02, 0x40, 0xC6, 0x80, 0x02, 0x40, 0xC7, 0x40, 0x01,
    0x80, 0xC7, 0x80, 0x01, 0x80, 0xC7, 0x80, 0x01, 0xC8, 0x80, 0x01, 0x80, 0xC7, 0x40, 0x02, 0xC7, 0x03, 0x40, 0xC5, 0x05, 0xC4, 0x40, 0x05, 0x40,
    0xC3, 0x06, 0x40, 0xC3, 0x07, 0xC4, 0x05, 0xC6, 0x80, 0x01, 0x80, 0xC2, 0xC4, 0x81, 0xC9, 0x40, 0x01, 0xC8, 0x02, 0x40, 0x80, 0xC5, 0x80, 0x02,
    0x80, 0xC6, 0x40, 0x02, 0x40, 0xC7, 0x80, 0x01, 0x80, 0xC7, 0x80, 0x01, 0x80, 0xC7, 0x80, 0x01, 0x40, 0xC7, 0x40, 0x02, 0x80, 0xC6, 0x04, 0xC6,
    0x04, 0x40, 0xC4, 0x40, 0x05, 0x80, 0xC2, 0x80, 0x07, 0xC2, 0x80, 0x07, 0xC5, 0x01, 0x81, 0x40, 0x80, 0xC5, 0x01, 0xC3, 0xC5, 0x80, 0x40, 0xC9,
    0x01, 0x40, 0xC8, 0x02, 0x80, 0xC6, 0x40, 0x02, 0x80, 0xC6, 0x40, 0x03, 0xC6, 0x03, 0x40, 0xC6, 0x40, 0x01, 0x40, 0xC7, 0x80, 0x02, 0xC7, 0x40,
    0x03, 0xC6, 0x05, 0x80, 0xC3, 0x40, 0x06, 0xC3, 0x07, 0xC2, 0x08, 0xC2, 0x06, 0x40, 0xC4, 0x81, 0x40, 0x00, 0x40, 0xC9, 0x00, 0x80, 0xC2, 0xC6,
    0x80, 0x40, 0x80, 0xC8, 0x01, 0x40, 0xC6, 0x80, 0x02, 0x40, 0xC5, 0x80, 0xC0, 0x40, 0x01, 0x40, 0xC7, 0x80, 0x02, 0xC6, 0x80, 0x04, 0xC5, 0x80,
    0x04, 0x40, 0xC4, 0x80, 0x40, 0x02, 0x80, 0xC5, 0x40, 0x03, 0xC6, 0x05, 0x80, 0xC1, 0x80, 0x08, 0xC1, 0x09, 0xC1, 0x40, 0x08, 0xC2, 0x40, 0x07,
    0xC3, 0x40, 0x06, 0xC4, 0x80, 0x02, 0x40, 0xC1, 0xC6, 0x80, 0x00, 0x80, 0xC8, 0x40, 0x00, 0x80, 0xC7, 0x80, 0x02, 0xC3, 0x42, 0x00, 0x40, 0x02,
    0xC8, 0x40, 0x01, 0x80, 0xC6, 0x40, 0x03, 0xC5, 0x80, 0x04, 0x40, 0xC4, 0x80, 0x00, 0x40, 0x80, 0x00, 0x80, 0x40, 0xC4, 0x40, 0x04, 0xC5, 0x40,
    0x04, 0x80, 0xC3, 0x80, 0x05, 0x80, 0xC1, 0x40, 0x08, 0xC1, 0x09, 0xC1, 0x80, 0x08, 0xC2, 0x80, 0x07, 0xC4, 0x80, 0x40, 0x04, 0xC6, 0x81, 0xC9,
    0x01, 0x40, 0xC8, 0x40, 0x01, 0x40, 0xC7, 0x03, 0xC5, 0x80, 0x00, 0xC0, 0x02, 0x80, 0xC4, 0x80, 0x40, 0xC0, 0x02, 0x40, 0xC4, 0x80, 0x40, 0x80,
    0x02, 0x80, 0xC4, 0x80, 0x40, 0x00, 0xC0, 0x40, 0x01, 0xC4, 0x40, 0x00, 0x81, 0x01, 0x80, 0xC4, 0x01, 0xC0, 0x03, 0xC4, 0x06, 0xC4, 0x80, 0x05,
    0xC3, 0x80, 0x06, 0xC2, 0x80, 0x07, 0xC3, 0x40, 0x06, 0xC5, 0x40, 0x04, 0xC7, 0x81, 0xC9, 0x01, 0x80, 0xC8, 0x02, 0x80, 0xC7, 0x03, 0xC7, 0x02,
    0x40, 0xC5, 0x80, 0x40, 0x80, 0x02, 0xC4, 0x80, 0x42, 0x02, 0xC4, 0x81, 0xC0, 0x00, 0x80, 0x01, 0xC4, 0x42, 0x81, 0x01, 0xC4, 0x40, 0x00, 0x40,
    0xC0, 0x02, 0xC4, 0x40, 0x00, 0xC0, 0x80, 0x02, 0xC4, 0x81, 0xC0, 0x03, 0xC7, 0x03, 0xC6, 0x80, 0x03, 0xC6, 0x40, 0x03, 0xC6, 0x40, 0x03, 0xC8,
    0x41, 0xC8, 0x80, 0x01, 0x40, 0xC8, 0x02, 0xC8, 0x02, 0xC8, 0x02, 0xC4, 0x81, 0xC1, 0x40, 0x01, 0xC4, 0x81, 0xC1, 0x40, 0x01, 0xC4, 0x81, 0xC0,
    0x40, 0x02, 0xC4, 0x41, 0xC0, 0x80, 0x00, 0xC0, 0x00, 0xC4, 0x40, 0x00, 0xC0, 0x40, 0x80, 0x40, 0x00, 0xC4, 0x40, 0x01, 0x80, 0xC0, 0x01, 0xC4,
    0x81, 0xC1, 0x40, 0x01, 0xC8, 0x02, 0xC8, 0x02, 0xC8, 0x02, 0xC8, 0x40, 0x01, 0xC9, 0x01, 0xC9, 0x01, 0xC9, 0x01, 0xC9, 0x01, 0xC9, 0x40, 0x00,
    0xC4, 0x81, 0xC1, 0x81, 0x40, 0xC4, 0x81, 0xC2, 0x41, 0xC4, 0x80, 0x40, 0x82, 0x01, 0xC4, 0x41, 0xC2, 0x40, 0x00, 0xC4, 0x40, 0x00, 0xC2, 0x40,
    0x00, 0xC4, 0x40, 0x00, 0xC1, 0x41, 0x00, 0xC4, 0x81, 0xC0, 0x82, 0x00, 0xC9, 0x01, 0xC9, 0x01, 0xC8, 0x80, 0x01, 0xC8, 0x80, 0x01, 0xCA, 0x00,
    0xCA, 0x40, 0xCA, 0x40, 0xCA, 0x00, 0xCA, 0x40, 0xC4, 0x81, 0xC2, 0x81, 0xC4, 0x81, 0xC2, 0x81, 0xC4, 0x80, 0x40, 0x80, 0xC1, 0x80, 0x40, 0xC4,
    0x41, 0xC1, 0x81, 0x00, 0xC4, 0x40, 0x00, 0xC9, 0x40, 0x00, 0xC9, 0x81, 0xC2, 0x80, 0x00, 0xC9, 0x80, 0x00, 0xC9, 0x80, 0x00, 0xC9, 0x01, 0xC8,
    0x80, 0x01, 0xFF, 0xC0, 0x81, 0xC3, 0x40, 0xC4, 0x81, 0xC3, 0x40, 0xC4, 0x80, 0x40, 0xC3, 0x00, 0xC4, 0x41, 0xC1, 0x81, 0x00, 0xC4, 0x40, 0x00,
    0xC3, 0x80, 0xC4, 0x40, 0x00, 0xC9, 0x81, 0xE7, 0x80, 0xCA, 0x00, 0xFF, 0xC0, 0x81, 0xC9, 0x81, 0xC9, 0x80, 0x40, 0xC9, 0x41, 0xC3, 0x80, 0xC4,
    0x40, 0x00, 0xC1, 0x80, 0x40, 0x00, 0xC4, 0x40, 0x00, 0xC0, 0x83, 0xC4, 0x81, 0xF4, 0xFF, 0xC0, 0x81, 0xC9, 0x81, 0xC9, 0x81, 0xC9, 0x41, 0xC9,
    0x40, 0x00, 0xC9, 0x40, 0x00, 0xC1, 0x41, 0x80, 0xC4, 0x81, 0xC2, 0x80, 0x40, 0xC8, 0x41, 0x80, 0xE3, 0xFF, 0xC0, 0x81, 0xC9, 0x81, 0xC9, 0x40,
    0x80, 0xC9, 0x41, 0xC9, 0x00, 0x40, 0xC9, 0x40, 0x00, 0xC9, 0x81, 0xCE, 0x81, 0xC9, 0x41, 0xCA, 0x80, 0xCA, 0x40, 0xFF, 0xC0, 0x81, 0xC9, 0x40,
    0x80, 0xC9, 0x40, 0x80, 0xC9, 0x00, 0x80, 0xC9, 0x00, 0x40, 0xC9, 0x00, 0x40, 0xC9, 0x40, 0x80, 0xF3, 0x80, 0xFF, 0xC0, 0x40, 0x80, 0xC9, 0x40,
    0xCA, 0x40, 0xCA, 0x00, 0x80, 0xC9, 0x00, 0x80, 0xC9, 0x00, 0x40, 0xC9, 0x40, 0x80, 0xF4, 0xFF, 0xC0, 0x40, 0x80, 0xC9, 0x40, 0xCA, 0x00, 0xCA,
    0x00, 0xC9, 0x80, 0x00, 0x80, 0xC8, 0x80, 0x00, 0x80, 0xC9, 0x00, 0x80, 0xC9, 0x80, 0xE9, 0xFF, 0xC0, 0x00, 0xCA, 0x00, 0xCA, 0x00, 0xC9, 0x80,
    0x00, 0xC9, 0x80, 0x00, 0xC9, 0x40, 0x00, 0x80, 0xC8, 0x80, 0x00, 0x80, 0xC9, 0x40, 0xE9, 0xFF, 0xC0, 0x00, 0xCA, 0x00, 0xCA, 0x00, 0xC9, 0x40,
    0x00, 0xC9, 0x40, 0x00, 0xC9, 0x01, 0xC9, 0x01, 0xC9, 0x80, 0x40, 0xE9, 0xFF, 0x80, 0x00, 0xC9, 0x80, 0x40, 0xC9, 0x40, 0x00, 0xC9, 0x00, 0x40,
    0xC9, 0x01, 0xC9, 0x01, 0xC9, 0x01, 0xC9, 0x80, 0x00, 0xE9, 0xFF, 0x41, 0xC9, 0x40, 0x80, 0xC9, 0x00, 0x40, 0xC9, 0x00, 0x40, 0xC9, 0x00, 0x40,
    0xC8, 0x80, 0x01, 0xC8, 0x80, 0x01, 0xC9, 0x41, 0xC9, 0x40, 0x80, 0xDD, 0xF3, 0x80, 0xCA, 0x00, 0x80, 0xC9, 0x00, 0xCA, 0x00, 0x80, 0xC8, 0x80,
    0x00, 0x80, 0xC8, 0x40, 0x00, 0x80, 0xC8, 0x40, 0x00, 0x40, 0xC8, 0x01, 0x40, 0xC8, 0x40, 0x00, 0x40, 0xC8, 0x80, 0x00, 0x80, 0xDD, 0xF2, 0x80,
    0x40, 0xC9, 0x80, 0x00, 0xC9, 0x80, 0x00, 0xC9, 0x80, 0x00, 0xC9, 0x40, 0x00, 0xC9, 0x01, 0xC9, 0x01, 0x80, 0xC8, 0x01, 0x80, 0xC7, 0x80, 0x01,
    0x40, 0xC8, 0x40, 0x00, 0x80, 0xC8, 0x40, 0x00, 0xD2, 0xF2, 0x40, 0x80, 0xC9, 0x40, 0x00, 0xC9, 0x41, 0xC9, 0x01, 0xC9, 0x01, 0xC9, 0x01, 0xC8,
    0x80, 0x01, 0xC8, 0x40, 0x01, 0xC8, 0x40, 0x01, 0xC8, 0x40, 0x01, 0x80, 0xC7, 0x80, 0x00, 0x40, 0xC9, 0x80, 0x40, 0xC6, 0xF2, 0x00, 0x80, 0xC9,
    0x00, 0x40, 0xC9, 0x00, 0x80, 0xC9, 0x00, 0x40, 0xC9, 0x00, 0x40, 0xC8, 0x40, 0x00, 0x40, 0xC8, 0x40, 0x01, 0xC8, 0x02, 0xC8, 0x02, 0xC8, 0x02,
    0xC8, 0x40, 0x01, 0xC8, 0x40, 0x00, 0x40, 0xC6, 0xF1, 0x40, 0x00, 0x80, 0xC9, 0x00, 0x80, 0xC8, 0x80, 0x00, 0xC9, 0x40, 0x00, 0x80, 0xC8, 0x40,
    0x00, 0x80, 0xC8, 0x01, 0x80, 0xC8, 0x01, 0x40, 0xC8, 0x01, 0x40, 0xC7, 0x80, 0x01, 0x40, 0xC7, 0x80, 0x02, 0xC7, 0x40, 0x02, 0xC8, 0x40, 0x00,
    0x80, 0xC6, 0xE5, 0x81, 0xC9, 0x01, 0xC9, 0x40, 0x00, 0xC9, 0x01, 0xC9, 0x01, 0xC9, 0x01, 0xC8, 0x80, 0x01, 0xC8, 0x80, 0x01, 0xC8, 0x40, 0x01,
    0x80, 0xC7, 0x40, 0x01, 0x40, 0xC7, 0x02, 0x40, 0xC7, 0x02, 0x40, 0xC7, 0x40, 0x01, 0x40, 0xC6, 0xE5, 0x40, 0x80, 0xC9, 0x01, 0xC9, 0x00, 0x40,
    0xC8, 0x80, 0x00, 0x40, 0xC8, 0x80, 0x00, 0x40, 0xC8, 0x80, 0x00, 0x40, 0xC8, 0x40, 0x00, 0x40, 0xC8, 0x02, 0xC8, 0x02, 0xC8, 0x02, 0x80, 0xC7,
    0x02, 0x80, 0xC6, 0x80, 0x02, 0x80, 0xC6, 0x80, 0x02, 0x40, 0xC6, 0xE4, 0x80, 0x00, 0x80, 0xC8, 0x80, 0x01, 0xC9, 0x00, 0x80, 0xC8, 0x40, 0x00,
    0x80, 0xC8, 0x40, 0x00, 0x80, 0xC8, 0x40, 0x00, 0x80, 0xC8, 0x01, 0xC9, 0x01, 0x40, 0xC7, 0x80, 0x02, 0xC7, 0x80, 0x02, 0xC7, 0x40, 0x02, 0xC7,
    0x40, 0x02, 0x80, 0xC6, 0x03, 0x80, 0xC6, 0xE4, 0x40, 0x00, 0x80, 0xC8, 0x40, 0x01, 0xC8, 0x80, 0x00, 0x80, 0xC8, 0x01, 0xC9, 0x01, 0xC9, 0x01,
    0xC9, 0x01, 0xC8, 0x80, 0x01, 0x80, 0xC7, 0x40, 0x01, 0x40, 0xC7, 0x40, 0x02, 0xC7, 0x03, 0xC7, 0x03, 0xC7, 0x03, 0x80, 0xC6, 0xE4, 0x40, 0x00,
    0xC9, 0x40, 0x01, 0xC8, 0x80, 0x00, 0x80, 0xC8, 0x40, 0x00, 0xC9, 0x01, 0xC9, 0x01, 0x80, 0xC8, 0x01, 0xC8, 0x80, 0x01, 0xC8, 0x40, 0x01, 0x80,
    0xC7, 0x02, 0x40, 0xC7, 0x03, 0xC7, 0x03, 0xC7, 0x03, 0xC7, 0xE4, 0x40, 0x00, 0xC9, 0x01, 0x40, 0xC8, 0x80, 0x00, 0x80, 0xC8, 0x01, 0xC9, 0x01,
    0xC9, 0x01, 0x80, 0xC7, 0x80, 0x01, 0xC8, 0x80, 0x01, 0xC8, 0x40, 0x01, 0x80, 0xC7, 0x02, 0x40, 0xC7, 0x03, 0xC7, 0x03, 0xC7, 0x03, 0xC7, 0xE4,
    0x01, 0xC9, 0x01, 0x40, 0xC8, 0x80, 0x00, 0x80, 0xC8, 0x01, 0xC9, 0x01, 0x80, 0xC8, 0x01, 0x80, 0xC7, 0x80, 0x01, 0xC8, 0x40, 0x01, 0xC8, 0x40,
    0x01, 0x80, 0xC7, 0x02, 0x40, 0xC7, 0x03, 0xC7, 0x03, 0xC7, 0x03, 0xC7, 0xE4, 0x01, 0xC9, 0x01, 0x40, 0xC8, 0x40, 0x00, 0xC9, 0x01, 0xC9, 0x01,
    0x80, 0xC8, 0x01, 0x80, 0xC7, 0x80, 0x01, 0xC8, 0x40, 0x01, 0xC8, 0x02, 0x80, 0xC7, 0x02, 0x40, 0xC7, 0x03, 0xC7, 0x03, 0xC7, 0x03, 0xC7, 0xE4,
    0x01, 0xC9, 0x01, 0x40, 0xC8, 0x40, 0x00, 0xC9, 0x01, 0xC9, 0x01, 0x80, 0xC8, 0x01, 0x80, 0xC7, 0x80, 0x01, 0xC8, 0x40, 0x01, 0xC8, 0x02, 0x80,
    0xC7, 0x02, 0x40, 0xC7, 0x03, 0xC7, 0x03, 0xC7, 0x03, 0xC7, 0xE4, 0x01, 0xC9, 0x01, 0x80, 0xC8, 0x40, 0x00, 0xC9, 0x01, 0xC9, 0x01, 0xC9, 0x01,
    0x80, 0xC7, 0x80, 0x01, 0xC8, 0x40, 0x01, 0xC8, 0x02, 0x80, 0xC7, 0x02, 0x40, 0xC7, 0x03, 0xC7, 0x03, 0xC7, 0x03, 0xC7, 0xE4, 0x01, 0xC9, 0x01,
    0x40, 0xC8, 0x40, 0x00, 0xC9, 0x01, 0xC8, 0x80, 0x01, 0x80, 0xC8, 0x01, 0x80, 0xC7, 0x80, 0x01, 0xC8, 0x40, 0x01, 0xC8, 0x02, 0x80, 0xC7, 0x02,
    0x40, 0xC7, 0x03, 0xC7, 0x03, 0xC7, 0x03, 0xC7, 0xE4, 0x01, 0xC9, 0x01, 0x40, 0xC8, 0x40, 0x00, 0xC9, 0x01, 0xC9, 0x01, 0x80, 0xC8, 0x01, 0x80,
    0xC8, 0x01, 0xC8, 0x80, 0x01, 0xC8, 0x40, 0x01, 0x80, 0xC7, 0x02, 0x40, 0xC7, 0x03, 0xC7, 0x03, 0xC7, 0x03, 0xC7, 0xE4, 0x01, 0xC9, 0x01, 0x40,
    0xC8, 0x40, 0x00, 0xC9, 0x01, 0xC9, 0x01, 0xC9, 0x01, 0x80, 0xC7, 0x80, 0x01, 0xC8, 0x80, 0x01, 0xC8, 0x40, 0x01, 0x80, 0xC7, 0x40, 0x01, 0x40,
    0xC7, 0x03, 0xC7, 0x03, 0xC7, 0x03, 0xC7, 0xE4, 0x01, 0xC9, 0x01, 0x40, 0xC8, 0x80, 0x00, 0xC9, 0x01, 0xC9, 0x01, 0xC9, 0x01, 0xC8, 0x80, 0x01,
    0xC8, 0x80, 0x01, 0xC8, 0x40, 0x01, 0x80, 0xC7, 0x40, 0x01, 0x40, 0xC7, 0x03, 0xC7, 0x03, 0xC7, 0x03, 0xC7, 0xE4, 0x01, 0xC9, 0x40, 0x00, 0x40,
    0xC8, 0x80, 0x00, 0xC9, 0x01, 0xC9, 0x01, 0xC9, 0x01, 0xC8, 0x80, 0x01, 0xC8, 0x40, 0x01, 0xC8, 0x40, 0x01, 0x80, 0xC7, 0x02, 0x40, 0xC7, 0x03,
    0xC7, 0x03, 0xC7, 0x03, 0xC7, 0xE4, 0x01, 0xC9, 0x40, 0x00, 0x40, 0xC8, 0x80, 0x00, 0xC9, 0x01, 0xC9, 0x01, 0xC9, 0x01, 0xC8, 0x80, 0x01, 0xC8,
    0x40, 0x01, 0xC8, 0x40, 0x01, 0x80, 0xC7, 0x02, 0x40, 0xC7, 0x02, 0x40, 0xC7, 0x03, 0xC7, 0x03, 0xC7, 0xE4, 0x40, 0x00, 0xC9, 0x01, 0x40, 0xC8,
    0x80, 0x00, 0x80, 0xC8, 0x01, 0xC9, 0x01, 0xC9, 0x01, 0xC8, 0x80, 0x01, 0xC8, 0x40, 0x01, 0xC8, 0x02, 0x80, 0xC7, 0x02, 0x40, 0xC7, 0x02, 0x40,
    0xC7, 0x03, 0xC7, 0x03, 0xC6, 0x80, 0xE4, 0x41, 0xC9, 0x01, 0x40, 0xC8, 0x80, 0x00, 0x80, 0xC8, 0x01, 0xC9, 0x01, 0xC9, 0x01, 0x80, 0xC7, 0x80,
    0x01, 0xC8, 0x40, 0x01, 0xC8, 0x02, 0x80, 0xC7, 0x02, 0x40, 0xC7, 0x02, 0x40, 0xC6, 0x80, 0x03, 0xC6, 0x04, 0xC5, 0x01, 0xE4, 0x41, 0xC9, 0x01,
    0x40, 0xC8, 0x80, 0x00, 0x80, 0xC8, 0x01, 0xC9, 0x01, 0xC9, 0x01, 0x80, 0xC7, 0x80, 0x01, 0xC8, 0x40, 0x01, 0xC8, 0x02, 0x80, 0xC7, 0x02, 0x40,
    0xC7, 0x02, 0x40, 0xC7, 0x02, 0x40, 0xC5, 0x00, 0x40, 0x03, 0xC5, 0x01, 0xE4, 0x00, 0x40, 0xC9, 0x01, 0x80, 0xC8, 0x40, 0x00, 0xC9, 0x01, 0xC8,
    0x80, 0x01, 0xC9, 0x01, 0x80, 0xC7, 0x80, 0x01, 0xC8, 0x40, 0x01, 0xC8, 0x02, 0x80, 0xC7, 0x02, 0x80, 0xC7, 0x02, 0x40, 0xC7, 0x02, 0x40, 0xC7,
    0x03, 0xC4, 0x01, 0xC0, 0xE4, 0x00, 0x40, 0xC9, 0x01, 0x80, 0xC8, 0x40, 0x00, 0xC9, 0x01, 0xC8, 0x80, 0x01, 0xC9, 0x01, 0xC8, 0x80, 0x01, 0xC8,
    0x40, 0x01, 0xC8, 0x02, 0x80, 0xC7, 0x02, 0x80, 0xC7, 0x02, 0x40, 0xC7, 0x02, 0x40, 0xC7, 0x03, 0xC7, 0xE4, 0x00, 0x40, 0xC9, 0x01, 0x80, 0xC8,
    0x40, 0x00, 0xC9, 0x01, 0xC8, 0x80, 0x01, 0xC9, 0x01, 0xC8, 0x40, 0x01, 0xC8, 0x02, 0xC8, 0x02, 0x80, 0xC7, 0x02, 0x80, 0xC7, 0x02, 0x40, 0xC7,
    0x02, 0x40, 0xC7, 0x03, 0xC7, 0xE3, 0x80, 0x00, 0x40, 0xC9, 0x01, 0xC9, 0x00, 0x40, 0xC9, 0x00, 0x40, 0xC8, 0x80, 0x01, 0xC9, 0x01, 0xC8, 0x40,
    0x01, 0xC8, 0x02, 0xC8, 0x02, 0x80, 0xC7, 0x02, 0x80, 0xC7, 0x02, 0x40, 0xC7, 0x02, 0x40, 0xC7, 0x02, 0x40, 0xC7, 0xE4, 0x41, 0xC9, 0x01, 0xC9,
    0x40, 0x00, 0xC9, 0x01, 0xC8, 0x80, 0x01, 0xC9, 0x01, 0xC8, 0x80, 0x01, 0xC8, 0x40, 0x01, 0xC8, 0x02, 0x80, 0xC7, 0x02, 0x80, 0xC7, 0x02, 0x40,
    0xC7, 0x02, 0x40, 0xC7, 0x02, 0x40, 0xC7, 0xE4, 0x41, 0xC9, 0x01, 0x80, 0xC8, 0x40, 0x00, 0xC9, 0x01, 0xC8, 0x80, 0x01, 0xC9, 0x01, 0x80, 0xC7,
    0x80, 0x01, 0xC8, 0x40, 0x01, 0xC8, 0x02, 0x80, 0xC7, 0x02, 0x40, 0xC7, 0x02, 0x40, 0xC5, 0x81, 0x02, 0x40, 0xC5, 0x05, 0xC4, 0x40, 0x01, 0xE4,
    0x00, 0x40, 0xC9, 0x01, 0x80, 0xC8, 0x40, 0x00, 0xC9, 0x01, 0xC8, 0x80, 0x01, 0xC9, 0x01, 0xC8, 0x80, 0x01, 0xC8, 0x40, 0x01, 0xC6, 0x40, 0xC0,
    0x40, 0x01, 0x80, 0xC4, 0x80, 0x00, 0x80, 0x02, 0x40, 0xC3, 0x80, 0x05, 0x40, 0xC4, 0x80, 0x00, 0x40, 0x03, 0xC4, 0x80, 0x05, 0xC4, 0x40, 0x01,
    0xE4, 0x01, 0xC9, 0x01, 0x80, 0xC8, 0x40, 0x00, 0xC9, 0x01, 0xC9, 0x01, 0xC5, 0x81, 0xC1, 0x01, 0xC5, 0x40, 0x00, 0xC0, 0x80, 0x01, 0xC4, 0x80,
    0x02, 0x40, 0x01, 0xC5, 0x80, 0x00, 0x41, 0x01, 0x80, 0xC4, 0x80, 0x00, 0x40, 0x02, 0x40, 0xC4, 0x40, 0x05, 0xC4, 0x40, 0x05, 0xC4, 0x40, 0x05,
    0xC4, 0x02, 0xE4, 0x01, 0xC9, 0x01, 0x40, 0xC8, 0x80, 0x00, 0xC9, 0x01, 0xC5, 0x00, 0x40, 0xC1, 0x01, 0xC5, 0x02, 0xC0, 0x01, 0xC4, 0x02, 0x40,
    0x80, 0x01, 0xC5, 0x80, 0x00, 0xC0, 0x40, 0x01, 0xC5, 0x40, 0x01, 0x40, 0x01, 0x40, 0xC4, 0x05, 0x40, 0xC4, 0x06, 0xC4, 0x40, 0x05, 0xC4, 0x06,
    0xC4, 0x80, 0x00, 0x40, 0xE4, 0x01, 0x80, 0xC8, 0x40, 0x00, 0x40, 0xC8, 0x80, 0x00, 0xC9, 0x01, 0xC5, 0x00, 0x40, 0xC1, 0x01, 0xC4, 0x80, 0x02,
    0xC0, 0x01, 0xC4, 0x40, 0x01, 0xC0, 0x80, 0x01, 0xC5, 0x40, 0x00, 0x81, 0x01, 0xC4, 0x40, 0x80, 0x01, 0x40, 0x01, 0x40, 0xC3, 0x41, 0x04, 0x40,
    0xC4, 0x80, 0x05, 0xC4, 0x40, 0x05, 0xC4, 0x06, 0xC4, 0x80, 0x00, 0x80, 0xE4, 0x01, 0x80, 0xC8, 0x40, 0x00, 0x40, 0xC8, 0x80, 0x00, 0x80, 0xC8,
    0x01, 0xC5, 0x00, 0x80, 0xC1, 0x01, 0xC5, 0x02, 0xC0, 0x01, 0xC4, 0x02, 0x81, 0x01, 0xC4, 0x80, 0x40, 0x00, 0x40, 0x80, 0x01, 0xC3, 0x40, 0x80,
    0xC0, 0x00, 0x41, 0x01, 0x40, 0xC5, 0x00, 0x40, 0x02, 0x40, 0xC4, 0x80, 0x05, 0xC4, 0x40, 0x05, 0xC4, 0x06, 0xC5, 0x00, 0x40, 0xE4, 0x40, 0x00,
    0xC9, 0x40, 0x01, 0xC8, 0x80, 0x00, 0x80, 0xC8, 0x40, 0x00, 0xC5, 0x40, 0xC2, 0x01, 0xC4, 0x80, 0x02, 0xC0, 0x01, 0x80, 0xC3, 0x02, 0x80, 0xC0,
    0x01, 0xC2, 0x40, 0x03, 0x40, 0x80, 0x01, 0xC5, 0x80, 0x00, 0x80, 0x40, 0x01, 0x80, 0xC5, 0x00, 0x40, 0x02, 0x40, 0xC5, 0x05, 0xC4, 0x40, 0x05,
    0xC4, 0x06, 0xC4, 0x80, 0x00, 0x40, 0xE4, 0x40, 0x00, 0xC9, 0x40, 0x00, 0x40, 0xC8, 0x80, 0x00, 0x80, 0xC8, 0x40, 0x00, 0xC5, 0x40, 0xC2, 0x01,
    0xC4, 0x80, 0x01, 0x40, 0xC0, 0x01, 0x80, 0xC1, 0x41, 0x02, 0x80, 0xC0, 0x01, 0xC3, 0x80, 0x40, 0x01, 0x40, 0x80, 0x01, 0xC5, 0x80, 0x00, 0x80,
    0x40, 0x01, 0x80, 0xC5, 0x00, 0x41, 0x01, 0x40, 0xC5, 0x00, 0x40, 0x03, 0xC4, 0x80, 0x05, 0xC4, 0x40, 0x05, 0xC4, 0x80, 0x00, 0x40, 0xE4, 0x40,
    0x00, 0xC9, 0x40, 0x01, 0xC8, 0x80, 0x00, 0x80, 0xC8, 0x40, 0x00, 0xC5, 0x40, 0xC2, 0x01, 0xC4, 0x80, 0x01, 0x40, 0xC0, 0x01, 0xC2, 0x41, 0x02,
    0x80, 0xC0, 0x01, 0xC3, 0x80, 0x40, 0x01, 0x40, 0x80, 0x01, 0xC5, 0x80, 0x00, 0x80, 0x40, 0x01, 0x80, 0xC5, 0x00, 0x41, 0x01, 0x40, 0xC5, 0x00,
    0x40, 0x03, 0xC4, 0x80, 0x05, 0xC4, 0x40, 0x05, 0xC4, 0x80, 0x01, 0xE4, 0x40, 0x00, 0xC9, 0x40, 0x01, 0xC8, 0x80, 0x00, 0x80, 0xC8, 0x40, 0x00,
    0xC5, 0x80, 0xC2, 0x01, 0xC4, 0x80, 0x01, 0x40, 0xC0, 0x01, 0xC2, 0x41, 0x02, 0x40, 0xC0, 0x01, 0xC4, 0x40, 0x01, 0x40, 0x80, 0x01, 0xC5, 0x80,
    0x00, 0x80, 0x40, 0x01, 0x80, 0xC5, 0x00, 0x41, 0x01, 0x40, 0xC5, 0x00, 0x40, 0x03, 0xC4, 0x80, 0x05, 0xC4, 0x40, 0x05, 0xC4, 0x80, 0x01, 0xE4,
    0x40, 0x00, 0x80, 0xC8, 0x40, 0x01, 0xC8, 0x80, 0x00, 0x80, 0xC8, 0x40, 0x00, 0xC5, 0x80, 0xC2, 0x01, 0xC4, 0x80, 0x01, 0x40, 0xC0, 0x01, 0xC2,
    0x41, 0x02, 0x40, 0xC0, 0x01, 0xC4, 0x40, 0x01, 0x40, 0x80, 0x01, 0xC5, 0x80, 0x00, 0x80, 0x40, 0x01, 0x40, 0xC5, 0x00, 0x41, 0x02, 0xC5, 0x00,
    0x40, 0x03, 0xC4, 0x80, 0x05, 0xC4, 0x06, 0xC4, 0x80, 0x01, 0xE4, 0x40, 0x00, 0x80, 0xC8, 0x40, 0x01, 0xC8, 0x80, 0x00, 0x80, 0xC8, 0x40, 0x00,
    0xC5, 0x80, 0xC2, 0x01, 0xC4, 0x80, 0x01, 0x40, 0xC0, 0x01, 0xC2, 0x41, 0x02, 0x40, 0xC0, 0x01, 0xC4, 0x40, 0x01, 0x41, 0x01, 0xC5, 0x80, 0x00,
    0x80, 0x40, 0x01, 0x40, 0xC5, 0x00, 0x41, 0x02, 0xC5, 0x00, 0x40, 0x03, 0xC4, 0x80, 0x05, 0xC4, 0x06, 0xC4, 0x40, 0x01, 0xE4, 0x40, 0x00, 0x80,
    0xC8, 0x40, 0x01, 0xC8, 0x80, 0x00, 0x80, 0xC8, 0x40, 0x00, 0xC5, 0x80, 0xC2, 0x01, 0xC4, 0x80, 0x01, 0x40, 0xC0, 0x01, 0xC2, 0x41, 0x02, 0x40,
    0xC0, 0x01, 0xC3, 0x80, 0x40, 0x01, 0x41, 0x01, 0xC5, 0x80, 0x00, 0x80, 0x40, 0x01, 0x40, 0xC5, 0x00, 0x41, 0x02, 0xC5, 0x00, 0x40, 0x03, 0xC4,
    0x80, 0x05, 0xC4, 0x06, 0x80, 0xC3, 0x80, 0x01, 0xE4, 0x40, 0x00, 0xC9, 0x40, 0x01, 0xC8, 0x80, 0x00, 0x80, 0xC8, 0x40, 0x00, 0xC5, 0x40, 0xC2,
    0x01, 0xC4, 0x80, 0x01, 0x40, 0xC0, 0x01, 0xC2, 0x41, 0x02, 0x80, 0xC0, 0x01, 0xC3, 0x80, 0x40, 0x01, 0x41, 0x01, 0xC5, 0x80, 0x00, 0x80, 0x40,
    0x01, 0x40, 0xC5, 0x00, 0x41, 0x02, 0xC5, 0x00, 0x40, 0x03, 0xC4, 0x80, 0x05, 0xC4, 0x06, 0x80, 0xC3, 0x80, 0x01, 0xE4, 0x40, 0x00, 0xC9, 0x01,
    0x40, 0xC8, 0x80, 0x00, 0x80, 0xC8, 0x40, 0x00, 0xC5, 0x40, 0xC2, 0x01, 0xC4, 0x80, 0x01, 0x40, 0xC0, 0x01, 0xC2, 0x41, 0x02, 0x80, 0xC0, 0x01,
    0xC3, 0x80, 0x40, 0x01, 0x41, 0x01, 0xC5, 0x80, 0x00, 0x80, 0x40, 0x01, 0x80, 0xC5, 0x00, 0x41, 0x01, 0x40, 0xC5, 0x00, 0x40, 0x03, 0xC4, 0x80,
    0x05, 0xC4, 0x06, 0xC4, 0x80, 0x01, 0xE4, 0x40, 0x00, 0xC9, 0x01, 0x40, 0xC8, 0x80, 0x00, 0x80, 0xC8, 0x01, 0xC5, 0x40, 0xC2, 0x01, 0xC4, 0x80,
    0x01, 0x40, 0xC0, 0x01, 0xC2, 0x41, 0x02, 0x81, 0x01, 0xC3, 0x80, 0x40, 0x01, 0x41, 0x01, 0xC5, 0x80, 0x00, 0x80, 0x40, 0x01, 0x80, 0xC5, 0x00,
    0x40, 0x02, 0x40, 0xC5, 0x00, 0x40, 0x03, 0xC4, 0x80, 0x05, 0xC4, 0x06, 0xC4, 0x80, 0x01, 0xE4, 0x40, 0x00, 0xC9, 0x01, 0x40, 0xC8, 0x80, 0x00,
    0x80, 0xC8, 0x01, 0xC5, 0x40, 0xC2, 0x01, 0xC4, 0x80, 0x01, 0x40, 0xC0, 0x01, 0xC2, 0x41, 0x02, 0x81, 0x01, 0xC3, 0x80, 0x40, 0x01, 0x41, 0x01,
    0xC5, 0x80, 0x00, 0x80, 0x40, 0x01, 0x80, 0xC5, 0x00, 0x40, 0x02, 0x40, 0xC5, 0x00, 0x40, 0x03, 0xC4, 0x80, 0x05, 0xC4, 0x06, 0xC4, 0x80, 0x00,
    0x40, 0xE4, 0x40, 0x00, 0xC9, 0x01, 0x40, 0xC8, 0x40, 0x00, 0x80, 0xC8, 0x01, 0xC5, 0x40, 0xC2, 0x01, 0xC4, 0x80, 0x01, 0x40, 0xC0, 0x01, 0xC4,
    0x02, 0x40, 0x80, 0x01, 0xC2, 0x00, 0x40, 0x02, 0x41, 0x01, 0xC3, 0x81, 0x40, 0x00, 0x80, 0x40, 0x01, 0x80, 0xC5, 0x00, 0x40, 0x02, 0x40, 0xC5,
    0x00, 0x40, 0x02, 0x40, 0xC4, 0x40, 0x05, 0xC4, 0x06, 0xC4, 0x80, 0x00, 0x40, 0xE4, 0x40, 0x00, 0xC9, 0x01, 0x40, 0xC8, 0x40, 0x00, 0x80, 0xC8,
    0x01, 0xC5, 0x81, 0xC0, 0x80, 0x01, 0xC4, 0x80, 0x01, 0x40, 0xC0, 0x01, 0xC4, 0x03, 0x80, 0x01, 0xC5, 0x01, 0x80, 0x40, 0x01, 0xC4, 0x80, 0x05,
    0xC3, 0x00, 0x40, 0xC0, 0x04, 0x80, 0xC4, 0x80, 0x00, 0x40, 0x02, 0x40, 0xC4, 0x40, 0x05, 0xC4, 0x06, 0xC4, 0x80, 0x00, 0x40, 0xE4, 0x40, 0x00,
    0xC9, 0x01, 0x40, 0xC8, 0x40, 0x00, 0x80, 0xC8, 0x01, 0xC6, 0x40, 0xC0, 0x80, 0x01, 0xC4, 0x80, 0x01, 0x40, 0xC0, 0x01, 0xC4, 0x40, 0x02, 0x80,
    0x01, 0xC5, 0x40, 0x00, 0x80, 0x02, 0xC5, 0x01, 0x40, 0x02, 0xC4, 0x41, 0x04, 0x80, 0xC3, 0x40, 0x80, 0x00, 0x40, 0x02, 0x40, 0xC4, 0x40, 0x00,
    0x40, 0x02, 0x40, 0xC4, 0x06, 0xC4, 0x40, 0x00, 0x40, 0xE4, 0x41, 0xC9, 0x01, 0x80, 0xC8, 0x01, 0x40, 0xC8, 0x01, 0xC6, 0x82, 0x01, 0xC5, 0x02,
    0xC0, 0x01, 0xC5, 0x40, 0x01, 0x40, 0x00, 0x40, 0xC5, 0x80, 0x00, 0x80, 0x02, 0xC5, 0x01, 0x80, 0x02, 0xC4, 0x80, 0x05, 0x80, 0xC3, 0x80, 0x40,
    0x00, 0x40, 0x02, 0x80, 0xC4, 0x40, 0x00, 0x40, 0x02, 0x40, 0xC4, 0x06, 0xC4, 0x40, 0x00, 0x40, 0xE4, 0x41, 0xC9, 0x01, 0x80, 0xC8, 0x01, 0x80,
    0xC8, 0x01, 0xC6, 0x80, 0x40, 0x80, 0x01, 0xC5, 0x02, 0x80, 0x01, 0xC5, 0x80, 0x01, 0x40, 0x00, 0x40, 0xC5, 0x80, 0x00, 0x80, 0x02, 0xC5, 0x01,
    0x80, 0x02, 0xC5, 0x05, 0x80, 0xC4, 0x40, 0x04, 0x80, 0xC4, 0x01, 0x40, 0x02, 0x40, 0xC4, 0x05, 0x40, 0xC4, 0x40, 0x00, 0x40, 0xE4, 0x41, 0xC8,
    0x80, 0x01, 0x80, 0xC8, 0x01, 0x80, 0xC8, 0x01, 0xC6, 0x80, 0x41, 0x01, 0xC5, 0x02, 0x80, 0x01, 0xC5, 0x80, 0x01, 0x40, 0x00, 0x40, 0xC5, 0x80,
    0x00, 0x80, 0x01, 0x40, 0xC5, 0x01, 0x80, 0x02, 0xC5, 0x01, 0x40, 0x02, 0xC5, 0x40, 0x00, 0x40, 0x02, 0x80, 0xC4, 0x01, 0x40, 0x02, 0x80, 0xC4,
    0x05, 0x40, 0xC4, 0x40, 0x00, 0x40, 0xE4, 0x41, 0xC8, 0x80, 0x01, 0x80, 0xC8, 0x01, 0x80, 0xC8, 0x00, 0x40, 0xC6, 0x80, 0x00, 0x40, 0x01, 0xC5,
    0x40, 0x01, 0x80, 0x01, 0xC5, 0x80, 0x01, 0x40, 0x00, 0x40, 0xC5, 0x80, 0x00, 0x80, 0x01, 0x40, 0xC5, 0x01, 0x40, 0x02, 0xC5, 0x01, 0x40, 0x02,
    0xC5, 0x01, 0x80, 0x02, 0x80, 0xC4, 0x01, 0x80, 0x02, 0x80, 0xC4, 0x01, 0x40, 0x02, 0x40, 0xC4, 0x41, 0x80, 0xE4, 0x00, 0x40, 0xC8, 0x80, 0x01,
    0x80, 0xC8, 0x01, 0x80, 0xC8, 0x00, 0x40, 0xC6, 0x80, 0x00, 0x40, 0x00, 0x40, 0xC5, 0x40, 0x01, 0x80, 0x01, 0xC6, 0x03, 0x40, 0xC5, 0x80, 0x00,
    0x80, 0x01, 0x40, 0xC5, 0x01, 0x40, 0x02, 0xC5, 0x05, 0xC5, 0x01, 0x80, 0x02, 0x80, 0xC4, 0x01, 0x80, 0x02, 0x80, 0xC4, 0x01, 0x40, 0x02, 0x40,
    0xC4, 0x41, 0x80, 0xE4, 0x00, 0x40, 0xC8, 0x80, 0x01, 0x80, 0xC8, 0x01, 0x80, 0xC7, 0x80, 0x00, 0x40, 0xC6, 0x80, 0x00, 0x40, 0x00, 0x40, 0xC5,
    0x80, 0x01, 0x80, 0x00, 0x40, 0xC6, 0x03, 0x40, 0xC5, 0x80, 0x00, 0x80, 0x01, 0x40, 0xC5, 0x01, 0x40, 0x02, 0xC5, 0x05, 0xC5, 0x01, 0x80, 0x02,
    0xC5, 0x01, 0x80, 0x02, 0x80, 0xC4, 0x01, 0x40, 0x02, 0x80, 0xC4, 0x40, 0x00, 0x80, 0xE4, 0x00, 0x40, 0xC8, 0x80, 0x01, 0x80, 0xC8, 0x01, 0x80,
    0xC7, 0x80, 0x00, 0x40, 0xC7, 0x41, 0x00, 0x40, 0xC5, 0x80, 0x01, 0x80, 0x00, 0x40, 0xC6, 0x03, 0x40, 0xC5, 0x80, 0x00, 0x80, 0x01, 0x40, 0xC5,
    0x01, 0x40, 0x02, 0xC5, 0x05, 0xC5, 0x40, 0x00, 0x80, 0x02, 0xC5, 0x01, 0x80, 0x02, 0x80, 0xC4, 0x01, 0x40, 0x02, 0x80, 0xC4, 0x40, 0x00, 0x80,
    0xE4, 0x00, 0x40, 0xC8, 0x80, 0x01, 0x80, 0xC8, 0x01, 0x80, 0xC7, 0x80, 0x00, 0x40, 0xC7, 0x41, 0x00, 0x40, 0xC5, 0x80, 0x01, 0x80, 0x00, 0x40,
    0xC6, 0x03, 0x40, 0xC5, 0x80, 0x00, 0x80, 0x01, 0x40, 0xC5, 0x01, 0x40, 0x02, 0xC5, 0x05, 0xC5, 0x40, 0x00, 0x80, 0x02, 0xC5, 0x01, 0x80, 0x02,
    0x80, 0xC4, 0x01, 0x40, 0x02, 0x80, 0xC4, 0x40, 0x00, 0x80, 0xE4, 0x00, 0x40, 0xC8, 0x80, 0x01, 0x80, 0xC8, 0x01, 0x80, 0xC7, 0x80, 0x00, 0x40,
    0xC7, 0x41, 0x00, 0x40, 0xC5, 0x80, 0x01, 0x80, 0x01, 0xC6, 0x03, 0x40, 0xC5, 0x80, 0x00, 0x80, 0x01, 0x40, 0xC5, 0x01, 0x40, 0x02, 0xC5, 0x05,
    0xC5, 0x40, 0x00, 0x80, 0x02, 0xC5, 0x01, 0x80, 0x02, 0x80, 0xC4, 0x01, 0x40, 0x02, 0x80, 0xC4, 0x40, 0x00, 0x80, 0xE4, 0x00, 0x40, 0xC8, 0x80,
    0x01, 0x80, 0xC8, 0x01, 0x80, 0xC7, 0x80, 0x00, 0x40, 0xC7, 0x41, 0x01, 0xC5, 0x80, 0x01, 0x80, 0x01, 0xC6, 0x03, 0x40, 0xC5, 0x80, 0x00, 0x80,
    0x01, 0x40, 0xC5, 0x01, 0x40, 0x02, 0xC5, 0x05, 0xC5, 0x40, 0x00, 0x80, 0x02, 0xC5, 0x01, 0x80, 0x02, 0x80, 0xC4, 0x01, 0x40, 0x02, 0x80, 0xC4,
    0x40, 0x00, 0x80, 0xE4, 0x00, 0x40, 0xC8, 0x80, 0x01, 0x80, 0xC8, 0x01, 0x80, 0xC7, 0x80, 0x00, 0x40, 0xC7, 0x41, 0x01, 0xC5, 0x80, 0x01, 0x80,
    0x01, 0xC6, 0x03, 0x40, 0xC5, 0x80, 0x00, 0x80, 0x01, 0x40, 0xC5, 0x01, 0x40, 0x02, 0xC5, 0x05, 0xC5, 0x40, 0x00, 0x80, 0x02, 0xC5, 0x01, 0x80,
    0x02, 0x80, 0xC4, 0x01, 0x40, 0x02, 0x80, 0xC4, 0x40, 0x00, 0x80, 0xE4, 0x00, 0x40, 0xC8, 0x80, 0x01, 0x80, 0xC8, 0x01, 0x80, 0xC7, 0x80, 0x00,
    0x40, 0xC7, 0x41, 0x01, 0xC5, 0x80, 0x01, 0x80, 0x01, 0xC6, 0x04, 0xC5, 0x80, 0x00, 0x80, 0x01, 0x40, 0xC5, 0x01, 0x40, 0x02, 0xC5, 0x05, 0xC5,
    0x40, 0x00, 0x80, 0x02, 0xC5, 0x01, 0x80, 0x02, 0x80, 0xC4, 0x01, 0x40, 0x02, 0x80, 0xC4, 0x40, 0x00, 0x80, 0xE4, 0x00, 0x40, 0xC8, 0x80, 0x01,
    0x80, 0xC8, 0x01, 0x80, 0xC7, 0x80, 0x00, 0x40, 0xC7, 0x41, 0x01, 0xC5, 0x80, 0x01, 0x80, 0x01, 0xC6, 0x04, 0xC5, 0x80, 0x00, 0x80, 0x01, 0x40,
    0xC5, 0x01, 0x40, 0x02, 0xC5, 0x05, 0xC5, 0x40, 0x00, 0x80, 0x02, 0xC5, 0x01, 0x80, 0x02, 0x80, 0xC4, 0x01, 0x40, 0x02, 0x80, 0xC4, 0x40, 0x00,
    0x80, 0xE4, 0x00, 0x40, 0xC8, 0x80, 0x01, 0x80, 0xC8, 0x01, 0x80, 0xC8, 0x00, 0x40, 0xC7, 0x41, 0x01, 0xC5, 0x80, 0x01, 0x80, 0x01, 0xC6, 0x04,
    0xC5, 0x80, 0x00, 0x80, 0x01, 0x40, 0xC5, 0x01, 0x40, 0x02, 0xC5, 0x05, 0xC5, 0x40, 0x00, 0x80, 0x02, 0xC5, 0x01, 0x80, 0x02, 0x80, 0xC4, 0x01,
    0x40, 0x02, 0x80, 0xC4, 0x40, 0x00, 0x80, 0xE4, 0x00, 0x40, 0xC8, 0x80, 0x01, 0x80, 0xC8, 0x01, 0x80, 0xC8, 0x01, 0xC7, 0x41, 0x01, 0xC5, 0x80,
    0x01, 0x80, 0x01, 0x80, 0xC5, 0x01, 0x40, 0x01, 0xC5, 0x80, 0x00, 0x80, 0x02, 0xC5, 0x01, 0x40, 0x02, 0xC5, 0x05, 0xC5, 0x01, 0x80, 0x02, 0xC5,
    0x01, 0x80, 0x02, 0x80, 0xC4, 0x01, 0x40, 0x02, 0x80, 0xC4, 0x40, 0x00, 0x80, 0xE4, 0x00, 0x40, 0xC8, 0x80, 0x01, 0x80, 0xC8, 0x01, 0x80, 0xC8,
    0x01, 0xC6, 0x80, 0x00, 0x40, 0x01, 0x80, 0xC4, 0x40, 0x01, 0x80, 0x01, 0x40, 0xC5, 0x01, 0x40, 0x01, 0x80, 0xC4, 0x80, 0x00, 0x80, 0x02, 0xC5,
    0x01, 0x40, 0x02, 0xC5, 0x05, 0xC5, 0x01, 0x80, 0x02, 0x80, 0xC4, 0x01, 0x80, 0x02, 0x80, 0xC4, 0x01, 0x40, 0x02, 0x80, 0xC4, 0x40, 0x00, 0x40,
    0xE4, 0x01, 0xC8, 0x80, 0x01, 0x40, 0xC7, 0x80, 0x01, 0x40, 0xC8, 0x01, 0xC6, 0x40, 0x00, 0x40, 0x01, 0x40, 0xC4, 0x02, 0x80, 0x00, 0x40, 0x00,
    0xC4, 0x80, 0x01, 0x40, 0x00, 0x40, 0x00, 0xC4, 0x80, 0x00, 0x80, 0x02, 0x80, 0xC4, 0x01, 0x40, 0x02, 0xC4, 0x80, 0x05, 0xC5, 0x01, 0x40, 0x02,
    0x80, 0xC4, 0x01, 0x80, 0x02, 0x80, 0xC4, 0x01, 0x40, 0x02, 0x80, 0xC4, 0x02, 0xE4, 0x01, 0x80, 0xC7, 0x80, 0x02, 0xC7, 0x80, 0x02, 0xC8, 0x01,
    0xC5, 0x80, 0x01, 0x40, 0x02, 0xC3, 0x80, 0x02, 0x40, 0x02, 0x80, 0xC3, 0x40, 0x01, 0x80, 0x00, 0x40, 0x00, 0x80, 0xC3, 0x40, 0x00, 0x80, 0x03,
    0xC3, 0x80, 0x01, 0x40, 0x02, 0x80, 0xC3, 0x40, 0x05, 0xC4, 0x40, 0x05, 0x80, 0xC4, 0x01, 0x40, 0x02, 0x40, 0xC4, 0x01, 0x40, 0x02, 0x40, 0xC4,
    0x02, 0xD8, 0x81, 0xC9, 0x01, 0x40, 0xC7, 0x80, 0x02, 0xC7, 0x80, 0x02, 0xC5, 0x40, 0x80, 0xC0, 0x01, 0x80, 0xC3, 0x80, 0x40, 0x01, 0x40, 0x02,
    0xC3, 0x40, 0x02, 0x40, 0x01, 0x40, 0x00, 0xC3, 0x02, 0x80, 0x00, 0x40, 0x80, 0x00, 0xC3, 0x01, 0xC0, 0x40, 0x00, 0x40, 0x00, 0x80, 0xC2, 0x40,
    0x01, 0x80, 0x03, 0xC3, 0x06, 0x80, 0xC2, 0x80, 0x06, 0x40, 0xC3, 0x40, 0x01, 0x80, 0x03, 0xC3, 0x80, 0x01, 0x40, 0x03, 0xC3, 0x80, 0x02, 0xD8,
    0x41, 0x80, 0xC8, 0x02, 0xC7, 0x80, 0x02, 0x80, 0xC7, 0x02, 0xC4, 0x80, 0x00, 0x80, 0xC0, 0x02, 0xC3, 0x40, 0x01, 0x40, 0x80, 0x02, 0x40, 0xC1,
    0x80, 0x03, 0x40, 0x01, 0x40, 0x00, 0x80, 0xC1, 0x80, 0x02, 0x80, 0x01, 0xC0, 0x00, 0x80, 0xC1, 0x80, 0x01, 0xC0, 0x40, 0x00, 0x41, 0x00, 0xC2,
    0x02, 0x80, 0x03, 0x80, 0xC1, 0x80, 0x40, 0x05, 0x40, 0xC2, 0x00, 0x40, 0x01, 0x40, 0x02, 0x40, 0xC2, 0x00, 0x40, 0x01, 0xC0, 0x03, 0xC3, 0x40,
    0x01, 0x80, 0x03, 0xC3, 0x40, 0x02, 0xD8, 0x02, 0xC8, 0x02, 0x40, 0xC6, 0x80, 0x03, 0xC7, 0x02, 0x80, 0xC3, 0x01, 0x80, 0xC0, 0x40, 0x01, 0x80,
    0xC1, 0x40, 0x02, 0x81, 0x03, 0xC1, 0x09, 0x40, 0xC1, 0x40, 0x02, 0x80, 0x01, 0xC0, 0x40, 0x00, 0xC1, 0x40, 0x01, 0xC0, 0x80, 0x01, 0xC0, 0x00,
    0x80, 0xC1, 0x02, 0xC0, 0x02, 0x40, 0x00, 0xC1, 0x41, 0x01, 0x40, 0x03, 0x80, 0xC1, 0x00, 0x80, 0x06, 0xC1, 0x80, 0x03, 0xC0, 0x03, 0xC2, 0x40,
    0x02, 0x80, 0x03, 0x80, 0xC2, 0x02, 0x40, 0xCC, 0x82, 0xC8, 0x02, 0x40, 0xC7, 0x03, 0xC6, 0x80, 0x03, 0x80, 0xC2, 0x81, 0xC0, 0x80, 0x02, 0x40,
    0xC2, 0x80, 0x01, 0xC1, 0x40, 0x01, 0x80, 0xC0, 0x80, 0x03, 0xC0, 0x80, 0x03, 0xC0, 0x40, 0x09, 0x40, 0xC0, 0x80, 0x03, 0x80, 0x01, 0x41, 0x00,
    0xC1, 0x01, 0x40, 0xC0, 0x80, 0x01, 0xC0, 0x01, 0xC0, 0x80, 0x01, 0x40, 0xC0, 0x40, 0x01, 0x80, 0x00, 0x80, 0xC0, 0x40, 0x02, 0xC0, 0x04, 0xC1,
    0x00, 0x80, 0x06, 0x80, 0xC0, 0x80, 0x08, 0x80, 0xC0, 0x80, 0x03, 0xC0, 0x03, 0x40, 0xC1, 0x03, 0x80, 0xCC, 0x41, 0x80, 0xC7, 0x80, 0x03, 0xC6,
    0x80, 0x03, 0x80, 0xC5, 0x80, 0x04, 0xC1, 0x41, 0x80, 0xC0, 0x80, 0x03, 0x80, 0xC1, 0x02, 0xC1, 0x80, 0x01, 0x80, 0xC0, 0x40, 0x03, 0xC1, 0x03,
    0x40, 0x05, 0x40, 0x03, 0x40, 0xC0, 0x0A, 0xC0, 0x40, 0x01, 0x80, 0xC1, 0x01, 0x41, 0x00, 0xC0, 0x40, 0x01, 0x80, 0xC0, 0x80, 0x01, 0x80, 0x01,
    0xC0, 0x02, 0x40, 0xC0, 0x04, 0x81, 0x40, 0x02, 0xC0, 0x04, 0xC0, 0x40, 0x00, 0x40, 0x06, 0x40, 0xC0, 0x80, 0x08, 0x40, 0xC0, 0x80, 0x03, 0x80,
    0xCC, 0x42, 0xC7, 0x80, 0x03, 0xC6, 0x80, 0x04, 0xC6, 0x04, 0xC1, 0x01, 0x80, 0xC0, 0x80, 0x04, 0xC0, 0x80, 0x02, 0xC1, 0x80, 0x01, 0x41, 0x04,
    0xC1, 0x80, 0x09, 0x80, 0x04, 0x80, 0x0A, 0xC0, 0x02, 0x80, 0xC0, 0x40, 0x04, 0x80, 0x02, 0xC2, 0x02, 0x40, 0x00, 0x40, 0x02, 0x80, 0xC0, 0x80,
    0x01, 0x40, 0x01, 0x40, 0x02, 0x40, 0xC0, 0x04, 0x80, 0x00, 0x80, 0x01, 0x40, 0xC0, 0x04, 0xC0, 0x04, 0x80, 0x04, 0xC0, 0x40, 0x03, 0x40, 0xCC,
    0x42, 0xC7, 0x80, 0x03, 0x80, 0xC5, 0x80, 0x04, 0xC6, 0x04, 0x40, 0x80, 0x01, 0x40, 0xC0, 0x80, 0x04, 0x80, 0x40, 0x02, 0xC1, 0x40, 0x03, 0x40,
    0x02, 0x40, 0xC2, 0x09, 0xC0, 0x0A, 0x40, 0x08, 0x81, 0x05, 0x40, 0x02, 0xC2, 0x02, 0x40, 0x04, 0xC2, 0x02, 0x40, 0x04, 0x80, 0xC0, 0x40, 0x08,
    0x40, 0xC0, 0x04, 0x40, 0x00, 0x80, 0x01, 0x40, 0xC0, 0x04, 0xC0, 0x04, 0xC0, 0xCC, 0x42, 0xC7, 0x80, 0x03, 0x80, 0xC5, 0x80, 0x04, 0xC6, 0x04,
    0x41, 0x01, 0x40, 0xC0, 0x80, 0x04, 0x40, 0x03, 0xC1, 0x40, 0x03, 0x40, 0x02, 0x40, 0xC2, 0x08, 0x40, 0xC0, 0x40, 0x09, 0x40, 0x08, 0x40, 0x80,
    0x09, 0xC1, 0x80, 0x07, 0x40, 0xC2, 0x02, 0x80, 0x04, 0xC1, 0x80, 0x08, 0x80, 0xC0, 0x09, 0x80, 0xC0, 0x04, 0x80, 0x00, 0x40, 0x01, 0x40, 0xC0,
    0xCC, 0x42, 0xC7, 0x80, 0x03, 0x80, 0xC5, 0x80, 0x04, 0xC6, 0x04, 0x41, 0x01, 0x40, 0xC1, 0x04, 0x40, 0x03, 0xC1, 0x40, 0x03, 0x40, 0x02, 0x40,
    0xC2, 0x08, 0x80, 0xC0, 0x40, 0x09, 0x80, 0x08, 0x41, 0x09, 0xC1, 0x80, 0x07, 0x40, 0xC2, 0x02, 0x80, 0x04, 0xC1, 0x80, 0x08, 0x80, 0xC0, 0x04,
    0x40, 0x03, 0x80, 0xC0, 0x04, 0x80, 0x00, 0x40, 0x01, 0x80, 0xC0, 0xCC, 0x42, 0xC7, 0x80, 0x03, 0x80, 0xC5, 0x80, 0x04, 0xC6, 0x04, 0x41, 0x01,
    0x40, 0xC0, 0x80, 0x04, 0x40, 0x03, 0xC1, 0x40, 0x02, 0x41, 0x02, 0x40, 0xC2, 0x08, 0xC1, 0x40, 0x09, 0x80, 0x08, 0x41, 0x09, 0xC1, 0x80, 0x07,
    0x40, 0xC2, 0x02, 0x80, 0x04, 0xC1, 0x80, 0x08, 0x80, 0xC0, 0x09, 0x80, 0xC0, 0x04, 0x80, 0x00, 0x40, 0x01, 0x80, 0xC0, 0xCC, 0x40, 0x80, 0x40,
    0xC7, 0x80, 0x03, 0x80, 0xC5, 0x80, 0x04, 0xC6, 0x04, 0x41, 0x01, 0x40, 0xC0, 0x80, 0x04, 0x80, 0x03, 0xC1, 0x40, 0x02, 0x40, 0x80, 0x02, 0x40,
    0xC2, 0x08, 0xC1, 0x40, 0x09, 0x80, 0x08, 0x41, 0x09, 0xC1, 0x80, 0x07, 0x40, 0xC2, 0x02, 0x80, 0x04, 0xC1, 0x80, 0x08, 0x80, 0xC0, 0x09, 0x80,
    0xC0, 0x04, 0x80, 0x00, 0x40, 0x01, 0x80, 0xC0, 0xCC, 0x40, 0x80, 0x40, 0xC7, 0x80, 0x03, 0x80, 0xC5, 0x80, 0x04, 0xC6, 0x04, 0x41, 0x01, 0x40,
    0xC0, 0x80, 0x04, 0x80, 0x03, 0xC0, 0x80, 0x03, 0x40, 0x80, 0x02, 0x40, 0xC2, 0x08, 0xC1, 0x40, 0x09, 0x80, 0x08, 0x41, 0x09, 0xC1, 0x80, 0x07,
    0x40, 0xC2, 0x02, 0x80, 0x04, 0xC1, 0x80, 0x08, 0x80, 0xC0, 0x09, 0x80, 0xC0, 0x04, 0x80, 0x00, 0x40, 0x01, 0x80, 0xC0, 0xCC, 0x40, 0x81, 0xC7,
    0x80, 0x03, 0x80, 0xC5, 0x80, 0x04, 0xC6, 0x04, 0x80, 0x40, 0x01, 0x40, 0xC0, 0x80, 0x04, 0x80, 0x03, 0xC0, 0x80, 0x04, 0x80, 0x02, 0x40, 0xC2,
    0x08, 0xC1, 0x40, 0x09, 0x80, 0x08, 0x41, 0x09, 0xC1, 0x80, 0x07, 0x40, 0xC2, 0x02, 0x80, 0x04, 0xC1, 0x80, 0x08, 0x80, 0xC0, 0x09, 0x80, 0xC0,
    0x04, 0x80, 0x00, 0x40, 0x01, 0x80, 0xC0, 0xCC, 0x82, 0xC7, 0x80, 0x03, 0x80, 0xC5, 0x80, 0x04, 0xC6, 0x04, 0x80, 0x40, 0x01, 0x40, 0xC0, 0x80,
    0x04, 0x80, 0x03, 0xC0, 0x80, 0x04, 0x40, 0x02, 0x40, 0xC2, 0x08, 0xC1, 0x40, 0x09, 0x80, 0x08, 0x41, 0x09, 0xC1, 0x80, 0x07, 0x40, 0xC2, 0x02,
    0x80, 0x04, 0xC1, 0x80, 0x08, 0x80, 0xC0, 0x09, 0x80, 0xC0, 0x04, 0x80, 0x00, 0x40, 0x01, 0x80, 0xC0, 0xCC, 0x82, 0xC7, 0x80, 0x03, 0x80, 0xC5,
    0x80, 0x04, 0xC6, 0x04, 0x41, 0x01, 0x40, 0xC0, 0x80, 0x04, 0x40, 0x03, 0xC0, 0x80, 0x03, 0x41, 0x02, 0x40, 0xC2, 0x08, 0xC1, 0x40, 0x09, 0x80,
    0x08, 0x80, 0x40, 0x08, 0x40, 0xC1, 0x80, 0x07, 0x40, 0xC2, 0x02, 0x80, 0x04, 0xC1, 0x80, 0x08, 0x80, 0xC0, 0x09, 0x80, 0xC0, 0x04, 0x80, 0x00,
    0x40, 0x01, 0x80, 0xC0, 0xCC, 0x02, 0x40, 0xC6, 0x40, 0x03, 0x40, 0xC5, 0x40, 0x04, 0xC1, 0x40, 0x80, 0xC1, 0x80, 0x04, 0x41, 0x02, 0xC0, 0x40,
    0x04, 0x80, 0x03, 0xC0, 0x80, 0x03, 0x41, 0x02, 0x40, 0xC1, 0x80, 0x08, 0xC1, 0x40, 0x09, 0x40, 0x08, 0x41, 0x09, 0xC1, 0x08, 0x40, 0xC1, 0x80,
    0x02, 0x40, 0x03, 0x40, 0xC1, 0x80, 0x02, 0x40, 0x04, 0xC1, 0x40, 0x08, 0x80, 0xC0, 0x04, 0x40, 0x03, 0x80, 0xC0, 0x40, 0x02, 0x40, 0xC6, 0x04,
    0x80, 0xC5, 0x05, 0xC5, 0x05, 0x40, 0x80, 0x01, 0x40, 0xC0, 0x40, 0x04, 0x41, 0x02, 0x40, 0x05, 0x80, 0x03, 0xC0, 0x80, 0x03, 0x41, 0x03, 0xC1,
    0x40, 0x08, 0x80, 0xC0, 0x0A, 0x40, 0x14, 0x80, 0xC0, 0x09, 0xC1, 0x09, 0xC1, 0x40, 0x02, 0x80, 0x04, 0xC1, 0x40, 0x01, 0x40, 0x05, 0x40, 0xC0,
    0x09, 0x40, 0xC0, 0x04, 0x80, 0xC5, 0x05, 0xC5, 0x05, 0x80, 0xC0, 0x00, 0x40, 0x80, 0xC0, 0x05, 0x40, 0x80, 0x09, 0x41, 0x09, 0x80, 0x03, 0x81,
    0x03, 0x40, 0x04, 0x80, 0xC0, 0x09, 0x40, 0x80, 0x21, 0xC0, 0x09, 0x80, 0xC0, 0x09, 0xC1, 0x09, 0xC1, 0x03, 0x40, 0x04, 0x80, 0xC0, 0x02, 0x40,
    0x06, 0xC0, 0x03, 0x40, 0xC6, 0x04, 0x40, 0xC5, 0x05, 0x80, 0xC0, 0x81, 0xC1, 0x05, 0x40, 0x80, 0x02, 0x40, 0x05, 0x41, 0x09, 0x40, 0x09, 0x41,
    0x04, 0x40, 0x0A, 0x40, 0x21, 0x80, 0x0A, 0xC0, 0x09, 0x40, 0xC0, 0x02, 0x40, 0x05, 0x40, 0xC0, 0x02, 0x40, 0x06, 0x80, 0x0A, 0x40, 0xD7, 0x42,
    0x81, 0xC6, 0x03, 0x40, 0x80, 0xC5, 0x05, 0x82, 0x41, 0x80, 0x05, 0x41, 0x09, 0x40, 0x33, 0x40, 0x0A, 0x40, 0x0A, 0x40, 0x10, 0x40, 0x05, 0x8B,
    0xFB, 0x02, 0x41, 0x81, 0xC4, 0x05, 0x45, 0x3B, 0x83, 0xC2, 0x84, 0xE3, 0xFF, 0xD3, 0x85, 0xC5, 0x0B, 0xFF, 0xD3, 0xFF, 0xD3, 0x80, 0xCA, 0x0A,
    0x40, 0xFF, 0xD3, 0xFF, 0xDF, 0x4B, 0xFF, 0xD3, 0xFF, 0xDF, 0x8B, 0xFF, 0xD3, 0xFF, 0xDF, 0x84, 0xFF, 0xDA, 0xFF, 0xDF, 0x84, 0xFF, 0xDA, 0xFF,
    0xDF, 0x84, 0xFF, 0xDA, 0xFF, 0xFF, 0xFF, 0xFF, 0xFF, 0xFF, 0xFF, 0xFF, 0xFF, 0xFF, 0xEB, 0x80, 0x40, 0x80, 0xC5, 0x80, 0x40, 0x80, 0xC2, 0x41,
    0x81, 0x00, 0x40, 0x80, 0xFD, 0xFF, 0xDF, 0x43, 0xC3, 0x80, 0x02, 0x40, 0x02, 0xC3, 0x02, 0x40, 0xC1, 0x40, 0x01, 0x40, 0x80, 0x02, 0x80, 0xC4,
    0x80, 0x40, 0x00, 0x40, 0x80, 0xF2, 0xFF, 0xC9, 0x80, 0x00, 0x80, 0xC1, 0x80, 0x00, 0x40, 0xC1, 0x40, 0x02, 0xC3, 0x40, 0x05, 0x40, 0xC3, 0x40,
    0x06, 0xC3, 0x03, 0xC0, 0x80, 0x02, 0x40, 0x80, 0x02, 0x40, 0xC3, 0x40, 0x04, 0x80, 0xC6, 0x82, 0xE7, 0xF2, 0x40, 0x03, 0x40, 0xC4, 0x07, 0x80,
    0xC0, 0x80, 0x02, 0x80, 0xC1, 0x80, 0x02, 0x40, 0x03, 0xC3, 0x40, 0x05, 0x40, 0xC3, 0x40, 0x06, 0xC3, 0x03, 0xC0, 0x80, 0x02, 0x40, 0x80, 0x02,
    0x40, 0xC3, 0x40, 0x04, 0x80, 0xC7, 0x80, 0xE8, 0xF2, 0x80, 0x03, 0x80, 0xC4, 0x40, 0x06, 0xC2, 0x02, 0x80, 0xC1, 0x80, 0x02, 0x40, 0x03, 0xC3,
    0x40, 0x05, 0x40, 0xC3, 0x40, 0x06, 0xC3, 0x03, 0xC0, 0x80, 0x02, 0x40, 0x80, 0x02, 0x40, 0xC3, 0x80, 0x03, 0x40, 0x80, 0xF1, 0xF3, 0x80, 0x41,
    0x80, 0xC5, 0x80, 0x05, 0x40, 0xC2, 0x40, 0x01, 0x40, 0xC1, 0x80, 0x02, 0x80, 0x03, 0xC3, 0x40, 0x06, 0xC3, 0x40, 0x02, 0x40, 0x02, 0xC3, 0x02,
    0x40, 0xC1, 0x40, 0x01, 0x41, 0x02, 0x80, 0xC4, 0x41, 0x00, 0x40, 0x80, 0xF2, 0xFE, 0x40, 0x03, 0x40, 0x80, 0xC2, 0x40, 0x01, 0x40, 0xC1, 0x80,
    0x02, 0x80, 0x03, 0xC3, 0x07, 0xC3, 0x40, 0x02, 0x40, 0x02, 0xC3, 0x02, 0x40, 0xC1, 0x80, 0x01, 0x41, 0x01, 0x40, 0xC6, 0x82, 0xF3, 0xFF, 0x43,
    0x80, 0xC3, 0x80, 0x01, 0x40, 0xC1, 0x40, 0x01, 0x40, 0xC0, 0x03, 0xC3, 0x07, 0xC3, 0x40, 0x02, 0x80, 0x02, 0x80, 0xC2, 0x02, 0x80, 0xC2, 0x40,
    0x00, 0x41, 0x00, 0x40, 0x80, 0xFD, 0xFF, 0xC0, 0x82, 0xC5, 0x40, 0x00, 0x40, 0xC1, 0x40, 0x00, 0x40, 0x80, 0xC0, 0x40, 0x02, 0xC3, 0x07, 0xC3,
    0x03, 0x80, 0x40, 0x01, 0x80, 0xC2, 0x01, 0x40, 0x80, 0xC2, 0x83, 0x40, 0x80, 0xFE, 0xFF, 0xC9, 0x80, 0x41, 0xC1, 0x40, 0x00, 0x40, 0xC1, 0x40,
    0x02, 0xC3, 0x07, 0xC3, 0x03, 0xC0, 0x80, 0x01, 0x80, 0xC1, 0x80, 0x01, 0x40, 0xC4, 0x80, 0xC1, 0x81, 0xFE, 0xFF, 0xC9, 0x80, 0x41, 0xC1, 0x40,
    0x00, 0x40, 0xC1, 0x40, 0x02, 0xC3, 0x07, 0xC3, 0x03, 0xC0, 0x80, 0x01, 0x80, 0xC1, 0x80, 0x01, 0x40, 0xC4, 0x80, 0xC1, 0x80, 0xFF, 0xFF, 0xC9,
    0x40, 0x00, 0x40, 0xC1, 0x40, 0x00, 0x40, 0x80, 0xC0, 0x03, 0xC3, 0x07, 0xC3, 0x03, 0x80, 0x40, 0x01, 0x80, 0xC1, 0x80, 0x01, 0x40, 0x80, 0xC3,
    0x80, 0xC1, 0x80, 0xFF, 0xFF, 0xC0, 0x81, 0xC5, 0x80, 0x01, 0x40, 0xC1, 0x40, 0x01, 0x80, 0xC0, 0x03, 0xC3, 0x07, 0xC3, 0x03, 0x80, 0x40, 0x01,
    0x80, 0xC2, 0x02, 0x80, 0xC3, 0x80, 0xC1, 0x81, 0xFE, 0xFE, 0x81, 0x41, 0x81, 0xC2, 0x80, 0x02, 0x40, 0xC1, 0x40, 0x02, 0x80, 0x03, 0xC3, 0x07,
    0xC3, 0x40, 0x02, 0x40, 0x02, 0xC3, 0x02, 0x40, 0xC2, 0x81, 0xC1, 0x40, 0x81, 0xFD, 0xFC, 0x80, 0x41, 0x03, 0x40, 0x80, 0xC1, 0x03, 0x40, 0xC1,
    0x80, 0x07, 0xC3, 0x06, 0x40, 0xC3, 0x40, 0x06, 0xC3, 0x03, 0xC1, 0x80, 0x41, 0x80, 0xC0, 0x42, 0x80, 0xFC, 0xF3, 0x83, 0xC3, 0x80, 0x08, 0x40,
    0x80, 0x03, 0x80, 0xC1, 0x80, 0x07, 0xC3, 0x40, 0x05, 0x40, 0xC3, 0x80, 0x06, 0xC3, 0x40, 0x02, 0x80, 0x41, 0x01, 0x81, 0x40, 0x01, 0x40, 0x80,
    0xFB, 0xF0, 0x80, 0x41, 0x04, 0x40, 0x80, 0xC0, 0x05, 0x40, 0x08, 0x40, 0xC2, 0x07, 0xC3, 0x80, 0x05, 0x40, 0xC4, 0x06, 0xC3, 0x80, 0x02, 0x40,
    0x03, 0x80, 0xC0, 0x80, 0x03, 0xC3, 0x84, 0xF2, 0xE6, 0x81, 0x43, 0x80, 0xC1, 0x40, 0x0F, 0x41, 0x08, 0x80, 0xC2, 0x40, 0x06, 0xC4, 0x06, 0xC4,
    0x06, 0xC4, 0x07, 0x80, 0xC0, 0x80, 0x03, 0xC0, 0x80, 0x42, 0x00, 0x43, 0x80, 0xF0, 0xDC, 0x84, 0xC1, 0x80, 0x40, 0x1A, 0x40, 0x81, 0x07, 0x80,
    0xC3, 0x06, 0xC4, 0x40, 0x05, 0xC4, 0x80, 0x05, 0xC4, 0x07, 0xC2, 0x40, 0x0D, 0x40, 0xC3, 0x81, 0xE9, 0xD1, 0x84, 0xC1, 0x80, 0x40, 0x25, 0xC2,
    0x80, 0x06, 0xC4, 0x80, 0x04, 0x40, 0xC5, 0x04, 0x40, 0xC5, 0x05, 0xC4, 0x80, 0x06, 0x80, 0xC1, 0x40, 0x15, 0x40, 0x81, 0xE5, 0xC5, 0x81, 0x42,
    0x80, 0xC1, 0x80, 0x40, 0x25, 0x40, 0x80, 0x07, 0x40, 0xC3, 0x40, 0x04, 0x40, 0xC5, 0x04, 0x40, 0xC5, 0x04, 0x40, 0xC5, 0x04, 0x40, 0xC4, 0x80,
    0x06, 0x80, 0xC1, 0x80, 0x17, 0x40, 0x80, 0xC0, 0x02, 0x42, 0x80, 0xDC, 0xC1, 0x80, 0x40, 0x07, 0x40, 0x27, 0x80, 0xC1, 0x80, 0x06, 0xC4, 0x80,
    0x04, 0x80, 0xC5, 0x40, 0x03, 0xC6, 0x40, 0x03, 0x80, 0xC5, 0x40, 0x03, 0x40, 0xC4, 0x80, 0x06, 0x80, 0xC1, 0x80, 0x19, 0x80, 0x07, 0x40, 0xC2,
    0x02, 0x41, 0x80, 0xD1, 0x80, 0x32, 0x40, 0xC2, 0x80, 0x05, 0x40, 0xC5, 0x03, 0x40, 0xC6, 0x40, 0x02, 0xC7, 0x80, 0x02, 0xC7, 0x03, 0x40, 0xC6,
    0x06, 0xC2, 0x80, 0x19, 0x40, 0x08, 0x40, 0xC1, 0x06, 0x40, 0xC3, 0x03, 0x40, 0xC6, 0x33, 0xC3, 0x80, 0x05, 0xC5, 0x40, 0x03, 0x40, 0xC6, 0x02,
    0x80, 0xC7, 0x01, 0x40, 0xC8, 0x01, 0x40, 0xC7, 0x80, 0x02, 0x40, 0xC0, 0x81, 0xC2, 0x80, 0x08, 0x40, 0x1A, 0x40, 0xC0, 0x07, 0x40, 0xC2, 0x05,
    0x40, 0xC4, 0x33, 0x80, 0xC0, 0x80, 0x40, 0x05, 0x40, 0xC4, 0x80, 0x04, 0x80, 0xC5, 0x40, 0x03, 0xC7, 0x01, 0x80, 0xC8, 0x01, 0xC8, 0x40, 0x01,
    0xC2, 0x80, 0xC3, 0x80, 0x02, 0x40, 0xC1, 0x01, 0x42, 0x04, 0x40, 0x14, 0xC0, 0x08, 0x40, 0xC1, 0x07, 0x80, 0xC2, 0x0A, 0x80, 0x32, 0x80, 0xC2,
    0x40, 0x05, 0xC5, 0x40, 0x04, 0xC6, 0x03, 0x80, 0xC6, 0x40, 0x01, 0x40, 0xC7, 0x40, 0x01, 0xC7, 0x80, 0x02, 0xC2, 0x80, 0x40, 0xC1, 0x80, 0x03,
    0xC2, 0x08, 0x81, 0x08, 0xC0, 0x09, 0xC1, 0x08, 0xC2, 0x05, 0x40, 0xC4, 0x07, 0x40, 0xC2, 0x09, 0x80, 0xC0, 0x0A, 0xC0, 0x19, 0x40, 0xC2, 0x80,
    0x05, 0x40, 0xC5, 0x04, 0x80, 0xC5, 0x80, 0x03, 0x40, 0xC6, 0x03, 0xC7, 0x02, 0xC7, 0x40, 0x02, 0xC2, 0x80, 0x01, 0x40, 0x04, 0xC2, 0x07, 0x40,
    0xC1, 0x80, 0x07, 0xC0, 0x41, 0x07, 0x80, 0xC0, 0x03, 0x80, 0xC6, 0x04, 0x40, 0xC5, 0x06, 0xC4, 0x07, 0x80, 0xC2, 0x08, 0x40, 0xC1, 0x0A, 0x40,
    0x0D, 0x40, 0xC3, 0x05, 0x40, 0xC5, 0x04, 0x40, 0xC6, 0x04, 0x80, 0xC5, 0x03, 0x40, 0xC5, 0x40, 0x03, 0xC2, 0x41, 0x00, 0x40, 0x03, 0xC3, 0x07,
    0xC2, 0x80, 0x07, 0xC2, 0x40, 0x07, 0x03, 0xC7, 0x03, 0x80, 0xC6, 0x04, 0x80, 0xC5, 0x05, 0x80, 0xC4, 0x06, 0x80, 0xC3, 0x1B, 0x40, 0xC0, 0x80,
    0x06, 0x80, 0xC3, 0x80, 0x05, 0xC5, 0x80, 0x04, 0x80, 0xC5, 0x05, 0xC4, 0x80, 0x04, 0x80, 0xC1, 0x40, 0x06, 0x40, 0xC1, 0x80, 0x07, 0xC2, 0x40,
    0x06, 0xC3, 0x40, 0x06, 0x02, 0x40, 0xC7, 0x03, 0xC7, 0x03, 0x40, 0xC6, 0x04, 0x80, 0xC5, 0x05, 0xC2, 0x80, 0x40, 0x1D, 0x81, 0x07, 0x80, 0xC2,
    0x80, 0x05, 0x80, 0xC5, 0x04, 0x40, 0xC5, 0x05, 0x80, 0xC1, 0x81, 0x40, 0x05, 0x80, 0xC0, 0x80, 0x08, 0xC1, 0x40, 0x07, 0xC2, 0x07, 0x80, 0xC2,
    0x40, 0x05, 0x02, 0x80, 0xC7, 0x03, 0xC7, 0x03, 0x80, 0xC5, 0x40, 0x04, 0xC4, 0x40, 0x05, 0x40, 0xC1, 0x80, 0x08, 0x80, 0x15, 0x40, 0x80, 0x08,
    0x80, 0xC1, 0x80, 0x06, 0xC5, 0x05, 0x80, 0xC4, 0x06, 0xC1, 0x80, 0x08, 0xC1, 0x08, 0x40, 0xC1, 0x08, 0xC2, 0x07, 0x40, 0xC2, 0x05, 0x02, 0x80,
    0xC6, 0x03, 0x40, 0xC6, 0x04, 0xC5, 0x05, 0x40, 0xC3, 0x40, 0x06, 0x80, 0xC1, 0x09, 0x80, 0x15, 0x40, 0x80, 0x08, 0x40, 0xC1, 0x80, 0x40, 0x05,
    0x80, 0xC4, 0x40, 0x04, 0x80, 0xC3, 0x80, 0x06, 0x80, 0xC0, 0x80, 0x08, 0x80, 0xC0, 0x80, 0x08, 0xC1, 0x40, 0x08, 0xC1, 0x40, 0x07, 0x80, 0xC1,
    0x80, 0x04, 0x02, 0xC6, 0x04, 0x80, 0xC4, 0x80, 0x05, 0xC4, 0x06, 0x80, 0xC2, 0x40, 0x07, 0xC1, 0x40, 0x08, 0x41, 0x15, 0x40, 0x80, 0x09, 0xC2,
    0x40, 0x05, 0x40, 0xC4, 0x40, 0x04, 0x40, 0x80, 0xC1, 0x80, 0x40, 0x07, 0xC1, 0x09, 0xC1, 0x08, 0x40, 0xC0, 0x80, 0x08, 0x80, 0xC1, 0x08, 0xC2,
    0x40, 0x03, 0x02, 0x80, 0xC4, 0x05, 0x80, 0xC3, 0x80, 0x05, 0x40, 0xC3, 0x40, 0x06, 0x80, 0xC2, 0x08, 0xC1, 0x09, 0x41, 0x16, 0x80, 0x09, 0xC2,
    0x80, 0x06, 0xC4, 0x40, 0x05, 0x80, 0xC1, 0x40, 0x08, 0xC1, 0x09, 0xC1, 0x09, 0xC1, 0x08, 0x40, 0xC1, 0x40, 0x07, 0xC2, 0x80, 0x03, 0x02, 0x40,
    0xC3, 0x06, 0x40, 0xC3, 0x06, 0x40, 0xC3, 0x07, 0xC2, 0x80, 0x08, 0xC1, 0x09, 0x40, 0x17, 0xC0, 0x09, 0xC2, 0x80, 0x06, 0xC4, 0x40, 0x05, 0x40,
    0xC1, 0x40, 0x08, 0x80, 0xC0, 0x09, 0x80, 0xC0, 0x40, 0x08, 0xC1, 0x09, 0xC1, 0x80, 0x07, 0x80, 0xC2, 0x03, 0x03, 0xC2, 0x80, 0x07, 0xC2, 0x80,
    0x07, 0xC2, 0x80, 0x07, 0xC2, 0x40, 0x08, 0xC0, 0x80, 0x09, 0x40, 0x17, 0xC0, 0x09, 0xC3, 0x40, 0x05, 0xC3, 0x80, 0x40, 0x05, 0x40, 0x80, 0xC0,
    0x09, 0x80, 0xC0, 0x09, 0x80, 0xC0, 0x40, 0x08, 0xC1, 0x40, 0x08, 0xC2, 0x07, 0x40, 0xC2, 0x03, 0x03, 0xC2, 0x40, 0x07, 0xC2, 0x80, 0x07, 0xC2,
    0x80, 0x07, 0x80, 0xC1, 0x40, 0x08, 0xC0, 0x80, 0x09, 0x40, 0x16, 0x40, 0xC0, 0x40, 0x08, 0xC3, 0x40, 0x05, 0xC3, 0x80, 0x06, 0x40, 0x80, 0xC0,
    0x09, 0x80, 0xC0, 0x40, 0x08, 0x80, 0xC0, 0x40, 0x08, 0xC1, 0x40, 0x08, 0xC2, 0x07, 0x40, 0xC2, 0x03, 0x03, 0xC2, 0x40, 0x07, 0xC2, 0x80, 0x07,
    0xC2, 0x80, 0x07, 0x80, 0xC1, 0x40, 0x08, 0xC0, 0x80, 0x09, 0x40, 0x16, 0x40, 0xC0, 0x40, 0x07, 0x40, 0xC3, 0x40, 0x05, 0xC3, 0x80, 0x07, 0xC1,
    0x09, 0x80, 0xC0, 0x40, 0x08, 0xC1, 0x80, 0x08, 0xC1, 0x40, 0x08, 0xC2, 0x07, 0x40, 0xC2, 0x03, 0x03, 0xC2, 0x40, 0x07, 0xC2, 0x80, 0x07, 0xC2,
    0x80, 0x07, 0x80, 0xC1, 0x40, 0x08, 0xC0, 0x80, 0x21, 0x80, 0xC0, 0x40, 0x07, 0x40, 0xC3, 0x05, 0x40, 0xC2, 0x80, 0x40, 0x07, 0xC1, 0x09, 0xC1,
    0x40, 0x08, 0xC1, 0x80, 0x08, 0xC1, 0x40, 0x07, 0x40, 0xC2, 0x07, 0x40, 0xC1, 0x80, 0x03, 0x03, 0xC2, 0x40, 0x07, 0xC2, 0x80, 0x07, 0xC2, 0x80,
    0x07, 0x80, 0xC1, 0x09, 0xC0, 0x40, 0x15, 0x40, 0x0A, 0xC1, 0x40, 0x07, 0x80, 0xC3, 0x05, 0x40, 0xC2, 0x80, 0x08, 0xC1, 0x09, 0xC1, 0x09, 0xC1,
    0x40, 0x07, 0x40, 0xC1, 0x08, 0xC2, 0x80, 0x07, 0x40, 0xC1, 0x40, 0x03, 0x03, 0x80, 0xC1, 0x40, 0x07, 0xC2, 0x80, 0x07, 0xC2, 0x80, 0x07, 0x40,
    0xC1, 0x09, 0x80, 0x40, 0x15, 0x40, 0x0A, 0xC1, 0x80, 0x40, 0x06, 0xC3, 0x80, 0x05, 0x80, 0xC2, 0x40, 0x08, 0xC1, 0x09, 0xC1, 0x08, 0x40, 0xC1,
    0x08, 0xC2, 0x08, 0xC2, 0x40, 0x07, 0x40, 0xC0, 0x80, 0x04, 0x03, 0x80, 0xC1, 0x40, 0x07, 0xC2, 0x80, 0x07, 0xC2, 0x80, 0x07, 0x40, 0xC1, 0x09,
    0x80, 0x40, 0x15, 0x80, 0x40, 0x08, 0x40, 0xC1, 0x80, 0x40, 0x05, 0x40, 0xC3, 0x80, 0x05, 0x40, 0xC1, 0x80, 0x09, 0xC0, 0x80, 0x09, 0xC0, 0x80,
    0x08, 0x40, 0xC0, 0x80, 0x08, 0xC2, 0x07, 0x40, 0xC2, 0x08, 0x40, 0x81, 0x04, 0x03, 0x80, 0xC1, 0x40, 0x07, 0xC2, 0x80, 0x07, 0xC2, 0x80, 0x08,
    0xC1, 0x09, 0x40, 0x16, 0xC0, 0x40, 0x08, 0x40, 0xC2, 0x80, 0x05, 0x40, 0xC3, 0x40, 0x05, 0x40, 0x80, 0xC0, 0x80, 0x09, 0xC0, 0x80, 0x08, 0x40,
    0xC0, 0x40, 0x08, 0x80, 0xC0, 0x80, 0x08, 0xC2, 0x07, 0x80, 0xC2, 0x08, 0x40, 0x81, 0x04, 0x03, 0xC2, 0x40, 0x07, 0xC2, 0x80, 0x07, 0x80, 0xC1,
    0x40, 0x08, 0xC1, 0x09, 0x40, 0x16, 0xC0, 0x80, 0x08, 0x80, 0xC2, 0x80, 0x05, 0x80, 0xC2, 0x80, 0x40, 0x05, 0x41, 0xC0, 0x80, 0x08, 0x40, 0xC0,
    0x80, 0x08, 0x40, 0xC0, 0x40, 0x08, 0x80, 0xC0, 0x80, 0x07, 0x40, 0xC2, 0x07, 0x40, 0xC2, 0x09, 0x41, 0x04, 0x03, 0xC2, 0x80, 0x07, 0xC2, 0x80,
    0x07, 0x80, 0xC1, 0x40, 0x08, 0xC0, 0x80, 0x21, 0xC1, 0x40, 0x07, 0x80, 0xC3, 0x05, 0x80, 0xC2, 0x80, 0x07, 0x40, 0xC0, 0x80, 0x08, 0x40, 0xC0,
    0x80, 0x08, 0x40, 0xC0, 0x40, 0x08, 0x80, 0xC0, 0x80, 0x07, 0x40, 0xC2, 0x08, 0xC1, 0x80, 0x09, 0x41, 0x04, 0x03, 0xC2, 0x80, 0x07, 0xC2, 0x80,
    0x07, 0x80, 0xC1, 0x40, 0x08, 0xC0, 0x80, 0x15, 0x40, 0x0A, 0xC1, 0x40, 0x07, 0xC4, 0x05, 0x80, 0xC2, 0x40, 0x07, 0x40, 0xC0, 0x80, 0x08, 0x40,
    0xC0, 0x80, 0x08, 0x40, 0xC0, 0x40, 0x08, 0xC1, 0x80, 0x07, 0x40, 0xC2, 0x08, 0x82, 0x09, 0x41, 0x04, 0x03, 0xC2, 0x80, 0x07, 0xC2, 0x80, 0x07,
    0x40, 0xC1, 0x40, 0x08, 0x81, 0x15, 0x80, 0x40, 0x08, 0x40, 0xC1, 0x80, 0x40, 0x05, 0x40, 0xC4, 0x05, 0x80, 0xC2, 0x40, 0x07, 0x40, 0xC0, 0x80,
    0x08, 0x40, 0xC0, 0x80, 0x08, 0x40, 0xC0, 0x80, 0x08, 0xC1, 0x80, 0x08, 0xC2, 0x08, 0x40, 0x80, 0x40, 0x09, 0x41, 0x04, 0x03, 0xC2, 0x80, 0x07,
    0xC2, 0x80, 0x07, 0x40, 0xC1, 0x40, 0x08, 0x80, 0x40, 0x15, 0x80, 0x40, 0x08, 0x40, 0xC2, 0x40, 0x05, 0x80, 0xC3, 0x80, 0x05, 0x40, 0x80, 0xC0,
    0x80, 0x08, 0x40, 0xC0, 0x80, 0x08, 0x40, 0xC0, 0x80, 0x08, 0x40, 0xC0, 0x80, 0x08, 0xC2, 0x08, 0xC2, 0x09, 0x80, 0x40, 0x10, 0x03, 0xC2, 0x80,
    0x07, 0xC2, 0x80, 0x07, 0x40, 0xC1, 0x09, 0x41, 0x15, 0xC0, 0x80, 0x08, 0x80, 0xC2, 0x80, 0x05, 0x80, 0xC3, 0x40, 0x05, 0x40, 0x80, 0xC0, 0x80,
    0x08, 0x40, 0xC0, 0x80, 0x08, 0x40, 0xC0, 0x80, 0x08, 0x80, 0xC0, 0x80, 0x08, 0xC2, 0x08, 0xC2, 0x09, 0x80, 0x40, 0x10, 0x03, 0xC2, 0x80, 0x07,
    0xC2, 0x80, 0x08, 0xC1, 0x09, 0x40, 0x16, 0xC1, 0x08, 0x80, 0xC3, 0x05, 0x80, 0xC3, 0x40, 0x06, 0x80, 0xC0, 0x80, 0x08, 0x40, 0xC0, 0x80, 0x08,
    0x80, 0xC0, 0x80, 0x08, 0x80, 0xC0, 0x80, 0x08, 0xC2, 0x08, 0xC2, 0x09, 0x41, 0x10, 0x03, 0xC2, 0x80, 0x07, 0x80, 0xC1, 0x80, 0x08, 0xC1, 0x09,
    0x40, 0x16, 0xC1, 0x40, 0x07, 0x80, 0xC3, 0x05, 0x80, 0xC2, 0x80, 0x40, 0x06, 0x40, 0xC0, 0x80, 0x08, 0x80, 0xC1, 0x08, 0x80, 0xC1, 0x08, 0x80,
    0xC1, 0x08, 0xC2, 0x08, 0x80, 0xC1, 0x09, 0x41, 0x10, 0x03, 0xC2, 0x80, 0x07, 0x80, 0xC1, 0x40, 0x08, 0xC1, 0x21, 0xC1, 0x40, 0x07, 0x80, 0xC3,
    0x05, 0x40, 0xC2, 0x80, 0x40, 0x07, 0xC1, 0x08, 0x80, 0xC1, 0x08, 0x80, 0xC1, 0x08, 0x40, 0xC1, 0x08, 0xC2, 0x40, 0x07, 0x40, 0xC0, 0x80, 0x09,
    0x41, 0x10, 0x03, 0x80, 0xC1, 0x80, 0x07, 0x40, 0xC1, 0x40, 0x08, 0xC0, 0x80, 0x16, 0x40, 0x09, 0xC1, 0x80, 0x40, 0x06, 0x80, 0xC3, 0x40, 0x04,
    0x40, 0xC2, 0x80, 0x08, 0xC1, 0x08, 0x40, 0xC1, 0x40, 0x07, 0x80, 0xC1, 0x08, 0x40, 0xC1, 0x40, 0x07, 0x80, 0xC1, 0x80, 0x08, 0x81, 0x09, 0x41,
    0x10, 0x03, 0x80, 0xC1, 0x80, 0x07, 0x40, 0xC1, 0x40, 0x08, 0x81, 0x16, 0x40, 0x09, 0x80, 0xC0, 0x80, 0x40, 0x06, 0x80, 0xC3, 0x40, 0x05, 0xC2,
    0x80, 0x40, 0x07, 0xC1, 0x09, 0xC1, 0x40, 0x08, 0xC1, 0x09, 0xC1, 0x80, 0x07, 0x40, 0xC2, 0x08, 0x81, 0x09, 0x41, 0x10, 0x03, 0x80, 0xC1, 0x40,
    0x07, 0x40, 0xC1, 0x09, 0x81, 0x16, 0x80, 0x09, 0x80, 0xC1, 0x80, 0x06, 0x80, 0xC3, 0x40, 0x05, 0xC2, 0x80, 0x08, 0xC1, 0x09, 0x80, 0xC0, 0x40,
    0x08, 0x80, 0xC0, 0x40, 0x08, 0xC2, 0x08, 0xC2, 0x40, 0x07, 0x81, 0x40, 0x08, 0x41, 0x10, 0x03, 0x40, 0xC1, 0x40, 0x08, 0xC1, 0x09, 0x81, 0x16,
    0x80, 0x09, 0x80, 0xC1, 0x80, 0x06, 0x80, 0xC3, 0x40, 0x05, 0xC2, 0x80, 0x08, 0x80, 0xC0, 0x09, 0x40, 0xC0, 0x40, 0x08, 0x80, 0xC0, 0x40, 0x08,
    0x80, 0xC1, 0x08, 0xC2, 0x40, 0x07, 0x81, 0x40, 0x08, 0x41, 0x10, 0x04, 0xC1, 0x09, 0xC1, 0x09, 0x81, 0x16, 0x80, 0x09, 0x80, 0xC1, 0x80, 0x06,
    0x80, 0xC3, 0x40, 0x05, 0xC2, 0x80, 0x08, 0x80, 0xC0, 0x40, 0x08, 0x40, 0xC0, 0x40, 0x08, 0x80, 0xC0, 0x40, 0x08, 0x80, 0xC1, 0x08, 0xC2, 0x40,
    0x07, 0x81, 0x40, 0x09, 0x40, 0x10, 0x04, 0xC1, 0x09, 0xC1, 0x09, 0x80, 0x40, 0x16, 0x80, 0x09, 0x80, 0xC1, 0x80, 0x06, 0x40, 0xC3, 0x80, 0x05,
    0xC2, 0x80, 0x40, 0x07, 0x80, 0xC0, 0x40, 0x08, 0x40, 0xC0, 0x40, 0x08, 0x80, 0xC0, 0x40, 0x08, 0x80, 0xC1, 0x08, 0xC2, 0x40, 0x07, 0x81, 0x40,
    0x09, 0x40, 0x10, 0x04, 0xC1, 0x09, 0xC1, 0x09, 0x41, 0x16, 0x80, 0x09, 0x40, 0xC1, 0x80, 0x06, 0x40, 0xC3, 0x80, 0x05, 0xC2, 0x80, 0x40, 0x07,
    0x80, 0xC0, 0x40, 0x08, 0x40, 0xC0, 0x40, 0x08, 0x80, 0xC0, 0x40, 0x08, 0xC2, 0x08, 0xC2, 0x08, 0x40, 0xC0, 0x40, 0x09, 0x40, 0x10, 0x04, 0xC1,
    0x09, 0x81, 0x09, 0x41, 0x16, 0x80, 0x09, 0x40, 0xC1, 0x80, 0x06, 0x80, 0xC3, 0x80, 0x05, 0x80, 0xC1, 0x80, 0x40, 0x07, 0x40, 0xC0, 0x40, 0x08,
    0x40, 0xC0, 0x40, 0x08, 0x80, 0xC0, 0x40, 0x08, 0xC2, 0x08, 0xC2, 0x08, 0x40, 0xC0, 0x40, 0x09, 0x40, 0x10, 0x04, 0x81, 0x09, 0x81, 0x09, 0x41,
    0x16, 0x80, 0x09, 0x40, 0xC1, 0x80, 0x06, 0x80, 0xC3, 0x80, 0x05, 0x80, 0xC1, 0x80, 0x40, 0x07, 0x40, 0xC0, 0x40, 0x08, 0x40, 0xC0, 0x40, 0x08,
    0x80, 0xC0, 0x40, 0x08, 0xC2, 0x08, 0xC2, 0x08, 0x40, 0xC0, 0x40, 0x09, 0x40, 0x10, 0x04, 0x81, 0x09, 0x41, 0x09, 0x41, 0x16, 0x80, 0x09, 0x40,
    0xC1, 0x80, 0x06, 0x80, 0xC3, 0x80, 0x05, 0x80, 0xC1, 0x80, 0x40, 0x07, 0x40, 0xC0, 0x40, 0x08, 0x40, 0xC0, 0x40, 0x08, 0x80, 0xC0, 0x40, 0x08,
    0xC2, 0x08, 0xC2, 0x08, 0x40, 0xC0, 0x40, 0x09, 0x40, 0x10, 0x04, 0x41, 0x09, 0x41, 0x22, 0x80, 0x09, 0x40, 0xC1, 0x80, 0x06, 0x80, 0xC3, 0x80,
    0x05, 0x80, 0xC1, 0x80, 0x40, 0x07, 0x80, 0xC0, 0x40, 0x08, 0x40, 0xC0, 0x80, 0x08, 0x80, 0xC0, 0x40, 0x08, 0xC2, 0x08, 0xC2, 0x08, 0x40, 0xC0,
    0x40, 0x09, 0x40, 0x10, 0x04, 0x41, 0x09, 0x41, 0x22, 0x80, 0x09, 0x80, 0xC1, 0x80, 0x06, 0x80, 0xC3, 0x40, 0x05, 0xC2, 0x80, 0x08, 0x80, 0xC0,
    0x40, 0x08, 0x80, 0xC0, 0x80, 0x08, 0xC1, 0x80, 0x08, 0xC1, 0x80, 0x08, 0xC2, 0x08, 0x81, 0x40, 0x08, 0x41, 0x10, 0x35, 0x80, 0x09, 0x80, 0xC1,
    0x40, 0x06, 0x80, 0xC3, 0x40, 0x05, 0xC2, 0x80, 0x08, 0x80, 0xC0, 0x09, 0x80, 0xC0, 0x80, 0x08, 0xC1, 0x80, 0x08, 0xC1, 0x80, 0x07, 0x40, 0xC2,
    0x08, 0x81, 0x09, 0x41, 0x10, 0x34, 0x41, 0x09, 0xC1, 0x80, 0x40, 0x06, 0xC4, 0x05, 0x40, 0xC2, 0x40, 0x08, 0xC1, 0x09, 0xC1, 0x40, 0x08, 0xC1,
    0x80, 0x07, 0x40, 0xC1, 0x40, 0x07, 0x80, 0xC2, 0x08, 0x81, 0x09, 0x41, 0x10, 0x34, 0x41, 0x09, 0xC1, 0x80, 0x40, 0x06, 0xC4, 0x05, 0x40, 0xC2,
    0x40, 0x08, 0xC1, 0x09, 0xC1, 0x09, 0xC1, 0x08, 0x80, 0xC1, 0x08, 0xC2, 0x40, 0x08, 0x81, 0x09, 0x41, 0x10, 0x34, 0x40, 0x0A, 0xC1, 0x80, 0x40,
    0x06, 0xC3, 0x80, 0x05, 0x40, 0xC2, 0x40, 0x08, 0xC1, 0x09, 0xC1, 0x08, 0x40, 0xC0, 0x80, 0x08, 0xC2, 0x07, 0x40, 0xC2, 0x08, 0x40, 0x81, 0x09,
    0x41, 0x10, 0x34, 0x80, 0x0A, 0xC1, 0x80, 0x40, 0x06, 0xC4, 0x05, 0x80, 0xC2, 0x40, 0x08, 0xC1, 0x08, 0x40, 0xC0, 0x80, 0x08, 0x40, 0xC0, 0x80,
    0x08, 0xC2, 0x07, 0x80, 0xC2, 0x08, 0x80, 0xC0, 0x80, 0x09, 0x41, 0x10, 0x34, 0x81, 0x08, 0x40, 0xC2, 0x80, 0x05, 0x40, 0xC4, 0x40, 0x04, 0x80,
    0xC2, 0x40, 0x08, 0xC1, 0x08, 0x40, 0xC1, 0x08, 0x40, 0xC0, 0x80, 0x08, 0xC1, 0x80, 0x07, 0x80, 0xC2, 0x07, 0x40, 0xC2, 0x09, 0x80, 0x40, 0x10,
    0x28, 0x41, 0x09, 0xC1, 0x80, 0x07, 0x80, 0xC3, 0x80, 0x04, 0xC6, 0x04, 0x80, 0xC2, 0x80, 0x40, 0x06, 0x40, 0xC1, 0x08, 0x40, 0xC1, 0x08, 0x40,
    0xC1, 0x08, 0x80, 0xC1, 0x08, 0xC2, 0x07, 0xC3, 0x40, 0x06, 0x80, 0xC2, 0x40, 0x08, 0x81, 0x04, 0x1D, 0x80, 0x09, 0x80, 0xC1, 0x07, 0x40, 0xC3,
    0x40, 0x04, 0xC7, 0x02, 0x80, 0xC7, 0x40, 0x02, 0x81, 0xC1, 0x82, 0x05, 0x40, 0xC1, 0x40, 0x07, 0x40, 0xC1, 0x40, 0x08, 0xC1, 0x40, 0x07, 0x80,
    0xC1, 0x80, 0x07, 0xC2, 0x40, 0x06, 0x40, 0xC2, 0x80, 0x06, 0xC4, 0x06, 0xC4, 0x03, 0x12, 0x80, 0x40, 0x08, 0xC2, 0x40, 0x06, 0x40, 0xC2, 0x80,
    0x04, 0x80, 0xC5, 0x80, 0x02, 0xC9, 0x01, 0x80, 0xC8, 0x03, 0x80, 0xC4, 0x81, 0x03, 0x40, 0xC2, 0x00, 0x40, 0x05, 0x40, 0xC2, 0x08, 0xC2, 0x40,
    0x06, 0x40, 0xC2, 0x40, 0x06, 0x80, 0xC2, 0x40, 0x06, 0xC3, 0x06, 0x40, 0xC3, 0x06, 0xC4, 0x80, 0x02, 0x08, 0x40, 0x08, 0x40, 0x81, 0x07, 0x40,
    0xC2, 0x80, 0x03, 0x40, 0x81, 0xC4, 0x02, 0x80, 0xC7, 0x02, 0x80, 0xC8, 0x02, 0x41, 0xC6, 0x03, 0x40, 0xC2, 0x81, 0xC1, 0x04, 0xC2, 0x40, 0x00,
    0x40, 0x80, 0x04, 0xC2, 0x40, 0x07, 0xC2, 0x80, 0x07, 0xC3, 0x06, 0x40, 0xC3, 0x06, 0x80, 0xC3, 0x06, 0xC4, 0x05, 0x40, 0xC3, 0x80, 0x02, 0x09,
    0x40, 0x08, 0x40, 0x80, 0x40, 0x07, 0x80, 0xC2, 0x03, 0x80, 0xC6, 0x40, 0x01, 0x80, 0xC7, 0x40, 0x01, 0x40, 0x00, 0xC7, 0x03, 0x40, 0x80, 0xC5,
    0x04, 0x80, 0xC5, 0x04, 0xC2, 0x41, 0x06, 0xC2, 0x40, 0x01, 0x40, 0x04, 0xC2, 0x80, 0x07, 0xC3, 0x07, 0xC3, 0x07, 0xC3, 0x06, 0x40, 0xC3, 0x06,
    0xC4, 0x02, 0x09, 0x40, 0x08, 0x41, 0xC0, 0x07, 0x40, 0xC2, 0x40, 0x02, 0xC8, 0x01, 0x40, 0xC8, 0x03, 0x40, 0xC6, 0x04, 0x80, 0xC5, 0x04, 0x40,
    0xC1, 0x81, 0xC1, 0x04, 0x80, 0xC1, 0x80, 0x42, 0x04, 0xC2, 0x80, 0x01, 0x40, 0x04, 0xC3, 0x07, 0x80, 0xC2, 0x07, 0xC3, 0x07, 0xC3, 0x07, 0xC3,
    0x06, 0x40, 0xC3, 0x02, 0x0A, 0x40, 0x08, 0x81, 0xC0, 0x03, 0x41, 0x01, 0xC3, 0x01, 0x40, 0xC8, 0x02, 0x81, 0xC6, 0x04, 0xC6, 0x04, 0x40, 0xC5,
    0x05, 0xC2, 0x40, 0xC1, 0x04, 0x40, 0xC2, 0x41, 0x80, 0x03, 0x40, 0xC3, 0x07, 0xC3, 0x07, 0x80, 0xC2, 0x40, 0x05, 0x40, 0xC3, 0x40, 0x06, 0x80,
    0xC2, 0x80, 0x06, 0xC3, 0x40, 0x06, 0xC3, 0x40, 0x01, 0x14, 0x80, 0xC1, 0x02, 0xC3, 0x80, 0xC3, 0x01, 0x41, 0xC7, 0x03, 0x40, 0x80, 0xC5, 0x03,
    0x40, 0xC6, 0x05, 0xC5, 0x04, 0x40, 0x80, 0xC1, 0x80, 0x40, 0xC0, 0x04, 0x40, 0x80, 0xC2, 0x05, 0x80, 0x40, 0xC2, 0x80, 0x00, 0x40, 0x03, 0x80,
    0xC4, 0x06, 0xC4, 0x05, 0x40, 0xC4, 0x05, 0x40, 0x80, 0xC3, 0x40, 0x05, 0x80, 0xC3, 0x40, 0x05, 0x80, 0xC3, 0x40, 0x00, 0x0A, 0x80, 0x02, 0xC3,
    0x80, 0x40, 0x80, 0xC1, 0x01, 0x41, 0xC7, 0x02, 0x40, 0x80, 0x40, 0xC5, 0x04, 0x80, 0xC5, 0x04, 0xC6, 0x05, 0xC5, 0x03, 0x40, 0x00, 0x80, 0xC2,
    0x80, 0x40, 0x03, 0x40, 0x00, 0x80, 0xC2, 0x41, 0x03, 0x80, 0x00, 0xC3, 0x40, 0x03, 0x40, 0xC0, 0x80, 0xC3, 0x40, 0x04, 0xC5, 0x80, 0x05, 0xC5,
    0x04, 0xC0, 0x80, 0xC4, 0x05, 0x80, 0xC4, 0x80, 0x04, 0xC5, 0x80, 0x01, 0x40, 0xC3, 0x80, 0x40, 0x00, 0x80, 0xC0, 0x01, 0x40, 0x80, 0xC7, 0x01,
    0x40, 0x80, 0x40, 0xC6, 0x04, 0x80, 0xC5, 0x03, 0x40, 0xC6, 0x04, 0xC6, 0x03, 0x40, 0x00, 0xC5, 0x01, 0x40, 0xC1, 0x80, 0xC3, 0x80, 0x40, 0x02,
    0xC1, 0x40, 0x80, 0xC2, 0x80, 0x03, 0x80, 0xC0, 0x00, 0xC3, 0x80, 0x03, 0x40, 0x81, 0xC4, 0x03, 0xC7, 0x03, 0x80, 0xC6, 0x04, 0xC6, 0x80, 0x02,
    0x41, 0xC6, 0x04, 0xC6, 0x01, 0x40, 0xC8, 0x01, 0x40, 0x80, 0xC7, 0x02, 0x40, 0x00, 0x80, 0xC5, 0x04, 0x80, 0xC5, 0x03, 0x80, 0xC6, 0x04, 0xC6,
    0x05, 0xC5, 0x01, 0x40, 0x02, 0xC4, 0x01, 0xC3, 0x40, 0xC4, 0x01, 0x40, 0xC8, 0x02, 0x80, 0xC7, 0x03, 0xC7, 0x03, 0xC7, 0x03, 0xC7, 0x40, 0x02,
    0xC8, 0x04, 0xC6, 0x01, 0x40, 0xC8, 0x02, 0x80, 0xC7, 0x04, 0x80, 0xC5, 0x04, 0x40, 0xC5, 0x03, 0x80, 0xC6, 0x04, 0xC6, 0x05, 0xC5, 0x05, 0xC3,
    0x80, 0x01, 0xC2, 0x40, 0x00, 0xC4, 0x01, 0x80, 0xC8, 0x02, 0xC8, 0x02, 0x40, 0xC7, 0x03, 0xC7, 0x03, 0xC7, 0x03, 0xC7, 0x40, 0x04, 0xC6, 0x01,
    0x40, 0xC8, 0x02, 0x81, 0xC6, 0x04, 0x80, 0xC5, 0x04, 0x40, 0xC5, 0x03, 0x80, 0xC6, 0x03, 0x40, 0xC6, 0x04, 0x40, 0xC5, 0x05, 0xC3, 0x80, 0x40,
    0x00, 0xC3, 0x80, 0xC3, 0x80, 0x01, 0x40, 0xC7, 0x80, 0x02, 0x80, 0xC7, 0x03, 0xC7, 0x03, 0xC7, 0x03, 0xC7, 0x03, 0xC7, 0x40, 0x04, 0xC5, 0x80,
    0x01, 0x40, 0xC8, 0x02, 0x40, 0x80, 0xC6, 0x04, 0x80, 0xC5, 0x04, 0x40, 0xC5, 0x03, 0x80, 0xC6, 0x03, 0x80, 0xC6, 0x04, 0x80, 0xC3, 0x80, 0xC0,
    0x01, 0x43, 0xC3, 0x80, 0x40, 0x00, 0x80, 0xC7, 0x80, 0x02, 0xC7, 0x80, 0x03, 0xC7, 0x03, 0x40, 0xC6, 0x03, 0x80, 0xC6, 0x03, 0x40, 0xC6, 0x03,
    0xC0, 0x40, 0xC5, 0x40, 0x04, 0xC5, 0x80, 0x01, 0x40, 0xC8, 0x02, 0x40, 0x80, 0xC6, 0x04, 0x80, 0xC5, 0x04, 0x80, 0xC5, 0x03, 0x80, 0xC6, 0x03,
    0x80, 0xC6, 0x04, 0xC4, 0x80, 0xC0, 0x01, 0x40, 0x82, 0xC3, 0x80, 0x40, 0x00, 0x80, 0xC7, 0x80, 0x02, 0xC8, 0x03, 0xC7, 0x04, 0xC6, 0x04, 0xC6,
    0x40, 0x02, 0x40, 0xC6, 0x80, 0x02, 0x80, 0x00, 0xC6, 0x04, 0xC6, 0x01, 0x81, 0xC7, 0x02, 0x41, 0xC6, 0x04, 0x80, 0xC5, 0x04, 0x80, 0xC5, 0x03,
    0x40, 0xC6, 0x03, 0x80, 0xC6, 0x03, 0x40, 0xC4, 0x40, 0xC0, 0x01, 0x40, 0x80, 0xC5, 0x80, 0x40, 0x00, 0x80, 0xC7, 0x80, 0x02, 0xC8, 0x03, 0xC7,
    0x04, 0xC6, 0x04, 0xC6, 0x40, 0x02, 0x40, 0xC7, 0x02, 0x80, 0x00, 0xC6, 0x04, 0xC6, 0x01, 0x40, 0x80, 0xC7, 0x02, 0x41, 0xC6, 0x04, 0x80, 0xC5,
    0x04, 0x80, 0xC5, 0x03, 0x40, 0xC6, 0x03, 0x80, 0xC6, 0x02, 0x40, 0x80, 0xC4, 0x40, 0xC0, 0x00, 0x80, 0xC7, 0x80, 0x40, 0x00, 0xC8, 0x80, 0x02,
    0x80, 0xC7, 0x03, 0x80, 0xC6, 0x03, 0x80, 0xC6, 0x04, 0xC6, 0x40, 0x02, 0x40, 0x80, 0xC6, 0x02, 0x80, 0x00, 0xC6, 0x04, 0xC6, 0x02, 0x80, 0xC7,
    0x02, 0x40, 0x00, 0xC6, 0x04, 0x40, 0xC5, 0x04, 0x80, 0xC5, 0x03, 0x40, 0xC6, 0x01, 0x40, 0x80, 0xC7, 0x00, 0xC8, 0x40, 0xC0, 0x80, 0xC8, 0x80,
    0x40, 0x00, 0x80, 0xC2, 0x80, 0xC3, 0x80, 0x02, 0x40, 0xC0, 0x80, 0x00, 0xC3, 0x80, 0x02, 0x40, 0xC0, 0x81, 0xC4, 0x03, 0x80, 0xC6, 0x04, 0xC6,
    0x40, 0x02, 0x40, 0xC7, 0x02, 0x40, 0x00, 0xC6, 0x04, 0xC6, 0x02, 0x80, 0xC7, 0x04, 0xC6, 0x04, 0x40, 0xC5, 0x04, 0x80, 0xC5, 0x01, 0x80, 0xC8,
    0x40, 0xD4, 0x40, 0xC0, 0x40, 0xC2, 0x00, 0x40, 0xC3, 0x41, 0x01, 0xC0, 0x80, 0x00, 0x40, 0xC3, 0x80, 0x02, 0xC0, 0x80, 0x01, 0xC3, 0x80, 0x03,
    0xC0, 0x00, 0x80, 0xC4, 0x03, 0xC7, 0x03, 0x40, 0xC6, 0x40, 0x02, 0x40, 0xC6, 0x80, 0x02, 0x40, 0x00, 0xC6, 0x04, 0xC6, 0x02, 0x80, 0xC7, 0x02,
    0x41, 0xC6, 0x04, 0x80, 0xC5, 0x02, 0x40, 0x00, 0x80, 0xC5, 0x00, 0x80, 0xC9, 0x80, 0xCD, 0x80, 0x40, 0xC4, 0x00, 0xC0, 0x40, 0xC1, 0x01, 0x40,
    0xC3, 0x41, 0x01, 0xC0, 0x40, 0x00, 0x40, 0xC3, 0x40, 0x02, 0xC0, 0x40, 0x00, 0x40, 0xC3, 0x80, 0x02, 0x40, 0xC0, 0x40, 0xC5, 0x03, 0xC7, 0x03,
    0xC7, 0x40, 0x02, 0x81, 0xC5, 0x80, 0x02, 0x80, 0x00, 0xC6, 0x04, 0xC6, 0x01, 0x80, 0xC8, 0x02, 0x40, 0x80, 0xC6, 0x04, 0xC6, 0x02, 0x41, 0x80,
    0xC5, 0x00, 0x40, 0xC1, 0x80, 0xC6, 0x00, 0xC1, 0x80, 0xC7, 0x80, 0xC1, 0x00, 0x40, 0xC4, 0x00, 0xC0, 0x00, 0x80, 0xC0, 0x01, 0x40, 0xC3, 0x40,
    0x01, 0x80, 0xC0, 0x01, 0x40, 0xC3, 0x40, 0x01, 0x40, 0xC0, 0x00, 0x40, 0x80, 0xC3, 0x80, 0x02, 0xC0, 0x81, 0xC4, 0x80, 0x02, 0x40, 0xC7, 0x03,
    0x40, 0xC6, 0x03, 0x81, 0xC5, 0x40, 0x02, 0x80, 0x00, 0xC6, 0x04, 0xC6, 0x01, 0x80, 0xC8, 0x02, 0x40, 0x80, 0xC6, 0x03, 0x40, 0xC6, 0x04, 0x80,
    0xC5, 0x02, 0x40, 0xC7, 0x01, 0x40, 0xC8, 0x00, 0x40, 0xC0, 0x00, 0x40, 0xC4, 0x00, 0xC0, 0x00, 0x81, 0x01, 0x40, 0xC3, 0x40, 0x01, 0xC0, 0x40,
    0x01, 0x40, 0xC3, 0x40, 0x01, 0x80, 0xC0, 0x40, 0x80, 0xC4, 0x80, 0x02, 0xC7, 0x80, 0x03, 0x40, 0x80, 0xC5, 0x04, 0x80, 0xC5, 0x03, 0x81, 0xC5,
    0x40, 0x02, 0x80, 0x00, 0xC6, 0x04, 0xC6, 0x01, 0x81, 0xC7, 0x02, 0x41, 0xC6, 0x04, 0x80, 0xC5, 0x04, 0x40, 0xC5, 0x03, 0xC7, 0x02, 0x80, 0x40,
    0xC6, 0x01, 0xC0, 0x01, 0xC4, 0x80, 0x40, 0x00, 0x80, 0xC0, 0x02, 0xC4, 0x01, 0xC0, 0x80, 0x01, 0x40, 0xC4, 0x02, 0xC0, 0x80, 0x40, 0xC5, 0x02,
    0x40, 0xC7, 0x40, 0x04, 0xC5, 0x40, 0x03, 0x40, 0xC5, 0x80, 0x03, 0xC0, 0x80, 0xC5, 0x02, 0x42, 0xC5, 0x04, 0x80, 0xC5, 0x02, 0x81, 0xC6, 0x03,
    0x40, 0x00, 0xC5, 0x05, 0x40, 0xC4, 0x05, 0x80, 0xC4, 0x04, 0x80, 0xC5, 0x04, 0x40, 0xC5, 0x05, 0x80, 0xC4, 0x06, 0xC5, 0x80, 0x03, 0x80, 0xC7,
    0x80, 0x41, 0xC5, 0x01, 0x40, 0xC8, 0x05, 0xC5, 0x04, 0x40, 0xC5, 0x04, 0xC0, 0x80, 0xC4, 0x03, 0x80, 0x41, 0xC4, 0x05, 0x80, 0xC4, 0x04, 0x41,
    0xC4, 0x04, 0x41, 0xC4, 0x06, 0x40, 0x80, 0xC2, 0x06, 0x80, 0xC3, 0x05, 0x40, 0xC4, 0x06, 0xC4, 0x06, 0x40, 0xC3, 0x07, 0xC3, 0x45, 0x81, 0xCF,
    0x80, 0x40, 0x04, 0x40, 0xC3, 0x06, 0x40, 0xC3, 0x06, 0xC4, 0x05, 0xC0, 0x80, 0xC3, 0x04, 0x40, 0x80, 0x00, 0xC3, 0x06, 0x40, 0xC3, 0x05, 0x40,
    0x00, 0x40, 0xC2, 0x06, 0x41, 0x80, 0xC1, 0x08, 0x80, 0xC1, 0x07, 0x80, 0xC2, 0x07, 0x80, 0xC2, 0x07, 0x40, 0xC2, 0x09, 0xC1, 0x40, 0x07, 0x40,
    0xC2, 0x86, 0xC0, 0x80, 0xCE, 0x80, 0x40, 0x05, 0x80, 0xC1, 0x40, 0x07, 0xC2, 0x07, 0x40, 0xC2, 0x07, 0xC0, 0x80, 0xC1, 0x06, 0xC0, 0x41, 0xC1,
    0x08, 0x80, 0xC1, 0x08, 0x40, 0x80, 0xC0, 0x0A, 0x80, 0x09, 0x80, 0xC0, 0x09, 0x40, 0xC0, 0x09, 0x80, 0xC0, 0x40, 0x09, 0xC1, 0x0A, 0xC1, 0x09,
    0xD0, 0x81, 0xC6, 0x81, 0x06, 0x40, 0xC0, 0x80, 0x08, 0xC1, 0x08, 0x80, 0xC0, 0x09, 0xC0, 0x80, 0x08, 0xC0, 0x41, 0x08, 0x40, 0x00, 0x80, 0x23,
    0x40, 0x0A, 0xC0, 0x0A, 0xC1, 0x09, 0xC2, 0x08, 0xC2, 0x80, 0x04, 0x42, 0xD1, 0x80, 0x40, 0x83, 0xC3, 0x80, 0x40, 0x05, 0xC2, 0x08, 0xC1, 0x40,
    0x08, 0xC0, 0x80, 0x09, 0xC0, 0x09, 0x80, 0x0A, 0x80, 0x18, 0x40, 0x09, 0xC1, 0x09, 0xC2, 0x08, 0xC3, 0x07, 0xC3, 0x80, 0x06, 0xC4, 0x44, 0x81,
    0xD3, 0x43, 0xC4, 0x41, 0x04, 0xC3, 0x40, 0x06, 0xC3, 0x07, 0xC2, 0x08, 0xC1, 0x40, 0x09, 0x40, 0x09, 0x0D, 0x40, 0x09, 0xC1, 0x08, 0x40, 0xC2,
    0x07, 0xC3, 0x80, 0x06, 0xC4, 0x80, 0x05, 0xC5, 0x40, 0x04, 0xC6, 0x80, 0xD8, 0x80, 0x01, 0xC5, 0x80, 0x41, 0x02, 0xC5, 0x05, 0xC4, 0x06, 0x80,
    0xC2, 0x40, 0x07, 0xC2, 0x08, 0x40, 0xC0, 0x08, 0x0D, 0xC1, 0x08, 0x40, 0xC2, 0x07, 0xC3, 0x80, 0x05, 0x40, 0xC4, 0x40, 0x04, 0x80, 0xC5, 0x40,
    0x03, 0xC7, 0x02, 0x40, 0xE2, 0x40, 0xC7, 0x00, 0x40, 0x01, 0x80, 0xC5, 0x40, 0x04, 0xC4, 0x80, 0x05, 0xC4, 0x06, 0x40, 0xC2, 0x08, 0x80, 0xC0,
    0x40, 0x06, 0x02, 0x80, 0x40, 0x08, 0x40, 0xC1, 0x40, 0x07, 0xC3, 0x06, 0x40, 0xC4, 0x05, 0x80, 0xC5, 0x04, 0xC6, 0x80, 0x03, 0xC7, 0x80, 0x40,
    0x80, 0x00, 0xCA, 0x00, 0xCA, 0x00, 0xCA, 0x00, 0xC7, 0x03, 0xC6, 0x80, 0x03, 0x40, 0xC5, 0x05, 0xC4, 0x06, 0x80, 0xC2, 0x40, 0x07, 0xC2, 0x05,
    0x02, 0x40, 0xC0, 0x40, 0x08, 0xC2, 0x40, 0x06, 0x40, 0xC3, 0x40, 0x05, 0x80, 0xC4, 0x40, 0x04, 0xC6, 0x04, 0xC7, 0x02, 0x40, 0xC8, 0x40, 0x00,
    0x40, 0xC9, 0x00, 0x40, 0xC9, 0x00, 0x40, 0xC9, 0x01, 0xC7, 0x80, 0x02, 0xC7, 0x03, 0x80, 0xC5, 0x04, 0x40, 0xC4, 0x80, 0x05, 0xC4, 0x07, 0xC2,
    0x04, 0x03, 0xC2, 0x07, 0x40, 0xC2, 0x80, 0x06, 0xC4, 0x80, 0x05, 0xC5, 0x80, 0x03, 0x40, 0xC6, 0x40, 0x02, 0x80, 0xC7, 0x40, 0x01, 0xC9, 0x01,
    0xC9, 0x01, 0xC9, 0x01, 0x80, 0xC8, 0x01, 0x80, 0xC8, 0x01, 0x40, 0xC7, 0x03, 0xC6, 0x40, 0x03, 0x80, 0xC5, 0x05, 0xC4, 0x06, 0x80, 0xC2, 0x40,
    0x02, 0x03, 0x80, 0xC3, 0x06, 0xC5, 0x04, 0x40, 0xC5, 0x80, 0x03, 0x80, 0xC6, 0x80, 0x02, 0xC8, 0x02, 0xC8, 0x02, 0xC8, 0x01, 0x40, 0xC8, 0x01,
    0x40, 0xC8, 0x02, 0xC8, 0x02, 0xC8, 0x02, 0xC7, 0x80, 0x02, 0x80, 0xC6, 0x04, 0xC5, 0x05, 0xC4, 0x06, 0x40, 0xC2, 0x40, 0x02, 0x03, 0xC5, 0x40,
    0x03, 0x40, 0xC6, 0x40, 0x02, 0x80, 0xC7, 0x02, 0xC8, 0x02, 0xC8, 0x01, 0x40, 0xC8, 0x01, 0x80, 0xC8, 0x01, 0x80, 0xC8, 0x01, 0x80, 0xC7, 0x80,
    0x01, 0x40, 0xC3, 0x81, 0x40, 0x04, 0xC2, 0x40, 0x07, 0x80, 0x00, 0x40, 0x35, 0x03, 0xC6, 0x80, 0x03, 0x40, 0x80, 0xC5, 0x05, 0x40, 0x80, 0xC3,
    0x07, 0x40, 0x80, 0xC1, 0x03, 0xC0, 0x80, 0x03, 0x40, 0x80, 0x03, 0x81, 0x09, 0xC1, 0x09, 0xC1, 0x09, 0xC1, 0x08, 0x40, 0xC1, 0x40, 0x07, 0x40,
    0xC0, 0x80, 0x08, 0x40, 0x00, 0x40, 0x35, 0x07, 0x40, 0xC2, 0x09, 0x80, 0xC0, 0x0A, 0x40, 0x0F, 0xC0, 0x80, 0x09, 0x81, 0x09, 0xC1, 0x09, 0xC1,
    0x09, 0xC1, 0x08, 0x40, 0xC1, 0x80, 0x07, 0x40, 0xC1, 0x08, 0x40, 0x00, 0x40, 0x35, 0x09, 0xC1, 0x0A, 0x40, 0x1B, 0x81, 0x09, 0x80, 0xC0, 0x09,
    0xC1, 0x09, 0xC1, 0x09, 0xC1, 0x08, 0x40, 0xC1, 0x80, 0x07, 0x40, 0xC1, 0x08, 0x40, 0x00, 0x40, 0x35, 0x0A, 0x40, 0x27, 0x81, 0x09, 0x80, 0xC0,
    0x09, 0xC1, 0x09, 0xC1, 0x09, 0xC1, 0x40, 0x08, 0xC2, 0x08, 0xC1, 0x09, 0x41, 0x35, 0x33, 0x80, 0xC0, 0x09, 0x40, 0xC0, 0x09, 0x80, 0xC0, 0x40,
    0x08, 0xC1, 0x09, 0xC1, 0x40, 0x08, 0xC2, 0x08, 0xC1, 0x40, 0x08, 0x41, 0x35, 0x33, 0x40, 0xC0, 0x09, 0x40, 0xC0, 0x09, 0x80, 0xC0, 0x40, 0x08,
    0x80, 0xC0, 0x09, 0xC1, 0x80, 0x08, 0xC2, 0x08, 0xC1, 0x40, 0x08, 0x41, 0x35, 0x33, 0x40, 0xC0, 0x0A, 0xC0, 0x09, 0x40, 0xC0, 0x40, 0x08, 0x80,
    0xC0, 0x40, 0x08, 0x80, 0xC0, 0x80, 0x08, 0xC2, 0x08, 0xC1, 0x40, 0x08, 0x41, 0x35, 0x33, 0x40, 0xC0, 0x0A, 0xC0, 0x40, 0x08, 0x40, 0xC0, 0x80,
    0x08, 0x80, 0xC0, 0x40, 0x08, 0x80, 0xC0, 0x80, 0x08, 0xC2, 0x08, 0xC1, 0x40, 0x08, 0x41, 0x35, 0x33, 0x40, 0xC0, 0x0A, 0xC0, 0x09, 0x40, 0xC0,
    0x80, 0x08, 0x80, 0xC0, 0x40, 0x08, 0x80, 0xC0, 0x80, 0x08, 0xC2, 0x08, 0xC1, 0x80, 0x08, 0x41, 0x35, 0x33, 0x40, 0xC0, 0x09, 0x40, 0xC0, 0x09,
    0x80, 0xC0, 0x80, 0x08, 0xC1, 0x40, 0x08, 0xC1, 0x80, 0x08, 0xC2, 0x08, 0xC2, 0x40, 0x07, 0x81, 0x40, 0x08, 0x42, 0x28, 0x33, 0x80, 0xC0, 0x09,
    0x40, 0xC0, 0x09, 0xC1, 0x80, 0x08, 0xC1, 0x40, 0x08, 0xC1, 0x40, 0x08, 0xC2, 0x07, 0x40, 0xC2, 0x40, 0x06, 0x40, 0xC2, 0x08, 0x80, 0x41, 0x07,
    0x43, 0x1C, 0x28, 0x40, 0x09, 0x80, 0xC0, 0x40, 0x08, 0x80, 0xC0, 0x09, 0xC1, 0x80, 0x08, 0xC1, 0x80, 0x08, 0xC1, 0x40, 0x07, 0x40, 0xC1, 0x80,
    0x07, 0x40, 0xC2, 0x07, 0xC3, 0x80, 0x06, 0xC3, 0x40, 0x06, 0x40, 0x80, 0x41, 0x07, 0x80, 0x42, 0x0A, 0x40, 0x04, 0x28, 0x80, 0x09, 0x80, 0xC0,
    0x80, 0x08, 0xC1, 0x09, 0xC1, 0x80, 0x07, 0x40, 0xC1, 0x80, 0x07, 0x80, 0xC1, 0x40, 0x07, 0x40, 0xC1, 0x80, 0x07, 0x80, 0xC2, 0x07, 0xC3, 0x06,
    0x40, 0xC3, 0x80, 0x05, 0x40, 0xC3, 0x80, 0x06, 0x82, 0x40, 0x07, 0xC0, 0x01, 0x40, 0x04, 0x27, 0x40, 0x80, 0x09, 0xC1, 0x80, 0x07, 0x40, 0xC1,
    0x08, 0xC2, 0x80, 0x07, 0xC2, 0x80, 0x07, 0x80, 0xC1, 0x80, 0x07, 0x80, 0xC1, 0x40, 0x07, 0x80, 0xC2, 0x07, 0xC3, 0x06, 0x80, 0xC3, 0x40, 0x05,
    0xC4, 0x80, 0x05, 0x80, 0xC3, 0x40, 0x06, 0xC0, 0x41, 0x80, 0x04, 0x27, 0x40, 0x80, 0x09, 0xC1, 0x80, 0x07, 0x80, 0xC1, 0x08, 0xC2, 0x80, 0x06,
    0x80, 0xC2, 0x80, 0x07, 0xC2, 0x80, 0x07, 0x80, 0xC1, 0x40, 0x07, 0x80, 0xC2, 0x07, 0xC3, 0x06, 0x80, 0xC3, 0x40, 0x05, 0xC4, 0x80, 0x05, 0xC4,
    0x80, 0x06, 0xC0, 0x40, 0x00, 0x80, 0x04, 0x27, 0x40, 0x80, 0x09, 0xC1, 0x80, 0x07, 0x40, 0xC1, 0x07, 0x40, 0xC2, 0x80, 0x06, 0x80, 0xC3, 0x06,
    0x40, 0x80, 0xC1, 0x80, 0x07, 0x40, 0xC1, 0x80, 0x07, 0x80, 0xC2, 0x07, 0xC3, 0x06, 0x40, 0xC3, 0x40, 0x05, 0xC4, 0x80, 0x05, 0xC4, 0x80, 0x06,
    0xC0, 0x40, 0x00, 0x80, 0x04, 0x28, 0x80, 0x40, 0x08, 0x80, 0xC1, 0x08, 0xC1, 0x08, 0xC3, 0x06, 0x40, 0xC3, 0x06, 0x40, 0x80, 0xC2, 0x07, 0x40,
    0xC1, 0x80, 0x07, 0x40, 0xC2, 0x07, 0x80, 0xC2, 0x40, 0x06, 0xC3, 0x80, 0x05, 0x80, 0xC4, 0x05, 0x80, 0xC3, 0x80, 0x06, 0xC0, 0x80, 0x00, 0xC0,
    0x04, 0x28, 0x80, 0x40, 0x08, 0x40, 0xC1, 0x08, 0xC1, 0x40, 0x07, 0x40, 0xC2, 0x07, 0xC3, 0x40, 0x06, 0x80, 0xC2, 0x08, 0xC2, 0x07, 0x40, 0xC2,
    0x07, 0x40, 0xC2, 0x80, 0x06, 0xC4, 0x05, 0x40, 0xC4, 0x06, 0xC4, 0x06, 0x81, 0x40, 0xC0, 0x04, 0x28, 0x81, 0x09, 0xC1, 0x08, 0x80, 0xC0, 0x80,
    0x08, 0xC2, 0x07, 0x40, 0xC2, 0x80, 0x07, 0xC2, 0x40, 0x07, 0xC2, 0x08, 0xC2, 0x40, 0x07, 0xC3, 0x06, 0x80, 0xC3, 0x06, 0xC4, 0x40, 0x05, 0xC4,
    0x40, 0x05, 0x40, 0xC0, 0x40, 0x80, 0x04, 0x28, 0x40, 0x80, 0x09, 0xC1, 0x80, 0x07, 0x40, 0xC1, 0x08, 0x80, 0xC1, 0x40, 0x07, 0xC2, 0x80, 0x07,
    0xC2, 0x80, 0x07, 0x80, 0xC1, 0x40, 0x07, 0xC2, 0x80, 0x07, 0xC3, 0x06, 0x40, 0xC3, 0x40, 0x05, 0xC4, 0x80, 0x05, 0x80, 0xC3, 0x80, 0x06, 0xC0,
    0x42, 0x03, 0x29, 0x80, 0x40, 0x08, 0x80, 0xC1, 0x08, 0xC1, 0x08, 0x40, 0xC2, 0x07, 0x80, 0xC2, 0x07, 0x80, 0xC2, 0x07, 0x40, 0xC1, 0x80, 0x07,
    0x80, 0xC2, 0x07, 0x80, 0xC2, 0x40, 0x06, 0xC3, 0x80, 0x05, 0x80, 0xC4, 0x05, 0x40, 0xC3, 0x80, 0x06, 0x81, 0x40, 0xC0, 0x03, 0x29, 0x81, 0x08,
    0x40, 0xC1, 0x08, 0xC1, 0x40, 0x07, 0x40, 0xC2, 0x07, 0x80, 0xC2, 0x40, 0x06, 0x40, 0xC2, 0x08, 0xC2, 0x07, 0x40, 0xC2, 0x40, 0x06, 0x40, 0xC2,
    0x80, 0x06, 0xC4, 0x05, 0x40, 0xC4, 0x40, 0x05, 0xC4, 0x40, 0x05, 0x40, 0x80, 0x40, 0xC0, 0x03, 0x29, 0x81, 0x09, 0xC1, 0x40, 0x07, 0x80, 0xC0,
    0x80, 0x08, 0xC2, 0x40, 0x06, 0x40, 0xC2, 0x80, 0x06, 0x40, 0xC2, 0x40, 0x07, 0xC2, 0x08, 0xC2, 0x80, 0x07, 0xC3, 0x06, 0x80, 0xC3, 0x06, 0xC4,
    0x80, 0x05, 0xC4, 0x40, 0x06, 0xC0, 0x40, 0x80, 0x40, 0x02, 0x29, 0x40, 0x80, 0x09, 0xC1, 0x80, 0x07, 0x40, 0xC1, 0x08, 0xC2, 0x80, 0x07, 0xC2,
    0x80, 0x07, 0xC2, 0x80, 0x07, 0x80, 0xC1, 0x40, 0x07, 0xC3, 0x07, 0xC3, 0x06, 0x40, 0xC3, 0x40, 0x05, 0xC4, 0x80, 0x05, 0x80, 0xC3, 0x80, 0x06,
    0xC0, 0x41, 0x80, 0x02, 0x2A, 0x80, 0x40, 0x08, 0x80, 0xC1, 0x08, 0xC1, 0x08, 0x80, 0xC2, 0x07, 0xC3, 0x07, 0xC3, 0x07, 0x40, 0xC1, 0x80, 0x07,
    0x80, 0xC2, 0x07, 0x80, 0xC2, 0x40, 0x05, 0x40, 0xC3, 0x80, 0x05, 0x80, 0xC4, 0x05, 0x80, 0xC3, 0x80, 0x06, 0xC0, 0x41, 0xC0, 0x02, 0x2A, 0x80,
    0x40, 0x08, 0x40, 0xC1, 0x08, 0xC1, 0x40, 0x07, 0x40, 0xC2, 0x07, 0xC3, 0x40, 0x06, 0xC3, 0x07, 0x40, 0xC2, 0x07, 0x40, 0xC2, 0x07, 0x80, 0xC2,
    0x40, 0x06, 0xC3, 0x80, 0x05, 0x80, 0xC4, 0x05, 0x40, 0xC4, 0x06, 0x81, 0x40, 0xC0, 0x02, 0x2A, 0x81, 0x08, 0x40, 0xC1, 0x08, 0xC1, 0x40, 0x07,
    0x40, 0xC2, 0x07, 0x80, 0xC2, 0x07, 0x80, 0xC2, 0x08, 0xC2, 0x08, 0xC2, 0x40, 0x06, 0x40, 0xC2, 0x80, 0x06, 0xC4, 0x05, 0x40, 0xC4, 0x06, 0xC4,
    0x40, 0x05, 0x40, 0xC0, 0x40, 0xC0, 0x02, 0x2A, 0x81, 0x08, 0x40, 0xC1, 0x08, 0xC1, 0x40, 0x07, 0x40, 0xC2, 0x07, 0x80, 0xC2, 0x07, 0x80, 0xC2,
    0x07, 0x40, 0xC2, 0x07, 0x40, 0x80, 0xC1, 0x08, 0xC2, 0x40, 0x06, 0x80, 0xC2, 0x80, 0x06, 0xC4, 0x06, 0xC4, 0x06, 0x40, 0x80, 0xC0, 0x80, 0x02,
    0x2A, 0x81, 0x08, 0x40, 0xC1, 0x08, 0xC1, 0x80, 0x07, 0x40, 0xC1, 0x80, 0x07, 0x80, 0xC2, 0x80, 0x06, 0x80, 0xC2, 0x07, 0x81, 0xC1, 0x08, 0x80,
    0xC1, 0x40, 0x07, 0xC2, 0x40, 0x06, 0x40, 0xC3, 0x06, 0x80, 0xC2, 0x80, 0x06, 0xC4, 0x06, 0x41, 0xC0, 0x40, 0x02, 0x29, 0x40, 0x81, 0x08, 0x40,
    0xC1, 0x08, 0x80, 0xC0, 0x80, 0x08, 0xC2, 0x80, 0x40, 0x05, 0x80, 0xC2, 0x07, 0x80, 0xC2, 0x08, 0xC2, 0x08, 0xC2, 0x80, 0x07, 0xC3, 0x06, 0x40,
    0xC3, 0x40, 0x05, 0xC4, 0x40, 0x05, 0xC4, 0x07, 0x40, 0xC0, 0x40, 0x02, 0x29, 0x82, 0x08, 0x80, 0xC0, 0x80, 0x08, 0x80, 0xC1, 0x80, 0x07, 0xC2,
    0x40, 0x07, 0xC2, 0x07, 0x40, 0xC2, 0x08, 0xC2, 0x08, 0xC2, 0x80, 0x06, 0x80, 0xC3, 0x40, 0x05, 0xC5, 0x05, 0xC5, 0x40, 0x04, 0xC5, 0x06, 0x80,
    0xC0, 0x03, 0x29, 0xC1, 0x40, 0x08, 0xC1, 0x40, 0x05, 0x80, 0xC0, 0x40, 0x80, 0xC1, 0x06, 0x40, 0x80, 0xC3, 0x07, 0xC1, 0x80, 0xC0, 0x80, 0x05,
    0x40, 0xC2, 0x00, 0x40, 0x80, 0x04, 0x80, 0xC2, 0x07, 0xC3, 0x40, 0x06, 0xC5, 0x80, 0x03, 0x80, 0xC6, 0x03, 0xC5, 0x80, 0x04, 0x40, 0x80, 0xC2,
    0x80, 0x07, 0x80, 0xC0, 0x03, 0x1D, 0x40, 0x09, 0x80, 0xC1, 0x08, 0x40, 0xC1, 0x05, 0x40, 0x02, 0xC2, 0x80, 0x04, 0x41, 0x80, 0xC2, 0x40, 0x06,
    0x80, 0xC2, 0x40, 0x80, 0x05, 0xC2, 0x08, 0xC2, 0x07, 0x40, 0xC2, 0x80, 0x40, 0x05, 0xC6, 0x03, 0x40, 0xC2, 0x81, 0xC0, 0x04, 0x40, 0x80, 0xC1,
    0x40, 0x09, 0x81, 0x09, 0x80, 0xC0, 0x03, 0x1C, 0x41, 0x09, 0xC2, 0x08, 0xC2, 0x40, 0x04, 0x40, 0x00, 0x40, 0x80, 0xC2, 0x80, 0x03, 0x40, 0x81,
    0xC1, 0x80, 0xC0, 0x80, 0x06, 0xC1, 0x00, 0x40, 0x07, 0xC2, 0x07, 0xC3, 0x40, 0x03, 0x80, 0xC5, 0x04, 0x40, 0xC6, 0x80, 0x40, 0x02, 0x42, 0xC1,
    0x40, 0x00, 0x41, 0x05, 0x80, 0xC0, 0x09, 0x40, 0xC0, 0x09, 0x40, 0xC0, 0x04, 0x1B, 0x40, 0x80, 0x40, 0x08, 0x80, 0xC1, 0x07, 0x40, 0x80, 0xC2,
    0x40, 0x02, 0x40, 0x00, 0x40, 0xC0, 0x80, 0xC4, 0x02, 0x43, 0xC1, 0x81, 0x40, 0x05, 0x40, 0xC1, 0x08, 0xC2, 0x40, 0x04, 0x41, 0x80, 0xC2, 0x80,
    0x03, 0x40, 0xC6, 0x40, 0x04, 0x40, 0x80, 0xC4, 0x80, 0x06, 0xC1, 0x82, 0x06, 0xC1, 0x09, 0xC1, 0x08, 0x40, 0xC0, 0x80, 0x04, 0x1B, 0x40, 0x80,
    0x09, 0xC1, 0x80, 0x08, 0xC2, 0x05, 0x40, 0x80, 0xC4, 0x81, 0x40, 0x02, 0x41, 0x80, 0xC1, 0x09, 0xC1, 0x08, 0x80, 0xC1, 0x06, 0x40, 0x80, 0xC3,
    0x80, 0x03, 0xC8, 0x40, 0x01, 0x80, 0xC7, 0x80, 0x02, 0x80, 0xC0, 0x80, 0xC0, 0x80, 0x09, 0xC0, 0x40, 0x08, 0x40, 0xC0, 0x40, 0x08, 0x81, 0x40,
    0x04, 0x1B, 0x41, 0x09, 0xC1, 0x80, 0x07, 0xC2, 0x80, 0x06, 0xC6, 0x40, 0x02, 0x40, 0xC1, 0x80, 0xC0, 0x80, 0x09, 0xC1, 0x08, 0xC2, 0x08, 0xC3,
    0x82, 0x40, 0x02, 0x80, 0xC7, 0x40, 0xC9, 0x80, 0x40, 0x00, 0x41, 0x80, 0xC1, 0x81, 0x40, 0x06, 0xC0, 0x09, 0x40, 0xC0, 0x09, 0x80, 0xC0, 0x05,
    0x1B, 0x80, 0x0A, 0xC1, 0x80, 0x07, 0x80, 0xC1, 0x40, 0x05, 0x80, 0xC4, 0x40, 0x03, 0x40, 0xC1, 0x80, 0xC3, 0x80, 0x06, 0x40, 0xC0, 0x80, 0x07,
    0x40, 0xC2, 0x07, 0x40, 0xC2, 0x80, 0x06, 0xC5, 0x81, 0x41, 0xCA, 0x40, 0xC8, 0x80, 0x02, 0x41, 0x80, 0xC0, 0x40, 0x08, 0x80, 0xC0, 0x09, 0x80,
    0xC0, 0x05, 0x1B, 0x40, 0x09, 0x40, 0xC1, 0x80, 0x07, 0x40, 0xC1, 0x40, 0x06, 0x40, 0xC2, 0x41, 0x04, 0x40, 0xC4, 0x06, 0x41, 0xC1, 0x00, 0x82,
    0x40, 0x03, 0x80, 0xC1, 0x80, 0x07, 0xC3, 0x06, 0x80, 0xC3, 0x80, 0x04, 0x80, 0xC6, 0x80, 0x40, 0x00, 0xCA, 0x00, 0x80, 0xC8, 0x04, 0x82, 0x41,
    0x06, 0x82, 0x05, 0x26, 0xC2, 0x08, 0x80, 0xC0, 0x80, 0x08, 0x80, 0xC1, 0x81, 0x05, 0x40, 0xC2, 0x80, 0x05, 0x80, 0xC2, 0x82, 0x40, 0x03, 0x41,
    0xC2, 0x40, 0x00, 0x41, 0x03, 0x40, 0xC2, 0x80, 0x05, 0x40, 0xC4, 0x40, 0x03, 0x80, 0xC5, 0x80, 0x03, 0xC8, 0x40, 0x01, 0xC8, 0x80, 0x01, 0x80,
    0xC6, 0x80, 0x04, 0x80, 0xC0, 0x40, 0x81, 0x04, 0x26, 0xC1, 0x40, 0x08, 0xC1, 0x40, 0x08, 0xC1, 0x80, 0x07, 0x40, 0xC3, 0x80, 0x05, 0xC2, 0x80,
    0xC0, 0x40, 0x04, 0x81, 0xC1, 0x80, 0x00, 0x80, 0x03, 0x40, 0x00, 0x80, 0xC2, 0x06, 0x40, 0xC3, 0x80, 0x04, 0x80, 0xC4, 0x80, 0x04, 0xC6, 0x40,
    0x03, 0xC7, 0x40, 0x02, 0xC7, 0x40, 0x02, 0x81, 0xC3, 0x80, 0x04, 0x26, 0xC1, 0x40, 0x08, 0xC1, 0x40, 0x08, 0xC1, 0x80, 0x07, 0x40, 0xC2, 0x80,
    0x06, 0xC4, 0x80, 0x04, 0x81, 0xC1, 0x82, 0x03, 0x42, 0xC2, 0x41, 0x05, 0xC3, 0x06, 0xC4, 0x05, 0xC5, 0x05, 0xC6, 0x04, 0xC6, 0x80, 0x03, 0x40,
    0x80, 0xC4, 0x04, 0x26, 0xC1, 0x80, 0x08, 0xC1, 0x80, 0x08, 0xC1, 0x80, 0x07, 0x40, 0xC2, 0x40, 0x06, 0x80, 0xC3, 0x05, 0x80, 0xC4, 0x40, 0x04,
    0x81, 0xC3, 0x05, 0x40, 0x80, 0xC2, 0x07, 0xC3, 0x06, 0x80, 0xC3, 0x05, 0x40, 0xC4, 0x40, 0x04, 0x40, 0xC4, 0x80, 0x05, 0x40, 0xC4, 0x04, 0x26,
    0x80, 0xC0, 0x80, 0x08, 0xC1, 0x80, 0x08, 0x80, 0xC1, 0x08, 0xC2, 0x40, 0x06, 0x40, 0xC3, 0x06, 0x80, 0xC3, 0x06, 0x80, 0xC3, 0x05, 0x40, 0xC3,
    0x40, 0x06, 0xC3, 0x40, 0x06, 0xC3, 0x80, 0x05, 0x40, 0xC3, 0x40, 0x05, 0x80, 0xC3, 0x80, 0x06, 0xC4, 0x04, 0x26, 0x80, 0xC1, 0x08, 0xC2, 0x08,
    0x80, 0xC1, 0x08, 0x80, 0xC1, 0x40, 0x07, 0xC3, 0x07, 0xC3, 0x06, 0x40, 0xC3, 0x06, 0x40, 0xC3, 0x06, 0x80, 0xC2, 0x40, 0x06, 0xC4, 0x06, 0xC4,
    0x05, 0x40, 0xC4, 0x05, 0x80, 0xC4, 0x40, 0x03, 0x1C, 0x40, 0x08, 0x80, 0xC1, 0x40, 0x07, 0xC2, 0x40, 0x07, 0x40, 0xC1, 0x80, 0x07, 0x40, 0xC1,
    0x80, 0x07, 0x40, 0xC2, 0x07, 0x40, 0xC2, 0x07, 0x80, 0xC1, 0x80, 0x07, 0xC3, 0x80, 0x05, 0x40, 0xC3, 0x40, 0x05, 0x80, 0xC3, 0x06, 0xC4, 0x40,
    0x04, 0x40, 0xC4, 0x80, 0x04, 0x80, 0xC4, 0x80, 0x03, 0x1C, 0x40, 0x08, 0x80, 0xC1, 0x80, 0x07, 0xC2, 0x80, 0x07, 0x40, 0xC2, 0x08, 0xC2, 0x07,
    0x40, 0xC2, 0x40, 0x06, 0x40, 0xC2, 0x80, 0x06, 0x40, 0xC2, 0x80, 0x06, 0x80, 0xC3, 0x06, 0xC4, 0x05, 0xC4, 0x40, 0x05, 0xC4, 0x80, 0x04, 0x40,
    0xC5, 0x04, 0x80, 0xC5, 0x03, 0x1C, 0x40, 0x80, 0x07, 0x80, 0xC2, 0x40, 0x06, 0xC3, 0x07, 0x40, 0xC2, 0x40, 0x07, 0xC2, 0x80, 0x07, 0xC3, 0x06,
    0x40, 0xC3, 0x40, 0x05, 0x40, 0xC4, 0x06, 0xC3, 0x80, 0x05, 0xC5, 0x05, 0xC4, 0x80, 0x04, 0xC4, 0x80, 0x05, 0xC5, 0x04, 0x80, 0xC5, 0x80, 0x02,
    0x1C, 0x40, 0x80, 0x07, 0x80, 0xC3, 0x06, 0xC3, 0x40, 0x06, 0x40, 0xC2, 0x80, 0x07, 0xC3, 0x07, 0xC3, 0x40, 0x05, 0x80, 0xC4, 0x05, 0xC5, 0x80,
    0x04, 0x80, 0xC4, 0x80, 0x04, 0xC6, 0x03, 0x40, 0xC5, 0x80, 0x03, 0x80, 0xC5, 0x04, 0xC5, 0x40, 0x04, 0xC5, 0x80, 0x02, 0x1A, 0x42, 0x80, 0xC0,
    0x06, 0x80, 0xC3, 0x80, 0x05, 0xC4, 0x06, 0x40, 0xC3, 0x07, 0xC3, 0x40, 0x06, 0xC3, 0x80, 0x05, 0x40, 0xC4, 0x05, 0xC5, 0x80, 0x04, 0xC6, 0x04,
    0xC6, 0x80, 0x02, 0x40, 0x81, 0xC5, 0x02, 0xC7, 0x80, 0x02, 0xC0, 0x80, 0xC4, 0x80, 0x02, 0x81, 0xC5, 0x02, 0x13, 0x40, 0x05, 0x80, 0x40, 0x83,
    0x05, 0x80, 0xC4, 0x80, 0x04, 0xC4, 0x40, 0x05, 0x40, 0xC3, 0x40, 0x06, 0xC3, 0x80, 0x06, 0xC3, 0x80, 0x06, 0xC4, 0x05, 0xC5, 0x80, 0x04, 0xC6,
    0x04, 0xC6, 0x40, 0x03, 0xC7, 0x02, 0x80, 0xC0, 0x80, 0xC5, 0x02, 0xC8, 0x02, 0xC0, 0x80, 0xC5, 0x01, 0x14, 0x40, 0x04, 0x80, 0x40, 0x82, 0xC0,
    0x40, 0x04, 0x80, 0xC4, 0x80, 0x40, 0x03, 0xC5, 0x40, 0x05, 0xC4, 0x06, 0xC4, 0x06, 0xC4, 0x06, 0xC4, 0x05, 0x80, 0xC4, 0x80, 0x04, 0xC6, 0x04,
    0xC6, 0x04, 0xC6, 0x04, 0xC0, 0x80, 0xC4, 0x80, 0x03, 0xC0, 0x80, 0xC5, 0x03, 0xC6, 0x80, 0x00, 0x14, 0x40, 0x04, 0x40, 0x80, 0x40, 0x83, 0x04,
    0x80, 0xC5, 0x40, 0x03, 0xC5, 0x80, 0x05, 0xC4, 0x06, 0x80, 0xC3, 0x06, 0x80, 0xC3, 0x06, 0xC4, 0x05, 0x40, 0xC4, 0x40, 0x04, 0xC6, 0x04, 0xC6,
    0x04, 0xC6, 0x04, 0xC6, 0x04, 0xC6, 0x80, 0x03, 0xC7, 0x00, 0x1B, 0x80, 0x41, 0x80, 0x40, 0xC0, 0x04, 0x40, 0xC5, 0x40, 0x03, 0xC5, 0x80, 0x40,
    0x04, 0x80, 0xC3, 0x06, 0x80, 0xC3, 0x40, 0x05, 0x80, 0xC3, 0x40, 0x05, 0x80, 0xC3, 0x40, 0x04, 0x40, 0xC4, 0x40, 0x04, 0xC6, 0x04, 0xC6, 0x40,
    0x03, 0x80, 0xC5, 0x40, 0x03, 0x80, 0xC5, 0x40, 0x03, 0x80, 0xC6, 0x03, 0x80, 0xC6, 0x00, 0x1B, 0x80, 0x43, 0x80, 0x04, 0x40, 0xC5, 0x40, 0x03,
    0x80, 0xC5, 0x40, 0x04, 0x80, 0xC3, 0x40, 0x05, 0x40, 0xC3, 0x40, 0x05, 0x40, 0xC3, 0x40, 0x05, 0x40, 0xC3, 0x40, 0x05, 0xC4, 0x80, 0x04, 0xC6,
    0x04, 0xC6, 0x40, 0x03, 0x80, 0xC5, 0x40, 0x03, 0x80, 0xC5, 0x80, 0x03, 0x80, 0xC6, 0x03, 0x80, 0xC6, 0x00, 0x1B, 0x80, 0x43, 0xC0, 0x05, 0xC5,
    0x40, 0x03, 0x80, 0xC5, 0x40, 0x04, 0x40, 0xC3, 0x40, 0x05, 0x40, 0xC3, 0x80, 0x06, 0xC3, 0x80, 0x06, 0xC3, 0x80, 0x05, 0xC4, 0x80, 0x04, 0xC6,
    0x04, 0xC6, 0x40, 0x03, 0xC6, 0x40, 0x03, 0xC6, 0x80, 0x03, 0xC7, 0x03, 0x80, 0xC6, 0x00, 0x1B, 0x80, 0x43, 0x80, 0x05, 0xC5, 0x80, 0x03, 0x80,
    0xC5, 0x80, 0x04, 0x40, 0xC3, 0x40, 0x06, 0xC3, 0x80, 0x06, 0xC3, 0x80, 0x06, 0xC3, 0x80, 0x05, 0xC4, 0x80, 0x04, 0xC6, 0x04, 0xC6, 0x80, 0x03,
    0xC6, 0x40, 0x03, 0xC6, 0x80, 0x03, 0xC7, 0x03, 0xC7, 0x00, 0x1B, 0xC0, 0x43, 0x80, 0x40, 0x04, 0xC5, 0x80, 0x03, 0x80, 0xC5, 0x80, 0x05, 0xC3,
    0x80, 0x06, 0xC3, 0x80, 0x06, 0xC3, 0x80, 0x06, 0xC4, 0x05, 0xC5, 0x04, 0xC6, 0x40, 0x03, 0xC6, 0x80, 0x03, 0xC6, 0x40, 0x02, 0x40, 0xC6, 0x80,
    0x02, 0x40, 0xC7, 0x03, 0x81, 0xC5, 0x00, 0x1B, 0xC0, 0x45, 0x04, 0xC5, 0x80, 0x03, 0x40, 0xC6, 0x05, 0xC3, 0x80, 0x06, 0xC3, 0x80, 0x06, 0xC3,
    0x80, 0x06, 0xC3, 0x80, 0x05, 0xC5, 0x04, 0xC6, 0x40, 0x03, 0xC6, 0x80, 0x02, 0x40, 0xC6, 0x40, 0x02, 0x80, 0xC6, 0x40, 0x02, 0xC8, 0x03, 0x40,
    0x80, 0xC5, 0x00, 0x0F, 0x40, 0x0A, 0x83, 0x42, 0x04, 0xC6, 0x03, 0x40, 0xC6, 0x05, 0xC3, 0x80, 0x06, 0xC3, 0x80, 0x06, 0xC3, 0x80, 0x06, 0xC3,
    0x80, 0x04, 0x40, 0xC5, 0x04, 0xC6, 0x40, 0x02, 0x40, 0xC6, 0x80, 0x02, 0x80, 0xC6, 0x40, 0x02, 0xC7, 0x03, 0xC1, 0x80, 0xC4, 0x80, 0x03, 0x40,
    0x80, 0xC4, 0x80, 0x00, 0x0F, 0x40, 0x0A, 0x83, 0x42, 0x04, 0xC6, 0x03, 0x40, 0xC6, 0x40, 0x04, 0xC4, 0x06, 0xC3, 0x80, 0x06, 0xC3, 0x40, 0x06,
    0xC3, 0x40, 0x04, 0x40, 0xC5, 0x03, 0x40, 0xC6, 0x40, 0x02, 0x80, 0xC6, 0x80, 0x02, 0xC7, 0x02, 0x40, 0xC7, 0x03, 0x80, 0x40, 0x80, 0xC4, 0x80,
    0x03, 0x40, 0xC5, 0x80, 0x00, 0x1A, 0x40, 0x80, 0xC0, 0x81, 0x40, 0x00, 0x40, 0x04, 0xC6, 0x03, 0x40, 0xC6, 0x05, 0xC4, 0x05, 0x40, 0xC3, 0x80,
    0x05, 0x40, 0xC3, 0x40, 0x05, 0x40, 0xC3, 0x40, 0x04, 0x40, 0xC4, 0x80, 0x03, 0x40, 0xC6, 0x03, 0xC7, 0x40, 0x01, 0x80, 0xC7, 0x02, 0xC8, 0x05,
    0x80, 0xC4, 0x40, 0x03, 0x80, 0xC5, 0x40, 0x00, 0x10, 0x80, 0x08, 0x40, 0xC1, 0x81, 0x40, 0x05, 0x40, 0xC5, 0x80, 0x04, 0x80, 0xC5, 0x04, 0x80,
    0xC3, 0x80, 0x40, 0x04, 0x80, 0xC3, 0x40, 0x05, 0x80, 0xC3, 0x06, 0x80, 0xC3, 0x04, 0xC6, 0x40, 0x01, 0x40, 0xC8, 0x01, 0xC9, 0x01, 0xC1, 0x40,
    0x00, 0xC4, 0x80, 0x05, 0x80, 0xC3, 0x80, 0x05, 0x80, 0xC4, 0x04, 0x80, 0xC5, 0x01, 0x10, 0x80, 0x09, 0xC1, 0x80, 0x40, 0x06, 0x80, 0xC4, 0x40,
    0x05, 0xC5, 0x40, 0x04, 0xC5, 0x40, 0x03, 0x40, 0xC3, 0x80, 0x02, 0x80, 0xC6, 0x80, 0x02, 0xC1, 0x80, 0xC4, 0x80, 0x02, 0xC8, 0x02, 0xC8, 0x03,
    0x41, 0x80, 0xC4, 0x40, 0x04, 0x40, 0xC4, 0x05, 0x40, 0xC4, 0x40, 0x05, 0xC4, 0x80, 0x03, 0x40, 0x80, 0xC4, 0x80, 0x01, 0x1A, 0xC1, 0x81, 0x40,
    0x05, 0x80, 0xC5, 0x80, 0x03, 0x40, 0xC5, 0x80, 0x01, 0x80, 0x40, 0x80, 0xC4, 0x80, 0x40, 0x01, 0xC7, 0x03, 0x40, 0x00, 0x40, 0xC4, 0x06, 0xC4,
    0x40, 0x02, 0x80, 0xC6, 0x80, 0x02, 0xC8, 0x02, 0x81, 0x40, 0xC5, 0x05, 0xC5, 0x05, 0xC5, 0x40, 0x04, 0x40, 0xC4, 0x80, 0x02, 0x40, 0xC6, 0x80,
    0x01, 0x1A, 0x80, 0x40, 0x82, 0x40, 0x04, 0x40, 0xC4, 0x80, 0x04, 0xC6, 0x40, 0x03, 0xC5, 0x04, 0xC0, 0x81, 0xC3, 0x03, 0x80, 0xC0, 0x00, 0x40,
    0xC3, 0x03, 0x40, 0xC6, 0x03, 0x40, 0xC6, 0x40, 0x02, 0xC8, 0x02, 0xC0, 0x81, 0xC5, 0x40, 0x03, 0x40, 0xC5, 0x04, 0x40, 0xC5, 0x40, 0x04, 0xC5,
    0x80, 0x02, 0x40, 0xC7, 0x01, 0x1B, 0x41, 0x81, 0x40, 0x04, 0x40, 0xC4, 0x80, 0x40, 0x03, 0xC6, 0x04, 0x80, 0xC4, 0x05, 0xC0, 0x80, 0xC3, 0x03,
    0x40, 0xC0, 0x40, 0x00, 0xC3, 0x40, 0x02, 0xC0, 0x40, 0x01, 0xC3, 0x03, 0x80, 0xC6, 0x40, 0x02, 0xC8, 0x02, 0xC1, 0x80, 0xC5, 0x40, 0x04, 0xC5,
    0x40, 0x03, 0x40, 0xC5, 0x40, 0x04, 0xC5, 0x80, 0x03, 0xC7, 0x01, 0x1B, 0x40, 0x81, 0xC0, 0x05, 0x40, 0x80, 0xC3, 0x80, 0x40, 0x03, 0xC6, 0x04,
    0x40, 0xC4, 0x06, 0xC4, 0x40, 0x04, 0x81, 0xC3, 0x80, 0x03, 0x40, 0xC0, 0x00, 0xC3, 0x80, 0x02, 0x80, 0xC6, 0x80, 0x02, 0xC8, 0x02, 0xC1, 0x80,
    0x40, 0xC4, 0x40, 0x04, 0x80, 0xC4, 0x40, 0x04, 0xC5, 0x40, 0x04, 0xC6, 0x03, 0x80, 0xC6, 0x01, 0x1B, 0x40, 0x81, 0xC0, 0x06, 0xC4, 0x80, 0x40,
    0x03, 0xC6, 0x04, 0x80, 0xC4, 0x06, 0x80, 0xC3, 0x40, 0x05, 0x40, 0xC3, 0x80, 0x05, 0x40, 0xC4, 0x03, 0x80, 0xC6, 0x02, 0xC8, 0x40, 0x01, 0xC1,
    0x80, 0x40, 0xC4, 0x80, 0x01, 0x40, 0x01, 0x40, 0xC5, 0x05, 0xC5, 0x05, 0xC5, 0x03, 0x40, 0x80, 0xC5, 0x01, 0x1B, 0x40, 0x81, 0xC0, 0x40, 0x05,
    0xC4, 0x80, 0x40, 0x03, 0x80, 0xC5, 0x04, 0x40, 0xC4, 0x06, 0x40, 0xC3, 0x40, 0x06, 0xC3, 0x80, 0x06, 0x80, 0xC3, 0x03, 0x80, 0xC6, 0x02, 0x80,
    0xC8, 0x01, 0xC1, 0x80, 0x40, 0xC5, 0x01, 0x40, 0x01, 0x40, 0xC5, 0x80, 0x04, 0xC5, 0x40, 0x04, 0xC5, 0x40, 0x02, 0x81, 0xC5, 0x40, 0x00, 0x1B,
    0x40, 0x81, 0xC0, 0x40, 0x05, 0xC4, 0x80, 0x40, 0x03, 0x80, 0xC4, 0x80, 0x04, 0x40, 0xC4, 0x06, 0x40, 0xC3, 0x40, 0x06, 0xC3, 0x80, 0x06, 0x80,
    0xC2, 0x80, 0x03, 0x80, 0xC6, 0x02, 0x80, 0xC7, 0x80, 0x01, 0xC1, 0x80, 0x40, 0xC5, 0x01, 0x80, 0x01, 0x40, 0xC5, 0x40, 0x04, 0xC5, 0x80, 0x04,
    0xC6, 0x02, 0x81, 0xC6, 0x00, 0x1B, 0x40, 0x81, 0xC0, 0x40, 0x05, 0xC5, 0x40, 0x03, 0x40, 0xC4, 0x80, 0x04, 0x40, 0xC4, 0x06, 0x40, 0xC3, 0x40,
    0x05, 0x40, 0xC3, 0x80, 0x05, 0x40, 0xC3, 0x80, 0x03, 0x80, 0xC6, 0x02, 0x40, 0xC7, 0x40, 0x01, 0xC1, 0x80, 0x40, 0xC5, 0x01, 0x80, 0x02, 0xC5,
    0x05, 0xC5, 0x40, 0x04, 0xC6, 0x02, 0x81, 0xC5, 0x80, 0x00, 0x1B, 0x40, 0x81, 0xC0, 0x40, 0x05, 0xC5, 0x40, 0x03, 0x40, 0xC4, 0x80, 0x04, 0x40,
    0xC4, 0x06, 0x80, 0xC3, 0x40, 0x05, 0x80, 0xC3, 0x80, 0x05, 0x80, 0xC3, 0x80, 0x03, 0x80, 0xC6, 0x02, 0x40, 0xC7, 0x40, 0x01, 0xC8, 0x80, 0x01,
    0x80, 0x01, 0xC5, 0x80, 0x04, 0xC6, 0x04, 0x40, 0xC5, 0x03, 0x81, 0xC5, 0x40, 0x00, 0x17, 0x81, 0xC0, 0x80, 0x40, 0x06, 0xC4, 0x40, 0x05, 0xC3,
    0x80, 0x40, 0x05, 0xC3, 0x40, 0x06, 0xC3, 0x80, 0x06, 0xC3, 0x80, 0x06, 0xC3, 0x80, 0x06, 0xC3, 0x80, 0x40, 0x05, 0xC4, 0x80, 0x05, 0xC4, 0x80,
    0x05, 0xC4, 0x80, 0x05, 0xC4, 0x80, 0x05, 0xC4, 0x80, 0x40, 0x04, 0xC5, 0x40, 0x04, 0x3F, 0x3F, 0x3F, 0x3F, 0x3F, 0x3F, 0x3F, 0x3F, 0x3F, 0x3F,
    0x3F, 0x0E, 0x40, 0x0A, 0x40, 0x23, 0x12, 0x40, 0x08, 0xC3, 0x80, 0x40, 0x04, 0x80, 0xC5, 0x40, 0x03, 0x80, 0xC4, 0x80, 0x03, 0x40, 0xC6, 0x40,
    0x03, 0x80, 0xC4, 0x80, 0x04, 0x40, 0xC4, 0x80, 0x04, 0x40, 0xC4, 0x80, 0x40, 0x02, 0x40, 0xC6, 0x40, 0x01, 0x80, 0xC7, 0x80, 0x01, 0xC8, 0x80,
    0x01, 0xC8, 0x80, 0x01, 0x80, 0xC7, 0x80, 0x02, 0xC7, 0x80, 0x02, 0x80, 0xC6, 0x80, 0x1B, 0xC3, 0x06, 0xC4, 0x80, 0x05, 0xC4, 0x80, 0x04, 0x80,
    0xC5, 0x05, 0x80, 0xC3, 0x80, 0x05, 0x80, 0xC3, 0x80, 0x05, 0x80, 0xC3, 0x80, 0x04, 0x80, 0xC5, 0x03, 0x80, 0xC6, 0x40, 0x02, 0xC7, 0x80, 0x01,
    0x40, 0xC0, 0x40, 0xC5, 0x80, 0x02, 0xC0, 0x40, 0xC5, 0x80, 0x02, 0x40, 0x81, 0xC4, 0x40, 0x03, 0xC6, 0x40, 0x01, 0x1B, 0xC3, 0x06, 0xC4, 0x80,
    0x05, 0xC4, 0x80, 0x04, 0x40, 0xC5, 0x05, 0x80, 0xC3, 0x80, 0x05, 0x40, 0xC3, 0x80, 0x05, 0x80, 0xC3, 0x80, 0x04, 0x80, 0xC5, 0x03, 0x80, 0xC6,
    0x40, 0x02, 0xC7, 0x80, 0x01, 0x40, 0xC0, 0x80, 0xC5, 0x80, 0x02, 0xC0, 0x40, 0xC5, 0x80, 0x02, 0x40, 0x81, 0xC4, 0x40, 0x03, 0xC6, 0x40, 0x01,
    0x1B, 0xC3, 0x06, 0x80, 0xC3, 0x80, 0x05, 0xC5, 0x04, 0x40, 0xC5, 0x05, 0x80, 0xC3, 0x80, 0x05, 0x40, 0xC3, 0x80, 0x05, 0x40, 0xC4, 0x04, 0x40,
    0xC5, 0x03, 0x80, 0xC6, 0x40, 0x02, 0xC7, 0x80, 0x02, 0xC0, 0x80, 0xC5, 0x80, 0x02, 0xC0, 0x40, 0x80, 0xC4, 0x80, 0x02, 0x40, 0x81, 0xC4, 0x40,
    0x03, 0xC6, 0x40, 0x01, 0x1B, 0xC3, 0x06, 0x80, 0xC3, 0x80, 0x05, 0xC5, 0x04, 0x40, 0xC5, 0x05, 0x80, 0xC3, 0x80, 0x05, 0x40, 0xC3, 0x80, 0x05,
    0x40, 0xC4, 0x04, 0x40, 0xC5, 0x03, 0x80, 0xC6, 0x40, 0x02, 0xC7, 0x80, 0x02, 0xC0, 0x81, 0xC4, 0x80, 0x02, 0xC0, 0x40, 0x80, 0xC4, 0x80, 0x02,
    0x40, 0x81, 0xC4, 0x40, 0x03, 0xC6, 0x40, 0x01, 0x1B, 0xC3, 0x06, 0x80, 0xC3, 0x80, 0x05, 0xC5, 0x05, 0xC5, 0x05, 0x80, 0xC4, 0x05, 0x40, 0xC4,
    0x05, 0x40, 0xC4, 0x04, 0x40, 0xC5, 0x03, 0x80, 0xC6, 0x40, 0x02, 0xC7, 0x80, 0x02, 0xC0, 0x81, 0xC5, 0x02, 0xC0, 0x40, 0x80, 0xC4, 0x80, 0x02,
    0x40, 0x81, 0xC4, 0x40, 0x03, 0xC6, 0x40, 0x01, 0x1B, 0x80, 0xC2, 0x06, 0x80, 0xC3, 0x80, 0x05, 0x80, 0xC4, 0x05, 0xC5, 0x05, 0x80, 0xC4, 0x05,
    0x40, 0xC4, 0x05, 0x40, 0xC4, 0x04, 0x40, 0xC5, 0x03, 0x80, 0xC6, 0x40, 0x02, 0xC7, 0x80, 0x02, 0xC0, 0x81, 0xC5, 0x02, 0xC0, 0x40, 0x80, 0xC4,
    0x80, 0x02, 0x40, 0x81, 0xC4, 0x40, 0x03, 0xC6, 0x80, 0x01, 0x1B, 0x80, 0xC1, 0x80, 0x06, 0x80, 0xC3, 0x80, 0x04, 0x40, 0xC5, 0x05, 0xC5, 0x05,
    0x80, 0xC4, 0x05, 0x40, 0xC4, 0x05, 0x40, 0xC4, 0x04, 0x40, 0xC5, 0x03, 0x80, 0xC6, 0x40, 0x02, 0xC7, 0x80, 0x02, 0xC1, 0x80, 0xC5, 0x02, 0xC0,
    0x40, 0x80, 0xC4, 0x80, 0x02, 0x40, 0xC0, 0x80, 0xC4, 0x40, 0x03, 0xC6, 0x80, 0x01, 0x17, 0xC2, 0x80, 0x40, 0x06, 0xC3, 0x80, 0x40, 0x05, 0xC4,
    0x40, 0x05, 0xC4, 0x40, 0x05, 0xC3, 0x80, 0x40, 0x05, 0xC3, 0x80, 0x40, 0x05, 0xC3, 0x80, 0x40, 0x05, 0xC3, 0x80, 0x40, 0x05, 0xC4, 0x80, 0x05,
    0xC4, 0x80, 0x05, 0xC4, 0x80, 0x40, 0x04, 0xC4, 0x80, 0x40, 0x04, 0xC4, 0x80, 0x05, 0xC4, 0x80, 0x05, 0x3F, 0x3F, 0x3F, 0x3F, 0x3F, 0x3F, 0x3F,
    0x3F, 0x3F, 0x3F, 0x3F, 0x0E, 0x40, 0x0A, 0xC0, 0x09, 0x40, 0xC0, 0x0A, 0xC0, 0x0A, 0x40, 0x1A, 0x40, 0x04, 0x40, 0x04, 0x80, 0xC5, 0x80, 0x03,
    0xC7, 0x80, 0x01, 0x40, 0xC6, 0x80, 0x40, 0x03, 0xC4, 0x80, 0x40, 0x04, 0x80, 0xC4, 0x40, 0x04, 0x80, 0xC4, 0x40, 0x04, 0x80, 0xC4, 0x40, 0x02,
    0x40, 0xC6, 0x40, 0x02, 0xC8, 0x40, 0x00, 0x80, 0xC8, 0x40, 0x00, 0xC1, 0x80, 0xC6, 0x40, 0x00, 0x80, 0xC0, 0x80, 0xC6, 0x40, 0x01, 0xC8, 0x40,
    0x25, 0xC0, 0x80, 0xC3, 0x40, 0x03, 0x40, 0xC6, 0x40, 0x02, 0x80, 0xC5, 0x80, 0x05, 0xC4, 0x06, 0xC4, 0x06, 0xC4, 0x06, 0xC4, 0x04, 0x80, 0xC5,
    0x40, 0x02, 0x40, 0xC7, 0x02, 0xC8, 0x40, 0x01, 0xC0, 0x41, 0xC5, 0x02, 0xC0, 0x40, 0x80, 0xC5, 0x02, 0x40, 0xC0, 0x40, 0xC5, 0x02, 0x24, 0x40,
    0xC0, 0x80, 0xC3, 0x40, 0x03, 0x40, 0xC6, 0x40, 0x02, 0xC6, 0x80, 0x05, 0xC4, 0x06, 0xC4, 0x06, 0xC4, 0x06, 0xC4, 0x04, 0x80, 0xC5, 0x40, 0x02,
    0x40, 0xC7, 0x02, 0xC8, 0x40, 0x01, 0xC0, 0x41, 0xC5, 0x02, 0xC0, 0x40, 0x80, 0xC5, 0x02, 0x80, 0xC0, 0x40, 0xC5, 0x02, 0x24, 0x40, 0xC0, 0x80,
    0xC3, 0x40, 0x03, 0x40, 0xC6, 0x40, 0x02, 0xC6, 0x80, 0x05, 0xC4, 0x06, 0xC4, 0x06, 0xC4, 0x06, 0xC4, 0x04, 0x80, 0xC5, 0x40, 0x02, 0x40, 0xC7,
    0x02, 0xC8, 0x40, 0x01, 0xC0, 0x41, 0xC5, 0x02, 0xC0, 0x40, 0x80, 0xC5, 0x02, 0x82, 0xC5, 0x02, 0x19, 0x40, 0x04, 0x40, 0x03, 0x40, 0xC0, 0x80,
    0xC3, 0x80, 0x03, 0x40, 0xC6, 0x80, 0x02, 0xC6, 0x80, 0x05, 0xC4, 0x06, 0xC4, 0x06, 0xC4, 0x06, 0xC4, 0x04, 0x80, 0xC5, 0x40, 0x02, 0x40, 0xC7,
    0x02, 0xC8, 0x40, 0x01, 0xC0, 0x41, 0xC5, 0x02, 0xC0, 0x40, 0x80, 0xC5, 0x02, 0x82, 0xC5, 0x02, 0x19, 0x40, 0x04, 0x40, 0x03, 0x40, 0xC5, 0x80,
    0x03, 0x40, 0xC6, 0x80, 0x02, 0xC6, 0x80, 0x05, 0xC4, 0x06, 0xC4, 0x06, 0xC4, 0x06, 0xC4, 0x04, 0x80, 0xC5, 0x40, 0x02, 0x40, 0xC7, 0x02, 0xC8,
    0x40, 0x01, 0xC0, 0x40, 0x80, 0xC5, 0x02, 0xC0, 0x40, 0x80, 0xC5, 0x02, 0x82, 0xC5, 0x02, 0x19, 0x40, 0x04, 0x40, 0x03, 0x40, 0xC5, 0x80, 0x03,
    0x40, 0xC6, 0x80, 0x02, 0xC6, 0x80, 0x05, 0xC4, 0x06, 0xC4, 0x06, 0xC4, 0x06, 0xC4, 0x04, 0x80, 0xC5, 0x40, 0x02, 0x40, 0xC7, 0x02, 0xC8, 0x40,
    0x01, 0xC0, 0x40, 0x80, 0xC5, 0x02, 0xC0, 0x40, 0x80, 0xC5, 0x02, 0xC0, 0x81, 0xC5, 0x02, 0x18, 0x40, 0x04, 0x40, 0x04, 0x80, 0xC5, 0x40, 0x03,
    0xC7, 0x40, 0x01, 0x40, 0xC6, 0x40, 0x04, 0x80, 0xC3, 0x80, 0x05, 0x40, 0xC3, 0x80, 0x06, 0xC3, 0x80, 0x05, 0x40, 0xC4, 0x04, 0x80, 0xC5, 0x03,
    0x80, 0xC6, 0x80, 0x02, 0xC8, 0x02, 0xC0, 0x40, 0xC6, 0x02, 0xC0, 0x00, 0xC5, 0x80, 0x02, 0xC0, 0x40, 0xC6, 0x02, 0x18, 0x80, 0x04, 0x80, 0x03,
    0x80, 0xC6, 0x03, 0x40, 0xC7, 0x02, 0xC6, 0x80, 0x40, 0x04, 0xC4, 0x40, 0x05, 0xC4, 0x40, 0x05, 0xC4, 0x40, 0x05, 0xC4, 0x40, 0x03, 0x40, 0xC5,
    0x80, 0x03, 0xC7, 0x40, 0x02, 0xC7, 0x80, 0x02, 0x81, 0xC5, 0x80, 0x02, 0x40, 0x80, 0xC5, 0x40, 0x02, 0xC0, 0x80, 0xC5, 0x40, 0x02, 0x17, 0x40,
    0x03, 0x40, 0x05, 0xC5, 0x80, 0x04, 0xC6, 0x40, 0x03, 0xC5, 0x80, 0x04, 0xC4, 0x80, 0x05, 0xC4, 0x80, 0x05, 0xC4, 0x80, 0x05, 0xC4, 0x80, 0x05,
    0xC4, 0x80, 0x05, 0xC5, 0x80, 0x04, 0xC6, 0x04, 0xC6, 0x04, 0xC5, 0x80, 0x04, 0xC5, 0x80, 0x04, 0x17, 0x43, 0x07, 0xC3, 0x40, 0x06, 0xC3, 0x80,
    0x06, 0xC2, 0x80, 0x40, 0x06, 0xC2, 0x40, 0x07, 0xC2, 0x08, 0xC2, 0x08, 0xC2, 0x08, 0xC2, 0x08, 0xC3, 0x07, 0xC3, 0x40, 0x06, 0xC3, 0x40, 0x06,
    0xC2, 0x80, 0x07, 0xC2, 0x40, 0x07, 0x17, 0x80, 0x40, 0x09, 0xC1, 0x40, 0x08, 0xC1, 0x40, 0x08, 0xC1, 0x40, 0x08, 0xC0, 0x80, 0x09, 0xC0, 0x40,
    0x09, 0xC0, 0x0A, 0xC0, 0x0A, 0xC0, 0x0A, 0xC0, 0x40, 0x09, 0xC1, 0x09, 0xC1, 0x09, 0xC0, 0x80, 0x09, 0xC0, 0x0A, 0x17, 0x80, 0x40, 0x09, 0xC1,
    0x09, 0xC1, 0x40, 0x08, 0xC0, 0x41, 0x08, 0xC0, 0x40, 0x09, 0xC0, 0x2E, 0x40, 0x0A, 0xC0, 0x0A, 0xC0, 0x0A, 0xC0, 0x0A, 0xC0, 0x0A, 0x17, 0xC0,
    0x80, 0x09, 0xC1, 0x09, 0xC1, 0x80, 0x08, 0xC0, 0x40, 0x09, 0xC0, 0x40, 0x09, 0x80, 0x3F, 0x06, 0xC0, 0x0A, 0xC0, 0x0A, 0xC0, 0x0A, 0x0B, 0x40,
    0x09, 0x40, 0xC0, 0x80, 0x08, 0xC2, 0x40, 0x06, 0xC3, 0x80, 0x06, 0xC2, 0x80, 0x07, 0x40, 0xC1, 0x3F, 0x1E, 0x80, 0x0A, 0xC0, 0x0A, 0x09, 0x80,
    0x40, 0x80, 0x07, 0x80, 0x40, 0xC1, 0x80, 0x05, 0x41, 0x80, 0xC3, 0x40, 0x03, 0xC0, 0x80, 0xC3, 0x40, 0x04, 0x40, 0xC3, 0x80, 0x05, 0x40, 0x80,
    0xC2, 0x40, 0x08, 0x80, 0x0B, 0x40, 0x3F, 0x12, 0xC0, 0x09, 0x40, 0x09, 0x40, 0x00, 0x80, 0x07, 0x40, 0x80, 0xC1, 0x80, 0x05, 0x40, 0x00, 0xC4,
    0x80, 0x03, 0x80, 0xC4, 0x05, 0x80, 0xC3, 0x80, 0x05, 0x40, 0x80, 0xC2, 0x40, 0x08, 0xC0, 0x40, 0x0A, 0x80, 0x3F, 0x12, 0xC0, 0x09, 0x80, 0x09,
    0x40, 0x00, 0x80, 0x07, 0x41, 0xC1, 0x80, 0x05, 0x40, 0x00, 0xC4, 0x80, 0x03, 0x80, 0xC4, 0x05, 0x80, 0xC3, 0x80, 0x06, 0x80, 0xC2, 0x40, 0x08,
    0xC0, 0x0B, 0x40, 0x3F, 0x12, 0x80, 0x09, 0x40, 0x09, 0x80, 0x00, 0xC0, 0x07, 0x41, 0xC1, 0x80, 0x05, 0x41, 0xC4, 0x80, 0x03, 0xC4, 0x80, 0x05,
    0x80, 0xC3, 0x80, 0x06, 0x81, 0xC1, 0x09, 0xC0, 0x0B, 0x40, 0x3F, 0x12, 0x40, 0x0A, 0x09, 0x80, 0x40, 0xC0, 0x07, 0x41, 0xC1, 0x80, 0x40, 0x04,
    0x41, 0xC4, 0x80, 0x03, 0xC4, 0x80, 0x05, 0x80, 0xC3, 0x40, 0x06, 0x40, 0x80, 0xC0, 0x80, 0x09, 0x80, 0x0B, 0x40, 0x3F, 0x1E, 0x09, 0x82, 0x07,
    0x40, 0x80, 0xC1, 0x80, 0x05, 0x41, 0xC4, 0x04, 0x80, 0xC3, 0x80, 0x05, 0x40, 0xC3, 0x40, 0x06, 0x40, 0x80, 0xC0, 0x80, 0x09, 0xC0, 0x0B, 0x40,
    0x3F, 0x12, 0x40, 0x0A, 0x09, 0x80, 0xC0, 0x40, 0x07, 0x40, 0x80, 0xC1, 0x40, 0x06, 0x80, 0xC3, 0x80, 0x04, 0x40, 0xC3, 0x80, 0x05, 0x40, 0xC3,
    0x40, 0x06, 0x40, 0xC1, 0x80, 0x09, 0xC0, 0x0B, 0x80, 0x3F, 0x12, 0x80, 0x09, 0x40, 0x09, 0xC1, 0x40, 0x07, 0x80, 0xC2, 0x40, 0x06, 0xC4, 0x40,
    0x05, 0xC3, 0x80, 0x06, 0xC3, 0x40, 0x07, 0xC1, 0x80, 0x09, 0xC0, 0x0B, 0x80, 0x0A, 0x40, 0x09, 0x40, 0x3B, 0xC0, 0x09, 0x80, 0x09, 0xC1, 0x08,
    0x80, 0xC2, 0x40, 0x06, 0xC4, 0x06, 0xC3, 0x80, 0x06, 0xC3, 0x08, 0xC1, 0x80, 0x09, 0xC0, 0x40, 0x09, 0x40, 0xC0, 0x09, 0x41, 0x09, 0x80, 0x0A,
    0x80, 0x23, 0x40, 0x09, 0x40, 0xC0, 0x09, 0xC0, 0x09, 0xC1, 0x08, 0x80, 0xC2, 0x07, 0xC3, 0x80, 0x06, 0xC3, 0x40, 0x06, 0xC3, 0x08, 0xC1, 0x80,
    0x09, 0xC0, 0x40, 0x09, 0x40, 0xC0, 0x09, 0x40, 0x80, 0x09, 0xC0, 0x0A, 0xC0, 0x0A, 0x40, 0x17, 0x40, 0x09, 0x80, 0xC0, 0x40, 0x08, 0xC0, 0x08,
    0x80, 0xC1, 0x08, 0x80, 0xC1, 0x40, 0x07, 0xC3, 0x07, 0xC3, 0x07, 0xC3, 0x08, 0xC1, 0x80, 0x08, 0x40, 0xC0, 0x40, 0x09, 0xC1, 0x09, 0xC1, 0x09,
    0xC0, 0x09, 0x40, 0xC0, 0x0A, 0xC0, 0x0A, 0x40, 0xC0, 0x09, 0x80, 0xC0, 0x40, 0x08, 0xC2, 0x07, 0x40, 0xC0, 0x08, 0xC2, 0x08, 0xC2, 0x08, 0xC2,
    0x08, 0xC2, 0x80, 0x07, 0x80, 0xC2, 0x08, 0xC1, 0x80, 0x08, 0x80, 0xC0, 0x80, 0x09, 0xC1, 0x09, 0xC1, 0x08, 0x40, 0xC0, 0x40, 0x08, 0x80, 0xC0,
    0x80, 0x08, 0x40, 0xC1, 0x09, 0xC1, 0x80, 0x08, 0xC2, 0x40, 0x06, 0x40, 0xC3, 0x06, 0x80, 0xC0, 0x07, 0x80, 0xC2, 0x07, 0x40, 0xC2, 0x08, 0xC2,
    0x08, 0xC2, 0x08, 0x80, 0xC1, 0x80, 0x08, 0xC1, 0x80, 0x08, 0xC2, 0x08, 0x80, 0xC1, 0x08, 0x80, 0xC1, 0x08, 0x80, 0xC1, 0x08, 0xC2, 0x80, 0x07,
    0x80, 0xC2, 0x07, 0x80, 0xC2, 0x80, 0x06, 0x80, 0xC3, 0x06, 0x80, 0xC3, 0x06, 0xC1, 0x40, 0x06, 0xC3, 0x07, 0xC3, 0x07, 0x40, 0xC2, 0x08, 0xC2,
    0x08, 0x80, 0xC1, 0x40, 0x08, 0xC2, 0x08, 0xC2, 0x08, 0xC2, 0x08, 0xC2, 0x80, 0x07, 0xC3, 0x07, 0xC3, 0x80, 0x06, 0xC3, 0x80, 0x06, 0xC4, 0x40,
    0x05, 0xC4, 0x40, 0x05, 0xC4, 0x80, 0x04, 0x40, 0xC1, 0x80, 0x05, 0x80, 0xC3, 0x07, 0xC3, 0x07, 0x80, 0xC2, 0x08, 0xC2, 0x08, 0x80, 0xC1, 0x40,
    0x08, 0xC2, 0x08, 0xC2, 0x08, 0xC2, 0x40, 0x07, 0xC3, 0x07, 0xC3, 0x80, 0x05, 0x40, 0xC4, 0x05, 0x40, 0xC4, 0x40, 0x04, 0x40, 0xC4, 0x80, 0x04,
    0x40, 0xC4, 0x80, 0x04, 0x40, 0xC4, 0x80, 0x04, 0x40, 0xC1, 0x80, 0x06, 0xC3, 0x07, 0xC3, 0x07, 0x40, 0xC2, 0x08, 0xC2, 0x08, 0x40, 0xC1, 0x40,
    0x08, 0xC2, 0x08, 0xC2, 0x08, 0xC2, 0x08, 0xC2, 0x80, 0x07, 0xC3, 0x40, 0x06, 0xC3, 0x80, 0x06, 0xC3, 0x80, 0x40, 0x05, 0xC4, 0x06, 0xC4, 0x06,
    0xC4, 0x40, 0x01, 0x40, 0x02, 0xC1, 0x80, 0x06, 0xC3, 0x07, 0x40, 0xC2, 0x08, 0xC2, 0x08, 0x40, 0xC1, 0x09, 0xC1, 0x40, 0x08, 0x80, 0xC1, 0x08,
    0x80, 0xC1, 0x08, 0x80, 0xC1, 0x08, 0x80, 0xC1, 0x80, 0x07, 0x80, 0xC2, 0x07, 0x80, 0xC2, 0x07, 0x80, 0xC2, 0x40, 0x06, 0x80, 0xC2, 0x40, 0x02,
    0x80, 0x02, 0x80, 0xC2, 0x40, 0x02, 0xC0, 0x80, 0x01, 0x80, 0xC2, 0x80, 0x02, 0xC1, 0x01, 0x80, 0xC0, 0xC0, 0x06, 0xC3, 0x07, 0x80, 0xC2, 0x08,
    0xC2, 0x09, 0xC1, 0x09, 0xC1, 0x09, 0x80, 0xC0, 0x40, 0x08, 0x80, 0xC0, 0x80, 0x08, 0x80, 0xC0, 0x80, 0x08, 0x40, 0xC1, 0x40, 0x07, 0x40, 0xC1,
    0x40, 0x07, 0x40, 0xC1, 0x80, 0x03, 0x40, 0x02, 0x40, 0xC1, 0x80, 0x03, 0xC0, 0x40, 0x01, 0x40, 0xC1, 0x80, 0x02, 0x40, 0xC1, 0x02, 0xC1, 0x80,
    0x02, 0x80, 0xC1, 0x80, 0x01, 0xC1, 0x80, 0x02, 0xC3, 0x41, 0xC0, 0x80, 0x05, 0xC4, 0x40, 0x06, 0xC3, 0x08, 0xC2, 0x08, 0x40, 0xC1, 0x09, 0xC1,
    0x09, 0xC1, 0x09, 0x80, 0xC0, 0x40, 0x08, 0x80, 0xC0, 0x40, 0x08, 0x40, 0xC0, 0x80, 0x08, 0x40, 0xC0, 0x80, 0x04, 0x80, 0x03, 0xC1, 0x04, 0xC0,
    0x80, 0x02, 0xC1, 0x03, 0x40, 0xC1, 0x40, 0x01, 0xC1, 0x03, 0xC3, 0x40, 0x00, 0x80, 0xC0, 0x03, 0xC4, 0x40, 0x80, 0xC0, 0x40, 0x01, 0x80, 0xC6,
    0x04, 0x40, 0xC5, 0x05, 0x40, 0xC4, 0x40, 0x06, 0x80, 0xC2, 0x08, 0x80, 0xC1, 0x09, 0xC1, 0x09, 0xC1, 0x09, 0xC1, 0x09, 0x80, 0xC0, 0x40, 0x08,
    0x40, 0xC0, 0x40, 0x05, 0x40, 0x02, 0xC0, 0x80, 0x04, 0x80, 0x03, 0xC0, 0x80, 0x04, 0xC1, 0x40, 0x01, 0x80, 0xC0, 0x03, 0x40, 0xC2, 0x40, 0x00,
    0x80, 0xC0, 0x03, 0x80, 0xC3, 0x40, 0x80, 0xC0, 0x03, 0xC7, 0x02, 0x40, 0xC6, 0x03, 0xC7, 0x03, 0x40, 0xC6, 0x05, 0x80, 0xC4, 0x07, 0x80, 0xC2,
    0x40, 0x07, 0x80, 0xC1, 0x08, 0x40, 0xC1, 0x09, 0xC1, 0x09, 0x80, 0xC0, 0x40, 0x08, 0x40, 0xC0, 0x0A, 0xC0, 0x80, 0x05, 0x40, 0x02, 0x80, 0xC0,
    0x40, 0x04, 0xC0, 0x80, 0x02, 0xC0, 0x40, 0x03, 0x40, 0xC2, 0x40, 0x00, 0xC0, 0x80, 0x03, 0x80, 0xC6, 0x03, 0xC7, 0x03, 0xC5, 0x00, 0x80, 0xC9,
    0x40, 0x01, 0xC8, 0x03, 0xC7, 0x04, 0x40, 0xC5, 0x07, 0x80, 0xC2, 0x08, 0x80, 0xC1, 0x80, 0x08, 0xC2, 0x08, 0x80, 0xC1, 0x09, 0xC1, 0x09, 0x80,
    0xC0, 0x40, 0x09, 0xC0, 0x40, 0x05, 0x80, 0x40, 0x01, 0xC1, 0x40, 0x04, 0xC2, 0x40, 0xC1, 0x80, 0x04, 0xC6, 0x40, 0x02, 0x40, 0xC6, 0x40, 0x02,
    0x40, 0xC3, 0x00, 0x80, 0xC9, 0x00, 0x80, 0xC9, 0x00, 0x81, 0xC8, 0x40, 0x01, 0x80, 0xC7, 0x04, 0x81, 0xC4, 0x08, 0xC2, 0x08, 0x40, 0xC2, 0x08,
    0x80, 0xC1, 0x80, 0x08, 0xC1, 0x80, 0x09, 0xC1, 0x09, 0xC1, 0x40, 0x05, 0x40, 0x01, 0xC1, 0x80, 0x05, 0xC5, 0x80, 0x04, 0xC6, 0x04, 0xC6, 0x80,
    0x03, 0x80, 0xC1, 0x00, 0xCA, 0x00, 0xCA, 0x00, 0x80, 0xC9, 0x00, 0x40, 0xC9, 0x00, 0x40, 0x00, 0x80, 0xC7, 0x04, 0x42, 0x80, 0xC2, 0x08, 0x40,
    0xC1, 0x09, 0x40, 0xC0, 0x00, 0x40, 0x08, 0x40, 0x80, 0xC0, 0x40, 0x08, 0xC1, 0x80, 0x08, 0xC2, 0x06, 0x41, 0xC2, 0x40, 0x05, 0xC1, 0x40, 0xC2,
    0x05, 0x80, 0xC4, 0x80, 0x40, 0x03, 0x40, 0xC6, 0x04, 0xC0, 0xCB, 0x00, 0xCA, 0x00, 0x80, 0xC9, 0x00, 0x40, 0xC9, 0x01, 0xC9, 0x01, 0x40, 0x00,
    0x80, 0xC6, 0x00, 0x40, 0x07, 0xC1, 0x0A, 0xC0, 0x0D, 0x40, 0x08, 0x81, 0xC0, 0x40, 0x07, 0x80, 0xC1, 0x80, 0x06, 0x41, 0xC2, 0x06, 0xC0, 0x00,
    0x80, 0xC2, 0x05, 0x40, 0x00, 0x40, 0xC2, 0x07, 0x80, 0xC4, 0x04, 0xCB, 0x40, 0xCA, 0x00, 0x40, 0xC9, 0x01, 0xC9, 0x01, 0x80, 0xC8, 0x01, 0x41,
    0xC7, 0x01, 0x40, 0x02, 0x41, 0x00, 0x40, 0xC1, 0x0A, 0x80, 0x18, 0x40, 0x81, 0x08, 0x80, 0xC1, 0x40, 0x07, 0x80, 0xC1, 0x80, 0x07, 0x40, 0xC2,
    0x40, 0x08, 0xC2, 0x07, 0x80, 0xC2, 0x80, 0x40, 0x03, 0xCB, 0x40, 0xCA, 0x01, 0xC9, 0x01, 0x40, 0xC8, 0x02, 0xC8, 0x02, 0x80, 0xC7, 0x04, 0x40,
    0x84, 0xC0, 0x01, 0x40, 0x07, 0x40, 0x1A, 0x80, 0x08, 0x40, 0x80, 0xC0, 0x80, 0x07, 0x40, 0x80, 0xC1, 0x08, 0x80, 0xC1, 0x40, 0x08, 0xC2, 0x08,
    0x80, 0xC1, 0x41, 0x03, 0xCB, 0x00, 0xCA, 0x01, 0x80, 0xC8, 0x02, 0xC8, 0x02, 0x80, 0xC7, 0x03, 0xC7, 0x05, 0x80, 0xC4, 0x40, 0x01, 0x40, 0x06,
    0x40, 0x25, 0x40, 0x80, 0xC0, 0x08, 0x81, 0xC0, 0x40, 0x07, 0x40, 0xC1, 0x80, 0x08, 0x80, 0xC1, 0x40, 0x08, 0xC1, 0x80, 0x04, 0xCB, 0x00, 0x40,
    0xC9, 0x02, 0xC8, 0x03, 0xC7, 0x03, 0xC7, 0x03, 0x40, 0xC6, 0x03, 0x40, 0x00, 0x40, 0xC5, 0x01, 0x40, 0x2E, 0x40, 0xC0, 0x80, 0x08, 0x80, 0xC1,
    0x08, 0x80, 0xC1, 0x08, 0x40, 0xC1, 0x80, 0x09, 0xC1, 0x40, 0x03, 0xCB, 0x80, 0x00, 0x40, 0xC8, 0x40, 0x02, 0xC7, 0x03, 0x40, 0xC6, 0x04, 0xC6,
    0x04, 0x80, 0xC5, 0x80, 0x03, 0x40, 0x00, 0x80, 0xC4, 0x80, 0x01, 0x40, 0x03, 0x42, 0xC0, 0x26, 0x40, 0xC0, 0x40, 0x07, 0x41, 0xC0, 0x40, 0x07,
    0x40, 0x80, 0xC0, 0x80, 0x08, 0x80, 0xC1, 0x09, 0x80, 0xC1, 0x03, 0xCC, 0x40, 0x00, 0x40, 0xC8, 0x03, 0xC6, 0x40, 0x03, 0x80, 0xC5, 0x05, 0xC5,
    0x80, 0x04, 0xC6, 0x40, 0x03, 0x40, 0x00, 0xC5, 0x80, 0x01, 0x40, 0x02, 0x40, 0x81, 0xC0, 0x80, 0x09, 0xC0, 0x0A, 0x40, 0x10, 0x80, 0x08, 0x81,
    0xC0, 0x08, 0x81, 0xC0, 0x40, 0x08, 0xC1, 0x80, 0x08, 0x40, 0xC1, 0x40, 0x02, 0xCD, 0x40, 0x00, 0x80, 0xC8, 0x02, 0x40, 0xC6, 0x04, 0x80, 0xC5,
    0x05, 0xC5, 0x80, 0x04, 0xC6, 0x40, 0x03, 0x80, 0x40, 0xC5, 0x40, 0x01, 0x40, 0x02, 0x80, 0xC0, 0x40, 0xC0, 0x80, 0x09, 0xC0, 0x0A, 0x40, 0x10,
    0x40, 0x08, 0x40, 0x80, 0xC0, 0x08, 0x80, 0xC1, 0x03, 0xC0, 0x04, 0xC1, 0x40, 0x02, 0x80, 0x04, 0x40, 0xC1, 0x02, 0xCE, 0x01, 0x80, 0xC8, 0x02,
    0x40, 0xC6, 0x04, 0x80, 0xC5, 0x04, 0x40, 0xC5, 0x40, 0x04, 0xC6, 0x04, 0xC0, 0x40, 0xC1, 0x80, 0xC2, 0x40, 0x01, 0x80, 0x40, 0x00, 0x40, 0xC0,
    0x00, 0x80, 0xC0, 0x80, 0x01, 0x40, 0x05, 0x40, 0xC0, 0x0A, 0x80, 0x10, 0x40, 0x02, 0x40, 0x04, 0x40, 0xC1, 0x02, 0xC0, 0x04, 0x40, 0xC1, 0x02,
    0xC1, 0x04, 0xC1, 0x40, 0x01, 0xC0, 0x80, 0x04, 0x80, 0xC1, 0x01, 0xCF, 0x01, 0xC8, 0x80, 0x02, 0x80, 0xC6, 0x04, 0xC5, 0x80, 0x04, 0x80, 0xC5,
    0x40, 0x04, 0xC6, 0x04, 0xC0, 0x40, 0xC5, 0x40, 0x01, 0x80, 0x01, 0x80, 0x01, 0x80, 0xC0, 0x80, 0x01, 0x40, 0x05, 0x80, 0xC0, 0x0A, 0x80, 0x10,
    0x40, 0x01, 0xC0, 0x40, 0x04, 0x40, 0xC0, 0x80, 0x01, 0xC1, 0x04, 0x80, 0xC1, 0x01, 0xC2, 0x03, 0x40, 0xC1, 0x01, 0xC1, 0x80, 0x04, 0x80, 0xC0,
    0x80, 0x00, 0xCF, 0x80, 0x01, 0xC8, 0x40, 0x02, 0x80, 0xC5, 0x80, 0x04, 0xC5, 0x40, 0x04, 0xC6, 0x04, 0x40, 0xC6, 0x03, 0x40, 0x82, 0xC3, 0x80,
    0x02, 0x80, 0x04, 0x80, 0xC0, 0x40, 0x01, 0x40, 0x05, 0xC0, 0x80, 0x09, 0x41, 0x06, 0x80, 0x07, 0x41, 0x00, 0xC1, 0x40, 0x04, 0x80, 0xC0, 0x80,
    0x00, 0xC2, 0x04, 0x80, 0xC0, 0x80, 0x00, 0xC3, 0x03, 0x40, 0xC1, 0x00, 0xC2, 0x80, 0x04, 0xC1, 0x80, 0xD0, 0x40, 0x00, 0x40, 0xC8, 0x03, 0xC6,
    0x40, 0x03, 0x40, 0xC5, 0x05, 0xC5, 0x80, 0x04, 0x80, 0xC5, 0x80, 0x03, 0x80, 0x41, 0xC4, 0x80, 0x01, 0x41, 0x03, 0x40, 0xC1, 0x02, 0x40, 0x01,
    0x80, 0x02, 0xC0, 0x40, 0x05, 0xC0, 0x02, 0x80, 0x06, 0xC0, 0x80, 0x07, 0x41, 0xC2, 0x05, 0x80, 0xC0, 0x40, 0xC3, 0x03, 0x40, 0x80, 0xC0, 0x80,
    0xC3, 0x80, 0x03, 0x80, 0xC5, 0x40, 0x04, 0xC1, 0xD1, 0x01, 0x80, 0xC7, 0x80, 0x02, 0x40, 0xC6, 0x04, 0xC6, 0x04, 0x40, 0xC5, 0x40, 0x04, 0xC6,
    0x04, 0xC0, 0x80, 0x40, 0xC4, 0x40, 0x01, 0x80, 0x00, 0xC0, 0x02, 0x80, 0xC0, 0x80, 0x04, 0xC0, 0x40, 0x01, 0x40, 0xC0, 0x05, 0xC0, 0x80, 0x02,
    0x80, 0x05, 0xC1, 0x40, 0x06, 0x40, 0x80, 0xC3, 0x05, 0xC5, 0x80, 0x03, 0x40, 0xC6, 0x04, 0xC6, 0x04, 0x40, 0xC0, 0xD1, 0x40, 0x00, 0x40, 0xC8,
    0x03, 0xC6, 0x40, 0x03, 0x40, 0xC5, 0x05, 0xC5, 0x80, 0x04, 0x80, 0xC5, 0x80, 0x03, 0x80, 0xC0, 0x40, 0xC4, 0x80, 0x01, 0x80, 0x40, 0xC0, 0x40,
    0x02, 0x80, 0xC0, 0x04, 0xC1, 0x02, 0xC0, 0x40, 0x04, 0xC1, 0x02, 0x80, 0x05, 0xC2, 0x40, 0x05, 0x40, 0x80, 0xC3, 0x40, 0x04, 0x80, 0xC5, 0x40,
    0x03, 0x80, 0xC5, 0x80, 0x03, 0x40, 0xC5, 0x80, 0x04, 0xC0, 0xC6, 0x80, 0xC9, 0x80, 0x01, 0x80, 0xC7, 0x40, 0x02, 0x80, 0xC5, 0x80, 0x04, 0xC5,
    0x80, 0x04, 0xC6, 0x40, 0x03, 0x40, 0xC6, 0x03, 0x80, 0xC0, 0x81, 0xC4, 0x01, 0x40, 0x80, 0xC1, 0x00, 0x40, 0x00, 0x80, 0xC0, 0x40, 0x03, 0xC1,
    0x40, 0x01, 0x81, 0x04, 0xC1, 0x80, 0x02, 0x40, 0x04, 0xC2, 0x40, 0x06, 0x80, 0xC4, 0x04, 0x40, 0xC5, 0x80, 0x03, 0x80, 0xC6, 0x04, 0xC6, 0x04,
    0x80, 0xC6, 0x80, 0xC9, 0x80, 0x01, 0x80, 0xC7, 0x40, 0x02, 0x80, 0xC5, 0x80, 0x04, 0xC5, 0x80, 0x04, 0x80, 0xC5, 0x40, 0x04, 0xC6, 0x03, 0x40,
    0xC0, 0x81, 0xC4, 0x40, 0x00, 0x40, 0x80, 0xC1, 0x00, 0x40, 0x00, 0x80, 0xC0, 0x40, 0x03, 0xC1, 0x40, 0x01, 0x40, 0xC0, 0x04, 0xC1, 0x80, 0x02,
    0x80, 0x04, 0xC2, 0x80, 0x06, 0x40, 0xC4, 0x04, 0x40, 0xC6, 0x03, 0x40, 0xC6, 0x04, 0xC6, 0x04, 0x40, 0xC6, 0x80, 0xC9, 0x80, 0x01, 0x80, 0xC7,
    0x40, 0x02, 0x80, 0xC5, 0x80, 0x04, 0xC5, 0x80, 0x04, 0x80, 0xC5, 0x40, 0x03, 0x40, 0xC6, 0x03, 0x40, 0xC0, 0x81, 0xC4, 0x40, 0x00, 0x40, 0x80,
    0xC1, 0x00, 0x80, 0x40, 0x80, 0xC0, 0x40, 0x03, 0xC1, 0x40, 0x01, 0x40, 0xC0, 0x04, 0xC1, 0x80, 0x02, 0x80, 0x04, 0xC2, 0x80, 0x06, 0x40, 0xC4,
    0x04, 0x40, 0xC6, 0x03, 0x40, 0xC6, 0x04, 0xC6, 0x04, 0x40, 0xC6, 0x80, 0xC9, 0x80, 0x01, 0x80, 0xC7, 0x40, 0x02, 0x80, 0xC5, 0x80, 0x04, 0xC5,
    0x80, 0x04, 0x80, 0xC5, 0x40, 0x03, 0x40, 0xC6, 0x03, 0x80, 0xC0, 0x81, 0xC4, 0x40, 0x00, 0x40, 0x80, 0xC1, 0x00, 0x80, 0x40, 0x80, 0xC0, 0x40,
    0x03, 0xC1, 0x40, 0x01, 0x40, 0xC0, 0x04, 0xC1, 0x80, 0x02, 0x80, 0x04, 0xC2, 0x40, 0x06, 0x40, 0xC4, 0x04, 0x40, 0xC6, 0x03, 0x40, 0xC6, 0x04,
    0xC6, 0x04, 0x40, 0xC6, 0x80, 0xC9, 0x80, 0x00, 0x40, 0x80, 0xC7, 0x40, 0x02, 0x80, 0xC5, 0x80, 0x04, 0xC5, 0x80, 0x04, 0x80, 0xC5, 0x40, 0x03,
    0x40, 0xC6, 0x03, 0x80, 0xC0, 0x81, 0xC4, 0x40, 0x00, 0x40, 0x80, 0xC1, 0x00, 0x80, 0x40, 0x80, 0xC0, 0x40, 0x03, 0xC1, 0x40, 0x01, 0x40, 0xC0,
    0x04, 0xC1, 0x80, 0x02, 0x80, 0x04, 0xC2, 0x40, 0x06, 0x40, 0xC4, 0x04, 0x40, 0xC5, 0x80, 0x03, 0x40, 0xC6, 0x04, 0xC6, 0x04, 0x40, 0xC6, 0x80,
    0xC9, 0x40, 0x00, 0x40, 0xC8, 0x03, 0x80, 0xC5, 0x80, 0x04, 0xC5, 0x40, 0x04, 0x80, 0xC5, 0x04, 0x40, 0xC6, 0x03, 0x80, 0xC0, 0x81, 0xC4, 0x40,
    0x00, 0x40, 0x80, 0xC1, 0x00, 0x80, 0x40, 0x80, 0xC0, 0x40, 0x03, 0xC1, 0x40, 0x01, 0x40, 0xC0, 0x04, 0xC1, 0x80, 0x02, 0x80, 0x04, 0xC2, 0x40,
    0x06, 0x40, 0xC4, 0x04, 0x40, 0xC5, 0x80, 0x03, 0x40, 0xC6, 0x04, 0xC6, 0x04, 0x40, 0xD1, 0x40, 0x00, 0x40, 0xC8, 0x03, 0x80, 0xC5, 0x80, 0x04,
    0xC5, 0x40, 0x04, 0xC6, 0x04, 0x40, 0xC6, 0x03, 0x80, 0xC0, 0x81, 0xC4, 0x40, 0x00, 0x40, 0x80, 0xC1, 0x00, 0x80, 0x40, 0x80, 0xC0, 0x40, 0x03,
    0xC1, 0x40, 0x01, 0x40, 0xC0, 0x04, 0xC1, 0x80, 0x02, 0x80, 0x04, 0xC2, 0x40, 0x06, 0x40, 0xC4, 0x04, 0x40, 0xC5, 0x80, 0x03, 0x40, 0xC6, 0x04,
    0xC6, 0x04, 0x40, 0xD1, 0x40, 0x00, 0x40, 0xC8, 0x03, 0x80, 0xC5, 0x80, 0x04, 0xC5, 0x40, 0x04, 0xC6, 0x04, 0x40, 0xC6, 0x03, 0x80, 0xC0, 0x81,
    0xC4, 0x01, 0x40, 0x80, 0xC1, 0x00, 0xC0, 0x40, 0x80, 0xC0, 0x40, 0x03, 0xC1, 0x40, 0x01, 0x40, 0xC0, 0x04, 0xC1, 0x40, 0x02, 0x80, 0x04, 0xC2,
    0x40, 0x06, 0x40, 0xC3, 0x80, 0x04, 0x40, 0xC5, 0x80, 0x03, 0x40, 0xC6, 0x04, 0xC6, 0x04, 0x40, 0xD1, 0x01, 0x40, 0xC8, 0x03, 0x80, 0xC5, 0x80,
    0x04, 0xC5, 0x40, 0x04, 0xC6, 0x04, 0x40, 0xC6, 0x03, 0x80, 0xC0, 0x81, 0xC4, 0x01, 0x40, 0x80, 0xC1, 0x00, 0xC0, 0x40, 0x80, 0xC0, 0x40, 0x03,
    0xC1, 0x40, 0x01, 0x40, 0xC0, 0x04, 0xC1, 0x40, 0x02, 0x80, 0x04, 0xC2, 0x40, 0x06, 0x40, 0xC3, 0x80, 0x04, 0x40, 0xC5, 0x80, 0x03, 0x40, 0xC6,
    0x04, 0xC6, 0x04, 0x40, 0xD1, 0x01, 0x40, 0xC8, 0x03, 0x80, 0xC5, 0x80, 0x04, 0xC5, 0x40, 0x04, 0xC6, 0x04, 0x40, 0xC6, 0x03, 0x80, 0xC0, 0x81,
    0xC4, 0x01, 0x40, 0x80, 0xC1, 0x00, 0xC0, 0x80, 0xC1, 0x40, 0x03, 0xC1, 0x02, 0x40, 0xC0, 0x04, 0xC1, 0x40, 0x02, 0x80, 0x04, 0xC2, 0x07, 0x40,
    0xC3, 0x80, 0x04, 0x40, 0xC5, 0x80, 0x03, 0x40, 0xC6, 0x04, 0xC6, 0x04, 0x40, 0xD1, 0x01, 0x40, 0xC8, 0x03, 0x80, 0xC5, 0x80, 0x04, 0xC5, 0x40,
    0x04, 0xC6, 0x04, 0x40, 0xC6, 0x03, 0x80, 0xC0, 0x80, 0xC5, 0x01, 0x40, 0x80, 0xC0, 0x80, 0x00, 0xC0, 0x80, 0xC1, 0x40, 0x03, 0xC1, 0x02, 0x40,
    0xC0, 0x04, 0xC1, 0x40, 0x01, 0x40, 0x80, 0x04, 0xC2, 0x07, 0x40, 0xC3, 0x40, 0x04, 0x40, 0xC5, 0x40, 0x03, 0x40, 0xC6, 0x04, 0xC6, 0x04, 0x40,
    0xD1, 0x40, 0x00, 0x40, 0xC8, 0x03, 0x80, 0xC5, 0x80, 0x04, 0xC5, 0x40, 0x04, 0xC6, 0x04, 0x40, 0xC6, 0x03, 0x80, 0xC7, 0x01, 0x40, 0x80, 0xC0,
    0x80, 0x00, 0xC3, 0x40, 0x03, 0xC1, 0x02, 0x40, 0x80, 0x04, 0xC1, 0x40, 0x01, 0x40, 0x80, 0x04, 0xC1, 0x80, 0x07, 0x40, 0xC3, 0x40, 0x04, 0x40,
    0xC5, 0x40, 0x03, 0x40, 0xC6, 0x04, 0xC6, 0x04, 0x40, 0xC6, 0x80, 0xC9, 0x40, 0x00, 0x40, 0x80, 0xC7, 0x03, 0x80, 0xC5, 0x80, 0x04, 0xC5, 0x80,
    0x04, 0x80, 0xC5, 0x04, 0x40, 0xC6, 0x03, 0x80, 0xC7, 0x40, 0x00, 0x40, 0x80, 0xC0, 0x80, 0x00, 0xC3, 0x40, 0x03, 0xC1, 0x02, 0x81, 0x04, 0xC1,
    0x40, 0x01, 0x40, 0x80, 0x04, 0xC1, 0x80, 0x07, 0x40, 0xC3, 0x40, 0x04, 0x40, 0xC5, 0x40, 0x03, 0x40, 0xC6, 0x04, 0xC6, 0x04, 0x40, 0xC6, 0x80,
    0xC9, 0x80, 0x01, 0x80, 0xC7, 0x40, 0x02, 0x40, 0xC5, 0x80, 0x04, 0xC5, 0x80, 0x04, 0x80, 0xC5, 0x40, 0x04, 0xC6, 0x03, 0x40, 0xC7, 0x40, 0x00,
    0x40, 0x80, 0xC0, 0x80, 0x40, 0xC3, 0x40, 0x03, 0xC1, 0x00, 0x40, 0x00, 0x81, 0x04, 0xC1, 0x40, 0x01, 0x40, 0x80, 0x04, 0xC1, 0x80, 0x07, 0x40,
    0xC3, 0x40, 0x04, 0x40, 0xC5, 0x40, 0x03, 0x40, 0xC6, 0x04, 0xC6, 0x04, 0x40, 0xC6, 0x81, 0xC9, 0x01, 0x40, 0xC7, 0x40, 0x03, 0xC6, 0x04, 0x80,
    0xC5, 0x04, 0x40, 0xC5, 0x80, 0x04, 0xC6, 0x40, 0x03, 0xC7, 0x40, 0x01, 0x80, 0xC0, 0x41, 0xC3, 0x40, 0x03, 0xC1, 0x00, 0x40, 0x00, 0x81, 0x04,
    0xC1, 0x02, 0x40, 0x80, 0x04, 0xC1, 0x80, 0x07, 0x40, 0xC3, 0x40, 0x04, 0x40, 0xC5, 0x40, 0x03, 0x40, 0xC6, 0x04, 0xC6, 0x04, 0x40, 0xC7, 0x40,
    0xC9, 0x40, 0x01, 0xC7, 0x80, 0x03, 0xC6, 0x04, 0x40, 0xC5, 0x05, 0xC6, 0x04, 0xC6, 0x40, 0x03, 0xC7, 0x40, 0x01, 0x80, 0xC0, 0x41, 0xC3, 0x40,
    0x03, 0xC1, 0x00, 0x40, 0x00, 0x81, 0x04, 0xC1, 0x02, 0x40, 0x80, 0x04, 0xC1, 0x40, 0x07, 0x40, 0xC3, 0x05, 0x40, 0xC5, 0x40, 0x03, 0x40, 0xC6,
    0x04, 0xC6, 0x04, 0x40, 0xC7, 0x81, 0xC9, 0x01, 0x80, 0xC7, 0x03, 0x80, 0xC5, 0x40, 0x04, 0xC5, 0x40, 0x04, 0xC6, 0x04, 0xC6, 0x80, 0x03, 0xC7,
    0x80, 0x01, 0x40, 0xC0, 0x00, 0x80, 0xC0, 0x80, 0xC1, 0x80, 0x03, 0xC1, 0x00, 0x40, 0x00, 0x80, 0xC0, 0x04, 0xC1, 0x00, 0x42, 0x80, 0x04, 0xC1,
    0x40, 0x07, 0x40, 0xC2, 0x80, 0x05, 0x40, 0xC5, 0x04, 0x40, 0xC6, 0x04, 0xC6, 0x04, 0x40, 0xC8, 0x40, 0xC9, 0x40, 0x00, 0x40, 0xC7, 0x03, 0x40,
    0xC5, 0x80, 0x04, 0xC6, 0x04, 0xC6, 0x40, 0x03, 0xC6, 0x80, 0x03, 0xC7, 0x80, 0x02, 0xC0, 0x00, 0xC1, 0x40, 0xC1, 0x80, 0x03, 0xC0, 0x80, 0x00,
    0x80, 0x00, 0x80, 0xC0, 0x04, 0xC1, 0x00, 0x42, 0x80, 0x04, 0xC1, 0x40, 0x07, 0x40, 0xC2, 0x80, 0x05, 0x40, 0xC5, 0x04, 0x40, 0xC6, 0x04, 0xC6,
    0x04, 0x40, 0xC8, 0x81, 0xC8, 0x80, 0x01, 0xC7, 0x40, 0x03, 0xC6, 0x04, 0xC6, 0x04, 0xC6, 0x40, 0x03, 0xC7, 0x03, 0xC7, 0x80, 0x02, 0xC0, 0x00,
    0xC0, 0x80, 0x40, 0x80, 0xC0, 0x80, 0x03, 0xC0, 0x41, 0x80, 0x00, 0x80, 0xC0, 0x04, 0xC1, 0x00, 0x42, 0x80, 0x04, 0xC1, 0x01, 0x40, 0x05, 0x40,
    0xC2, 0x80, 0x05, 0x40, 0xC5, 0x04, 0x40, 0xC6, 0x04, 0xC6, 0x04, 0x40, 0xC8, 0x81, 0xC8, 0x80, 0x01, 0x80, 0xC6, 0x40, 0x03, 0xC6, 0x04, 0xC6,
    0x40, 0x03, 0xC6, 0x40, 0x03, 0xC7, 0x03, 0xC7, 0x80, 0x02, 0xC0, 0x00, 0xC0, 0x80, 0x00, 0x80, 0xC0, 0x80, 0x03, 0xC0, 0x41, 0xC0, 0x00, 0x80,
    0xC0, 0x04, 0xC1, 0x00, 0x80, 0x40, 0x00, 0x80, 0x04, 0xC1, 0x01, 0x40, 0x05, 0x40, 0xC2, 0x80, 0x05, 0x40, 0xC5, 0x04, 0x40, 0xC6, 0x04, 0xC6,
    0x04, 0x40, 0xC9, 0x80, 0xC8, 0x80, 0x01, 0x40, 0xC6, 0x80, 0x03, 0xC6, 0x04, 0xC6, 0x40, 0x03, 0xC6, 0x40, 0x03, 0xC7, 0x40, 0x02, 0xC7, 0x80,
    0x02, 0xC0, 0x40, 0xC0, 0x80, 0x00, 0x80, 0xC0, 0x40, 0x03, 0xC0, 0x41, 0xC0, 0x00, 0x80, 0xC0, 0x04, 0xC1, 0x00, 0x80, 0x40, 0x00, 0x80, 0x04,
    0xC1, 0x01, 0x40, 0x05, 0x40, 0xC2, 0x80, 0x05, 0x40, 0xC5, 0x04, 0x40, 0xC6, 0x04, 0xC6, 0x04, 0x40, 0xC9, 0x80, 0xC9, 0x40, 0x00, 0x40, 0xC6,
    0x80, 0x03, 0xC6, 0x40, 0x03, 0xC6, 0x40, 0x03, 0xC6, 0x40, 0x03, 0xC7, 0x40, 0x02, 0xC7, 0x80, 0x02, 0x80, 0x40, 0xC0, 0x80, 0x00, 0x80, 0xC0,
    0x40, 0x03, 0xC0, 0x00, 0x80, 0xC0, 0x00, 0x80, 0xC0, 0x04, 0xC0, 0x80, 0x00, 0x80, 0x40, 0x00, 0x80, 0x04, 0xC1, 0x01, 0x40, 0x05, 0x40, 0xC2,
    0x80, 0x05, 0x40, 0xC5, 0x04, 0x40, 0xC6, 0x04, 0xC6, 0x04, 0x40, 0xC9, 0x80, 0xC8, 0x80, 0x40, 0x00, 0x40, 0xC6, 0x80, 0x03, 0xC6, 0x04, 0xC6,
    0x40, 0x03, 0xC6, 0x40, 0x03, 0xC7, 0x40, 0x02, 0xC7, 0x40, 0x02, 0x81, 0xC0, 0x80, 0x00, 0x80, 0xC0, 0x40, 0x03, 0xC0, 0x00, 0x80, 0xC0, 0x00,
    0x80, 0xC0, 0x04, 0xC0, 0x80, 0x00, 0xC0, 0x40, 0x00, 0x80, 0x04, 0xC1, 0x01, 0x40, 0x05, 0x40, 0xC2, 0x40, 0x05, 0x40, 0xC5, 0x04, 0x40, 0xC6,
    0x04, 0xC6, 0x04, 0x40, 0xC9, 0x80, 0xC8, 0x80, 0x40, 0x00, 0x40, 0xC6, 0x80, 0x03, 0xC6, 0x04, 0xC6, 0x40, 0x03, 0xC6, 0x40, 0x03, 0xC7, 0x40,
    0x02, 0xC7, 0x40, 0x02, 0x80, 0xC1, 0x80, 0x00, 0x80, 0xC0, 0x40, 0x03, 0x80, 0x00, 0xC1, 0x00, 0x80, 0xC0, 0x04, 0xC0, 0x40, 0x00, 0xC0, 0x41,
    0x80, 0x04, 0xC1, 0x01, 0x40, 0x05, 0x40, 0xC1, 0x80, 0x40, 0x05, 0x40, 0xC5, 0x04, 0x40, 0xC6, 0x04, 0xC6, 0x04, 0x40, 0xC9, 0x80, 0xC8, 0x80,
    0x01, 0x40, 0xC6, 0x40, 0x03, 0xC6, 0x04, 0xC6, 0x40, 0x03, 0xC6, 0x40, 0x03, 0xC7, 0x03, 0xC7, 0x40, 0x02, 0xC2, 0x80, 0x00, 0x80, 0xC0, 0x40,
    0x03, 0x41, 0xC1, 0x00, 0x80, 0xC0, 0x04, 0xC0, 0x00, 0x40, 0xC0, 0x42, 0x04, 0xC0, 0x80, 0x01, 0x80, 0x05, 0x40, 0xC1, 0x40, 0x06, 0x40, 0xC4,
    0x80, 0x04, 0x40, 0xC6, 0x04, 0xC6, 0x04, 0x40, 0xC9, 0x80, 0xC8, 0x80, 0x01, 0x80, 0xC6, 0x40, 0x03, 0xC6, 0x04, 0xC6, 0x40, 0x03, 0xC6, 0x40,
    0x03, 0xC6, 0x80, 0x03, 0xC7, 0x40, 0x02, 0xC2, 0x80, 0x00, 0x80, 0xC0, 0x40, 0x04, 0x80, 0xC1, 0x00, 0x81, 0x04, 0x80, 0x00, 0x80, 0xC0, 0x42,
    0x04, 0xC0, 0x40, 0x00, 0x40, 0x80, 0x05, 0x40, 0xC1, 0x40, 0x06, 0x40, 0xC4, 0x80, 0x04, 0x40, 0xC6, 0x04, 0xC6, 0x04, 0x40, 0xC9, 0x80, 0xC8,
    0x80, 0x01, 0x80, 0xC6, 0x04, 0xC6, 0x04, 0xC6, 0x04, 0xC6, 0x04, 0xC6, 0x80, 0x03, 0xC3, 0x80, 0xC2, 0x40, 0x02, 0xC2, 0x80, 0x00, 0x40, 0xC0,
    0x40, 0x03, 0x40, 0xC2, 0x00, 0x81, 0x04, 0x40, 0x00, 0xC1, 0x42, 0x04, 0xC0, 0x40, 0x00, 0x81, 0x05, 0x40, 0xC1, 0x07, 0x40, 0xC4, 0x40, 0x04,
    0x80, 0xC6, 0x04, 0xC6, 0x04, 0x40, 0xC9, 0x80, 0xC8, 0x80, 0x01, 0x80, 0xC6, 0x04, 0xC6, 0x04, 0xC6, 0x04, 0xC6, 0x04, 0xC6, 0x80, 0x03, 0xC2,
    0x81, 0xC2, 0x40, 0x02, 0xC2, 0x80, 0x00, 0x40, 0xC0, 0x40, 0x03, 0x80, 0xC2, 0x00, 0x81, 0x05, 0x40, 0xC1, 0x41, 0x05, 0xC0, 0x01, 0xC0, 0x80,
    0x05, 0x40, 0xC0, 0x80, 0x07, 0x40, 0xC3, 0x80, 0x40, 0x04, 0x80, 0xC5, 0x80, 0x04, 0xC6, 0x04, 0x40, 0xC9, 0x80, 0xC8, 0x80, 0x01, 0x80, 0xC6,
    0x04, 0xC6, 0x04, 0xC6, 0x04, 0xC6, 0x04, 0xC6, 0x80, 0x03, 0xC2, 0x80, 0x00, 0xC2, 0x40, 0x02, 0xC3, 0x00, 0x40, 0xC0, 0x40, 0x03, 0xC3, 0x00,
    0x81, 0x05, 0x80, 0xC1, 0x41, 0x05, 0xC0, 0x00, 0x80, 0xC0, 0x40, 0x05, 0x40, 0xC0, 0x40, 0x01, 0x40, 0x04, 0x40, 0xC2, 0x41, 0x05, 0x40, 0xC5,
    0x40, 0x04, 0xC6, 0x04, 0x40, 0xC9, 0x40, 0xC8, 0x80, 0x01, 0x40, 0xC6, 0x40, 0x03, 0xC6, 0x04, 0xC6, 0x40, 0x03, 0xC6, 0x40, 0x03, 0xC6, 0x80,
    0x03, 0xC2, 0x40, 0x00, 0x80, 0xC1, 0x40, 0x02, 0xC3, 0x00, 0x80, 0xC0, 0x40, 0x03, 0xC3, 0x00, 0x81, 0x04, 0x40, 0xC2, 0x00, 0x40, 0x05, 0x40,
    0x00, 0xC1, 0x07, 0xC0, 0x01, 0x80, 0x40, 0x00, 0x40, 0x03, 0xC1, 0x80, 0x02, 0x41, 0x02, 0x40, 0xC3, 0x80, 0x40, 0x05, 0xC6, 0x04, 0x40, 0xC9,
    0x40, 0x80, 0xC7, 0x80, 0x02, 0xC6, 0x40, 0x03, 0xC6, 0x04, 0xC6, 0x80, 0x03, 0xC6, 0x40, 0x03, 0xC2, 0x81, 0xC2, 0x40, 0x02, 0xC2, 0x80, 0x00,
    0x40, 0xC1, 0x80, 0x02, 0xC3, 0x00, 0x80, 0xC0, 0x80, 0x03, 0xC3, 0x00, 0x81, 0x04, 0xC3, 0x08, 0x80, 0xC1, 0x07, 0x40, 0x00, 0x80, 0xC0, 0x41,
    0x80, 0x03, 0xC1, 0x01, 0x40, 0xC1, 0x80, 0x03, 0xC2, 0x08, 0x80, 0xC3, 0x80, 0x40, 0x04, 0x40, 0xC9, 0x40, 0x00, 0xC7, 0x80, 0x02, 0xC6, 0x80,
    0x03, 0xC6, 0x40, 0x03, 0xC7, 0x03, 0xC6, 0x80, 0x03, 0xC2, 0x40, 0x00, 0xC2, 0x40, 0x02, 0xC2, 0x80, 0x00, 0x40, 0xC2, 0x02, 0xC3, 0x00, 0x80,
    0xC1, 0x03, 0xC3, 0x00, 0x81, 0x04, 0xC3, 0x07, 0xC3, 0x08, 0x80, 0xC1, 0x41, 0x80, 0x03, 0x41, 0x00, 0x40, 0xC3, 0x03, 0x40, 0xC0, 0x02, 0xC2,
    0x03, 0x80, 0xC1, 0x09, 0xC9, 0x80, 0x00, 0xC7, 0x80, 0x02, 0xC7, 0x03, 0xC6, 0x80, 0x03, 0xC7, 0x03, 0xC7, 0x03, 0xC2, 0x40, 0x00, 0x80, 0xC1,
    0x40, 0x02, 0xC3, 0x00, 0x40, 0xC2, 0x40, 0x01, 0xC3, 0x00, 0x40, 0xC1, 0x80, 0x02, 0xC3, 0x00, 0x40, 0xC0, 0x40, 0x03, 0xC3, 0x00, 0x40, 0x05,
    0xC3, 0x07, 0x80, 0xC2, 0x00, 0x40, 0x80, 0x05, 0x40, 0xC4, 0x04, 0x40, 0x00, 0x40, 0xC3, 0x04, 0xC0, 0x01, 0x40, 0xC2, 0x04, 0xC9, 0x80, 0x00,
    0xC8, 0x02, 0xC7, 0x03, 0xC7, 0x03, 0xC7, 0x40, 0x02, 0xC2, 0x81, 0xC2, 0x40, 0x02, 0xC2, 0x40, 0x00, 0x40, 0xC1, 0x80, 0x02, 0xC3, 0x00, 0x40,
    0xC3, 0x01, 0xC3, 0x41, 0xC2, 0x40, 0x01, 0xC3, 0x00, 0x40, 0xC0, 0x80, 0x40, 0x02, 0xC3, 0x00, 0x41, 0x04, 0xC3, 0x07, 0xC3, 0x01, 0x40, 0x04,
    0xC6, 0x40, 0x04, 0x80, 0xC4, 0x80, 0x05, 0x40, 0xC3, 0x80, 0x03, 0xC9, 0x80, 0x00, 0xC8, 0x40, 0x01, 0xC7, 0x80, 0x02, 0xC7, 0x40, 0x02, 0xC7,
    0x80, 0x02, 0xC2, 0x41, 0x80, 0xC2, 0x02, 0xC2, 0x80, 0x01, 0xC2, 0x02, 0xC3, 0x40, 0x00, 0x80, 0xC2, 0x40, 0x00, 0xC3, 0x40, 0x00, 0xC3, 0x40,
    0x00, 0xC3, 0x01, 0xC2, 0x40, 0x01, 0xC3, 0x01, 0xC0, 0x40, 0x03, 0xC3, 0x07, 0xC3, 0x07, 0xC3, 0x41, 0x81, 0x03, 0xC7, 0x04, 0xC6, 0x03, 0xCA,
    0x40, 0xC8, 0x80, 0x01, 0xC8, 0x02, 0xC8, 0x02, 0xC8, 0x02, 0xC3, 0x41, 0xC2, 0x80, 0x01, 0xC3, 0x01, 0x80, 0xC1, 0x80, 0x01, 0xC3, 0x40, 0x00,
    0x40, 0xC2, 0x01, 0xC3, 0x40, 0x00, 0xC4, 0x80, 0xC3, 0x40, 0x00, 0xC3, 0x80, 0x00, 0xC3, 0x40, 0x00, 0xC1, 0x80, 0x40, 0x01, 0xC3, 0x40, 0x00,
    0xC0, 0x40, 0x03, 0xC3, 0x07, 0xC3, 0x07, 0xC4, 0x40, 0x80, 0xC0, 0x40, 0x02, 0xC7, 0x80, 0x02, 0xCA, 0x80, 0xC9, 0x40, 0x00, 0xC8, 0x80, 0x01,
    0xC8, 0x40, 0x01, 0xC3, 0x80, 0xC3, 0x40, 0x01, 0xC4, 0x40, 0xC3, 0x01, 0xC3, 0x40, 0x01, 0xC2, 0x40, 0x00, 0xC3, 0x80, 0x01, 0xC3, 0x00, 0xC3,
    0x80, 0x00, 0x40, 0x80, 0xC2, 0x40, 0xC3, 0x40, 0x00, 0xC9, 0x40, 0x00, 0x80, 0xC3, 0x40, 0xC3, 0x40, 0x00, 0x80, 0xC1, 0x02, 0xC3, 0x40, 0x00,
    0x40, 0x80, 0x03, 0xC3, 0x80, 0x06, 0xC3, 0x80, 0x06, 0xC4, 0x41, 0xC1, 0x02, 0xD6, 0x00, 0xC9, 0x40, 0x00, 0xC9, 0x01, 0xC4, 0x80, 0xC3, 0x01,
    0xC5, 0x40, 0xC2, 0x01, 0xC4, 0x80, 0x00, 0x80, 0xC2, 0x40, 0xC4, 0x02, 0xC2, 0x40, 0xC4, 0x02, 0xC7, 0x80, 0x01, 0x80, 0xC7, 0x80, 0x00, 0x40,
    0xC0, 0x80, 0xC6, 0x80, 0x00, 0x40, 0xC8, 0x80, 0x01, 0xC1, 0x80, 0x01, 0xC4, 0x01, 0xC0, 0x40, 0x02, 0xC4, 0x06, 0xC4, 0x06, 0xE2, 0x80, 0xCA,
    0x00, 0xCA, 0x00, 0xC5, 0x80, 0xC3, 0x00, 0xC6, 0x40, 0xC2, 0x00, 0xC5, 0x40, 0x00, 0xC8, 0x80, 0x01, 0x40, 0xC7, 0x40, 0x01, 0x40, 0xC7, 0x02,
    0x40, 0xC7, 0x01, 0xC0, 0x80, 0xC7, 0x01, 0xC9, 0x01, 0x80, 0xC2, 0x00, 0xC4, 0x01, 0x40, 0xC0, 0x80, 0x01, 0xC4, 0x40, 0x01, 0x40, 0x02, 0xFF,
    0xCE, 0x80, 0xCB, 0x40, 0xC8, 0x80, 0x40, 0x00, 0xC8, 0x40, 0x01, 0x40, 0xC7, 0x02, 0x40, 0xC6, 0x80, 0x02, 0x40, 0xC6, 0x40, 0x01, 0x81, 0xC6,
    0x40, 0x01, 0xC1, 0x80, 0xC5, 0x80, 0x01, 0xC8, 0x80, 0x01, 0x80, 0xC1, 0x80, 0xF4, 0x80, 0xCA, 0x80, 0x40, 0xCA, 0x00, 0x80, 0xCA, 0x00, 0xCA,
    0x40, 0x00, 0x40, 0xC7, 0x03, 0xC7, 0x03, 0xC6, 0x80, 0x03, 0xC6, 0x80, 0x02, 0x81, 0xC5, 0x80, 0x01, 0x80, 0xC7, 0x80, 0x01, 0x80, 0xC8, 0x01,
    0x40, 0xC2, 0xD7, 0x40, 0xCB, 0x00, 0x80, 0xCA, 0x41, 0xCB, 0x00, 0x80, 0xCA, 0x40, 0x00, 0xCA, 0x00, 0x40, 0xC8, 0x01, 0x40, 0x80, 0xC6, 0x04,
    0xC6, 0x03, 0x80, 0xC6, 0x40, 0x02, 0xC8, 0x02, 0xC8, 0x02, 0xC8, 0x80, 0x01, 0x40, 0xC8, 0x02, 0xC2, 0xCB, 0x00, 0x40, 0x80, 0xC8, 0x80, 0x41,
    0x00, 0x40, 0x80, 0xCA, 0x80, 0xF8, 0x40, 0x80, 0xCA, 0x00, 0x40, 0xC9, 0x80, 0x00, 0x41, 0xC7, 0x03, 0xC7, 0x03, 0x40, 0xC6, 0x04, 0x80, 0xC7,
    0x40, 0x01, 0x40, 0xC8, 0x02, 0xC1, 0xFF, 0xFC, 0x40, 0xCA, 0x80, 0x00, 0xC1, 0x80, 0xC7, 0x40, 0x00, 0x80, 0x00, 0xC6, 0x40, 0x03, 0xC6, 0x40,
    0x03, 0x80, 0xC6, 0x04, 0xC0, 0xFF, 0xFF, 0xD5, 0x80, 0x40, 0xCA, 0x80, 0x40, 0xCA, 0x40, 0x00, 0x80, 0x00, 0xC6, 0x04, 0xFF, 0xFF, 0xEF, 0x40,
    0x80, 0xCA, 0x41, 0xC0, 0xFF, 0xFF, 0xFF, 0xFF, 0xFF, 0xFF, 0xE3, 0x40, 0x80, 0xCA, 0x40, 0x80, 0xCA, 0x80, 0x40, 0xCA, 0x80, 0x40, 0xCB, 0x80,
    0xFF, 0xE5, 0xFF, 0xC7, 0x43, 0x81, 0xC9, 0x83, 0xFF, 0xE3, 0xFF, 0xCF, 0x81, 0xC8, 0x40, 0x80, 0xC7, 0x41, 0xC7, 0x80, 0x00, 0x80, 0xC7, 0x41,
    0xFF, 0xC3, 0xFF, 0xC3, 0x40, 0xCA, 0x40, 0xC9, 0x80, 0x40, 0xC9, 0x40, 0x80, 0xC9, 0x00, 0xCA, 0x40, 0xC9, 0x81, 0xC9, 0x40, 0xCA, 0x40, 0xCA,
    0x80, 0xD0, 0xFF, 0xC1, 0x80, 0xCA, 0x81, 0xCA, 0x00, 0xCA, 0x00, 0xCA, 0x40, 0x80, 0xC9, 0x80, 0x40, 0xCA, 0x00, 0xCA, 0x40, 0xCA, 0x81, 0xCA,
    0x40, 0xCA, 0x40, 0xC1, 0xFF, 0xE2, 0x40, 0xCB, 0x40, 0x00, 0x80, 0xC9, 0x80, 0x00, 0x40, 0xCA, 0x40, 0x00, 0x80, 0xCA, 0x41, 0xCB, 0x40, 0xD7,
    0xFF, 0xFF, 0xD3, 0x80, 0x41, 0x03, 0x40, 0xC1, 0x41, 0x01, 0x41, 0x80, 0xDA, 0xFF, 0xFF, 0xCE, 0x40, 0xC9, 0x01, 0xC8, 0x01, 0xC7, 0x80, 0x01,
    0xC7, 0x80, 0x01, 0xC2, 0xFF, 0xDE, 0x80, 0xCA, 0x80, 0xCA, 0x40, 0xCA, 0x40, 0xCA, 0x00, 0xCA, 0x00, 0xC9, 0x80, 0x00, 0xC9, 0x80, 0x00, 0xC9,
    0x40, 0x00, 0xDE, 0x81, 0xCA, 0x00, 0xCA, 0x00, 0x40, 0xC9, 0x80, 0x00, 0xCA, 0x00, 0x80, 0xC9, 0x40, 0x00, 0xC9, 0x80, 0x00, 0xCA, 0x00, 0x40,
    0xC9, 0x40, 0x00, 0xCA, 0x00, 0xCA, 0x00, 0xCA, 0x80, 0xD7, 0xFF, 0xCA, 0x80, 0xCA, 0x80, 0x00, 0x80, 0xCA, 0x01, 0xCA, 0x40, 0x00, 0x40, 0xC9,
    0x80, 0x01, 0x80, 0xC9, 0x40, 0x01, 0xC9, 0x80, 0x00, 0xE3, 0xFF, 0xC9, 0x80, 0x40, 0x80, 0xCA, 0x01, 0x80, 0xC9, 0x40, 0x00, 0x40, 0xC9, 0x40,
    0x01, 0xC9, 0x80, 0x01, 0x40, 0xC9, 0x02, 0xC9, 0x01, 0xCA, 0x40, 0xD7, 0xFD, 0x80, 0xCB, 0x40, 0x01, 0x80, 0xC8, 0x80, 0x01, 0xC9, 0x80, 0x01,
    0xC9, 0x40, 0x01, 0x80, 0xC8, 0x40, 0x02, 0x80, 0xC7, 0x40, 0x02, 0xC8, 0x40, 0x01, 0xC9, 0x80, 0x00, 0xD7, 0xFD, 0x41, 0x81, 0xC8, 0x80, 0x01,
    0x40, 0xC9, 0x01, 0x80, 0xC9, 0x01, 0x80, 0xC8, 0x40, 0x01, 0x40, 0x80, 0xC7, 0x40, 0x02, 0x80, 0xC7, 0x03, 0xC8, 0x02, 0xC9, 0x01, 0xCA, 0x00,
    0xCB, 0xF0, 0x80, 0x40, 0x80, 0xC0, 0x80, 0xC7, 0x80, 0x02, 0x80, 0xC8, 0x40, 0x01, 0xC9, 0x40, 0x01, 0xC9, 0x02, 0xC8, 0x40, 0x03, 0xC7, 0x40,
    0x02, 0x80, 0xC7, 0x40, 0x02, 0xC8, 0x02, 0xC9, 0x40, 0x00, 0xCA, 0x00, 0xCA, 0x00, 0xE4, 0x41, 0x81, 0xC8, 0x80, 0x01, 0x80, 0xC9, 0x01, 0xC9,
    0x80, 0x01, 0xC9, 0x03, 0xC8, 0x02, 0x40, 0xC8, 0x03, 0x80, 0xC6, 0x80, 0x03, 0xC7, 0x80, 0x02, 0xC8, 0x80, 0x01, 0xC9, 0x01, 0xC9, 0x80, 0x00,
    0xCA, 0x00, 0xD7, 0x81, 0xCA, 0x80, 0x01, 0xCA, 0x00, 0x40, 0xC9, 0x80, 0x00, 0x40, 0xC9, 0x02, 0x40, 0xC8, 0x02, 0x80, 0xC8, 0x04, 0x40, 0xC6,
    0x04, 0xC7, 0x03, 0xC8, 0x02, 0xC8, 0x02, 0xC9, 0x01, 0xC9, 0x40, 0x00, 0xCA, 0x00, 0xD7, 0x80, 0x41, 0xCA, 0x00, 0x80, 0xC9, 0x80, 0x00, 0x80,
    0xC9, 0x02, 0xC9, 0x02, 0x80, 0xC8, 0x06, 0xC5, 0x05, 0xC6, 0x40, 0x03, 0xC6, 0x80, 0x03, 0xC7, 0x40, 0x02, 0xC8, 0x02, 0xC8, 0x02, 0xC8, 0x02,
    0xC8, 0x02, 0xD7, 0x80, 0x00, 0x80, 0xC9, 0x80, 0x00, 0xCA, 0x01, 0x40, 0xC9, 0x01, 0x40, 0x80, 0xC8, 0x05, 0x40, 0x00, 0xC4, 0x40, 0x05, 0xC5,
    0x40, 0x04, 0xC5, 0x80, 0x04, 0xC6, 0x40, 0x03, 0xC6, 0x80, 0x03, 0xC6, 0x80, 0x03, 0xC6, 0x80, 0x03, 0xC6, 0x80, 0x03, 0xC6, 0x80, 0x03, 0xCB,
    0x80, 0xCA, 0x80, 0x00, 0xCA, 0x41, 0x80, 0xC9, 0x01, 0x80, 0xC9, 0x04, 0x43, 0xC3, 0x40, 0x06, 0xC4, 0x40, 0x05, 0xC4, 0x80, 0x05, 0xC5, 0x05,
    0xC5, 0x40, 0x04, 0xC5, 0x40, 0x04, 0xC5, 0x40, 0x04, 0xC5, 0x80, 0x04, 0xC5, 0x80, 0x04, 0xC5, 0x80, 0x04, 0xCB, 0x80, 0xCA, 0x80, 0x40, 0xC8,
    0x40, 0xC0, 0x40, 0x00, 0xCA, 0x40, 0x01, 0x41, 0x81, 0x41, 0x00, 0xC2, 0x80, 0x07, 0xC3, 0x40, 0x06, 0xC4, 0x06, 0xC4, 0x05, 0x40, 0xC4, 0x05,
    0x40, 0xC4, 0x40, 0x04, 0x80, 0xC4, 0x40, 0x04, 0x80, 0xC4, 0x40, 0x04, 0x80, 0xC3, 0x80, 0x05, 0x40, 0xC3, 0x80, 0x06, 0xC3, 0x80, 0x06, 0xD5,
    0x80, 0x00, 0xC0, 0x40, 0xC7, 0x40, 0x00, 0xC0, 0x80, 0x00, 0xC6, 0x80, 0x00, 0xC1, 0x40, 0x02, 0x40, 0x04, 0xC3, 0x06, 0x40, 0xC3, 0x40, 0x05,
    0x80, 0xC3, 0x40, 0x04, 0x40, 0xC4, 0x80, 0x04, 0x80, 0xC5, 0x04, 0x80, 0xC5, 0x04, 0xC5, 0x80, 0x04, 0xC5, 0x05, 0x40, 0xC4, 0x40, 0x05, 0xC4,
    0x40, 0x05, 0xC4, 0x40, 0x05, 0xC0, 0xD4, 0x40, 0x01, 0xC0, 0x81, 0xC5, 0x40, 0x00, 0x40, 0xC1, 0x00, 0x80, 0xC3, 0x80, 0x01, 0xC3, 0x07, 0xC4,
    0x06, 0xC4, 0x05, 0x80, 0xC4, 0x04, 0x40, 0xC5, 0x40, 0x03, 0x40, 0xC5, 0x40, 0x03, 0xC6, 0x40, 0x03, 0xC6, 0x05, 0xC5, 0x05, 0xC5, 0x05, 0xC5,
    0x05, 0x80, 0xC1, 0x80, 0x07, 0x40, 0xC0, 0xC8, 0x80, 0x40, 0xC8, 0x01, 0xC3, 0x80, 0xC4, 0x40, 0x00, 0xC4, 0x00, 0xC2, 0x40, 0x01, 0xC4, 0x80,
    0x05, 0x80, 0xC4, 0x05, 0x80, 0xC4, 0x04, 0x80, 0xC5, 0x40, 0x03, 0xC6, 0x40, 0x03, 0xC6, 0x03, 0x40, 0xC6, 0x04, 0xC6, 0x04, 0x80, 0xC3, 0x80,
    0x40, 0x04, 0x80, 0xC1, 0x80, 0x07, 0x40, 0xC1, 0x40, 0x08, 0xC1, 0x07, 0x80, 0x00, 0xC1, 0xC7, 0x40, 0xC9, 0x00, 0x40, 0xC5, 0x80, 0xC2, 0x00,
    0x80, 0xC5, 0x80, 0x40, 0xC0, 0x40, 0x01, 0x80, 0xC5, 0x05, 0xC5, 0x04, 0x40, 0xC5, 0x04, 0xC6, 0x40, 0x03, 0xC6, 0x40, 0x02, 0x40, 0xC6, 0x40,
    0x02, 0x80, 0xC6, 0x03, 0x40, 0xC3, 0x40, 0x00, 0x80, 0x04, 0xC2, 0x40, 0x07, 0xC2, 0x08, 0x80, 0xC1, 0x08, 0x40, 0xC1, 0x02, 0x40, 0x04, 0x40,
    0xC1, 0xC6, 0x40, 0xC9, 0x41, 0xC9, 0x40, 0x80, 0xC7, 0x40, 0x80, 0x02, 0xC6, 0x04, 0x80, 0xC5, 0x04, 0xC6, 0x03, 0x40, 0xC6, 0x80, 0x02, 0x40,
    0xC6, 0x80, 0x02, 0x80, 0xC6, 0x80, 0x02, 0xC4, 0x80, 0x40, 0xC0, 0x40, 0x02, 0xC3, 0x40, 0x01, 0x40, 0x03, 0x80, 0xC2, 0x07, 0x40, 0xC2, 0x08,
    0xC2, 0x02, 0x40, 0x02, 0x40, 0x00, 0xC2, 0x02, 0x80, 0x04, 0xC2, 0xC5, 0x00, 0xCA, 0x00, 0xCA, 0x00, 0xC8, 0x00, 0x40, 0x01, 0x80, 0xC6, 0x04,
    0xC5, 0x80, 0x03, 0x40, 0xC6, 0x03, 0x40, 0xC6, 0x40, 0x02, 0x40, 0xC7, 0x02, 0x40, 0xC6, 0x80, 0x02, 0x40, 0xC3, 0x40, 0x00, 0xC0, 0x40, 0x02,
    0x80, 0xC2, 0x40, 0x01, 0x40, 0x03, 0x80, 0xC2, 0x07, 0x40, 0xC2, 0x08, 0xC2, 0x02, 0x40, 0x04, 0xC2, 0x01, 0x40, 0x80, 0x04, 0xC2, 0xC4, 0x00,
    0xCA, 0x00, 0xCA, 0x00, 0x80, 0xC7, 0x41, 0x02, 0xC6, 0x40, 0x03, 0x80, 0xC5, 0x04, 0xC6, 0x04, 0xC7, 0x03, 0x40, 0xC6, 0x80, 0x02, 0x40, 0xC3,
    0x80, 0x40, 0xC0, 0x40, 0x03, 0xC2, 0x40, 0x01, 0x80, 0x04, 0x80, 0xC1, 0x08, 0x40, 0xC1, 0x08, 0x40, 0xC1, 0x09, 0xC1, 0x01, 0x81, 0x02, 0x40,
    0x01, 0x80, 0xC0, 0x00, 0x40, 0xC0, 0x40, 0x04, 0x40, 0xC1, 0xC3, 0x40, 0x80, 0xC9, 0x00, 0x80, 0xC9, 0x00, 0x80, 0xC7, 0x80, 0x40, 0x02, 0xC7,
    0x03, 0x40, 0xC5, 0x40, 0x03, 0x40, 0xC5, 0x40, 0x04, 0xC6, 0x40, 0x03, 0xC7, 0x03, 0x40, 0xC2, 0x40, 0x01, 0xC0, 0x04, 0xC2, 0x08, 0x40, 0xC1,
    0x02, 0x40, 0x02, 0x41, 0x00, 0xC1, 0x07, 0x80, 0x00, 0x80, 0xC0, 0x01, 0x41, 0x03, 0x41, 0x00, 0xC0, 0x01, 0xC0, 0x80, 0x02, 0x40, 0x00, 0x80,
    0x00, 0x81, 0xC1, 0x80, 0x04, 0xC0, 0x40, 0xC0, 0xC2, 0x80, 0x40, 0xC9, 0x80, 0x40, 0xC9, 0x80, 0x40, 0xC8, 0x41, 0x01, 0x40, 0xC6, 0x40, 0x03,
    0xC6, 0x04, 0xC6, 0x04, 0x80, 0xC6, 0x04, 0xC4, 0x41, 0x04, 0xC3, 0x07, 0x40, 0xC2, 0x08, 0x80, 0xC1, 0x02, 0x40, 0x02, 0x40, 0x01, 0xC1, 0x07,
    0x80, 0x00, 0x40, 0xC0, 0x01, 0x81, 0x03, 0x41, 0x00, 0xC0, 0x40, 0xC1, 0x80, 0x04, 0xC0, 0x00, 0x40, 0xC2, 0x40, 0x03, 0x40, 0xC1, 0x40, 0xC2,
    0x00, 0xCA, 0x00, 0xCA, 0x40, 0x80, 0xC8, 0x40, 0x02, 0xC7, 0x03, 0x40, 0xC5, 0x80, 0x04, 0xC5, 0x80, 0x04, 0xC6, 0x80, 0x03, 0x80, 0xC3, 0x80,
    0x05, 0x40, 0xC3, 0x07, 0xC3, 0x07, 0x80, 0xC2, 0x08, 0xC2, 0x08, 0x40, 0xC1, 0x00, 0x80, 0x40, 0x80, 0x05, 0x80, 0xC2, 0x80, 0xC0, 0x02, 0x40,
    0x02, 0xC3, 0x40, 0x03, 0x40, 0x80, 0x40, 0x80, 0xC2, 0x40, 0xCA, 0x00, 0x80, 0xC9, 0x80, 0x40, 0xC8, 0x41, 0x01, 0xC7, 0x40, 0x02, 0x40, 0xC6,
    0x03, 0x40, 0xC5, 0x80, 0x04, 0xC6, 0x80, 0x03, 0xC4, 0x06, 0xC4, 0x06, 0xC4, 0x06, 0x80, 0xC3, 0x06, 0x40, 0xC3, 0x07, 0x80, 0xC2, 0x82, 0x05,
    0xC4, 0x80, 0xC0, 0x04, 0xC4, 0x81, 0x04, 0x40, 0xC1, 0xC2, 0x80, 0x00, 0xC9, 0x80, 0x00, 0xCA, 0x00, 0xC8, 0x80, 0x40, 0x01, 0x80, 0xC6, 0x80,
    0x03, 0xC6, 0x04, 0xC6, 0x04, 0xC4, 0x41, 0x80, 0x03, 0xC4, 0x06, 0xC4, 0x05, 0x40, 0xC4, 0x06, 0xC4, 0x06, 0x40, 0xC3, 0x80, 0x06, 0x80, 0xC3,
    0x80, 0x40, 0x03, 0x80, 0x00, 0xC5, 0x80, 0x02, 0x80, 0x00, 0xC4, 0x81, 0x04, 0xC2, 0xC4, 0x00, 0x40, 0xC9, 0x41, 0xC9, 0x41, 0xC8, 0x02, 0x40,
    0xC6, 0x04, 0xC5, 0x80, 0x04, 0xC4, 0x81, 0x03, 0x80, 0xC3, 0x06, 0x80, 0xC3, 0x06, 0xC4, 0x06, 0xC4, 0x01, 0x80, 0x03, 0xC4, 0x40, 0x06, 0xC4,
    0x07, 0xC3, 0x05, 0xC0, 0x00, 0x80, 0xC2, 0x00, 0x80, 0x03, 0xC0, 0x00, 0x80, 0xC2, 0x40, 0xC0, 0x05, 0xC2, 0xC5, 0x80, 0x40, 0x80, 0xC8, 0x80,
    0x00, 0xC9, 0x41, 0xC7, 0x80, 0x02, 0x80, 0xC5, 0x80, 0x03, 0x40, 0xC5, 0x04, 0x40, 0xC2, 0x40, 0x01, 0x40, 0x03, 0xC3, 0x07, 0xC3, 0x02, 0x40,
    0x02, 0x80, 0xC3, 0x01, 0x81, 0x02, 0xC4, 0x01, 0xC0, 0x03, 0x80, 0xC4, 0x06, 0x80, 0xC3, 0x40, 0x06, 0xC2, 0x80, 0x41, 0x03, 0xC0, 0x00, 0x40,
    0xC1, 0x00, 0xC0, 0x40, 0x03, 0xC0, 0x00, 0x40, 0xC2, 0x80, 0x40, 0x03, 0x40, 0x00, 0x80, 0xC1, 0xC7, 0x80, 0x40, 0xC9, 0x00, 0x80, 0xC8, 0x80,
    0x00, 0xC7, 0x80, 0x40, 0x00, 0x40, 0xC6, 0x04, 0x40, 0xC1, 0x82, 0xC0, 0x04, 0x40, 0xC1, 0x08, 0xC2, 0x07, 0x80, 0xC2, 0x02, 0x80, 0x03, 0xC3,
    0x01, 0xC1, 0x02, 0x80, 0xC3, 0x80, 0x00, 0x80, 0x03, 0x40, 0xC4, 0x06, 0x40, 0xC3, 0x81, 0x03, 0x40, 0x00, 0x80, 0xC1, 0x80, 0xC0, 0x04, 0xC0,
    0x40, 0x00, 0xC1, 0x80, 0x41, 0x03, 0xC0, 0x40, 0x00, 0xC1, 0x80, 0xC0, 0x40, 0x03, 0x40, 0x00, 0x40, 0xC1, 0xC9, 0x80, 0xC9, 0x80, 0x40, 0xC9,
    0x00, 0x80, 0xC6, 0x81, 0x00, 0x80, 0xC1, 0x80, 0xC3, 0x04, 0x80, 0xC0, 0x02, 0x40, 0x80, 0x04, 0x80, 0xC0, 0x09, 0xC1, 0x08, 0xC2, 0x01, 0x40,
    0x80, 0x40, 0x02, 0x40, 0xC2, 0x40, 0x00, 0x80, 0xC0, 0x03, 0xC4, 0x00, 0x40, 0x04, 0xC4, 0x01, 0x40, 0x04, 0xC3, 0x80, 0xC0, 0x80, 0x02, 0x40,
    0x00, 0x40, 0xC5, 0x02, 0xC0, 0x80, 0x00, 0xC1, 0x80, 0xC1, 0x40, 0x02, 0xC0, 0x80, 0x00, 0xC1, 0x80, 0xC1, 0x03, 0x40, 0x00, 0x40, 0xC1, 0xD5,
    0x80, 0x40, 0xC8, 0x80, 0x00, 0x40, 0xC6, 0x81, 0x00, 0x80, 0xC0, 0x01, 0xC2, 0x40, 0x02, 0x41, 0xC0, 0x03, 0x80, 0x05, 0xC0, 0x09, 0x40, 0xC0,
    0x03, 0x40, 0x03, 0x40, 0xC1, 0x40, 0x00, 0x40, 0x80, 0xC0, 0x03, 0xC3, 0x00, 0x80, 0xC0, 0x40, 0x02, 0x40, 0xC3, 0x40, 0x05, 0x80, 0xC3, 0x40,
    0x00, 0x40, 0x04, 0xC3, 0x80, 0xC1, 0x05, 0xC2, 0x80, 0xC1, 0x02, 0x80, 0xC0, 0x00, 0x80, 0xC1, 0x80, 0xC1, 0x02, 0x80, 0xC0, 0x00, 0x80, 0xC0,
    0x80, 0xC2, 0x05, 0xC1, 0xD6, 0x40, 0xC9, 0x40, 0x01, 0x40, 0xC4, 0x80, 0xC0, 0x00, 0x40, 0x80, 0x01, 0x40, 0x80, 0xC0, 0x80, 0x03, 0x80, 0xC0,
    0x04, 0x40, 0x04, 0xC0, 0x0A, 0xC0, 0x03, 0x40, 0x04, 0x80, 0xC0, 0x80, 0x00, 0x80, 0xC1, 0x03, 0x80, 0xC2, 0x00, 0x40, 0xC0, 0x80, 0x03, 0xC3,
    0x40, 0x06, 0xC3, 0x80, 0x40, 0x80, 0x04, 0x80, 0xC5, 0x05, 0xC2, 0x80, 0xC1, 0x03, 0x40, 0x00, 0x40, 0xC1, 0x80, 0xC1, 0x03, 0x40, 0x00, 0x40,
    0xC1, 0x80, 0xC1, 0x05, 0xC1, 0xD6, 0x80, 0xC9, 0x80, 0x02, 0x80, 0xC5, 0x40, 0x00, 0x80, 0x02, 0x81, 0xC0, 0x03, 0x80, 0xC0, 0x04, 0x40, 0x04,
    0x80, 0x0A, 0xC0, 0x40, 0x02, 0x41, 0x03, 0x80, 0xC0, 0x80, 0x00, 0x40, 0xC1, 0x40, 0x02, 0x40, 0xC2, 0x41, 0xC0, 0x80, 0x03, 0x40, 0xC2, 0x80,
    0x06, 0x40, 0xC3, 0x40, 0x80, 0x04, 0x40, 0xC3, 0x80, 0xC0, 0x05, 0xC3, 0x80, 0xC0, 0x02, 0x40, 0x02, 0xC4, 0x02, 0x80, 0x01, 0x40, 0xC1, 0x80,
    0xC1, 0x05, 0xC1, 0xD6, 0x81, 0xC8, 0x80, 0x02, 0x40, 0xC5, 0x40, 0x00, 0x80, 0x02, 0x40, 0x80, 0xC0, 0x03, 0x80, 0xC0, 0x0A, 0x80, 0x0A, 0xC0,
    0x80, 0x02, 0x41, 0x03, 0x80, 0xC1, 0x00, 0x40, 0xC1, 0x80, 0x03, 0xC2, 0x41, 0xC0, 0x80, 0x04, 0xC2, 0x80, 0x07, 0xC3, 0x40, 0x80, 0x05, 0x80,
    0xC2, 0x80, 0xC0, 0x02, 0x40, 0x01, 0x40, 0xC2, 0x80, 0xC0, 0x02, 0x80, 0xC0, 0x01, 0xC2, 0x80, 0xC0, 0x02, 0x80, 0xC0, 0x01, 0xC2, 0x80, 0xC0,
    0x03, 0x40, 0x00, 0x40, 0x80, 0xD7, 0x81, 0xC7, 0x80, 0x03, 0xC5, 0x40, 0x00, 0x80, 0x02, 0x40, 0x80, 0xC0, 0x03, 0x80, 0xC0, 0x0A, 0x80, 0x0A,
    0xC0, 0x80, 0x03, 0x40, 0x03, 0x80, 0xC1, 0x00, 0x40, 0xC1, 0x40, 0x03, 0xC2, 0x40, 0x00, 0xC0, 0x80, 0x04, 0xC2, 0x80, 0x07, 0xC3, 0x40, 0x80,
    0x05, 0x80, 0xC2, 0x80, 0xC0, 0x02, 0x41, 0x00, 0x40, 0xC2, 0x80, 0xC0, 0x02, 0x80, 0xC0, 0x01, 0xC2, 0x80, 0xC0, 0x02, 0x80, 0xC0, 0x01, 0xC2,
    0x80, 0xC0, 0x03, 0x40, 0x01, 0x80, 0xD7, 0x81, 0xC8, 0x03, 0xC5, 0x80, 0x00, 0x80, 0x02, 0x40, 0x80, 0xC0, 0x03, 0x80, 0xC0, 0x0A, 0x40, 0x0A,
    0x81, 0x03, 0x40, 0x03, 0x40, 0xC1, 0x00, 0x40, 0xC1, 0x40, 0x03, 0xC2, 0x80, 0x00, 0xC1, 0x04, 0xC2, 0x80, 0x07, 0xC3, 0x40, 0x80, 0x05, 0xC3,
    0x80, 0xC0, 0x02, 0x41, 0x00, 0x80, 0xC2, 0x80, 0xC0, 0x02, 0x80, 0xC0, 0x01, 0xC2, 0x80, 0xC0, 0x02, 0x80, 0xC0, 0x01, 0xC2, 0x80, 0xC0, 0x03,
    0x40, 0x01, 0xC0, 0xD7, 0x81, 0xC8, 0x03, 0xC5, 0x80, 0x00, 0x40, 0x02, 0x40, 0x80, 0xC0, 0x03, 0x80, 0xC0, 0x0A, 0x40, 0x0A, 0x81, 0x40, 0x02,
    0x40, 0x03, 0x40, 0xC1, 0x00, 0x40, 0xC1, 0x40, 0x03, 0xC2, 0x80, 0x00, 0xC1, 0x04, 0xC2, 0x80, 0x07, 0xC3, 0x40, 0x80, 0x05, 0xC3, 0x80, 0xC0,
    0x02, 0x40, 0x01, 0x80, 0xC2, 0x80, 0xC0, 0x02, 0x81, 0x01, 0xC2, 0x80, 0xC0, 0x02, 0x80, 0xC0, 0x01, 0xC2, 0x80, 0xC0, 0x03, 0x40, 0x00, 0x40,
    0xC0, 0xD7, 0x81, 0xC8, 0x03, 0xC5, 0x80, 0x00, 0x40, 0x02, 0x40, 0x80, 0xC0, 0x40, 0x02, 0x80, 0xC0, 0x0A, 0x40, 0x0A, 0x81, 0x40, 0x02, 0x40,
    0x03, 0x40, 0xC1, 0x00, 0x40, 0xC1, 0x40, 0x03, 0xC2, 0x80, 0x00, 0xC1, 0x04, 0xC2, 0x80, 0x07, 0xC3, 0x40, 0x80, 0x05, 0xC3, 0x80, 0xC0, 0x05,
    0x80, 0xC2, 0x80, 0xC0, 0x02, 0x80, 0x40, 0x01, 0xC2, 0x80, 0xC0, 0x02, 0x81, 0x01, 0xC4, 0x03, 0x40, 0x00, 0x80, 0xC0, 0xD7, 0x81, 0xC8, 0x03,
    0xC5, 0x80, 0x00, 0x40, 0x02, 0x40, 0x80, 0xC0, 0x40, 0x02, 0x80, 0xC0, 0x04, 0x40, 0x04, 0x40, 0x0A, 0x80, 0xC0, 0x40, 0x02, 0x40, 0x03, 0x40,
    0xC1, 0x00, 0x40, 0xC1, 0x40, 0x03, 0xC2, 0x80, 0x00, 0xC1, 0x04, 0xC2, 0x80, 0x06, 0x40, 0xC3, 0x40, 0x80, 0x04, 0x40, 0xC3, 0x80, 0xC0, 0x05,
    0x80, 0xC2, 0x80, 0xC0, 0x02, 0x40, 0x02, 0xC2, 0x80, 0xC0, 0x02, 0x80, 0x02, 0xC2, 0x80, 0xC0, 0x05, 0x80, 0xC0, 0xD7, 0x81, 0xC8, 0x40, 0x02,
    0xC6, 0x40, 0x03, 0x40, 0x80, 0xC0, 0x40, 0x02, 0x40, 0xC0, 0x04, 0x40, 0x10, 0x40, 0xC0, 0x40, 0x02, 0x40, 0x04, 0xC1, 0x00, 0x40, 0xC1, 0x80,
    0x03, 0xC2, 0x80, 0x00, 0xC1, 0x03, 0x40, 0xC2, 0x80, 0x06, 0x40, 0xC3, 0x40, 0x80, 0x04, 0x40, 0xC3, 0x80, 0xC0, 0x05, 0x80, 0xC2, 0x80, 0xC0,
    0x04, 0x40, 0x00, 0xC2, 0x80, 0xC0, 0x02, 0x40, 0x00, 0x40, 0x00, 0xC2, 0x80, 0xC0, 0x05, 0x80, 0xC0, 0xD7, 0x80, 0x40, 0xC8, 0x80, 0x02, 0xC6,
    0x40, 0x04, 0x40, 0xC0, 0x40, 0x02, 0x40, 0xC0, 0x04, 0x40, 0x10, 0x40, 0xC0, 0x40, 0x02, 0x40, 0x04, 0xC1, 0x01, 0xC1, 0x80, 0x03, 0xC2, 0x80,
    0x00, 0xC1, 0x04, 0xC2, 0x80, 0x06, 0x40, 0xC3, 0x40, 0x80, 0x04, 0x40, 0xC3, 0x80, 0xC0, 0x05, 0x80, 0xC2, 0x80, 0xC0, 0x04, 0x40, 0x00, 0xC2,
    0x80, 0xC0, 0x02, 0x40, 0x00, 0x40, 0x00, 0xC2, 0x80, 0xC0, 0x05, 0x80, 0xC0, 0xD7, 0x80, 0x40, 0xC9, 0x02, 0xC6, 0x80, 0x04, 0x40, 0xC0, 0x80,
    0x03, 0xC0, 0x04, 0x40, 0x11, 0xC0, 0x40, 0x02, 0x40, 0x04, 0x80, 0xC0, 0x01, 0xC1, 0x80, 0x03, 0xC2, 0x80, 0x00, 0xC1, 0x04, 0xC3, 0x06, 0x40,
    0xC3, 0x40, 0x80, 0x04, 0x40, 0xC3, 0x80, 0xC0, 0x05, 0x80, 0xC2, 0x80, 0xC0, 0x04, 0x40, 0x00, 0xC2, 0x80, 0xC0, 0x02, 0x40, 0x00, 0x40, 0x00,
    0xC2, 0x80, 0xC0, 0x05, 0x80, 0xC0, 0xD7, 0x80, 0x40, 0x80, 0xC8, 0x02, 0xC6, 0x80, 0x04, 0x40, 0xC0, 0x80, 0x01, 0x40, 0x00, 0xC0, 0x04, 0x40,
    0x03, 0x40, 0x0C, 0xC0, 0x40, 0x02, 0x40, 0x04, 0x80, 0xC0, 0x40, 0x00, 0xC1, 0x80, 0x03, 0xC2, 0x80, 0x00, 0xC1, 0x40, 0x03, 0xC3, 0x06, 0x40,
    0xC3, 0x40, 0x80, 0x04, 0x40, 0xC3, 0x80, 0xC0, 0x05, 0x80, 0xC2, 0x80, 0xC0, 0x02, 0x40, 0x02, 0xC2, 0x80, 0xC0, 0x02, 0x40, 0x02, 0xC2, 0x80,
    0xC0, 0x05, 0x80, 0xC0, 0xD7, 0x41, 0x80, 0xC8, 0x02, 0x80, 0xC5, 0x80, 0x04, 0x40, 0xC0, 0x80, 0x40, 0x00, 0x40, 0x00, 0xC0, 0x04, 0x40, 0x03,
    0x40, 0x0C, 0xC0, 0x40, 0x01, 0x41, 0x04, 0x80, 0xC0, 0x40, 0x00, 0xC2, 0x03, 0x80, 0xC1, 0x80, 0x00, 0xC1, 0x40, 0x03, 0xC3, 0x06, 0x40, 0xC3,
    0x40, 0x80, 0x04, 0x40, 0xC3, 0x80, 0xC0, 0x05, 0x80, 0xC2, 0x80, 0xC0, 0x02, 0x40, 0x02, 0xC4, 0x02, 0x80, 0x02, 0xC4, 0x02, 0x40, 0x01, 0x80,
    0xC0, 0xD7, 0x40, 0x00, 0x80, 0xC8, 0x02, 0x80, 0xC5, 0x80, 0x04, 0x40, 0xC0, 0x80, 0x40, 0x00, 0x40, 0x00, 0x80, 0x04, 0x40, 0x03, 0x40, 0x0C,
    0xC0, 0x40, 0x00, 0x42, 0x04, 0x80, 0xC0, 0x40, 0x00, 0xC2, 0x03, 0x80, 0xC1, 0x80, 0x00, 0xC1, 0x40, 0x03, 0xC3, 0x07, 0xC3, 0x40, 0x80, 0x04,
    0x40, 0xC3, 0x80, 0xC0, 0x05, 0x80, 0xC2, 0x80, 0xC0, 0x02, 0x80, 0x02, 0xC2, 0x80, 0xC0, 0x02, 0x80, 0x02, 0xC2, 0x80, 0xC0, 0x02, 0x40, 0x01,
    0x80, 0xC0, 0xD7, 0x40, 0x00, 0x40, 0xC8, 0x02, 0x40, 0xC5, 0x80, 0x04, 0x40, 0xC0, 0x80, 0x42, 0x00, 0x80, 0x09, 0x42, 0x0A, 0xC0, 0x40, 0x00,
    0x42, 0x04, 0x80, 0xC0, 0x40, 0x00, 0xC1, 0x80, 0x03, 0x80, 0xC1, 0x80, 0x00, 0xC1, 0x40, 0x03, 0xC3, 0x07, 0xC3, 0x40, 0x80, 0x04, 0x40, 0xC3,
    0x80, 0xC0, 0x05, 0x80, 0xC2, 0x80, 0xC0, 0x02, 0x80, 0x02, 0xC2, 0x80, 0xC0, 0x02, 0xC0, 0x40, 0x01, 0xC2, 0x80, 0xC0, 0x02, 0x41, 0x00, 0x80,
    0xC0, 0xD7, 0x40, 0x00, 0x40, 0xC8, 0x02, 0x40, 0xC6, 0x04, 0x40, 0xC0, 0x80, 0x42, 0x00, 0x80, 0x09, 0x43, 0x09, 0xC0, 0x40, 0x00, 0x42, 0x04,
    0x80, 0xC0, 0x40, 0x00, 0xC1, 0x80, 0x03, 0x80, 0xC1, 0x80, 0x00, 0xC1, 0x40, 0x03, 0xC3, 0x07, 0xC3, 0x40, 0x80, 0x05, 0xC3, 0x80, 0xC0, 0x05,
    0x80, 0xC2, 0x80, 0xC0, 0x02, 0x80, 0x02, 0xC2, 0x80, 0xC0, 0x02, 0xC0, 0x40, 0x01, 0xC2, 0x80, 0xC0, 0x02, 0x41, 0x00, 0x80, 0xC0, 0xD7, 0x40,
    0x00, 0x40, 0xC8, 0x02, 0x40, 0xC6, 0x04, 0x40, 0xC0, 0x80, 0x42, 0x00, 0x80, 0x09, 0x41, 0x80, 0x40, 0x09, 0xC0, 0x40, 0x00, 0x42, 0x04, 0x40,
    0xC0, 0x40, 0x00, 0xC2, 0x03, 0x80, 0xC1, 0x80, 0x00, 0xC1, 0x40, 0x03, 0xC3, 0x07, 0xC3, 0x40, 0x80, 0x05, 0xC3, 0x80, 0xC0, 0x05, 0x80, 0xC2,
    0x80, 0xC0, 0x02, 0x80, 0x02, 0xC2, 0x80, 0xC0, 0x02, 0xC0, 0x40, 0x01, 0xC2, 0x80, 0xC0, 0x02, 0x80, 0x01, 0x80, 0xC0, 0xD7, 0x40, 0x00, 0x40,
    0xC8, 0x02, 0x40, 0xC6, 0x04, 0x40, 0xC0, 0x80, 0x42, 0x00, 0x80, 0x09, 0x41, 0x80, 0x40, 0x09, 0xC0, 0x40, 0x00, 0x42, 0x04, 0x40, 0xC0, 0x40,
    0x00, 0xC2, 0x03, 0x80, 0xC1, 0x80, 0x00, 0xC1, 0x40, 0x03, 0xC3, 0x07, 0xC3, 0x40, 0x80, 0x05, 0xC3, 0x80, 0xC0, 0x05, 0x80, 0xC2, 0x80, 0xC0,
    0x02, 0x80, 0x02, 0xC2, 0x80, 0xC0, 0x02, 0xC0, 0x40, 0x01, 0xC2, 0x80, 0xC0, 0x02, 0x80, 0x01, 0x80, 0xC0, 0xD7, 0x40, 0x00, 0x40, 0xC8, 0x02,
    0x40, 0xC6, 0x40, 0x03, 0x40, 0xC1, 0x42, 0x00, 0x80, 0x09, 0x41, 0x80, 0x40, 0x09, 0xC0, 0x40, 0x00, 0x42, 0x04, 0x40, 0xC0, 0x40, 0x00, 0xC2,
    0x03, 0x40, 0xC1, 0x80, 0x00, 0xC1, 0x40, 0x03, 0xC3, 0x07, 0xC3, 0x40, 0x80, 0x05, 0xC3, 0x80, 0xC0, 0x05, 0x80, 0xC2, 0x80, 0xC0, 0x02, 0x80,
    0x02, 0xC2, 0x80, 0xC0, 0x02, 0xC0, 0x40, 0x01, 0xC2, 0x80, 0xC0, 0x02, 0x80, 0x01, 0x80, 0xC0, 0xD7, 0x40, 0x00, 0x40, 0xC8, 0x02, 0x40, 0xC6,
    0x40, 0x03, 0x40, 0xC1, 0x42, 0x00, 0x40, 0x09, 0x41, 0x80, 0x40, 0x09, 0xC0, 0x40, 0x00, 0x42, 0x04, 0x40, 0xC0, 0x40, 0x00, 0xC2, 0x03, 0x40,
    0xC1, 0x80, 0x00, 0xC1, 0x40, 0x03, 0xC3, 0x00, 0x40, 0x05, 0xC3, 0x40, 0x80, 0x05, 0xC3, 0x80, 0xC0, 0x05, 0xC3, 0x80, 0xC0, 0x02, 0x80, 0x02,
    0xC2, 0x80, 0xC0, 0x02, 0xC0, 0x02, 0x80, 0xC1, 0x80, 0xC0, 0x02, 0x80, 0x01, 0x40, 0xC0, 0xD7, 0x80, 0x00, 0x40, 0xC8, 0x02, 0x40, 0xC6, 0x40,
    0x03, 0x40, 0xC1, 0x40, 0x80, 0x40, 0x00, 0x40, 0x09, 0x40, 0x81, 0x40, 0x09, 0xC0, 0x40, 0x00, 0x40, 0x00, 0x40, 0x05, 0xC0, 0x40, 0x00, 0xC2,
    0x03, 0x40, 0xC1, 0x80, 0x00, 0xC1, 0x40, 0x03, 0xC3, 0x00, 0x40, 0x05, 0xC3, 0x41, 0x05, 0xC3, 0x80, 0xC0, 0x05, 0xC3, 0x80, 0xC0, 0x02, 0x80,
    0x02, 0xC2, 0x80, 0xC0, 0x02, 0xC0, 0x02, 0x80, 0xC1, 0x80, 0xC0, 0x02, 0x80, 0x01, 0x40, 0xC0, 0xD7, 0x80, 0x00, 0x40, 0xC8, 0x02, 0x40, 0xC6,
    0x80, 0x03, 0x40, 0xC1, 0x82, 0x40, 0x06, 0x40, 0x03, 0x81, 0x0A, 0xC0, 0x80, 0x02, 0x40, 0x05, 0xC0, 0x40, 0x00, 0xC2, 0x04, 0x80, 0xC0, 0x80,
    0x00, 0xC1, 0x80, 0x03, 0xC3, 0x00, 0x40, 0x05, 0xC3, 0x00, 0x40, 0x05, 0xC3, 0x80, 0xC0, 0x05, 0xC3, 0x80, 0xC0, 0x02, 0x80, 0x02, 0xC2, 0x80,
    0xC0, 0x02, 0xC0, 0x02, 0x80, 0xC1, 0x80, 0xC0, 0x02, 0x80, 0x01, 0x40, 0xC0, 0xD7, 0x80, 0x00, 0x40, 0xC8, 0x02, 0x40, 0xC6, 0x80, 0x03, 0x40,
    0xC1, 0x82, 0x40, 0x06, 0x40, 0x03, 0x81, 0x0A, 0xC0, 0x80, 0x02, 0x40, 0x05, 0xC0, 0x40, 0x00, 0xC2, 0x04, 0x80, 0xC0, 0x80, 0x00, 0xC1, 0x80,
    0x03, 0xC3, 0x00, 0x40, 0x05, 0xC3, 0x00, 0x40, 0x05, 0xC3, 0x80, 0xC0, 0x05, 0xC3, 0x80, 0xC0, 0x02, 0x80, 0x02, 0xC2, 0x80, 0xC0, 0x02, 0xC0,
    0x02, 0x80, 0xC1, 0x80, 0xC0, 0x02, 0x80, 0x01, 0x40, 0xC0, 0xD7, 0x80, 0x00, 0x40, 0xC8, 0x03, 0xC7, 0x03, 0x40, 0xC1, 0x82, 0x40, 0x06, 0x40,
    0x03, 0x81, 0x40, 0x09, 0xC0, 0x40, 0x02, 0x40, 0x05, 0xC0, 0x40, 0x00, 0xC2, 0x04, 0x80, 0xC0, 0x80, 0x00, 0xC1, 0x80, 0x03, 0x80, 0xC2, 0x00,
    0x40, 0x05, 0xC3, 0x00, 0x40, 0x05, 0xC3, 0x80, 0xC0, 0x05, 0xC3, 0x80, 0xC0, 0x02, 0x80, 0x02, 0xC2, 0x80, 0xC0, 0x02, 0xC0, 0x02, 0x80, 0xC1,
    0x80, 0xC0, 0x02, 0x80, 0x01, 0x40, 0xC0, 0xD7, 0x80, 0x01, 0xC8, 0x03, 0xC7, 0x03, 0x40, 0xC1, 0x82, 0x40, 0x06, 0x40, 0x03, 0x80, 0xC0, 0x40,
    0x09, 0xC0, 0x40, 0x02, 0x40, 0x05, 0xC0, 0x40, 0x00, 0xC2, 0x04, 0x80, 0xC0, 0x80, 0x00, 0xC1, 0x80, 0x03, 0x80, 0xC2, 0x00, 0x40, 0x05, 0xC3,
    0x00, 0x40, 0x05, 0xC3, 0x80, 0xC0, 0x05, 0xC3, 0x80, 0xC0, 0x02, 0x80, 0x02, 0xC2, 0x80, 0xC0, 0x02, 0xC0, 0x02, 0x80, 0xC1, 0x80, 0xC0, 0x02,
    0x80, 0x02, 0xC0, 0xD7, 0x80, 0x01, 0x80, 0xC7, 0x03, 0xC7, 0x03, 0x40, 0xC1, 0x82, 0x40, 0x06, 0x40, 0x03, 0x80, 0xC0, 0x80, 0x09, 0xC0, 0x40,
    0x02, 0x40, 0x05, 0xC0, 0x40, 0x00, 0xC2, 0x04, 0x40, 0xC1, 0x00, 0xC1, 0x80, 0x03, 0x80, 0xC2, 0x00, 0x40, 0x05, 0xC3, 0x41, 0x05, 0xC3, 0x80,
    0xC0, 0x05, 0xC3, 0x80, 0xC0, 0x02, 0x80, 0x02, 0xC2, 0x80, 0xC0, 0x02, 0xC0, 0x02, 0x80, 0xC1, 0x80, 0xC0, 0x02, 0xC0, 0x02, 0xC0, 0xD7, 0x80,
    0x01, 0x80, 0xC7, 0x03, 0xC7, 0x03, 0x40, 0x80, 0xC0, 0x83, 0x06, 0x40, 0x03, 0x80, 0xC0, 0x80, 0x09, 0xC0, 0x40, 0x00, 0x40, 0x00, 0x40, 0x05,
    0xC0, 0x40, 0x00, 0xC2, 0x04, 0x40, 0xC1, 0x00, 0xC1, 0x80, 0x03, 0x80, 0xC2, 0x00, 0x40, 0x05, 0xC3, 0x41, 0x05, 0xC3, 0x80, 0xC0, 0x05, 0xC3,
    0x81, 0x02, 0x80, 0x01, 0x40, 0xC2, 0x80, 0xC0, 0x02, 0xC0, 0x40, 0x01, 0xC2, 0x80, 0xC0, 0x02, 0xC0, 0x02, 0xC0, 0xD7, 0x80, 0x01, 0x40, 0xC7,
    0x03, 0xC7, 0x03, 0x40, 0x80, 0xC0, 0x80, 0xC0, 0x81, 0x06, 0x40, 0x03, 0x80, 0xC0, 0x80, 0x09, 0xC0, 0x40, 0x00, 0x40, 0x00, 0x40, 0x05, 0xC0,
    0x80, 0x00, 0xC2, 0x04, 0x40, 0xC1, 0x00, 0xC2, 0x03, 0x80, 0xC2, 0x00, 0x40, 0x05, 0xC3, 0x41, 0x05, 0xC3, 0x80, 0xC0, 0x05, 0xC3, 0x81, 0x02,
    0x80, 0x01, 0x40, 0xC2, 0x80, 0xC0, 0x02, 0xC0, 0x40, 0x01, 0xC2, 0x80, 0xC0, 0x02, 0xC0, 0x02, 0xC0, 0xD7, 0x80, 0x01, 0x80, 0xC7, 0x03, 0xC7,
    0x03, 0x40, 0xC3, 0x81, 0x06, 0x80, 0x03, 0x80, 0xC0, 0x80, 0x09, 0xC0, 0x40, 0x00, 0x40, 0x00, 0x40, 0x05, 0xC0, 0x80, 0x00, 0xC2, 0x04, 0x40,
    0xC1, 0x00, 0xC2, 0x03, 0x80, 0xC2, 0x00, 0x40, 0x05, 0xC3, 0x41, 0x05, 0xC3, 0x80, 0xC0, 0x05, 0xC3, 0x81, 0x02, 0x80, 0x01, 0x40, 0xC2, 0x81,
    0x02, 0xC0, 0x40, 0x01, 0xC2, 0x80, 0xC0, 0x02, 0xC0, 0x40, 0x01, 0xC0, 0xD8, 0x01, 0x80, 0xC7, 0x03, 0xC7, 0x03, 0x40, 0xC4, 0x80, 0x06, 0x80,
    0x03, 0x80, 0xC0, 0x80, 0x03, 0x40, 0x04, 0xC0, 0x40, 0x02, 0x40, 0x05, 0xC0, 0x80, 0x00, 0xC2, 0x05, 0xC1, 0x00, 0xC2, 0x03, 0x40, 0xC2, 0x00,
    0x40, 0x05, 0xC3, 0x41, 0x05, 0xC3, 0x80, 0xC0, 0x05, 0xC3, 0x81, 0x02, 0x40, 0x01, 0x40, 0xC2, 0x81, 0x02, 0xC0, 0x40, 0x01, 0xC2, 0x80, 0xC0,
    0x02, 0xC0, 0x40, 0x01, 0xC0, 0xD8, 0x01, 0x80, 0xC7, 0x03, 0xC7, 0x03, 0x40, 0xC5, 0x40, 0x05, 0x80, 0x03, 0x40, 0xC0, 0x80, 0x03, 0x40, 0x04,
    0xC0, 0x40, 0x09, 0xC0, 0x80, 0x00, 0xC2, 0x05, 0xC1, 0x00, 0xC2, 0x03, 0x40, 0xC2, 0x00, 0x41, 0x04, 0x80, 0xC2, 0x00, 0x40, 0x05, 0xC3, 0x80,
    0xC0, 0x05, 0xC3, 0x81, 0x02, 0x40, 0x01, 0x80, 0xC2, 0x81, 0x02, 0xC0, 0x40, 0x01, 0xC2, 0x80, 0xC0, 0x02, 0xC0, 0x40, 0x01, 0xC0, 0xD8, 0x01,
    0x80, 0xC7, 0x03, 0xC7, 0x03, 0x40, 0xC5, 0x40, 0x05, 0x80, 0x03, 0x40, 0xC0, 0x80, 0x03, 0x40, 0x04, 0xC0, 0x40, 0x09, 0xC0, 0x80, 0x00, 0xC2,
    0x05, 0xC1, 0x00, 0xC2, 0x03, 0x40, 0xC2, 0x00, 0x41, 0x04, 0x80, 0xC2, 0x41, 0x05, 0xC3, 0x80, 0xC0, 0x05, 0xC3, 0x81, 0x02, 0x40, 0x01, 0x80,
    0xC2, 0x81, 0x02, 0xC0, 0x40, 0x01, 0xC2, 0x80, 0xC0, 0x02, 0xC0, 0x40, 0x01, 0xC0, 0xD8, 0x01, 0x80, 0xC7, 0x03, 0xC7, 0x03, 0x40, 0xC5, 0x80,
    0x05, 0xC0, 0x04, 0xC0, 0x40, 0x03, 0x40, 0x03, 0x40, 0xC0, 0x40, 0x09, 0xC0, 0x80, 0x00, 0xC2, 0x05, 0xC1, 0x00, 0xC2, 0x03, 0x40, 0xC2, 0x00,
    0x41, 0x04, 0x80, 0xC2, 0x41, 0x05, 0xC3, 0x80, 0xC0, 0x05, 0xC3, 0x81, 0x02, 0x40, 0x01, 0x80, 0xC2, 0x81, 0x02, 0xC0, 0x40, 0x01, 0xC2, 0x81,
    0x02, 0xC0, 0x40, 0x01, 0xC0, 0xD8, 0x01, 0x80, 0xC7, 0x03, 0xC7, 0x03, 0x40, 0xC5, 0x80, 0x05, 0xC0, 0x04, 0xC0, 0x80, 0x03, 0x40, 0x03, 0x40,
    0xC0, 0x40, 0x09, 0xC0, 0x80, 0x00, 0xC2, 0x05, 0xC1, 0x00, 0xC2, 0x04, 0x80, 0xC1, 0x00, 0x41, 0x04, 0x80, 0xC2, 0x41, 0x05, 0xC3, 0x80, 0xC0,
    0x05, 0xC3, 0x81, 0x02, 0x40, 0x01, 0x80, 0xC2, 0x81, 0x02, 0xC0, 0x40, 0x01, 0xC2, 0x81, 0x02, 0xC0, 0x40, 0x01, 0xC0, 0xD8, 0x01, 0x80, 0xC7,
    0x03, 0xC7, 0x03, 0x40, 0xC5, 0x80, 0x05, 0xC0, 0x04, 0xC0, 0x80, 0x03, 0x40, 0x03, 0x40, 0xC0, 0x40, 0x09, 0xC0, 0x80, 0x00, 0xC2, 0x05, 0xC1,
    0x00, 0xC2, 0x04, 0x80, 0xC1, 0x00, 0x41, 0x04, 0x80, 0xC2, 0x41, 0x05, 0xC3, 0x80, 0xC0, 0x05, 0xC3, 0x81, 0x02, 0x40, 0x01, 0x80, 0xC2, 0x81,
    0x02, 0xC0, 0x40, 0x01, 0xC2, 0x81, 0x02, 0xC0, 0x80, 0x01, 0xC0, 0xD8, 0x01, 0x40, 0xC7, 0x03, 0xC7, 0x03, 0x40, 0xC5, 0x80, 0x05, 0xC0, 0x04,
    0xC0, 0x80, 0x03, 0x40, 0x03, 0x40, 0xC0, 0x40, 0x09, 0xC0, 0x80, 0x00, 0xC2, 0x05, 0xC1, 0x00, 0xC2, 0x04, 0x80, 0xC1, 0x00, 0x41, 0x04, 0x80,
    0xC2, 0x41, 0x05, 0xC3, 0x80, 0xC0, 0x05, 0xC3, 0x81, 0x02, 0x40, 0x01, 0x80, 0xC2, 0x81, 0x02, 0xC0, 0x40, 0x01, 0xC2, 0x81, 0x02, 0xC0, 0x80,
    0x01, 0xC0, 0xD8, 0x01, 0x40, 0xC7, 0x03, 0xC7, 0x03, 0x40, 0xC5, 0x80, 0x05, 0xC0, 0x04, 0xC0, 0x80, 0x03, 0x40, 0x03, 0x40, 0xC0, 0x40, 0x09,
    0xC0, 0x40, 0x00, 0xC2, 0x05, 0xC1, 0x00, 0xC2, 0x04, 0x80, 0xC1, 0x00, 0x41, 0x04, 0x80, 0xC2, 0x00, 0x40, 0x05, 0xC3, 0x80, 0xC0, 0x05, 0xC3,
    0x81, 0x02, 0x40, 0x01, 0xC3, 0x81, 0x02, 0xC0, 0x40, 0x01, 0xC2, 0x81, 0x02, 0xC0, 0x80, 0x01, 0xC0, 0xD7, 0x80, 0x01, 0x40, 0xC7, 0x03, 0xC7,
    0x04, 0x80, 0xC5, 0x40, 0x04, 0xC0, 0x04, 0xC0, 0x80, 0x03, 0x80, 0x03, 0x40, 0xC0, 0x01, 0x40, 0x00, 0x40, 0x05, 0xC0, 0x80, 0x00, 0xC2, 0x05,
    0xC1, 0x00, 0xC2, 0x04, 0x80, 0xC1, 0x00, 0x41, 0x04, 0x80, 0xC2, 0x41, 0x05, 0xC3, 0x80, 0xC0, 0x05, 0xC3, 0x81, 0x02, 0x40, 0x01, 0xC3, 0x81,
    0x02, 0xC0, 0x40, 0x01, 0xC2, 0x81, 0x02, 0xC0, 0x80, 0x01, 0xC0, 0xCC, 0x81, 0xC8, 0x40, 0x02, 0xC7, 0x03, 0xC7, 0x04, 0x40, 0xC5, 0x80, 0x04,
    0xC0, 0x04, 0xC0, 0x80, 0x03, 0x80, 0x03, 0x40, 0xC0, 0x01, 0x80, 0x40, 0x80, 0x05, 0xC0, 0x80, 0x00, 0xC2, 0x05, 0xC1, 0x00, 0xC2, 0x04, 0x40,
    0xC1, 0x07, 0x40, 0xC2, 0x40, 0x80, 0x05, 0x80, 0xC2, 0x80, 0xC0, 0x05, 0xC3, 0x80, 0xC0, 0x05, 0xC3, 0x80, 0xC0, 0x02, 0xC0, 0x40, 0x00, 0x40,
    0xC2, 0x80, 0xC0, 0x02, 0xC0, 0x80, 0x01, 0xC0, 0xCB, 0x80, 0x01, 0x80, 0xC7, 0x03, 0xC7, 0x03, 0x80, 0xC6, 0x05, 0xC6, 0x40, 0x03, 0xC0, 0x40,
    0x03, 0xC0, 0x04, 0xC0, 0x03, 0x40, 0xC0, 0x00, 0x40, 0xC2, 0x40, 0x04, 0xC0, 0x80, 0x00, 0xC2, 0x40, 0x04, 0xC1, 0x00, 0x80, 0xC1, 0x04, 0x40,
    0xC1, 0x07, 0x40, 0xC2, 0x80, 0xC0, 0x40, 0x04, 0x80, 0xC2, 0x80, 0xC0, 0x05, 0xC3, 0x80, 0xC0, 0x05, 0xC3, 0x80, 0xC0, 0x02, 0xC0, 0x40, 0x00,
    0x40, 0xC2, 0x80, 0xC0, 0x02, 0xC0, 0x40, 0x01, 0xC0, 0xC0, 0x81, 0xC8, 0x40, 0x01, 0x40, 0xC7, 0x03, 0xC7, 0x04, 0x80, 0xC5, 0x40, 0x04, 0xC6,
    0x40, 0x03, 0xC0, 0x80, 0x03, 0x80, 0x00, 0x43, 0xC0, 0x04, 0xC0, 0x40, 0x00, 0xC2, 0x40, 0x04, 0xC0, 0x80, 0x00, 0xC2, 0x40, 0x04, 0xC0, 0x80,
    0x00, 0x40, 0x81, 0x40, 0x04, 0xC1, 0x80, 0x40, 0x06, 0xC2, 0x80, 0xC0, 0x80, 0x04, 0x80, 0xC2, 0x80, 0xC0, 0x05, 0x80, 0xC2, 0x80, 0xC0, 0x05,
    0xC3, 0x80, 0xC0, 0x02, 0x80, 0x40, 0x00, 0x40, 0xC2, 0x80, 0xC0, 0x02, 0x80, 0x40, 0x01, 0xC0, 0xC0, 0x80, 0x40, 0xC8, 0x40, 0x02, 0xC7, 0x03,
    0x80, 0xC6, 0x04, 0x80, 0xC5, 0x80, 0x04, 0xC6, 0x40, 0x03, 0xC0, 0x80, 0x02, 0x40, 0xC0, 0x00, 0x40, 0x80, 0x40, 0x80, 0xC0, 0x04, 0xC0, 0x40,
    0x00, 0xC2, 0x80, 0x04, 0xC0, 0x80, 0x00, 0x80, 0xC1, 0x80, 0x04, 0xC0, 0x80, 0x40, 0x00, 0x42, 0x04, 0xC0, 0x80, 0xC0, 0x80, 0x40, 0x05, 0xC1,
    0x80, 0xC2, 0x04, 0x40, 0xC4, 0x40, 0x04, 0x80, 0xC2, 0x80, 0xC0, 0x05, 0x80, 0xC2, 0x80, 0xC0, 0x02, 0x41, 0x00, 0x80, 0xC2, 0x80, 0xC0, 0x02,
    0x81, 0x01, 0xC0, 0xC0, 0x80, 0x40, 0x80, 0xC7, 0x80, 0x02, 0x80, 0xC6, 0x03, 0x40, 0xC6, 0x04, 0x80, 0xC6, 0x40, 0x03, 0xC6, 0x04, 0xC1, 0x02,
    0x40, 0xC0, 0x00, 0x40, 0x80, 0x41, 0xC0, 0x40, 0x03, 0xC0, 0x80, 0x00, 0xC2, 0x80, 0x04, 0xC0, 0x80, 0x00, 0x80, 0xC1, 0x80, 0x04, 0xC0, 0x81,
    0x01, 0x41, 0x04, 0xC0, 0x80, 0xC1, 0x80, 0x05, 0xC1, 0x80, 0xC2, 0x04, 0x40, 0xC1, 0x80, 0xC1, 0x40, 0x04, 0x40, 0xC1, 0x80, 0xC1, 0x40, 0x04,
    0x80, 0xC2, 0x80, 0xC0, 0x40, 0x01, 0x40, 0x80, 0x00, 0x80, 0xC2, 0x80, 0xC0, 0x40, 0x01, 0x40, 0x80, 0x01, 0xC0, 0xC0, 0x40, 0x01, 0x80, 0xC6,
    0x80, 0x03, 0xC6, 0x80, 0x03, 0xC7, 0x04, 0xC6, 0x80, 0x03, 0x80, 0xC3, 0x80, 0xC0, 0x04, 0xC0, 0x80, 0x02, 0x40, 0xC0, 0x80, 0x00, 0xC3, 0x40,
    0x03, 0xC0, 0x80, 0x00, 0x80, 0xC1, 0x80, 0x04, 0xC0, 0x80, 0x40, 0x00, 0xC1, 0x80, 0x04, 0xC0, 0x80, 0xC0, 0x02, 0x40, 0x04, 0xC0, 0x80, 0xC2,
    0x40, 0x04, 0xC1, 0x80, 0xC2, 0x05, 0xC1, 0x80, 0xC1, 0x80, 0x04, 0x40, 0xC1, 0x40, 0xC1, 0x40, 0x04, 0x40, 0xC1, 0x40, 0xC1, 0x40, 0x02, 0x40,
    0x00, 0x40, 0xC1, 0x80, 0xC1, 0x40, 0x01, 0x40, 0xC0, 0x00, 0x40, 0xC0, 0xC0, 0x03, 0x80, 0xC6, 0x03, 0x80, 0xC6, 0x40, 0x03, 0xC7, 0x03, 0x40,
    0xC5, 0x40, 0x03, 0x40, 0xC3, 0x40, 0xC0, 0x80, 0x00, 0xC0, 0x83, 0x02, 0x40, 0xC1, 0x00, 0x80, 0xC2, 0x40, 0x03, 0xC1, 0x01, 0xC1, 0x80, 0x04,
    0xC0, 0x81, 0x01, 0x81, 0x04, 0xC0, 0x80, 0xC1, 0x40, 0x06, 0xC0, 0x80, 0xC2, 0x80, 0x04, 0x80, 0xC0, 0x80, 0xC2, 0x04, 0x40, 0xC1, 0x80, 0xC1,
    0x80, 0x04, 0x40, 0xC1, 0x80, 0xC1, 0x40, 0x04, 0x40, 0xC1, 0x80, 0xC1, 0x40, 0x02, 0x40, 0x00, 0x40, 0xC1, 0x40, 0xC1, 0x80, 0x02, 0xC0, 0x00,
    0x40, 0xC0, 0xC0, 0x40, 0x02, 0x40, 0xC6, 0x40, 0x02, 0x40, 0xC7, 0x03, 0x40, 0xC6, 0x40, 0x03, 0xC5, 0x80, 0x00, 0x40, 0x01, 0x40, 0xC3, 0x40,
    0xC1, 0x00, 0x80, 0xC1, 0x80, 0x40, 0x02, 0x80, 0xC1, 0x00, 0x40, 0xC2, 0x04, 0xC1, 0x01, 0xC1, 0x40, 0x04, 0xC1, 0x80, 0x40, 0x00, 0x80, 0x40,
    0x04, 0xC3, 0x80, 0x06, 0xC0, 0x80, 0xC2, 0x80, 0x04, 0x40, 0xC0, 0x80, 0xC2, 0x04, 0x40, 0xC1, 0x80, 0xC1, 0x80, 0x04, 0x40, 0xC0, 0x80, 0xC2,
    0x80, 0x04, 0x40, 0xC0, 0x80, 0xC2, 0x80, 0x05, 0xC0, 0x40, 0xC2, 0x80, 0x02, 0x80, 0x01, 0xC0, 0xC0, 0x80, 0x03, 0xC6, 0x80, 0x03, 0xC7, 0x40,
    0x02, 0x40, 0xC6, 0x04, 0xC6, 0x00, 0x40, 0x01, 0x40, 0xC3, 0x40, 0xC1, 0x00, 0x80, 0xC1, 0x80, 0x40, 0x00, 0x40, 0x00, 0x40, 0xC1, 0x41, 0xC1,
    0x80, 0x03, 0x40, 0xC1, 0x40, 0x00, 0xC1, 0x05, 0xC1, 0x80, 0x01, 0x80, 0x05, 0xC1, 0x80, 0xC0, 0x80, 0x06, 0xC1, 0x80, 0xC1, 0x80, 0x04, 0xC2,
    0x80, 0xC1, 0x04, 0x80, 0xC1, 0x80, 0xC1, 0x80, 0x04, 0x80, 0xC1, 0x80, 0xC1, 0x80, 0x04, 0x40, 0xC0, 0x80, 0xC2, 0x80, 0x05, 0xC0, 0x80, 0xC2,
    0x80, 0x05, 0xC0, 0xC0, 0x80, 0x03, 0xC7, 0x03, 0xC7, 0x80, 0x03, 0xC6, 0x04, 0xC6, 0x00, 0x40, 0x01, 0x40, 0xC3, 0x40, 0xC1, 0x00, 0x80, 0xC1,
    0x80, 0x01, 0x40, 0x00, 0x40, 0xC1, 0x41, 0xC1, 0x40, 0x03, 0x40, 0xC1, 0x40, 0x00, 0xC1, 0x05, 0xC1, 0x80, 0x40, 0x00, 0x80, 0x05, 0xC1, 0x80,
    0xC0, 0x80, 0x05, 0x40, 0xC1, 0x80, 0xC1, 0x40, 0x04, 0xC2, 0x80, 0xC1, 0x04, 0xC3, 0x80, 0xC0, 0x40, 0x04, 0x80, 0xC1, 0x80, 0xC1, 0x05, 0x40,
    0xC1, 0x80, 0xC1, 0x05, 0x40, 0xC0, 0x80, 0xC2, 0x80, 0x05, 0xC0, 0xC1, 0x03, 0xC7, 0x03, 0xC7, 0x80, 0x03, 0xC6, 0x04, 0xC6, 0x00, 0x40, 0x01,
    0x40, 0xC3, 0x40, 0xC1, 0x00, 0x40, 0xC1, 0x80, 0x01, 0x40, 0x00, 0x40, 0xC1, 0x41, 0xC1, 0x40, 0x03, 0x40, 0xC1, 0x40, 0x00, 0xC1, 0x05, 0xC1,
    0x80, 0x40, 0x00, 0x80, 0x04, 0x40, 0xC1, 0x80, 0xC0, 0x80, 0x05, 0x40, 0xC1, 0x80, 0xC1, 0x05, 0xC2, 0x80, 0xC0, 0x05, 0xC3, 0x81, 0x05, 0xC3,
    0x41, 0x05, 0xC3, 0x80, 0x40, 0x05, 0x80, 0xC0, 0x80, 0x40, 0xC0, 0x81, 0x04, 0x80, 0xC0, 0xC1, 0x03, 0xC7, 0x03, 0xC7, 0x80, 0x03, 0xC6, 0x04,
    0xC6, 0x00, 0x40, 0x02, 0xC3, 0x40, 0xC1, 0x00, 0x80, 0xC1, 0x80, 0x01, 0x40, 0x00, 0x40, 0xC1, 0x41, 0xC1, 0x40, 0x03, 0x40, 0xC1, 0x40, 0x00,
    0xC1, 0x05, 0xC1, 0x80, 0x40, 0x00, 0x80, 0x04, 0x40, 0xC1, 0x80, 0xC0, 0x80, 0x05, 0x40, 0xC1, 0x80, 0xC1, 0x05, 0xC2, 0x80, 0xC0, 0x05, 0xC3,
    0x80, 0x06, 0xC3, 0x80, 0x06, 0xC3, 0x40, 0x00, 0x80, 0x04, 0xC2, 0x80, 0x00, 0xC1, 0x04, 0xC1, 0xC1, 0x03, 0x80, 0xC6, 0x03, 0xC7, 0x80, 0x03,
    0xC6, 0x04, 0xC6, 0x00, 0x40, 0x02, 0xC3, 0x40, 0xC1, 0x00, 0x80, 0xC1, 0x80, 0x01, 0x40, 0x00, 0x40, 0xC1, 0x41, 0xC1, 0x40, 0x03, 0x40, 0xC1,
    0x40, 0x00, 0xC1, 0x05, 0xC1, 0x80, 0x01, 0x80, 0x05, 0xC1, 0x80, 0xC0, 0x40, 0x05, 0x40, 0xC1, 0x80, 0xC1, 0x05, 0xC2, 0x80, 0xC0, 0x05, 0xC3,
    0x80, 0x40, 0x04, 0x40, 0xC3, 0x80, 0x05, 0x40, 0xC3, 0x41, 0x80, 0x03, 0x40, 0xC3, 0x40, 0x80, 0xC0, 0x03, 0x40, 0xC1, 0xC1, 0x03, 0x80, 0xC6,
    0x03, 0x80, 0xC6, 0x80, 0x02, 0x40, 0xC6, 0x40, 0x03, 0xC6, 0x00, 0x40, 0x02, 0xC3, 0x40, 0xC1, 0x00, 0x80, 0xC0, 0x81, 0x01, 0x40, 0x00, 0x40,
    0xC1, 0x41, 0xC1, 0x40, 0x03, 0x40, 0xC1, 0x41, 0xC1, 0x05, 0xC1, 0x40, 0x01, 0x80, 0x05, 0xC1, 0x80, 0xC0, 0x40, 0x05, 0x40, 0xC1, 0x80, 0xC1,
    0x05, 0xC2, 0x80, 0xC0, 0x80, 0x04, 0xC3, 0x80, 0xC0, 0x04, 0x40, 0xC3, 0x80, 0x05, 0x40, 0xC3, 0x80, 0x05, 0x80, 0xC3, 0x40, 0x81, 0x03, 0x80,
    0xC1, 0xC1, 0x03, 0x80, 0xC6, 0x03, 0x80, 0xC6, 0x80, 0x02, 0x40, 0xC6, 0x40, 0x03, 0xC6, 0x00, 0x40, 0x02, 0xC3, 0x40, 0xC1, 0x00, 0x80, 0xC0,
    0x80, 0x40, 0x01, 0x40, 0x00, 0x40, 0xC1, 0x41, 0xC1, 0x40, 0x03, 0x80, 0xC1, 0x41, 0xC1, 0x05, 0xC1, 0x40, 0x01, 0x80, 0x04, 0x40, 0xC1, 0x80,
    0xC0, 0x40, 0x05, 0x40, 0xC1, 0x80, 0xC1, 0x40, 0x04, 0xC2, 0x80, 0xC1, 0x04, 0xC3, 0x80, 0xC0, 0x40, 0x03, 0x40, 0xC3, 0x80, 0xC0, 0x04, 0x80,
    0xC3, 0x80, 0x40, 0x04, 0x80, 0xC3, 0x80, 0x41, 0x03, 0x80, 0xC1, 0xC1, 0x03, 0x80, 0xC6, 0x03, 0x80, 0xC6, 0x80, 0x02, 0x40, 0xC6, 0x40, 0x03,
    0xC6, 0x04, 0xC3, 0x40, 0xC1, 0x00, 0x80, 0xC0, 0x80, 0x40, 0x01, 0x40, 0x00, 0x40, 0xC1, 0x41, 0xC1, 0x40, 0x03, 0x80, 0xC1, 0x41, 0xC0, 0x80,
    0x05, 0xC1, 0x40, 0x01, 0x80, 0x04, 0x40, 0xC1, 0x80, 0xC0, 0x40, 0x05, 0x40, 0xC1, 0x80, 0xC1, 0x05, 0xC2, 0x80, 0xC1, 0x04, 0xC3, 0x80, 0xC0,
    0x80, 0x03, 0x40, 0xC3, 0x80, 0xC0, 0x40, 0x03, 0x40, 0xC3, 0x80, 0xC0, 0x40, 0x03, 0x40, 0xC3, 0x80, 0xC0, 0x80, 0x03, 0x40, 0xC1, 0xC1, 0x03,
    0x80, 0xC6, 0x03, 0x80, 0xC6, 0x80, 0x02, 0x40, 0xC6, 0x40, 0x03, 0xC6, 0x04, 0xC3, 0x40, 0xC1, 0x00, 0x80, 0xC0, 0x80, 0x40, 0x01, 0x40, 0x00,
    0x40, 0xC1, 0x41, 0xC1, 0x40, 0x03, 0x80, 0xC1, 0x41, 0xC0, 0x80, 0x05, 0xC1, 0x40, 0x01, 0x80, 0x04, 0x40, 0xC1, 0x80, 0xC0, 0x40, 0x05, 0x40,
    0xC1, 0x80, 0xC1, 0x05, 0xC2, 0x80, 0xC1, 0x04, 0xC3, 0x80, 0xC0, 0x40, 0x03, 0x40, 0xC3, 0x80, 0xC0, 0x04, 0x40, 0xC3, 0x80, 0xC0, 0x04, 0x40,
    0xC5, 0x80, 0x03, 0x40, 0xC1, 0xC1, 0x03, 0x40, 0xC6, 0x40, 0x02, 0x80, 0xC7, 0x03, 0xC6, 0x40, 0x03, 0x80, 0xC5, 0x00, 0x40, 0x02, 0xC3, 0x40,
    0xC1, 0x00, 0x40, 0xC0, 0x80, 0x40, 0x01, 0x40, 0x00, 0x40, 0xC1, 0x41, 0xC1, 0x40, 0x03, 0x80, 0xC1, 0x41, 0xC0, 0x80, 0x05, 0xC1, 0x80, 0x01,
    0x80, 0x04, 0x40, 0xC1, 0x80, 0xC0, 0x40, 0x05, 0x40, 0xC1, 0x80, 0xC1, 0x05, 0xC2, 0x80, 0xC0, 0x80, 0x04, 0xC3, 0x80, 0xC0, 0x04, 0x40, 0xC3,
    0x80, 0xC0, 0x05, 0xC3, 0x80, 0xC0, 0x05, 0xC3, 0x80, 0xC0, 0x40, 0x04, 0xC1, 0xC1, 0x40, 0x03, 0xC6, 0x80, 0x02, 0x40, 0xC7, 0x40, 0x02, 0xC6,
    0x04, 0x80, 0xC5, 0x00, 0x40, 0x02, 0xC3, 0x40, 0xC1, 0x41, 0xC0, 0x80, 0x40, 0x01, 0x40, 0x00, 0x40, 0xC1, 0x41, 0xC1, 0x40, 0x03, 0x80, 0xC1,
    0x40, 0x00, 0xC1, 0x05, 0xC1, 0x80, 0x01, 0x40, 0x05, 0xC1, 0x80, 0xC0, 0x40, 0x06, 0xC1, 0x80, 0xC1, 0x05, 0x80, 0xC1, 0x80, 0xC0, 0x80, 0x04,
    0xC3, 0x80, 0xC0, 0x05, 0xC3, 0x81, 0x05, 0xC3, 0x80, 0x40, 0x05, 0xC3, 0x81, 0x05, 0xC1, 0xC1, 0x80, 0x03, 0xC7, 0x03, 0xC6, 0x80, 0x40, 0x02,
    0xC6, 0x04, 0x80, 0xC5, 0x00, 0x40, 0x02, 0xC3, 0x80, 0xC1, 0x41, 0xC0, 0x80, 0x40, 0x01, 0x40, 0x01, 0xC1, 0x40, 0x00, 0xC1, 0x40, 0x03, 0x80,
    0xC1, 0x40, 0x00, 0xC1, 0x05, 0xC1, 0x80, 0x40, 0x00, 0x40, 0x05, 0xC1, 0x80, 0xC0, 0x80, 0x06, 0xC1, 0x80, 0xC1, 0x05, 0x80, 0xC1, 0x80, 0xC0,
    0x80, 0x04, 0x80, 0xC2, 0x80, 0xC0, 0x05, 0xC3, 0x80, 0x40, 0x05, 0xC3, 0x80, 0x06, 0xC3, 0x80, 0x00, 0x40, 0x04, 0xC1, 0xC1, 0x80, 0x03, 0x80,
    0xC6, 0x03, 0xC6, 0x80, 0x40, 0x02, 0xC6, 0x04, 0x80, 0xC5, 0x00, 0x40, 0x02, 0xC6, 0x41, 0xC0, 0x40, 0x80, 0x40, 0x00, 0x41, 0x00, 0xC1, 0x40,
    0x00, 0xC1, 0x80, 0x03, 0x80, 0xC1, 0x40, 0x00, 0xC1, 0x05, 0xC1, 0x80, 0x40, 0x00, 0x40, 0x05, 0xC1, 0x80, 0xC0, 0x40, 0x06, 0xC1, 0x80, 0xC1,
    0x40, 0x04, 0x40, 0xC1, 0x80, 0xC1, 0x04, 0x80, 0xC2, 0x80, 0xC0, 0x05, 0xC3, 0x80, 0x40, 0x05, 0xC3, 0x80, 0x06, 0xC3, 0x40, 0x00, 0x40, 0x04,
    0xC1, 0xC2, 0x03, 0x40, 0xC6, 0x03, 0x80, 0xC5, 0x41, 0x02, 0xC6, 0x04, 0x40, 0xC5, 0x00, 0x40, 0x02, 0x80, 0xC5, 0x00, 0x40, 0xC0, 0x40, 0x80,
    0x40, 0x00, 0x40, 0x80, 0x00, 0xC1, 0x40, 0x00, 0xC1, 0x80, 0x03, 0x40, 0xC1, 0x40, 0x00, 0xC1, 0x05, 0xC1, 0x80, 0x40, 0x00, 0x40, 0x05, 0xC1,
    0x80, 0xC0, 0x40, 0x06, 0xC1, 0x80, 0xC1, 0x40, 0x05, 0xC1, 0x80, 0xC1, 0x05, 0x80, 0xC3, 0x40, 0x04, 0xC2, 0x80, 0xC1, 0x05, 0xC2, 0x80, 0xC0,
    0x40, 0x05, 0xC2, 0x80, 0xC0, 0x06, 0xC1, 0xC2, 0x04, 0xC6, 0x40, 0x02, 0x80, 0xC5, 0x04, 0x80, 0xC5, 0x04, 0x40, 0xC5, 0x00, 0x40, 0x02, 0x80,
    0xC5, 0x00, 0x40, 0xC0, 0x40, 0x80, 0x40, 0x00, 0x40, 0x80, 0x40, 0xC1, 0x01, 0xC2, 0x04, 0xC1, 0x01, 0xC1, 0x05, 0xC1, 0x80, 0x01, 0x40, 0x05,
    0xC1, 0x80, 0xC0, 0x07, 0xC1, 0x80, 0xC1, 0x06, 0xC1, 0x80, 0xC1, 0x05, 0x40, 0xC0, 0x80, 0xC1, 0x40, 0x04, 0x80, 0xC1, 0x80, 0xC1, 0x05, 0xC2,
    0x80, 0xC0, 0x80, 0x05, 0xC2, 0x40, 0xC0, 0x40, 0x05, 0x80, 0xC0, 0xC2, 0x04, 0xC6, 0x40, 0x02, 0x80, 0xC4, 0x80, 0x04, 0x80, 0xC5, 0x04, 0x40,
    0xC5, 0x00, 0x40, 0x02, 0x80, 0xC5, 0x00, 0x40, 0xC0, 0x40, 0x81, 0x00, 0x40, 0x81, 0xC1, 0x00, 0x40, 0xC2, 0x04, 0xC1, 0x01, 0xC1, 0x05, 0xC1,
    0x80, 0x01, 0x40, 0x05, 0xC1, 0x80, 0xC0, 0x07, 0xC1, 0x80, 0xC1, 0x06, 0xC0, 0x80, 0xC2, 0x06, 0xC0, 0x81, 0xC0, 0x80, 0x04, 0x40, 0xC1, 0x80,
    0xC1, 0x05, 0x80, 0xC1, 0x80, 0xC0, 0x80, 0x05, 0x80, 0xC1, 0x40, 0xC0, 0x40, 0x05, 0x80, 0xC0, 0xC2, 0x04, 0xC5, 0x80, 0x40, 0x02, 0x80, 0xC4,
    0x40, 0x04, 0x40, 0xC4, 0x80, 0x05, 0xC4, 0x80, 0x00, 0x80, 0x02, 0x40, 0xC5, 0x00, 0x80, 0xC0, 0x40, 0x81, 0x01, 0x80, 0xC2, 0x00, 0x40, 0xC2,
    0x04, 0xC1, 0x01, 0xC1, 0x05, 0xC0, 0x81, 0x01, 0x40, 0x05, 0xC0, 0x80, 0xC1, 0x07, 0xC0, 0x80, 0xC1, 0x80, 0x06, 0xC0, 0x80, 0xC2, 0x40, 0x05,
    0xC0, 0x80, 0xC1, 0x80, 0x05, 0x40, 0xC0, 0x80, 0xC1, 0x05, 0x40, 0xC1, 0x80, 0xC0, 0x80, 0x05, 0x80, 0xC1, 0x40, 0xC0, 0x06, 0x80, 0xC0, 0xC2,
    0x04, 0xC5, 0x41, 0x02, 0x80, 0xC4, 0x06, 0xC4, 0x40, 0x05, 0xC4, 0x80, 0x00, 0x80, 0x02, 0x40, 0xC4, 0x80, 0x00, 0x80, 0xC0, 0x41, 0xC0, 0x01,
    0x80, 0xC1, 0x80, 0x00, 0x40, 0xC2, 0x40, 0x03, 0xC0, 0x80, 0x01, 0xC1, 0x40, 0x04, 0xC0, 0x81, 0x00, 0x40, 0x80, 0x05, 0xC0, 0x80, 0xC0, 0x80,
    0x07, 0xC0, 0x40, 0xC1, 0x40, 0x06, 0xC0, 0x40, 0xC2, 0x40, 0x05, 0xC0, 0x40, 0xC1, 0x80, 0x06, 0xC0, 0x40, 0xC1, 0x06, 0xC1, 0x40, 0xC0, 0x80,
    0x05, 0x40, 0xC1, 0x40, 0xC0, 0x06, 0x40, 0xC0, 0xC2, 0x04, 0xC4, 0x40, 0x04, 0x40, 0xC4, 0x06, 0xC4, 0x40, 0x00, 0x40, 0x03, 0xC4, 0x40, 0x00,
    0x80, 0x02, 0x40, 0xC4, 0x40, 0x00, 0xC1, 0x41, 0xC0, 0x40, 0x00, 0x40, 0xC1, 0x40, 0x00, 0x80, 0xC2, 0x80, 0x03, 0xC0, 0x40, 0x00, 0x40, 0xC1,
    0x40, 0x04, 0xC0, 0x41, 0x00, 0x40, 0x80, 0x05, 0xC0, 0x40, 0xC0, 0x40, 0x00, 0x40, 0x05, 0xC0, 0x40, 0xC1, 0x07, 0xC0, 0x40, 0xC2, 0x06, 0xC0,
    0x40, 0xC2, 0x06, 0xC0, 0x80, 0xC1, 0x06, 0x40, 0xC0, 0x80, 0xC0, 0x80, 0x06, 0xC0, 0x81, 0xC0, 0x07, 0xC0, 0xC0, 0x81, 0x04, 0xC3, 0x80, 0x06,
    0xC3, 0x80, 0x06, 0x80, 0xC3, 0x01, 0x40, 0x03, 0x80, 0xC3, 0x01, 0xC0, 0x02, 0x40, 0xC4, 0x01, 0xC1, 0x41, 0xC0, 0x80, 0x01, 0x80, 0xC0, 0x01,
    0x80, 0xC3, 0x03, 0xC0, 0x01, 0x80, 0xC1, 0x80, 0x04, 0xC0, 0x40, 0x01, 0x81, 0x05, 0x81, 0xC0, 0x01, 0x40, 0x05, 0xC0, 0x80, 0xC0, 0x80, 0x07,
    0x81, 0xC1, 0x80, 0x06, 0x81, 0xC2, 0x06, 0x81, 0xC1, 0x40, 0x06, 0x81, 0xC1, 0x06, 0x40, 0x80, 0xC1, 0x40, 0x06, 0x80, 0x80, 0x00, 0x40, 0x04,
    0xC3, 0x40, 0x06, 0x80, 0xC2, 0x80, 0x06, 0x40, 0xC2, 0x80, 0x00, 0x41, 0x03, 0x80, 0xC2, 0x80, 0x01, 0xC0, 0x02, 0x40, 0xC3, 0x80, 0x01, 0xC1,
    0x80, 0x40, 0xC0, 0x80, 0x01, 0x40, 0x80, 0x01, 0xC4, 0x03, 0x80, 0x01, 0x80, 0xC1, 0x80, 0x04, 0x81, 0x01, 0x80, 0xC0, 0x05, 0x82, 0x01, 0x80,
    0x05, 0x40, 0xC1, 0x40, 0x07, 0x40, 0xC2, 0x40, 0x06, 0x40, 0xC3, 0x06, 0x40, 0xC2, 0x80, 0x06, 0x40, 0xC2, 0x07, 0x40, 0xC1, 0x80, 0x07, 0x07,
    0x80, 0xC2, 0x08, 0xC2, 0x40, 0x00, 0x40, 0x05, 0xC2, 0x40, 0x00, 0x41, 0x03, 0x40, 0xC2, 0x40, 0x00, 0x40, 0xC0, 0x40, 0x01, 0x40, 0xC3, 0x40,
    0x01, 0xC1, 0x80, 0x00, 0xC1, 0x02, 0x40, 0x01, 0xC4, 0x40, 0x02, 0x40, 0x01, 0xC3, 0x04, 0x40, 0x80, 0x01, 0xC1, 0x05, 0x40, 0xC0, 0x40, 0x01,
    0x80, 0x05, 0x40, 0xC1, 0x08, 0x40, 0xC2, 0x07, 0x80, 0xC3, 0x06, 0x80, 0xC3, 0x06, 0x40, 0xC2, 0x07, 0x80, 0xC1, 0x80, 0x07, 0x08, 0xC2, 0x08,
    0xC2, 0x01, 0xC0, 0x05, 0xC2, 0x01, 0x81, 0x03, 0x40, 0xC2, 0x01, 0x80, 0xC0, 0x80, 0x01, 0x80, 0xC3, 0x01, 0x40, 0xC2, 0x00, 0xC1, 0x40, 0x04,
    0xC4, 0x80, 0x02, 0x40, 0x01, 0xC3, 0x04, 0x80, 0x02, 0xC1, 0x05, 0x80, 0xC0, 0x02, 0x80, 0x05, 0x80, 0xC0, 0x80, 0x01, 0x40, 0x05, 0xC2, 0x80,
    0x07, 0xC3, 0x40, 0x06, 0xC4, 0x06, 0xC3, 0x40, 0x06, 0xC2, 0x80, 0x07, 0x08, 0x80, 0xC1, 0x01, 0x40, 0x05, 0x40, 0xC1, 0x01, 0xC0, 0x05, 0x80,
    0xC1, 0x01, 0xC0, 0x80, 0x03, 0x40, 0xC2, 0x01, 0x80, 0xC1, 0x40, 0x00, 0x80, 0xC1, 0x81, 0x01, 0x80, 0xC2, 0x00, 0xC1, 0x80, 0x03, 0x40, 0xC5,
    0x04, 0x40, 0xC3, 0x04, 0x80, 0x01, 0x40, 0xC1, 0x40, 0x04, 0xC0, 0x40, 0x01, 0x40, 0x80, 0x05, 0xC1, 0x40, 0x01, 0x40, 0x05, 0xC2, 0x08, 0xC3,
    0x07, 0xC3, 0x80, 0x06, 0xC3, 0x80, 0x06, 0xC3, 0x07, 0x09, 0xC1, 0x00, 0x40, 0x80, 0x06, 0xC1, 0x01, 0xC0, 0x05, 0x80, 0xC1, 0x01, 0xC1, 0x03,
    0x40, 0xC2, 0x01, 0xC2, 0x80, 0x00, 0x80, 0xC2, 0x40, 0x01, 0xC3, 0x40, 0xC2, 0x03, 0x80, 0xC5, 0x40, 0x03, 0x80, 0xC3, 0x40, 0x03, 0x40, 0x01,
    0x80, 0xC1, 0x40, 0x04, 0xC0, 0x02, 0x81, 0x05, 0xC0, 0x80, 0x02, 0x80, 0x05, 0xC1, 0x40, 0x08, 0xC2, 0x40, 0x07, 0xC3, 0x07, 0xC4, 0x06, 0xC3,
    0x40, 0x06, 0x00, 0x80, 0x07, 0x80, 0xC0, 0x00, 0x81, 0x06, 0xC1, 0x00, 0x80, 0xC0, 0x05, 0x80, 0xC1, 0x00, 0x80, 0xC1, 0x40, 0x02, 0x80, 0xC2,
    0x00, 0x40, 0xC3, 0x00, 0x80, 0xC2, 0x40, 0x01, 0xC3, 0x40, 0xC2, 0x03, 0xC6, 0x80, 0x03, 0xC4, 0x80, 0x06, 0xC2, 0x80, 0x04, 0x40, 0x02, 0xC0,
    0x80, 0x05, 0xC0, 0x03, 0x80, 0x05, 0xC1, 0x02, 0x40, 0x05, 0xC1, 0x80, 0x08, 0xC2, 0x40, 0x07, 0xC3, 0x40, 0x06, 0xC3, 0x80, 0x06, 0x80, 0xC0,
    0x07, 0x40, 0xC0, 0x40, 0xC0, 0x40, 0x06, 0xC1, 0x40, 0xC1, 0x40, 0x04, 0x80, 0xC1, 0x00, 0xC3, 0x40, 0x00, 0x40, 0xC3, 0x00, 0xC4, 0x00, 0x80,
    0xC2, 0x80, 0x00, 0xC4, 0x80, 0xC2, 0x80, 0x01, 0x80, 0xC5, 0x80, 0xC0, 0x02, 0x80, 0xC5, 0x05, 0x80, 0xC3, 0x07, 0x80, 0xC0, 0x80, 0x09, 0xC0,
    0x06, 0x40, 0x03, 0x80, 0x05, 0xC0, 0x40, 0x09, 0xC1, 0x09, 0xC2, 0x08, 0xC2, 0x80, 0x07, 0xC0, 0x80, 0x08, 0xC2, 0x40, 0x06, 0xC4, 0x80, 0x03,
    0x40, 0xC7, 0x80, 0x00, 0x40, 0xC3, 0x80, 0xC4, 0x00, 0x80, 0xC3, 0x40, 0xC9, 0x00, 0x40, 0xC6, 0x82, 0x00, 0x40, 0xC6, 0x40, 0x03, 0x40, 0xC4,
    0x06, 0x40, 0xC2, 0x08, 0x80, 0xC0, 0x0A, 0x80, 0x0B, 0x40, 0x05, 0xC0, 0x0A, 0xC0, 0x80, 0x09, 0xC1, 0x80, 0x08, 0xC0, 0x80, 0x08, 0xC2, 0x80,
    0x05, 0x40, 0xC5, 0x80, 0x02, 0xC8, 0x80, 0x01, 0xC9, 0x00, 0x80, 0xCE, 0x40, 0xC8, 0x40, 0xC0, 0x40, 0xC7, 0x80, 0x02, 0x40, 0xC5, 0x40, 0x04,
    0x40, 0xC3, 0x80, 0x06, 0x40, 0xC1, 0x09, 0x40, 0x80, 0x0A, 0x80, 0x0B, 0x40, 0x11, 0xC0, 0x0A, 0xC1, 0x07, 0x80, 0xC3, 0x80, 0x03, 0x40, 0xC7,
    0x40, 0x01, 0xC8, 0x80, 0x01, 0xC9, 0x40, 0x80, 0xD8, 0x41, 0xC9, 0x02, 0xC6, 0x80, 0x03, 0x80, 0xC5, 0x05, 0x40, 0xC2, 0x40, 0x07, 0x80, 0xC0,
    0x80, 0x09, 0x80, 0x40, 0x0A, 0x80, 0x1E, 0xC1, 0x80, 0x05, 0x40, 0xC6, 0x02, 0x80, 0xC7, 0x40, 0x01, 0xC8, 0x80, 0x01, 0xD5, 0x80, 0xC2, 0x80,
    0xCA, 0x01, 0xC8, 0x80, 0x01, 0xC7, 0x03, 0xC6, 0x80, 0x03, 0xC4, 0x81, 0x05, 0xC3, 0x08, 0xC1, 0x0A, 0xC0, 0x0A, 0x40, 0x13, 0xC3, 0x40, 0x02,
    0x40, 0xC7, 0x02, 0x40, 0xC7, 0x40, 0x01, 0x40, 0xC7, 0x80, 0x41, 0xD5, 0x80, 0xC3, 0x40, 0xCA, 0x00, 0xC9, 0x80, 0x00, 0xC7, 0x80, 0x02, 0xC7,
    0x03, 0xC6, 0x80, 0x03, 0xC4, 0x41, 0x04, 0x80, 0xC2, 0x80, 0x07, 0xC2, 0x09, 0xC0, 0x14, 0xC4, 0x03, 0xC7, 0x03, 0xC7, 0x40, 0x02, 0xE0, 0x80,
    0xE6, 0x81, 0xC8, 0x40, 0x01, 0xC8, 0x02, 0xC7, 0x80, 0x02, 0xC7, 0x03, 0xC4, 0x41, 0x04, 0xC3, 0x40, 0x06, 0xC2, 0x80, 0x07, 0xC4, 0x03, 0x40,
    0xC6, 0x03, 0x40, 0xC6, 0x80, 0x40, 0x81, 0xE0, 0x80, 0xC9, 0x80, 0x00, 0xE7, 0x80, 0xC9, 0x80, 0x00, 0xC9, 0x01, 0xC8, 0x80, 0x01, 0xC8, 0x40,
    0x01, 0xC7, 0x40, 0x02, 0xC6, 0x40, 0x03, 0xC3, 0x80, 0x04, 0xC6, 0x02, 0x40, 0x80, 0xF6, 0x80, 0x00, 0xC9, 0x80, 0x00, 0xFF, 0xD7, 0x80, 0xC9,
    0x80, 0x00, 0xC3, 0x80, 0x04, 0x80, 0xFF, 0xC2, 0x80, 0xC9, 0x01, 0xC9, 0x80, 0x40, 0xFF, 0xD8, 0xC4, 0x82, 0xFF, 0xD0, 0x40, 0x00, 0xC9, 0x01,
    0x80, 0xC8, 0x41, 0xFF, 0xCC, 0xFF, 0xD8, 0x80, 0x40, 0xC9, 0x01, 0x80, 0xC7, 0x80, 0x01, 0x80, 0xC8, 0x81, 0xFF, 0xC0, 0xFF, 0xD8, 0x80, 0x40,
    0xC8, 0x80, 0x01, 0x80, 0xC7, 0x80, 0x01, 0x80, 0xC8, 0x80, 0x40, 0xFF, 0xC0, 0xFF, 0xD8, 0x81, 0xC9, 0x01, 0x80, 0xC7, 0x80, 0x01, 0x40, 0xC8,
    0x41, 0xFF, 0xC0, 0xFF, 0xE4, 0x01, 0x80, 0xC7, 0x40, 0x01, 0x40, 0xC8, 0x01, 0xFF, 0xC0, 0xFF, 0xE4, 0x01, 0xC8, 0x40, 0x01, 0x40, 0xC7, 0x80,
    0x01, 0x80, 0xFF, 0xFF, 0xE4, 0x81, 0xC8, 0x40, 0x01, 0x40, 0xC7, 0x40, 0x01, 0x40, 0xC8, 0x80, 0x40, 0xF4, 0xFF, 0xEF, 0x80, 0x01, 0x80, 0xC7,
    0x40, 0x01, 0x40, 0xC8, 0x01, 0xF4, 0xFF, 0xF0, 0x41, 0xC8, 0x80, 0x01, 0x40, 0xC7, 0x80, 0x01, 0x80, 0xF3, 0xFF, 0xF1, 0x80, 0xC9, 0x01, 0x80,
    0xC7, 0x80, 0x01, 0x40, 0xC8, 0x80, 0x40, 0xE8, 0xFF, 0xFC, 0x40, 0x00, 0x80, 0xC7, 0x80, 0x01, 0x40, 0xC8, 0x41, 0xE8, 0xFF, 0xFC, 0x40, 0x00,
    0x80, 0xC7, 0x80, 0x01, 0x40, 0xC8, 0x41, 0xE8, 0xFF, 0xFC, 0x40, 0x00, 0x80, 0xC7, 0x80, 0x01, 0x40, 0xC8, 0x41, 0xE8, 0xFF, 0xF1, 0x80, 0xC9,
    0x01, 0x80, 0xC7, 0x80, 0x01, 0x80, 0xC8, 0x41, 0xE8, 0xFF, 0xF0, 0x81, 0xC9, 0x01, 0xC8, 0x80, 0x01, 0x80, 0xC8, 0x40, 0x00, 0xE8, 0xFF, 0xF0,
    0x81, 0xC9, 0x00, 0x40, 0xC8, 0x80, 0x01, 0x80, 0xC8, 0x01, 0x80, 0xE7, 0xFF, 0xF0, 0x80, 0x40, 0xC9, 0x00, 0x40, 0xC8, 0x80, 0x01, 0x80, 0xC8,
    0x01, 0x80, 0xE7, 0xFF, 0xF0, 0x41, 0xC9, 0x41, 0xC8, 0x80, 0x01, 0x80, 0xC8, 0x01, 0x80, 0xE7, 0xFF, 0xF0, 0x40, 0x00, 0xC9, 0x40, 0x00, 0xC8,
    0x80, 0x01, 0xC9, 0x01, 0xCA, 0x80, 0xDC, 0xFF, 0xF0, 0x40, 0x00, 0xC9, 0x40, 0x00, 0xC8, 0x80, 0x01, 0xC9, 0x01, 0xCA, 0x80, 0xDC, 0xFF, 0xF0,
    0x41, 0xC9, 0x40, 0x00, 0xC8, 0x80, 0x00, 0x40, 0xC9, 0x01, 0xC9, 0x81, 0xDC, 0xFF, 0xE4, 0x81, 0xC9, 0x41, 0xC9, 0x40, 0x00, 0xC9, 0x00, 0x40,
    0xC9, 0x01, 0x80, 0xC8, 0x80, 0x40, 0xDC, 0xFF, 0xE4, 0x81, 0xC9, 0x41, 0xC9, 0x40, 0x00, 0xC9, 0x00, 0x40, 0xC8, 0x80, 0x01, 0x80, 0xC8, 0x80,
    0x40, 0xDC, 0xFF, 0xE4, 0x81, 0xC9, 0x41, 0xC9, 0x40, 0x00, 0xC9, 0x00, 0x40, 0xC8, 0x80, 0x01, 0x80, 0xC8, 0x41, 0xDC, 0xFF, 0xE4, 0x40, 0x80,
    0xC9, 0x41, 0xC9, 0x40, 0x00, 0xC8, 0x80, 0x00, 0x40, 0xC8, 0x80, 0x01, 0xC9, 0x41, 0xDC, 0xFF, 0xE4, 0x40, 0x80, 0xC9, 0x41, 0xC9, 0x40, 0x00,
    0xC8, 0x80, 0x01, 0xC8, 0x80, 0x01, 0xC9, 0x41, 0x80, 0xDB, 0xFF, 0xE4, 0x41, 0xC9, 0x01, 0xC9, 0x40, 0x00, 0xC9, 0x01, 0xC8, 0x80, 0x01, 0xC9,
    0x41, 0x80, 0xC9, 0x80, 0xD0, 0xFF, 0xD8, 0x81, 0xC9, 0x41, 0xC9, 0x40, 0x00, 0xC9, 0x40, 0x00, 0xC9, 0x01, 0xC8, 0x80, 0x01, 0xC9, 0x40, 0x00,
    0x80, 0xC8, 0x80, 0x40, 0x80, 0xCF, 0xFF, 0xD8, 0x80, 0x40, 0xC9, 0x41, 0xC9, 0x40, 0x00, 0xC9, 0x40, 0x00, 0xC8, 0x80, 0x01, 0xC8, 0x40, 0x01,
    0x80, 0xC8, 0x40, 0x00, 0xC9, 0x40, 0x00, 0x80, 0xCF, 0xFF, 0xCD, 0x80, 0xC9, 0x80, 0x00, 0xC9, 0x40, 0x00, 0xC9, 0x40, 0x00, 0xC9, 0x40, 0x00,
    0xC9, 0x01, 0x80, 0xC7, 0x40, 0x01, 0x40, 0xC8, 0x01, 0x80, 0xC8, 0x80, 0x00, 0x80, 0xC9, 0x81, 0xC3, 0xFF, 0xCD, 0x00, 0xC9, 0x80, 0x00, 0xC9,
    0x40, 0x00, 0x80, 0xC8, 0x80, 0x00, 0x80, 0xC8, 0x80, 0x00, 0x80, 0xC8, 0x01, 0x40, 0xC7, 0x80, 0x02, 0xC7, 0x40, 0x02, 0xC8, 0x80, 0x00, 0x80,
    0xC8, 0x80, 0x00, 0x40, 0x80, 0xC2, 0xFF, 0xC1, 0x80, 0xC9, 0x80, 0x00, 0x80, 0xC9, 0x00, 0x80, 0xC8, 0x40, 0x00, 0x40, 0xC8, 0x40, 0x00, 0x40,
    0xC8, 0x40, 0x00, 0x40, 0xC8, 0x02, 0xC7, 0x80, 0x02, 0x80, 0xC6, 0x40, 0x02, 0x40, 0xC7, 0x40, 0x01, 0xC9, 0x00, 0x40, 0xC3, 0xFF, 0xC1, 0x00,
    0x40, 0xC9, 0x01, 0xC8, 0x80, 0x01, 0xC8, 0x02, 0xC8, 0x40, 0x01, 0xC8, 0x02, 0xC8, 0x40, 0x01, 0x80, 0xC7, 0x02, 0x40, 0xC6, 0x80, 0x03, 0xC7,
    0x03, 0xC8, 0x00, 0x40, 0xC3, 0xF5, 0x81, 0xC9, 0x01, 0xC9, 0x40, 0x00, 0xC8, 0x40, 0x01, 0x80, 0xC7, 0x02, 0xC8, 0x02, 0xC8, 0x02, 0xC8, 0x40,
    0x01, 0x40, 0xC7, 0x40, 0x02, 0xC7, 0x03, 0x80, 0xC5, 0x80, 0x03, 0x40, 0xC6, 0x03, 0x80, 0xC1, 0xEA, 0x80, 0xC9, 0x01, 0x40, 0xC8, 0x40, 0x00,
    0x40, 0xC9, 0x00, 0x40, 0xC6, 0x80, 0x41, 0x00, 0x40, 0xC6, 0x80, 0x02, 0x80, 0xC7, 0x02, 0x80, 0xC6, 0x80, 0x02, 0x40, 0xC7, 0x80, 0x02, 0xC8,
    0x02, 0x80, 0xC6, 0x40, 0x03, 0xC6, 0x04, 0x80, 0xC5, 0x04, 0x80, 0xC0, 0xE9, 0x40, 0x00, 0x40, 0xC8, 0x02, 0xC9, 0x01, 0xC7, 0x80, 0xC0, 0x01,
    0xC6, 0x80, 0x41, 0x01, 0xC6, 0x80, 0x02, 0x40, 0xC6, 0x80, 0x00, 0x40, 0x00, 0x40, 0xC6, 0x40, 0x00, 0x40, 0x01, 0xC7, 0x41, 0x01, 0x80, 0xC7,
    0x03, 0xC7, 0x03, 0x80, 0xC5, 0x40, 0x04, 0xC5, 0x05, 0xC0, 0xDD, 0x80, 0x00, 0x40, 0xC8, 0x02, 0x80, 0xC7, 0x40, 0x01, 0x40, 0xC8, 0x40, 0x00,
    0x80, 0xC5, 0x81, 0xC0, 0x01, 0xC6, 0x41, 0x80, 0x01, 0xC6, 0x40, 0x02, 0x40, 0xC6, 0x40, 0x00, 0x80, 0x01, 0xC6, 0x01, 0x80, 0x01, 0x80, 0xC5,
    0x80, 0x41, 0x02, 0xC7, 0x40, 0x02, 0xC7, 0x03, 0x40, 0xC5, 0x80, 0x04, 0xC5, 0x40, 0x04, 0x40, 0xDD, 0x80, 0x01, 0xC8, 0x02, 0x40, 0xC7, 0x80,
    0x02, 0xC8, 0x80, 0x00, 0x80, 0xC5, 0x81, 0xC0, 0x01, 0x80, 0xC5, 0x40, 0x81, 0x01, 0xC6, 0x40, 0x03, 0xC6, 0x40, 0x00, 0x80, 0x01, 0xC6, 0x01,
    0x80, 0x01, 0x80, 0xC5, 0x40, 0x00, 0x80, 0x02, 0xC7, 0x40, 0x02, 0x80, 0xC6, 0x04, 0xC6, 0x04, 0x80, 0xC4, 0x80, 0x05, 0xDD, 0x40, 0x01, 0x80,
    0xC7, 0x02, 0x40, 0xC8, 0x02, 0xC8, 0x80, 0x00, 0x40, 0xC5, 0x40, 0x80, 0xC0, 0x01, 0x40, 0xC5, 0x40, 0x81, 0x01, 0x80, 0xC5, 0x04, 0xC6, 0x40,
    0x00, 0x80, 0x01, 0xC6, 0x01, 0xC0, 0x01, 0x80, 0xC5, 0x40, 0x00, 0x80, 0x02, 0xC7, 0x40, 0x02, 0x80, 0xC6, 0x40, 0x03, 0xC6, 0x04, 0x80, 0xC4,
    0x80, 0x05, 0xD2, 0x80, 0xC9, 0x40, 0x01, 0x80, 0xC7, 0x02, 0x40, 0xC8, 0x02, 0xC8, 0x80, 0x00, 0x40, 0xC5, 0x40, 0x80, 0xC0, 0x01, 0x40, 0xC5,
    0x00, 0x81, 0x01, 0x80, 0xC5, 0x04, 0xC6, 0x40, 0x00, 0x80, 0x01, 0xC6, 0x01, 0xC0, 0x01, 0x80, 0xC5, 0x40, 0x00, 0x80, 0x02, 0xC7, 0x40, 0x02,
    0x80, 0xC6, 0x40, 0x03, 0xC6, 0x04, 0x80, 0xC4, 0x80, 0x05, 0xD2, 0x80, 0xC9, 0x40, 0x01, 0x80, 0xC7, 0x02, 0x40, 0xC8, 0x02, 0xC8, 0x80, 0x00,
    0x40, 0xC5, 0x40, 0x80, 0xC0, 0x01, 0x40, 0xC5, 0x00, 0x81, 0x01, 0x80, 0xC5, 0x04, 0xC6, 0x01, 0x80, 0x01, 0xC6, 0x01, 0xC0, 0x01, 0x80, 0xC5,
    0x01, 0x80, 0x02, 0xC7, 0x40, 0x02, 0x80, 0xC6, 0x40, 0x03, 0xC6, 0x04, 0x80, 0xC4, 0x80, 0x05, 0xD2, 0x80, 0xC9, 0x40, 0x01, 0x80, 0xC7, 0x02,
    0x40, 0xC7, 0x80, 0x02, 0xC8, 0x80, 0x00, 0x40, 0xC5, 0x40, 0xC1, 0x01, 0x40, 0xC5, 0x00, 0xC0, 0x80, 0x01, 0x80, 0xC5, 0x04, 0xC6, 0x01, 0x40,
    0x01, 0xC6, 0x01, 0xC0, 0x01, 0x80, 0xC5, 0x01, 0x80, 0x02, 0xC7, 0x40, 0x02, 0x80, 0xC6, 0x40, 0x03, 0xC6, 0x04, 0x80, 0xC4, 0x80, 0x05, 0xD2,
    0x80, 0xC9, 0x40, 0x01, 0x80, 0xC7, 0x02, 0x40, 0xC7, 0x80, 0x02, 0xC8, 0x80, 0x00, 0x40, 0xC5, 0x40, 0xC1, 0x01, 0x40, 0xC5, 0x00, 0xC0, 0x80,
    0x01, 0x80, 0xC5, 0x01, 0x40, 0x01, 0xC6, 0x01, 0x40, 0x01, 0xC6, 0x01, 0xC0, 0x01, 0x80, 0xC5, 0x01, 0x80, 0x02, 0xC5, 0x80, 0xC0, 0x40, 0x02,
    0x80, 0xC6, 0x40, 0x03, 0xC6, 0x04, 0x80, 0xC4, 0x80, 0x05, 0xD2, 0x80, 0xC9, 0x40, 0x01, 0x80, 0xC7, 0x02, 0x40, 0xC7, 0x80, 0x02, 0xC8, 0x80,
    0x00, 0x40, 0xC5, 0x40, 0xC1, 0x01, 0x40, 0xC5, 0x00, 0xC0, 0x80, 0x01, 0x80, 0xC5, 0x01, 0x40, 0x01, 0xC6, 0x01, 0x40, 0x01, 0xC6, 0x01, 0xC0,
    0x01, 0x80, 0xC4, 0x80, 0x01, 0x80, 0x02, 0xC5, 0x80, 0xC0, 0x40, 0x02, 0x80, 0xC6, 0x40, 0x03, 0xC6, 0x04, 0xC5, 0x80, 0x05, 0xD2, 0x80, 0xC9,
    0x40, 0x01, 0x80, 0xC7, 0x02, 0x40, 0xC7, 0x80, 0x02, 0xC8, 0x80, 0x00, 0x40, 0xC5, 0x40, 0xC1, 0x01, 0x40, 0xC5, 0x00, 0xC0, 0x80, 0x01, 0x40,
    0xC4, 0x80, 0x00, 0x41, 0x01, 0xC5, 0x80, 0x04, 0xC6, 0x00, 0x40, 0xC0, 0x01, 0x80, 0xC4, 0x80, 0x01, 0x80, 0x02, 0xC5, 0x40, 0x80, 0x40, 0x02,
    0x80, 0xC6, 0x40, 0x02, 0x40, 0xC6, 0x04, 0xC5, 0x80, 0x04, 0x40, 0xD2, 0x81, 0xC8, 0x02, 0x80, 0xC7, 0x03, 0xC7, 0x80, 0x02, 0xC8, 0x80, 0x00,
    0x40, 0xC5, 0x40, 0xC1, 0x01, 0x40, 0xC4, 0x80, 0x00, 0xC0, 0x80, 0x01, 0x40, 0xC4, 0x80, 0x00, 0x41, 0x01, 0xC5, 0x80, 0x04, 0xC6, 0x00, 0x40,
    0x80, 0x01, 0xC5, 0x80, 0x01, 0x80, 0x02, 0xC5, 0x00, 0x80, 0x40, 0x02, 0x80, 0xC6, 0x40, 0x02, 0x40, 0xC6, 0x04, 0xC6, 0x04, 0x40, 0xD2, 0x81,
    0xC8, 0x02, 0x80, 0xC7, 0x03, 0xC7, 0x80, 0x02, 0xC8, 0x40, 0x01, 0xC5, 0x80, 0xC1, 0x01, 0x40, 0xC4, 0x80, 0x40, 0xC0, 0x80, 0x01, 0x40, 0xC4,
    0x40, 0x00, 0x81, 0x01, 0xC5, 0x40, 0x04, 0xC5, 0x80, 0x00, 0x40, 0x80, 0x01, 0xC5, 0x40, 0x00, 0x40, 0x80, 0x01, 0x40, 0xC4, 0x80, 0x00, 0x41,
    0x02, 0xC7, 0x40, 0x02, 0x40, 0xC6, 0x04, 0xC6, 0x04, 0x40, 0xD2, 0x81, 0xC8, 0x02, 0x80, 0xC7, 0x03, 0xC7, 0x40, 0x02, 0xC8, 0x40, 0x01, 0xC5,
    0x80, 0xC1, 0x01, 0x40, 0xC4, 0x41, 0xC0, 0x80, 0x01, 0x40, 0xC4, 0x40, 0x00, 0xC0, 0x40, 0x01, 0xC5, 0x40, 0x04, 0xC5, 0x80, 0x00, 0x80, 0x40,
    0x01, 0xC5, 0x40, 0x00, 0x40, 0x80, 0x01, 0x40, 0xC4, 0x40, 0x00, 0x41, 0x02, 0xC5, 0x80, 0xC0, 0x40, 0x02, 0x40, 0xC6, 0x04, 0xC6, 0x04, 0x80,
    0xD2, 0x81, 0xC8, 0x02, 0x40, 0xC7, 0x03, 0xC7, 0x40, 0x02, 0xC8, 0x40, 0x01, 0xC8, 0x01, 0x40, 0xC4, 0x41, 0xC0, 0x80, 0x02, 0xC4, 0x00, 0x40,
    0xC0, 0x40, 0x01, 0xC5, 0x05, 0xC5, 0x40, 0x00, 0x80, 0x40, 0x01, 0xC5, 0x40, 0x00, 0x40, 0x80, 0x01, 0x40, 0xC4, 0x01, 0x41, 0x02, 0xC5, 0x40,
    0xC0, 0x03, 0x40, 0xC6, 0x04, 0xC6, 0x04, 0x80, 0xD2, 0x40, 0x80, 0xC8, 0x02, 0x40, 0xC7, 0x03, 0xC7, 0x40, 0x02, 0xC8, 0x40, 0x01, 0xC8, 0x01,
    0x40, 0xC4, 0x00, 0x80, 0xC0, 0x80, 0x02, 0xC4, 0x00, 0x80, 0xC0, 0x40, 0x01, 0x80, 0xC4, 0x05, 0xC5, 0x01, 0x40, 0x02, 0xC5, 0x40, 0x00, 0x81,
    0x01, 0x80, 0xC4, 0x01, 0x41, 0x02, 0xC4, 0x80, 0x40, 0x80, 0x40, 0x02, 0x40, 0xC6, 0x04, 0xC6, 0x04, 0x80, 0xD2, 0x41, 0xC8, 0x02, 0x40, 0xC7,
    0x03, 0xC7, 0x40, 0x02, 0x80, 0xC7, 0x40, 0x01, 0xC8, 0x40, 0x00, 0x40, 0xC4, 0x00, 0x80, 0xC0, 0x80, 0x02, 0xC4, 0x00, 0x80, 0xC0, 0x40, 0x01,
    0x80, 0xC4, 0x01, 0x41, 0x01, 0xC5, 0x01, 0x40, 0x02, 0xC5, 0x01, 0x81, 0x01, 0x80, 0xC4, 0x01, 0x80, 0x40, 0x02, 0xC4, 0x01, 0x80, 0x40, 0x02,
    0x80, 0xC6, 0x04, 0xC6, 0x04, 0x80, 0xD2, 0x41, 0xC8, 0x03, 0xC7, 0x03, 0xC7, 0x40, 0x02, 0x80, 0xC7, 0x40, 0x01, 0x80, 0xC7, 0x40, 0x00, 0x40,
    0xC4, 0x00, 0x80, 0xC0, 0x80, 0x02, 0xC4, 0x00, 0xC1, 0x40, 0x01, 0x40, 0xC3, 0x80, 0x01, 0x41, 0x01, 0xC4, 0x80, 0x05, 0xC5, 0x01, 0xC0, 0x40,
    0x01, 0x80, 0xC4, 0x01, 0x81, 0x02, 0xC3, 0x80, 0x01, 0x80, 0x40, 0x02, 0x80, 0xC4, 0x80, 0xC0, 0x04, 0xC6, 0x04, 0x80, 0xD1, 0x80, 0x40, 0x00,
    0x80, 0xC7, 0x03, 0xC7, 0x03, 0x80, 0xC6, 0x40, 0x02, 0x40, 0xC7, 0x40, 0x01, 0x80, 0xC7, 0x40, 0x01, 0xC4, 0x00, 0xC1, 0x80, 0x02, 0xC3, 0x80,
    0x00, 0xC1, 0x40, 0x01, 0x40, 0xC3, 0x80, 0x00, 0x40, 0x80, 0x40, 0x01, 0x80, 0xC3, 0x40, 0x05, 0xC5, 0x01, 0xC0, 0x02, 0x80, 0xC4, 0x01, 0xC0,
    0x80, 0x02, 0xC3, 0x80, 0x01, 0x80, 0x40, 0x02, 0x80, 0xC3, 0x41, 0xC0, 0x04, 0xC6, 0x04, 0xC0, 0xD2, 0x01, 0x40, 0xC7, 0x03, 0x80, 0xC6, 0x03,
    0x40, 0xC6, 0x80, 0x02, 0x40, 0xC7, 0x40, 0x01, 0x40, 0xC7, 0x40, 0x01, 0xC4, 0x00, 0xC1, 0x80, 0x02, 0xC3, 0x80, 0x00, 0xC1, 0x40, 0x02, 0xC3,
    0x40, 0x00, 0x80, 0xC0, 0x40, 0x01, 0x80, 0xC3, 0x40, 0x05, 0xC4, 0x40, 0x01, 0x80, 0x02, 0x80, 0xC4, 0x01, 0xC0, 0x40, 0x01, 0x40, 0xC3, 0x40,
    0x01, 0x80, 0x40, 0x02, 0x80, 0xC2, 0x80, 0x01, 0xC0, 0x04, 0xC6, 0x04, 0xC0, 0xD2, 0x02, 0xC7, 0x40, 0x02, 0x40, 0xC6, 0x40, 0x03, 0xC7, 0x03,
    0xC7, 0x40, 0x02, 0xC7, 0x80, 0x01, 0x80, 0xC2, 0x80, 0x00, 0xC1, 0x80, 0x02, 0xC3, 0x40, 0x00, 0xC1, 0x40, 0x02, 0xC3, 0x01, 0x80, 0xC0, 0x02,
    0x80, 0xC3, 0x06, 0x80, 0xC3, 0x02, 0x40, 0x02, 0x80, 0xC3, 0x80, 0x01, 0xC0, 0x40, 0x01, 0x40, 0xC3, 0x40, 0x01, 0xC0, 0x40, 0x02, 0xC3, 0x40,
    0x01, 0x80, 0x04, 0xC3, 0x80, 0xC1, 0x04, 0xC0, 0xD2, 0x02, 0x40, 0xC6, 0x40, 0x03, 0xC6, 0x80, 0x03, 0x80, 0xC6, 0x03, 0xC7, 0x80, 0x02, 0xC7,
    0x80, 0x01, 0x40, 0xC2, 0x80, 0x40, 0xC1, 0x80, 0x02, 0xC3, 0x40, 0x00, 0xC1, 0x40, 0x02, 0x80, 0xC2, 0x01, 0xC1, 0x02, 0x40, 0xC3, 0x02, 0x40,
    0x02, 0x80, 0xC3, 0x06, 0x80, 0xC3, 0x40, 0x01, 0xC0, 0x40, 0x01, 0x40, 0xC3, 0x40, 0x01, 0xC0, 0x40, 0x02, 0xC3, 0x02, 0x80, 0x03, 0x40, 0xC2,
    0x80, 0x00, 0x80, 0xC0, 0x04, 0xC0, 0xD2, 0x40, 0x02, 0xC6, 0x80, 0x03, 0x80, 0xC6, 0x03, 0x40, 0xC6, 0x03, 0x80, 0xC6, 0x80, 0x02, 0x80, 0xC6,
    0x80, 0x02, 0xC2, 0x81, 0xC1, 0x80, 0x02, 0x80, 0xC2, 0x01, 0xC1, 0x40, 0x02, 0x80, 0xC2, 0x00, 0x40, 0xC1, 0x02, 0x40, 0xC3, 0x02, 0x80, 0x02,
    0x80, 0xC3, 0x06, 0x80, 0xC3, 0x01, 0x40, 0xC0, 0x02, 0x40, 0xC3, 0x40, 0x01, 0xC0, 0x40, 0x02, 0xC3, 0x02, 0xC0, 0x03, 0x40, 0xC2, 0x02, 0xC0,
    0x04, 0xC0, 0xC7, 0x81, 0xC8, 0x40, 0x02, 0x80, 0xC6, 0x04, 0xC6, 0x04, 0xC6, 0x04, 0xC7, 0x02, 0x40, 0xC6, 0x80, 0x02, 0x40, 0xC2, 0x80, 0xC1,
    0x80, 0x02, 0x80, 0xC2, 0x01, 0xC1, 0x40, 0x02, 0x40, 0xC2, 0x00, 0x40, 0xC1, 0x03, 0xC3, 0x01, 0x40, 0xC0, 0x02, 0x40, 0xC2, 0x80, 0x06, 0x40,
    0xC3, 0x01, 0x41, 0x02, 0x40, 0xC3, 0x02, 0xC0, 0x40, 0x02, 0xC3, 0x02, 0xC0, 0x40, 0x02, 0x40, 0xC2, 0x02, 0xC0, 0x04, 0xC0, 0xC7, 0x80, 0x40,
    0x80, 0xC7, 0x40, 0x02, 0x40, 0xC6, 0x04, 0xC6, 0x40, 0x03, 0xC6, 0x40, 0x03, 0xC7, 0x03, 0xC6, 0x80, 0x03, 0xC5, 0x80, 0x02, 0x40, 0xC2, 0x01,
    0xC1, 0x40, 0x02, 0x40, 0xC2, 0x00, 0x40, 0xC1, 0x03, 0xC2, 0x80, 0x01, 0xC1, 0x03, 0xC2, 0x80, 0x06, 0x40, 0xC2, 0x80, 0x06, 0x40, 0xC3, 0x01,
    0x40, 0xC0, 0x40, 0x02, 0xC3, 0x02, 0xC0, 0x40, 0x02, 0x40, 0xC1, 0x80, 0x02, 0xC0, 0x04, 0xC0, 0xC7, 0x80, 0x41, 0xC7, 0x40, 0x03, 0xC6, 0x40,
    0x03, 0xC6, 0x40, 0x03, 0xC6, 0x40, 0x03, 0xC7, 0x03, 0xC7, 0x03, 0xC6, 0x02, 0x40, 0xC2, 0x01, 0xC1, 0x40, 0x03, 0xC2, 0x00, 0x40, 0xC1, 0x03,
    0x80, 0xC1, 0x80, 0x00, 0x40, 0xC1, 0x03, 0xC2, 0x40, 0x02, 0x40, 0x02, 0x40, 0xC2, 0x40, 0x07, 0xC2, 0x80, 0x01, 0x81, 0x03, 0xC3, 0x01, 0x40,
    0xC0, 0x40, 0x02, 0x40, 0xC1, 0x80, 0x02, 0xC0, 0x04, 0xC0, 0xC7, 0x40, 0x01, 0x80, 0xC6, 0x40, 0x03, 0xC6, 0x40, 0x03, 0xC6, 0x40, 0x03, 0xC6,
    0x40, 0x03, 0xC7, 0x03, 0xC7, 0x03, 0xC6, 0x03, 0xC2, 0x41, 0xC1, 0x40, 0x03, 0xC2, 0x00, 0x40, 0xC1, 0x03, 0x40, 0xC1, 0x80, 0x00, 0x80, 0xC1,
    0x03, 0xC2, 0x40, 0x01, 0x40, 0x80, 0x40, 0x02, 0xC2, 0x40, 0x07, 0xC2, 0x40, 0x01, 0x41, 0x03, 0xC2, 0x80, 0x01, 0x40, 0xC0, 0x40, 0x02, 0x40,
    0xC1, 0x80, 0x02, 0xC0, 0x04, 0x80, 0xC7, 0x40, 0x02, 0xC6, 0x40, 0x03, 0xC6, 0x80, 0x03, 0xC6, 0x40, 0x03, 0xC6, 0x80, 0x03, 0xC7, 0x40, 0x02,
    0xC7, 0x03, 0xC6, 0x03, 0xC2, 0x81, 0xC1, 0x80, 0x03, 0xC2, 0x00, 0x40, 0xC1, 0x03, 0x40, 0xC1, 0x80, 0x00, 0x80, 0xC1, 0x03, 0x80, 0xC1, 0x40,
    0x00, 0x40, 0xC1, 0x40, 0x02, 0xC2, 0x08, 0xC2, 0x08, 0x80, 0xC1, 0x80, 0x01, 0x80, 0xC0, 0x40, 0x02, 0x40, 0xC1, 0x40, 0x01, 0x40, 0xC0, 0x40,
    0x03, 0x80, 0xC7, 0x03, 0xC6, 0x40, 0x03, 0xC6, 0x80, 0x03, 0xC6, 0x80, 0x03, 0xC6, 0x80, 0x03, 0xC7, 0x40, 0x02, 0xC7, 0x03, 0xC6, 0x03, 0xC6,
    0x80, 0x03, 0x80, 0xC1, 0x01, 0xC1, 0x40, 0x03, 0xC1, 0x80, 0x00, 0x80, 0xC1, 0x40, 0x02, 0x80, 0xC1, 0x40, 0x00, 0x80, 0xC1, 0x80, 0x02, 0xC2,
    0x08, 0xC2, 0x08, 0x80, 0xC1, 0x40, 0x01, 0x81, 0x40, 0x03, 0xC1, 0x40, 0x01, 0x80, 0xC0, 0x40, 0x03, 0x80, 0xC7, 0x03, 0xC6, 0x80, 0x03, 0xC7,
    0x03, 0xC6, 0x80, 0x03, 0xC7, 0x03, 0xC7, 0x80, 0x02, 0xC7, 0x03, 0xC6, 0x03, 0x80, 0xC5, 0x80, 0x03, 0x40, 0xC1, 0x00, 0x40, 0xC1, 0x40, 0x03,
    0xC1, 0x80, 0x00, 0x80, 0xC1, 0x40, 0x02, 0x40, 0xC1, 0x40, 0x00, 0x80, 0xC1, 0x80, 0x02, 0x80, 0xC1, 0x02, 0x41, 0x03, 0x80, 0xC1, 0x08, 0x40,
    0xC1, 0x02, 0x41, 0x04, 0xC1, 0x40, 0x01, 0x80, 0xC0, 0x80, 0x03, 0x40, 0xC7, 0x03, 0xC7, 0x03, 0xC7, 0x03, 0xC7, 0x03, 0xC7, 0x40, 0x02, 0xC7,
    0x80, 0x02, 0xC7, 0x03, 0xC6, 0x03, 0x40, 0xC6, 0x04, 0xC1, 0x00, 0x40, 0xC1, 0x40, 0x03, 0xC1, 0x80, 0x00, 0x40, 0xC1, 0x80, 0x03, 0xC1, 0x40,
    0x00, 0x80, 0xC2, 0x02, 0x80, 0xC1, 0x01, 0x40, 0x81, 0x40, 0x02, 0x40, 0xC1, 0x09, 0xC1, 0x09, 0xC1, 0x40, 0x01, 0x80, 0xC0, 0x80, 0x04, 0xC7,
    0x03, 0xC7, 0x03, 0xC7, 0x03, 0xC7, 0x03, 0xC7, 0x40, 0x02, 0xC8, 0x02, 0xC7, 0x03, 0xC6, 0x04, 0xC6, 0x04, 0xC1, 0x40, 0x80, 0xC1, 0x80, 0x03,
    0xC1, 0x80, 0x00, 0x40, 0xC1, 0x80, 0x03, 0xC1, 0x40, 0x00, 0x80, 0xC2, 0x02, 0x40, 0xC1, 0x01, 0x80, 0xC1, 0x80, 0x02, 0x40, 0xC1, 0x09, 0xC1,
    0x09, 0x80, 0xC0, 0x02, 0x80, 0xC1, 0x04, 0xC7, 0x03, 0xC7, 0x03, 0xC7, 0x03, 0xC7, 0x03, 0xC7, 0x80, 0x02, 0xC8, 0x02, 0xC6, 0x80, 0x03, 0xC6,
    0x04, 0xC6, 0x04, 0xC1, 0x80, 0xC2, 0x80, 0x03, 0x80, 0xC0, 0x80, 0x00, 0x40, 0xC2, 0x03, 0xC1, 0x40, 0x00, 0x80, 0xC2, 0x03, 0xC1, 0x01, 0x80,
    0xC1, 0x80, 0x03, 0xC1, 0x09, 0xC1, 0x09, 0x40, 0xC0, 0x02, 0x40, 0xC1, 0x04, 0xC7, 0x03, 0xC7, 0x40, 0x02, 0xC7, 0x03, 0xC7, 0x03, 0xC8, 0x02,
    0xC8, 0x02, 0xC6, 0x80, 0x03, 0xC6, 0x40, 0x03, 0xC6, 0x04, 0xC6, 0x03, 0x80, 0xC0, 0x80, 0x00, 0x40, 0xC2, 0x03, 0xC1, 0x40, 0x00, 0x80, 0xC2,
    0x40, 0x02, 0xC1, 0x01, 0x80, 0xC1, 0x80, 0x03, 0xC1, 0x02, 0x40, 0x05, 0x80, 0xC0, 0x0A, 0xC0, 0x03, 0x80, 0xC0, 0x04, 0xC7, 0x40, 0x02, 0xC7,
    0x80, 0x02, 0xC7, 0x40, 0x02, 0xC7, 0x80, 0x02, 0xC8, 0x40, 0x01, 0xC8, 0x02, 0xC6, 0x80, 0x03, 0xC6, 0x40, 0x03, 0xC6, 0x04, 0xC6, 0x03, 0x40,
    0xC1, 0x00, 0x40, 0xC2, 0x40, 0x02, 0xC1, 0x80, 0x00, 0x40, 0xC2, 0x40, 0x02, 0xC1, 0x40, 0x00, 0x80, 0xC1, 0x80, 0x03, 0x80, 0xC0, 0x02, 0x40,
    0x05, 0x40, 0xC0, 0x0A, 0xC0, 0x03, 0x80, 0xC0, 0x04, 0xC7, 0x80, 0x02, 0xC7, 0x80, 0x02, 0xC7, 0x80, 0x02, 0xC8, 0x02, 0xC8, 0x40, 0x01, 0xC7,
    0x80, 0x02, 0xC7, 0x03, 0xC6, 0x80, 0x03, 0xC6, 0x40, 0x03, 0xC6, 0x40, 0x02, 0x40, 0xC1, 0x00, 0x40, 0xC2, 0x80, 0x02, 0x80, 0xC0, 0x80, 0x00,
    0x40, 0xC2, 0x80, 0x02, 0x80, 0xC0, 0x40, 0x00, 0x80, 0xC1, 0x80, 0x03, 0x40, 0xC0, 0x02, 0x40, 0x06, 0xC0, 0x0A, 0xC0, 0x00, 0x40, 0x01, 0x80,
    0xC0, 0x40, 0x03, 0xC8, 0x02, 0xC7, 0x80, 0x02, 0xC7, 0x80, 0x02, 0xC8, 0x40, 0x01, 0xC8, 0x80, 0x01, 0xC7, 0x80, 0x02, 0xC7, 0x03, 0xC6, 0x80,
    0x03, 0xC6, 0x40, 0x03, 0xC6, 0x80, 0x03, 0xC1, 0x01, 0xC3, 0x02, 0x40, 0xC0, 0x80, 0x00, 0x40, 0xC3, 0x03, 0xC0, 0x80, 0x00, 0x40, 0xC1, 0x80,
    0x04, 0xC0, 0x40, 0x01, 0x40, 0x06, 0xC0, 0x0A, 0xC0, 0x00, 0x40, 0x01, 0x40, 0xC0, 0x80, 0x03, 0xC8, 0x02, 0xC8, 0x02, 0xC8, 0x02, 0xC9, 0x01,
    0xC8, 0x80, 0x01, 0xC7, 0x80, 0x02, 0xC7, 0x03, 0xC7, 0x03, 0xC6, 0x80, 0x03, 0xC7, 0x03, 0xC1, 0x01, 0xC3, 0x03, 0xC1, 0x01, 0xC2, 0x80, 0x03,
    0xC0, 0x80, 0x01, 0xC1, 0x80, 0x04, 0xC0, 0x40, 0x09, 0xC0, 0x00, 0x40, 0x03, 0x40, 0x03, 0xC0, 0x41, 0x01, 0x40, 0xC1, 0x03, 0xC8, 0x40, 0x01,
    0xC8, 0x02, 0xC8, 0x80, 0x01, 0xC9, 0x01, 0xC8, 0x80, 0x01, 0xC7, 0x80, 0x02, 0xC7, 0x40, 0x02, 0xC7, 0x03, 0xC7, 0x03, 0xC7, 0x40, 0x02, 0xC1,
    0x01, 0xC3, 0x40, 0x02, 0xC1, 0x01, 0xC2, 0x80, 0x03, 0xC1, 0x01, 0xC1, 0x40, 0x04, 0xC0, 0x80, 0x09, 0xC0, 0x41, 0x03, 0x80, 0x03, 0xC0, 0x81,
    0x02, 0xC1, 0x03, 0xC8, 0x80, 0x01, 0xC8, 0x80, 0x01, 0xC9, 0x40, 0x00, 0xC9, 0x40, 0x00, 0xC8, 0x40, 0x01, 0xC8, 0x02, 0xC7, 0x40, 0x02, 0xC7,
    0x40, 0x02, 0xC7, 0x40, 0x02, 0xC1, 0x80, 0x40, 0xC3, 0x80, 0x02, 0xC1, 0x01, 0x80, 0xC2, 0x40, 0x02, 0xC1, 0x01, 0xC2, 0x40, 0x03, 0xC1, 0x01,
    0x40, 0xC0, 0x40, 0x04, 0xC0, 0x80, 0x09, 0xC0, 0x80, 0x04, 0xC0, 0x40, 0x02, 0xC1, 0x41, 0x01, 0xC1, 0x03, 0xC9, 0x01, 0xC9, 0x01, 0xCA, 0x00,
    0xC9, 0x40, 0x00, 0xC8, 0x40, 0x01, 0xC8, 0x02, 0xC7, 0x80, 0x02, 0xC7, 0x80, 0x02, 0xC8, 0x02, 0xC1, 0x80, 0x00, 0x80, 0xC3, 0x02, 0xC1, 0x40,
    0x00, 0xC3, 0x03, 0xC1, 0x01, 0x40, 0xC1, 0x04, 0xC1, 0x02, 0x40, 0x05, 0xC1, 0x00, 0x40, 0x03, 0x80, 0x02, 0xC1, 0x00, 0x40, 0x01, 0x40, 0xC0,
    0x80, 0x02, 0xC2, 0x80, 0x01, 0x40, 0xC0, 0x40, 0x02, 0xC9, 0x40, 0x00, 0xCA, 0x00, 0xCA, 0x00, 0xC9, 0x01, 0xC8, 0x40, 0x01, 0xC8, 0x02, 0xC8,
    0x02, 0xC8, 0x02, 0xC2, 0x40, 0x80, 0xC3, 0x40, 0x01, 0xC1, 0x80, 0x00, 0x40, 0xC3, 0x02, 0xC1, 0x40, 0x00, 0x80, 0xC1, 0x80, 0x03, 0xC1, 0x40,
    0x01, 0x81, 0x04, 0xC1, 0x00, 0x40, 0x07, 0xC1, 0x00, 0x40, 0x02, 0x40, 0xC0, 0x02, 0xC1, 0x40, 0x80, 0x02, 0xC1, 0x02, 0xC3, 0x02, 0x81, 0x02,
    0xCA, 0x00, 0xCA, 0x80, 0xC9, 0x80, 0x00, 0xC9, 0x01, 0xC8, 0x80, 0x01, 0xC8, 0x40, 0x01, 0xC8, 0x80, 0x01, 0xC8, 0x80, 0x01, 0xC2, 0x01, 0xC3,
    0x40, 0x01, 0xC1, 0x80, 0x00, 0x40, 0xC2, 0x40, 0x02, 0xC1, 0x80, 0x01, 0x80, 0xC0, 0x40, 0x03, 0xC1, 0x40, 0x08, 0xC1, 0x40, 0x04, 0x81, 0x01,
    0xC1, 0x41, 0x02, 0x80, 0xC0, 0x40, 0x01, 0xC3, 0x40, 0x02, 0xC0, 0x02, 0xC3, 0x03, 0x40, 0x02, 0xD6, 0x80, 0xC9, 0x80, 0x00, 0xC9, 0x01, 0xC9,
    0x01, 0xC9, 0x01, 0xC9, 0x01, 0xC2, 0x80, 0x00, 0xC4, 0x01, 0xC2, 0x01, 0xC3, 0x02, 0xC2, 0x01, 0x80, 0xC1, 0x03, 0xC2, 0x02, 0x40, 0x04, 0xC1,
    0x80, 0x05, 0x80, 0x01, 0xC2, 0x04, 0xC1, 0x01, 0xC2, 0x41, 0x02, 0x81, 0x01, 0xC3, 0x80, 0x03, 0x40, 0x01, 0xC3, 0x80, 0x06, 0xD6, 0x40, 0xC9,
    0x80, 0x00, 0xC9, 0x40, 0x00, 0xC9, 0x40, 0x00, 0xC9, 0x80, 0x00, 0xC3, 0x80, 0xC4, 0x80, 0x00, 0xC2, 0x80, 0x00, 0x80, 0xC3, 0x01, 0xC2, 0x40,
    0x00, 0x80, 0xC2, 0x02, 0xC2, 0x40, 0x01, 0x81, 0x03, 0xC2, 0x06, 0x80, 0x00, 0xC2, 0x04, 0x40, 0xC0, 0x40, 0x00, 0xC2, 0x40, 0x03, 0x40, 0xC0,
    0x01, 0xC4, 0x40, 0x02, 0x40, 0x01, 0xC4, 0x40, 0x05, 0xC4, 0x06, 0xD6, 0x00, 0xCA, 0x00, 0xCA, 0x00, 0xCA, 0x00, 0xCA, 0x00, 0xC3, 0x40, 0x80,
    0xC3, 0x80, 0x00, 0xC2, 0x80, 0x00, 0x40, 0xC2, 0x80, 0x01, 0xC2, 0x80, 0x01, 0xC1, 0x40, 0x02, 0xC2, 0x80, 0x05, 0x40, 0x00, 0xC2, 0x80, 0x04,
    0x80, 0xC0, 0x00, 0xC2, 0x80, 0x04, 0xC0, 0x80, 0x00, 0xC2, 0x80, 0x40, 0x80, 0x02, 0x41, 0x00, 0xC5, 0x05, 0xC4, 0x80, 0x05, 0xC4, 0x80, 0x05,
    0xD6, 0x80, 0xCA, 0x40, 0xCA, 0x80, 0xCA, 0x80, 0xCA, 0x40, 0xC3, 0x00, 0x40, 0xC3, 0x40, 0x00, 0xC2, 0x80, 0x00, 0x40, 0xC2, 0x40, 0x01, 0xC2,
    0x80, 0x01, 0x80, 0x03, 0x40, 0xC3, 0x05, 0x81, 0xC2, 0x80, 0x04, 0x80, 0xC0, 0x40, 0xC3, 0x00, 0x40, 0x02, 0x80, 0xC0, 0x00, 0xC3, 0x40, 0xC0,
    0x03, 0x40, 0x00, 0xC5, 0x05, 0xC5, 0x05, 0xC5, 0x05, 0xFF, 0x81, 0xC4, 0x00, 0xC3, 0x00, 0x40, 0xC2, 0x80, 0x01, 0xC2, 0x80, 0x01, 0xC0, 0x80,
    0x03, 0xC2, 0x80, 0x01, 0x40, 0x03, 0xC4, 0x05, 0x80, 0xC4, 0x04, 0x80, 0xC0, 0x80, 0xC3, 0x41, 0x03, 0x41, 0xC5, 0x40, 0x04, 0xC5, 0x80, 0x04,
    0xC5, 0x80, 0x04, 0xC6, 0x04, 0xFA, 0x40, 0xC3, 0x41, 0xC2, 0x40, 0x01, 0xC2, 0x80, 0x01, 0xC1, 0x40, 0x02, 0xC2, 0x80, 0x01, 0x81, 0x03, 0xC3,
    0x02, 0x40, 0x80, 0x41, 0xC4, 0x40, 0x02, 0x40, 0xC7, 0x05, 0x80, 0xC4, 0x41, 0x04, 0xC6, 0x04, 0xC6, 0x04, 0xC6, 0x40, 0x03, 0xC8, 0x80, 0x01,
    0xED, 0x80, 0x40, 0xC3, 0x80, 0x40, 0xC3, 0x01, 0xC3, 0x01, 0xC2, 0x40, 0x01, 0xC3, 0x01, 0x40, 0xC1, 0x80, 0x41, 0xC3, 0x40, 0x02, 0x80, 0xC7,
    0x02, 0x40, 0xC7, 0x80, 0x05, 0xC5, 0x40, 0x04, 0xC6, 0x04, 0xC6, 0x80, 0x03, 0xC7, 0x03, 0xC9, 0x01, 0xC9, 0x01, 0xE2, 0x40, 0xC4, 0x80, 0xC3,
    0x80, 0x00, 0xC3, 0x01, 0xC3, 0x81, 0xC3, 0x01, 0x40, 0xC8, 0x40, 0x02, 0x40, 0xC7, 0x40, 0x01, 0x40, 0x80, 0xC7, 0x40, 0x04, 0xC6, 0x04, 0xC6,
    0x80, 0x03, 0xC7, 0x40, 0x02, 0xC8, 0x02, 0xCA, 0x40, 0xCA, 0x00, 0xCA, 0x40, 0xDC, 0x80, 0xC9, 0x40, 0x00, 0xC9, 0x01, 0x40, 0xC8, 0x40, 0x02,
    0x40, 0xC7, 0x40, 0x02, 0x80, 0xC7, 0x40, 0x04, 0xC6, 0x04, 0xC7, 0x03, 0xC8, 0x02, 0xC8, 0x80, 0x00, 0x40, 0xEF, 0xDB, 0x80, 0x00, 0xC9, 0x40,
    0x00, 0x40, 0xC8, 0x40, 0x02, 0x40, 0xC7, 0x40, 0x02, 0xC8, 0x40, 0x04, 0xC6, 0x04, 0xC7, 0x03, 0xC8, 0x40, 0x01, 0xC9, 0x41, 0xFB, 0xDB, 0x80,
    0x00, 0xC9, 0x40, 0x00, 0x40, 0xC8, 0x40, 0x03, 0x80, 0xC6, 0x40, 0x02, 0x80, 0xC0, 0x80, 0xC5, 0x40, 0x04, 0xC6, 0x04, 0xC7, 0x40, 0x02, 0xC8,
    0x80, 0x01, 0xC9, 0x80, 0x40, 0xFB, 0xDC, 0x80, 0xC9, 0x80, 0x00, 0x80, 0xC8, 0x40, 0x00, 0x40, 0x80, 0x40, 0xC6, 0x80, 0x03, 0xC7, 0x80, 0x02,
    0x41, 0x00, 0xC5, 0x80, 0x04, 0xC6, 0x40, 0x03, 0xC7, 0x80, 0x02, 0xC9, 0x80, 0x00, 0xFB, 0xE8, 0x80, 0xC9, 0x40, 0x00, 0xC9, 0x01, 0x40, 0x80,
    0x00, 0xC6, 0x40, 0x03, 0xC7, 0x80, 0x02, 0x40, 0x01, 0xC5, 0x80, 0x04, 0xC6, 0x40, 0x03, 0xC8, 0x40, 0x01, 0xCA, 0x40, 0xEF, 0xFF, 0x00, 0x40,
    0xC9, 0x01, 0x80, 0x40, 0x80, 0xC6, 0x03, 0x40, 0xC1, 0x80, 0xC4, 0x40, 0x05, 0xC5, 0x40, 0x04, 0xC6, 0x40, 0x03, 0xC8, 0x80, 0x01, 0xEF, 0xFF,
    0xCB, 0x40, 0xC9, 0x80, 0x00, 0x80, 0xC0, 0x80, 0xC6, 0x40, 0x03, 0xC7, 0x40, 0x02, 0x40, 0x02, 0xC4, 0x80, 0x05, 0xC5, 0x80, 0x04, 0xC8, 0x40,
    0x00, 0x40, 0xE3, 0xFF, 0xE2, 0x41, 0xC0, 0x80, 0xC7, 0x03, 0x80, 0xC1, 0x80, 0xC3, 0x40, 0x02, 0x40, 0x02, 0x80, 0xC3, 0x80, 0x05, 0x40, 0xC5,
    0x40, 0x03, 0x80, 0xC7, 0x80, 0x41, 0xD8, 0xFF, 0xEE, 0x40, 0xC9, 0x40, 0x00, 0x41, 0x80, 0xC6, 0x80, 0x03, 0x80, 0x01, 0x80, 0xC3, 0x80, 0x05,
    0x40, 0xC5, 0x80, 0x03, 0x40, 0xC7, 0x80, 0x41, 0xCD, 0xFF, 0xEE, 0x40, 0xC9, 0x40, 0x00, 0x80, 0x40, 0xC7, 0x80, 0x02, 0x40, 0x80, 0x01, 0xC5,
    0x40, 0x04, 0x80, 0xC5, 0x80, 0x03, 0x80, 0xC7, 0x80, 0x41, 0xCD, 0xFF, 0xEE, 0x00, 0xC0, 0x80, 0xC7, 0x80, 0x02, 0xC8, 0x40, 0x01, 0x41, 0x01,
    0xC5, 0x80, 0x04, 0x80, 0xC6, 0x40, 0x02, 0x80, 0xC8, 0x41, 0xCD, 0xFF, 0xED, 0x80, 0x00, 0x80, 0x40, 0xC8, 0x02, 0xC2, 0x80, 0xC5, 0x05, 0xC6,
    0x03, 0x40, 0xC7, 0x40, 0x01, 0x40, 0x80, 0xC7, 0x42, 0xCD, 0xFF, 0xE2, 0x80, 0xCA, 0x01, 0x40, 0xC8, 0x80, 0x01, 0xC1, 0x81, 0xC5, 0x05, 0xC6,
    0x40, 0x02, 0x80, 0xC0, 0x80, 0xC5, 0x40, 0x01, 0x41, 0x80, 0xC5, 0x80, 0x00, 0x40, 0x81, 0xC9, 0x80, 0xC1, 0xFF, 0xE1, 0x80, 0x00, 0xC0, 0x80,
    0xC8, 0x01, 0x80, 0xC8, 0x80, 0x01, 0x81, 0x01, 0xC5, 0x40, 0x03, 0x80, 0xC6, 0x80, 0x02, 0x41, 0x80, 0xC5, 0x40, 0x00, 0x80, 0xC0, 0x80, 0xC7,
    0x41, 0x80, 0xCD, 0xFF, 0xD6, 0x40, 0xC9, 0x80, 0x00, 0x41, 0xC8, 0x01, 0x40, 0xC2, 0x80, 0xC4, 0x80, 0x02, 0x40, 0x01, 0xC5, 0x80, 0x03, 0x80,
    0xC7, 0x02, 0x40, 0x00, 0x40, 0xC5, 0x01, 0x82, 0xC7, 0x80, 0xC0, 0x80, 0xCD, 0xFF, 0xD5, 0x80, 0x00, 0x80, 0xC8, 0x80, 0x02, 0x80, 0xC7, 0x40,
    0x01, 0xC9, 0x04, 0x40, 0xC5, 0x80, 0x40, 0x03, 0xC7, 0x02, 0x42, 0xC5, 0x01, 0x81, 0x40, 0x80, 0xC8, 0x80, 0xCD, 0xFF, 0xCA, 0x80, 0xCA, 0x01,
    0xC9, 0x02, 0x40, 0xC7, 0x80, 0x01, 0x80, 0xC8, 0x03, 0x41, 0xC6, 0x40, 0x03, 0x40, 0xC6, 0x03, 0x81, 0xC5, 0x01, 0x40, 0x80, 0x00, 0x80, 0xC5,
    0x80, 0xC1, 0x80, 0xC9, 0x80, 0xC2, 0xFF, 0xCA, 0x41, 0xC9, 0x01, 0x80, 0xC8, 0x40, 0x01, 0x40, 0x80, 0xC7, 0x01, 0x40, 0xC8, 0x40, 0x04, 0x40,
    0xC5, 0x80, 0x03, 0x40, 0xC6, 0x03, 0x81, 0xC5, 0x01, 0x40, 0x00, 0x40, 0xC6, 0x80, 0xC0, 0x81, 0xC9, 0x80, 0xC2, 0xFE, 0x80, 0xCA, 0x01, 0xC9,
    0x01, 0x80, 0xC8, 0x40, 0x01, 0x80, 0xC7, 0x80, 0x02, 0x82, 0xC5, 0x80, 0x04, 0x40, 0xC5, 0x40, 0x03, 0xC6, 0x80, 0x02, 0xC1, 0x80, 0xC4, 0x80,
    0x01, 0x82, 0xC7, 0x80, 0x40, 0x80, 0xCD, 0xF2, 0x80, 0xC9, 0x80, 0x00, 0x40, 0xC8, 0x80, 0x01, 0xC9, 0x40, 0x01, 0xC8, 0x40, 0x02, 0xC8, 0x40,
    0x04, 0x80, 0xC5, 0x04, 0xC6, 0x03, 0x40, 0xC6, 0x03, 0x80, 0xC0, 0x80, 0xC4, 0x81, 0x40, 0xC0, 0x40, 0x80, 0xC7, 0x82, 0xCD, 0xF2, 0x01, 0xC8,
    0x80, 0x01, 0xC9, 0x40, 0x01, 0xC8, 0x40, 0x01, 0x40, 0xC7, 0x80, 0x02, 0x80, 0xC8, 0x04, 0x80, 0xC5, 0x04, 0xC6, 0x03, 0xC7, 0x02, 0x41, 0xC7,
    0x81, 0xC0, 0x00, 0x40, 0x80, 0xC7, 0x80, 0x40, 0x80, 0xCC, 0xE6, 0x81, 0xC9, 0x01, 0x40, 0xC8, 0x01, 0x40, 0xC9, 0x01, 0x80, 0xC8, 0x02, 0xC8,
    0x40, 0x01, 0x40, 0xC8, 0x40, 0x01, 0x40, 0x80, 0xC6, 0x40, 0x03, 0xC6, 0x04, 0xC6, 0x03, 0x80, 0xC7, 0x82, 0x40, 0x80, 0xC7, 0x81, 0x00, 0xCD,
    0xE7, 0x40, 0xC9, 0x40, 0x01, 0xC8, 0x40, 0x01, 0xC9, 0x02, 0xC8, 0x02, 0x80, 0xC7, 0x80, 0x01, 0x40, 0xC8, 0x40, 0x01, 0x40, 0x80, 0xC6, 0x40,
    0x03, 0xC6, 0x04, 0xC6, 0x03, 0xC7, 0x80, 0x40, 0x80, 0x00, 0x81, 0xC7, 0x80, 0x41, 0xCD, 0xE7, 0x80, 0xC9, 0x40, 0x01, 0xC8, 0x80, 0x01, 0xC9,
    0x02, 0xC8, 0x02, 0x40, 0xC7, 0x40, 0x01, 0x40, 0xC8, 0x02, 0x80, 0xC7, 0x04, 0xC6, 0x04, 0xC5, 0x80, 0x03, 0x80, 0xC6, 0x43, 0x81, 0xC7, 0x80,
    0x00, 0x80, 0xC7, 0x80, 0xC4, 0xE7, 0x00, 0x80, 0xC8, 0x40, 0x01, 0xC9, 0x01, 0x40, 0xC8, 0x02, 0x80, 0xC7, 0x40, 0x01, 0xC8, 0x40, 0x01, 0xC9,
    0x02, 0xC8, 0x03, 0x80, 0xC5, 0x40, 0x03, 0x40, 0xC5, 0x42, 0x00, 0xCA, 0x40, 0x82, 0xC6, 0x83, 0xCD, 0xDB, 0x40, 0xC9, 0x80, 0x01, 0xC8, 0x80,
    0x01, 0xC9, 0x02, 0xC8, 0x40, 0x01, 0xC8, 0x40, 0x01, 0xC8, 0x40, 0x01, 0x80, 0xC7, 0x80, 0x02, 0x80, 0xC6, 0x40, 0x03, 0x80, 0xC5, 0x03, 0x40,
    0x80, 0xC7, 0x41, 0xC9, 0x41, 0x81, 0xC7, 0x83, 0xCD, 0xDB, 0x00, 0x40, 0xC8, 0x40, 0x01, 0xC9, 0x01, 0x80, 0xC8, 0x02, 0xC8, 0x40, 0x01, 0xC8,
    0x02, 0xC8, 0x40, 0x01, 0x80, 0xC7, 0x40, 0x02, 0x40, 0xC6, 0x04, 0x80, 0xC5, 0x00, 0x40, 0x80, 0x40, 0x80, 0xC7, 0x81, 0x40, 0xC8, 0x80, 0x40,
    0x82, 0xC6, 0x80, 0x40, 0x82, 0xCD, 0xDB, 0x00, 0x40, 0xC8, 0x80, 0x01, 0x80, 0xC8, 0x01, 0x80, 0xC8, 0x02, 0xC8, 0x40, 0x01, 0xC8, 0x40, 0x00,
    0x40, 0xC8, 0x40, 0x01, 0x80, 0xC7, 0x40, 0x02, 0x40, 0xC5, 0x80, 0x04, 0xC5, 0x80, 0x01, 0x40, 0x00, 0x40, 0xC7, 0x40, 0xCA, 0x40, 0xC1, 0x81,
    0xC6, 0x00, 0x40, 0x82, 0xCD, 0xDB, 0x40, 0x80, 0xC8, 0x80, 0x01, 0x80, 0xC8, 0x01, 0x80, 0xC8, 0x02, 0xC8, 0x40, 0x01, 0xC8, 0x40, 0x00, 0x40,
    0xC8, 0x40, 0x01, 0xC8, 0x03, 0xC6, 0x80, 0x04, 0xC5, 0x05, 0xC6, 0x40, 0x00, 0x40, 0x80, 0xC8, 0x40, 0xC0, 0x81, 0xC6, 0x80, 0x00, 0x82, 0xCE,
    0xDC, 0x80, 0xC9, 0x01, 0x40, 0xC8, 0x01, 0x40, 0xC8, 0x40, 0x01, 0xC8, 0x02, 0x80, 0xC6, 0x81, 0x01, 0xC8, 0x80, 0x01, 0x80, 0xC7, 0x80, 0x02,
    0xC7, 0x04, 0xC5, 0x05, 0xC5, 0x80, 0x40, 0x00, 0x81, 0xC8, 0x40, 0x81, 0xC7, 0x80, 0x41, 0x81, 0xCE, 0xDC, 0x40, 0x80, 0xC8, 0x80, 0x01, 0xC8,
    0x80, 0x01, 0xC7, 0x80, 0x02, 0x80, 0xC8, 0x02, 0xC8, 0x40, 0x01, 0xC8, 0x01, 0x40, 0xC7, 0x80, 0x02, 0xC7, 0x04, 0xC5, 0x80, 0x02, 0x41, 0xC8,
    0x80, 0x40, 0xC8, 0x81, 0x40, 0x80, 0xC7, 0x83, 0xCE, 0xD0, 0x80, 0xC9, 0x80, 0x01, 0xC9, 0x01, 0xC8, 0x40, 0x01, 0x80, 0xC6, 0x81, 0x01, 0x40,
    0xC8, 0x40, 0x01, 0xC8, 0x40, 0x00, 0x40, 0xC8, 0x02, 0xC7, 0x04, 0xC5, 0x80, 0x04, 0x80, 0xC4, 0x40, 0x01, 0x80, 0x00, 0x80, 0xC7, 0x40, 0xC0,
    0x40, 0xC8, 0x81, 0x40, 0x80, 0xC6, 0x84, 0xCE, 0xD0, 0x00, 0x80, 0xC8, 0x80, 0x01, 0xC9, 0x01, 0xC7, 0x40, 0x02, 0x40, 0xC6, 0x80, 0xC0, 0x02,
    0xC8, 0x40, 0x01, 0xC8, 0x02, 0x80, 0xC6, 0x80, 0x02, 0xC7, 0x04, 0xC5, 0x02, 0x80, 0x01, 0x80, 0xC4, 0x40, 0x00, 0x80, 0xC0, 0x40, 0x80, 0xC6,
    0x81, 0xC0, 0x81, 0xC6, 0x00, 0x80, 0xC0, 0x81, 0xC6, 0x85, 0xC7, 0x81, 0xC3, 0xD0, 0x00, 0x40, 0xC8, 0x80, 0x01, 0x80, 0xC8, 0x01, 0xC7, 0x80,
    0x40, 0x01, 0x40, 0xC6, 0x40, 0x80, 0x02, 0xC8, 0x40, 0x01, 0x80, 0xC7, 0x40, 0x00, 0x41, 0xC7, 0x02, 0xC7, 0x03, 0x40, 0xC5, 0x40, 0x04, 0x40,
    0xC4, 0x05, 0x80, 0xC4, 0x80, 0x40, 0x00, 0xC9, 0x40, 0x80, 0xC8, 0x40, 0x00, 0x84, 0xC5, 0x83, 0xC3, 0xD0, 0x40, 0x80, 0xC8, 0x40, 0x01, 0x80,
    0xC8, 0x01, 0x80, 0xC7, 0x80, 0x01, 0x40, 0xC6, 0x40, 0x03, 0xC6, 0x80, 0xC0, 0x40, 0x01, 0x80, 0xC7, 0x40, 0x00, 0x41, 0xC7, 0x02, 0xC8, 0x02,
    0x80, 0xC6, 0x40, 0x03, 0x40, 0xC5, 0x05, 0xC4, 0x40, 0x03, 0x40, 0xC6, 0x41, 0x80, 0xC8, 0x41, 0x82, 0xC5, 0x80, 0x00, 0x84, 0xC1, 0xDC, 0x01,
    0xC8, 0x80, 0x01, 0x40, 0xC8, 0x01, 0x40, 0xC7, 0x80, 0x02, 0xC7, 0x40, 0x03, 0xC5, 0x00, 0x41, 0x02, 0xC7, 0x40, 0x01, 0xC8, 0x02, 0x80, 0xC6,
    0x40, 0x03, 0xC5, 0x06, 0xC3, 0x80, 0x06, 0x80, 0xC2, 0x80, 0x05, 0x80, 0xC5, 0x80, 0x00, 0x40, 0x80, 0xC7, 0x40, 0x00, 0x40, 0x82, 0xC1, 0xD1,
    0x80, 0xC9, 0x01, 0x80, 0xC8, 0x02, 0xC8, 0x40, 0x01, 0xC7, 0x80, 0x02, 0x40, 0xC7, 0x40, 0x02, 0xC7, 0x40, 0x02, 0xC7, 0x02, 0x80, 0xC7, 0x02,
    0x40, 0xC6, 0x40, 0x03, 0xC5, 0x06, 0xC3, 0x07, 0x80, 0xC2, 0x80, 0x06, 0xC6, 0x80, 0x43, 0xC6, 0x82, 0x00, 0x40, 0xC1, 0xD0, 0x01, 0xC8, 0x80,
    0x02, 0xC8, 0x02, 0xC7, 0x80, 0x40, 0x01, 0x80, 0xC6, 0x40, 0x03, 0xC7, 0x40, 0x02, 0x40, 0xC6, 0x80, 0x02, 0x80, 0xC6, 0x02, 0x80, 0xC7, 0x03,
    0xC6, 0x05, 0xC3, 0x80, 0x07, 0xC1, 0x80, 0x08, 0xC2, 0x40, 0x06, 0x40, 0xC4, 0x02, 0x42, 0x80, 0xC3, 0x80, 0x00, 0x80, 0xC2, 0x81, 0xC0, 0xCF,
    0x80, 0x01, 0x40, 0xC7, 0x80, 0x02, 0x40, 0xC7, 0x02, 0x80, 0xC6, 0x80, 0x40, 0x01, 0x40, 0xC6, 0x40, 0x03, 0x80, 0xC6, 0x40, 0x03, 0xC6, 0x40,
    0x03, 0xC6, 0x40, 0x01, 0x80, 0xC7, 0x03, 0xC6, 0x40, 0x03, 0x40, 0xC4, 0x07, 0xC2, 0x08, 0x80, 0xC1, 0x08, 0x80, 0xC2, 0x07, 0xC3, 0x00, 0xC0,
    0x80, 0x40, 0x80, 0xC1, 0x00, 0xC0, 0xCF, 0x80, 0x01, 0x80, 0xC7, 0x03, 0x40, 0xC6, 0x80, 0x01, 0x40, 0x80, 0xC7, 0x40, 0x01, 0x80, 0xC5, 0x41,
    0x03, 0xC5, 0x80, 0x40, 0x03, 0x80, 0xC6, 0x04, 0xC6, 0x40, 0x02, 0x40, 0xC6, 0x02, 0x80, 0xC7, 0x03, 0xC6, 0x40, 0x04, 0x80, 0xC3, 0x80, 0x06,
    0x80, 0xC1, 0x80, 0x08, 0xC1, 0x40, 0x08, 0xC2, 0x06, 0x41, 0xCF, 0x80, 0x40, 0x80, 0xC7, 0x80, 0x02, 0x40, 0xC7, 0x03, 0x40, 0xC6, 0x40, 0x02,
    0xC8, 0x02, 0x40, 0xC7, 0x03, 0xC4, 0x80, 0x05, 0x40, 0xC4, 0x80, 0x40, 0x04, 0xC6, 0x03, 0x80, 0xC6, 0x02, 0x40, 0xC6, 0x80, 0x03, 0xC6, 0x40,
    0x04, 0xC5, 0x06, 0x80, 0xC2, 0x08, 0xC2, 0x08, 0xDB, 0x40, 0x00, 0x40, 0xC8, 0x03, 0xC7, 0x03, 0x40, 0xC7, 0x02, 0x80, 0xC7, 0x40, 0x02, 0x80,
    0xC6, 0x04, 0xC5, 0x05, 0x40, 0xC2, 0x80, 0x41, 0x05, 0xC2, 0x80, 0x00, 0x40, 0x03, 0x40, 0x80, 0xC5, 0x40, 0x02, 0xC7, 0x03, 0x80, 0xC6, 0x04,
    0xC5, 0x40, 0x04, 0x40, 0xC3, 0x40, 0x07, 0xDC, 0x80, 0x40, 0x80, 0xC8, 0x02, 0xC7, 0x40, 0x02, 0x40, 0xC7, 0x03, 0xC8, 0x03, 0xC6, 0x80, 0x03,
    0x40, 0xC3, 0x00, 0x40, 0x05, 0xC4, 0x07, 0xC4, 0x41, 0x04, 0xC4, 0x80, 0x03, 0x40, 0xC6, 0x40, 0x02, 0x80, 0xC6, 0x03, 0x40, 0xC5, 0x05, 0xC4,
    0x06, 0x80, 0xD1, 0x81, 0xC8, 0x40, 0x01, 0x40, 0xC7, 0x03, 0x80, 0xC6, 0x40, 0x03, 0xC7, 0x03, 0x40, 0xC7, 0x03, 0x80, 0xC5, 0x05, 0xC1, 0x40,
    0x00, 0x40, 0x80, 0x05, 0xC3, 0x40, 0x00, 0x40, 0x04, 0xC6, 0x40, 0x03, 0xC6, 0x40, 0x03, 0xC6, 0x04, 0xC5, 0x80, 0x04, 0xC5, 0x05, 0xC3, 0x80,
    0x06, 0xD1, 0x40, 0x00, 0x80, 0xC7, 0x40, 0x02, 0x80, 0xC6, 0x04, 0x40, 0xC5, 0x80, 0x03, 0x40, 0xC6, 0x40, 0x03, 0xC7, 0x04, 0xC1, 0x80, 0xC2,
    0x05, 0xC1, 0x40, 0x00, 0x41, 0x05, 0xC3, 0x01, 0x40, 0x04, 0xC4, 0x80, 0xC0, 0x04, 0xC6, 0x40, 0x03, 0xC6, 0x04, 0xC5, 0x80, 0x04, 0xC5, 0x05,
    0xC3, 0x80, 0x06, 0xD2, 0x80, 0xC8, 0x80, 0x02, 0xC7, 0x04, 0x40, 0xC5, 0x05, 0x40, 0xC4, 0x80, 0x03, 0x80, 0xC6, 0x40, 0x03, 0x80, 0xC1, 0x41,
    0xC1, 0x40, 0x04, 0xC2, 0x41, 0x80, 0x05, 0xC3, 0x07, 0xC3, 0x80, 0x40, 0x80, 0x04, 0xC6, 0x04, 0xC6, 0x04, 0xC6, 0x04, 0xC5, 0x80, 0x04, 0xC5,
    0x05, 0xDD, 0x40, 0x80, 0xC7, 0x80, 0x03, 0xC6, 0x80, 0x04, 0x80, 0xC5, 0x04, 0x40, 0xC5, 0x40, 0x03, 0x80, 0xC2, 0x40, 0x00, 0xC1, 0x40, 0x03,
    0xC3, 0x80, 0x40, 0x80, 0x05, 0xC3, 0x07, 0xC3, 0x40, 0x80, 0x05, 0xC5, 0x40, 0x04, 0xC5, 0x80, 0x04, 0xC6, 0x04, 0xC6, 0x04, 0xC5, 0x40, 0x04,
    0xE9, 0x41, 0xC8, 0x40, 0x02, 0xC7, 0x03, 0x40, 0xC6, 0x04, 0x40, 0xC1, 0x80, 0x00, 0x80, 0xC0, 0x80, 0x03, 0x40, 0xC3, 0x00, 0xC1, 0x80, 0x03,
    0x80, 0xC2, 0x00, 0x41, 0x05, 0xC2, 0x80, 0x07, 0xC5, 0x40, 0x04, 0xC5, 0x80, 0x04, 0xC6, 0x04, 0xC6, 0x40, 0x02, 0x40, 0xC6, 0x40, 0x02, 0x40,
    0xEA, 0x80, 0xC9, 0x40, 0x01, 0x40, 0xC6, 0x80, 0x03, 0xC2, 0x40, 0xC3, 0x03, 0xC2, 0x41, 0xC2, 0x40, 0x03, 0xC2, 0x00, 0x40, 0xC2, 0x40, 0x03,
    0xC2, 0x01, 0x40, 0x05, 0xC3, 0x42, 0x04, 0xC6, 0x04, 0xC6, 0x40, 0x03, 0xC3, 0x40, 0x06, 0xC3, 0x80, 0x06, 0xC4, 0x81, 0xC0, 0x40, 0x02, 0xE9,
    0x80, 0x01, 0x40, 0xC7, 0x03, 0x80, 0xC6, 0x03, 0x40, 0xC0, 0x41, 0xC3, 0x80, 0x03, 0xC1, 0x41, 0xC3, 0x40, 0x03, 0xC1, 0x40, 0x00, 0x41, 0x00,
    0x40, 0x03, 0xC2, 0x80, 0x00, 0x41, 0x04, 0xC2, 0x80, 0x01, 0x40, 0x04, 0xC3, 0x80, 0x40, 0x05, 0xC7, 0x40, 0x02, 0xC7, 0x80, 0x02, 0xC7, 0x80,
    0x02, 0xC7, 0x03, 0xDD, 0x80, 0x01, 0x80, 0xC6, 0x80, 0x03, 0xC7, 0x04, 0xC6, 0x40, 0x03, 0x80, 0x00, 0xC4, 0x80, 0x03, 0x40, 0xC0, 0x00, 0x40,
    0x80, 0xC1, 0x80, 0x40, 0x03, 0xC1, 0x40, 0x08, 0xC2, 0x40, 0x01, 0x80, 0x04, 0xC3, 0x40, 0x06, 0xC5, 0x80, 0xC0, 0x03, 0xC7, 0x40, 0x02, 0xC7,
    0x40, 0x02, 0xC7, 0x03, 0xC6, 0x40, 0x03, 0xDE, 0x01, 0x40, 0xC7, 0x40, 0x02, 0x40, 0xC6, 0x05, 0xC5, 0x80, 0x03, 0x40, 0x00, 0xC5, 0x03, 0x40,
    0x80, 0x01, 0x40, 0x81, 0x40, 0x80, 0x03, 0xC1, 0x80, 0x40, 0x07, 0xC3, 0x00, 0x40, 0x81, 0x03, 0xC3, 0x40, 0x06, 0xC6, 0x41, 0x02, 0xC8, 0x02,
    0xC7, 0x80, 0x02, 0xC7, 0x40, 0x02, 0xC7, 0x03, 0xDE, 0x80, 0x41, 0xC8, 0x03, 0xC6, 0x40, 0x03, 0x80, 0xC5, 0x80, 0x05, 0x40, 0xC4, 0x40, 0x03,
    0xC0, 0x40, 0x01, 0x80, 0xC1, 0x80, 0x40, 0x02, 0xC1, 0x80, 0x40, 0x07, 0xC5, 0x81, 0x03, 0xC3, 0x80, 0xC2, 0x03, 0xC3, 0x01, 0x41, 0x03, 0xC3,
    0x40, 0x06, 0xC8, 0x02, 0xC8, 0x02, 0xC8, 0x02, 0xE0, 0x81, 0xC8, 0x80, 0x02, 0xC6, 0x80, 0x03, 0xC7, 0x03, 0xC0, 0x41, 0xC4, 0x40, 0x02, 0xC0,
    0x40, 0x01, 0x80, 0xC3, 0x02, 0xC2, 0x40, 0x01, 0x81, 0x41, 0x01, 0xC4, 0x06, 0xC8, 0x40, 0x01, 0xC8, 0x40, 0x01, 0xC8, 0x80, 0x01, 0xC3, 0x80,
    0x41, 0x04, 0xC3, 0x40, 0x03, 0x41, 0x00, 0xC4, 0x40, 0xC3, 0x80, 0x00, 0xE2, 0x80, 0xC9, 0x40, 0x00, 0xC8, 0x80, 0x01, 0xC9, 0x01, 0xC2, 0x80,
    0xC5, 0x40, 0x00, 0xC1, 0x80, 0x01, 0x40, 0xC4, 0x00, 0xC3, 0x40, 0x01, 0x80, 0xC1, 0x81, 0xC5, 0x40, 0x04, 0xC6, 0x83, 0x40, 0xCA, 0x40, 0xCA,
    0x80, 0xD6, 0x80, 0xC8, 0x80, 0x40, 0x00, 0xE2, 0x40, 0xCA, 0x00, 0xCA, 0x40, 0xCE, 0x01, 0x40, 0xC9, 0x80, 0x02, 0x80, 0xC1, 0x40, 0xC5, 0x80,
    0x04, 0xC7, 0x80, 0x42, 0xFF, 0xC7, 0xCA, 0x80, 0xC9, 0x80, 0x00, 0xCA, 0x00, 0xCA, 0x40, 0xCD, 0x41, 0xC9, 0x40, 0x02, 0x81, 0xC1, 0x80, 0x40,
    0xC3, 0x80, 0x06, 0xC6, 0x80, 0x42, 0x80, 0xFF, 0xD3, 0xCA, 0x00, 0xCA, 0x00, 0xCA, 0x40, 0xD8, 0x80, 0x40, 0x80, 0xC8, 0x80, 0x01, 0x40, 0x81,
    0xC2, 0x80, 0x40, 0xC2, 0x80, 0x07, 0xC5, 0x80, 0x40, 0x00, 0x42, 0xFF, 0xD3, 0xC9, 0x80, 0x00, 0xCA, 0x00, 0xCA, 0x00, 0xD7, 0x80, 0x00, 0x40,
    0xC9, 0x40, 0x01, 0x80, 0xC9, 0x40, 0x01, 0x40, 0x80, 0xC0, 0x80, 0x40, 0x00, 0xC3, 0x80, 0x06, 0xC6, 0x80, 0x42, 0x80, 0xFF, 0xC7, 0xD6, 0x80,
    0xE4, 0x80, 0xCA, 0x01, 0x80, 0xC8, 0x80, 0x40, 0x00, 0x40, 0x80, 0xC8, 0x80, 0x03, 0x40, 0x80, 0x40, 0x00, 0xC3, 0x80, 0x40, 0x05, 0xC7, 0x83,
    0xFB, 0xF1, 0x40, 0x00, 0xC9, 0x40, 0x01, 0x80, 0xC7, 0x80, 0x40, 0x01, 0x40, 0x80, 0xC7, 0x80, 0x04, 0x80, 0xC5, 0x80, 0x05, 0xC7, 0x80, 0x40,
    0x01, 0xFF, 0xC7, 0xC2, 0x80, 0xC9, 0x80, 0x00, 0x40, 0xC9, 0x02, 0xC8, 0x80, 0x40, 0x01, 0x40, 0x80, 0xC7, 0x80, 0x03, 0x80, 0xC6, 0x80, 0x04,
    0xC7, 0x80, 0x40, 0x01, 0xCA, 0x40, 0xCA, 0x80, 0xCA, 0x00, 0xCA, 0x80, 0xFB, 0xC0, 0x40, 0x00, 0x40, 0xC8, 0x80, 0x02, 0xC8, 0x80, 0x03, 0x40,
    0xC7, 0x40, 0x04, 0x40, 0x80, 0xC4, 0x40, 0x05, 0xC7, 0x80, 0x02, 0xCA, 0x00, 0xC9, 0x80, 0x00, 0xC9, 0x80, 0x00, 0xFF, 0xD3, 0x01, 0x40, 0xC8,
    0x40, 0x02, 0xC8, 0x40, 0x02, 0x40, 0x80, 0xC7, 0x04, 0x80, 0xC6, 0x80, 0x04, 0x80, 0xC5, 0x40, 0x05, 0xC6, 0x80, 0x03, 0xC8, 0x80, 0x40, 0x00,
    0xFF, 0xDF, 0xCB, 0x80, 0xCA, 0x01, 0x80, 0xC8, 0x02, 0x40, 0xC7, 0x41, 0x03, 0x40, 0xC6, 0x80, 0x04, 0x40, 0xC5, 0x80, 0x05, 0x40, 0x00, 0xC4,
    0x80, 0x05, 0xC6, 0x80, 0x03, 0xC9, 0x01, 0xC9, 0x01, 0xC9, 0x01, 0xC9, 0x01, 0xC9, 0x80, 0x40, 0xD7, 0xEF, 0x00, 0x40, 0xC9, 0x02, 0x82, 0xC5,
    0x80, 0x40, 0x04, 0x40, 0x80, 0xC4, 0x80, 0x08, 0xC2, 0x80, 0x07, 0xC5, 0x80, 0x40, 0x03, 0xC9, 0x81, 0xF8, 0x81, 0x40, 0xFB, 0x82, 0xC8, 0x80,
    0x02, 0x40, 0x80, 0xC6, 0x40, 0x04, 0x40, 0x00, 0x42, 0xC0, 0x80, 0x41, 0x07, 0xC4, 0x81, 0x04, 0xC6, 0x80, 0x43, 0xFB, 0xF1, 0x81, 0xC9, 0x80,
    0x40, 0x01, 0x40, 0x80, 0xC5, 0x41, 0x06, 0x40, 0xC2, 0x41, 0x06, 0xC3, 0x80, 0xC1, 0x81, 0x02, 0xC8, 0x80, 0x40, 0x00, 0xFF, 0xC7, 0xF0, 0x42,
    0x80, 0xC7, 0x80, 0x40, 0x03, 0x40, 0x81, 0xC2, 0x80, 0x40, 0x08, 0xC0, 0x80, 0x43, 0x05, 0xC2, 0x80, 0xC3, 0x03, 0xC9, 0x81, 0xFF, 0xC7, 0xF0,
    0x80, 0x00, 0x41, 0xC8, 0x80, 0x40, 0x01, 0x40, 0x80, 0xC4, 0x80, 0x40, 0x07, 0x40, 0xC1, 0x41, 0x07, 0xC2, 0x40, 0xC1, 0x81, 0x03, 0xC7, 0x80,
    0x40, 0x01, 0xFF, 0xC7, 0xFF, 0xD5, 0x80, 0x40, 0x80, 0xC8, 0x80, 0x02, 0x80, 0xC6, 0x40, 0x03, 0x40, 0x80, 0xC4, 0x80, 0x06, 0x40, 0x80, 0xC2,
    0x80, 0x41, 0x05, 0xC6, 0x40, 0x03, 0xC7, 0x80, 0x02, 0xCA, 0x80, 0xCB, 0xFF, 0xFF, 0xD4, 0x41, 0xC8, 0x40, 0x02, 0x80, 0xC6, 0x80, 0x03, 0x80,
    0xC6, 0x40, 0x03, 0x41, 0xFF, 0xFF, 0xFF, 0xFF, 0xFF, 0xFF, 0xFF, 0xFF, 0xFF, 0xFF, 0xFF, 0x80, 0x41, 0x80, 0xC9, 0x40, 0x00, 0xEF, 0xCA, 0x40,
    0xC9, 0x01, 0xC8, 0x80, 0x01, 0xC9, 0x01, 0xC8, 0x80, 0x01, 0xC9, 0x80, 0x00, 0xD6, 0x40, 0xC8, 0x80, 0x01, 0xC6, 0x80, 0x02, 0x40, 0xC4, 0x40,
    0x00, 0x42, 0xC6, 0x80, 0xF5, 0xC3, 0x80, 0x06, 0xC3, 0x40, 0x06, 0xC3, 0x80, 0x06, 0xC4, 0x06, 0xC5, 0x80, 0x40, 0x02, 0xC8, 0x01, 0x80, 0xC7,
    0x80, 0x00, 0x40, 0xC7, 0x80, 0x01, 0x80, 0xC6, 0x80, 0x01, 0x80, 0xC6, 0x80, 0x01, 0xC7, 0x40, 0x00, 0x80, 0xC8, 0x40, 0xF7, 0xC1, 0x40, 0x08,
    0xC0, 0x80, 0x09, 0xC0, 0x80, 0x09, 0xC1, 0x05, 0xC5, 0x80, 0x04, 0xC9, 0x00, 0x40, 0xC9, 0x00, 0x80, 0xC8, 0x01, 0xC8, 0x40, 0x00, 0xC8, 0x80,
    0x00, 0x80, 0xC8, 0x00, 0xC9, 0x40, 0xF8, 0xC3, 0x06, 0x40, 0xC1, 0x80, 0x40, 0x06, 0xC1, 0x80, 0x07, 0xC2, 0x40, 0x04, 0x40, 0x80, 0xC3, 0x05,
    0xC5, 0x80, 0x04, 0xC6, 0x80, 0x40, 0x80, 0x40, 0x00, 0xC9, 0x00, 0x40, 0xC8, 0x80, 0x00, 0xC9, 0x00, 0x40, 0xC8, 0x80, 0x40, 0xC9, 0x00, 0xCA,
    0x80, 0xEB, 0xC2, 0x07, 0x40, 0xC2, 0x05, 0x40, 0xC4, 0x05, 0xC5, 0x04, 0x40, 0xC4, 0x40, 0x03, 0x40, 0xC4, 0x80, 0x03, 0x80, 0xC5, 0x80, 0x03,
    0xC7, 0x03, 0xC8, 0x80, 0xC0, 0x00, 0xC9, 0x80, 0x00, 0xC9, 0x41, 0xC9, 0x00, 0xC9, 0x81, 0xEA, 0xC2, 0x07, 0x40, 0xC1, 0x80, 0x05, 0x40, 0xC4,
    0x04, 0x80, 0xC5, 0x04, 0xC6, 0x03, 0x40, 0xC6, 0x03, 0xC6, 0x40, 0x02, 0xC7, 0x40, 0x02, 0xC8, 0x00, 0x40, 0x00, 0xCA, 0x00, 0xCA, 0x00, 0xC9,
    0x81, 0xC9, 0x80, 0xEA, 0xC4, 0x80, 0x04, 0x80, 0xC4, 0x40, 0x02, 0x40, 0x80, 0xC3, 0x04, 0x40, 0xC4, 0x80, 0x03, 0x80, 0xC6, 0x03, 0xC7, 0x02,
    0x40, 0xC7, 0x02, 0xC7, 0x80, 0x01, 0x40, 0xC8, 0x01, 0x40, 0xCA, 0x40, 0xCA, 0x40, 0xCA, 0x80, 0xF5, 0xC3, 0x40, 0x04, 0xC6, 0x03, 0x40, 0xC6,
    0x02, 0x40, 0xC5, 0x81, 0x01, 0x80, 0xC5, 0x80, 0x02, 0x40, 0xC7, 0x02, 0xC8, 0x02, 0xC8, 0x01, 0x80, 0xC8, 0x01, 0x80, 0xC8, 0x81, 0x40, 0xCA,
    0x40, 0xCA, 0x80, 0xF5, 0xC3, 0x00, 0x40, 0x01, 0xC7, 0x03, 0x40, 0xC6, 0x40, 0x02, 0xC7, 0x40, 0x01, 0x80, 0xC6, 0x80, 0x01, 0x80, 0xC6, 0x80,
    0x02, 0xC8, 0x01, 0x40, 0xC8, 0x40, 0x00, 0x80, 0xC8, 0x01, 0xC9, 0x80, 0x40, 0x80, 0xCA, 0x80, 0xFF, 0xC1, 0xC4, 0x80, 0x00, 0xC7, 0x80, 0x40,
    0x01, 0x80, 0xC6, 0x80, 0x02, 0x40, 0xC7, 0x02, 0xC8, 0x01, 0x80, 0xC7, 0x01, 0x40, 0xC8, 0x01, 0x80, 0xC8, 0x01, 0x80, 0xC8, 0x01, 0xC9, 0x80,
    0x40, 0xCA, 0x80, 0xFF, 0xC2, 0xC4, 0x00, 0x40, 0xC7, 0x81, 0x00, 0x40, 0xC7, 0x40, 0x02, 0x80, 0xC7, 0x02, 0xC8, 0x01, 0xC8, 0x01, 0x40, 0xC8,
    0x01, 0x80, 0xC8, 0x40, 0x00, 0x80, 0xC8, 0x40, 0x00, 0xC9, 0x80, 0x40, 0xCA, 0x80, 0xFF, 0xC2, 0xC3, 0x80, 0x00, 0xC8, 0x80, 0x40, 0x00, 0x40,
    0xC7, 0x40, 0x02, 0xC8, 0x01, 0x80, 0xC8, 0x01, 0xC8, 0x01, 0x80, 0xC8, 0x01, 0x80, 0xC8, 0x40, 0x00, 0xC9, 0x40, 0x00, 0xCA, 0x40, 0xFF, 0xCE,
    0xC3, 0x80, 0x00, 0xC8, 0x40, 0x02, 0xC7, 0x40, 0x02, 0xC8, 0x01, 0xC8, 0x80, 0x00, 0x40, 0xC8, 0x01, 0x80, 0xC8, 0x01, 0xC9, 0x40, 0x00, 0xC9,
    0x80, 0x00, 0xCA, 0x80, 0xFF, 0xCE, 0xC2, 0x80, 0x40, 0x00, 0x80, 0xC7, 0x03, 0xC7, 0x80, 0x01, 0x40, 0xC8, 0x01, 0xC8, 0x01, 0x40, 0xC8, 0x01,
    0x80, 0xC8, 0x40, 0x00, 0xC9, 0x40, 0x00, 0xCA, 0x00, 0xCA, 0x80, 0xFF, 0xCE, 0xC2, 0x40, 0x02, 0xC7, 0x40, 0x02, 0xC8, 0x01, 0x80, 0xC8, 0x01,
    0xC8, 0x01, 0x80, 0xC8, 0x01, 0x80, 0xC8, 0x80, 0x00, 0xC9, 0x80, 0x00, 0xCA, 0x40, 0xFF, 0xDA, 0xC2, 0x03, 0xC7, 0x40, 0x02, 0xC8, 0x01, 0xC8,
    0x80, 0x01, 0xC8, 0x01, 0x40, 0xC8, 0x01, 0x80, 0xC8, 0x80, 0x00, 0xC9, 0x80, 0x00, 0xCA, 0x40, 0xCA, 0x80, 0xFF, 0xCE, 0xC2, 0x40, 0x02, 0xC7,
    0x03, 0xC7, 0x80, 0x01, 0x80, 0xC8, 0x01, 0xC8, 0x01, 0x40, 0xC8, 0x01, 0x40, 0xC8, 0x80, 0x00, 0x80, 0xC9, 0x00, 0x80, 0xC9, 0x00, 0xCA, 0x40,
    0xFF, 0xCE, 0xC3, 0x40, 0xCA, 0x40, 0x00, 0x80, 0xC7, 0x03, 0xC7, 0x40, 0x01, 0x40, 0xC8, 0x01, 0xC8, 0x80, 0x01, 0xC8, 0x01, 0x40, 0xC8, 0x40,
    0x00, 0x40, 0xC9, 0x00, 0x80, 0xC9, 0x00, 0x40, 0xC9, 0x40, 0xCA, 0x80, 0xF6, 0xCF, 0x81, 0xC9, 0x40, 0xCA, 0x80, 0x40, 0x80, 0xC7, 0x03, 0xC7,
    0x40, 0x01, 0x40, 0xC8, 0x01, 0xC8, 0x80, 0x01, 0xC8, 0x01, 0x40, 0xC8, 0x40, 0x00, 0x40, 0xC9, 0x00, 0x40, 0xC9, 0x40, 0x00, 0xC9, 0x40, 0xCA,
    0x80, 0xDE, 0xE7, 0x81, 0xC9, 0x40, 0xCA, 0x81, 0xC8, 0x40, 0x02, 0xC7, 0x40, 0x02, 0xC8, 0x01, 0x80, 0xC8, 0x01, 0xC8, 0x01, 0x40, 0xC8, 0x01,
    0x40, 0xC8, 0x80, 0x00, 0x40, 0xC9, 0x40, 0x00, 0xC9, 0x41, 0xC5, 0x03, 0x40, 0x06, 0xFF, 0xCB, 0x40, 0x80, 0xC9, 0x40, 0x80, 0xC8, 0x80, 0x42,
    0xC7, 0x40, 0x02, 0xC8, 0x01, 0x40, 0xC8, 0x00, 0x40, 0xC5, 0x83, 0xC0, 0x80, 0x40, 0x84, 0x02, 0xC1, 0x80, 0x08, 0x80, 0xC0, 0x80, 0x09, 0xC1,
    0x05, 0xFF, 0xC0, 0x80, 0xC9, 0x80, 0x00, 0xC9, 0x40, 0x00, 0xC9, 0x80, 0x40, 0xC7, 0x80, 0x40, 0x80, 0x41, 0xC4, 0x81, 0x01, 0x80, 0x40, 0x01,
    0x83, 0x02, 0x40, 0xC2, 0x08, 0xC2, 0x08, 0xC1, 0x40, 0x07, 0x40, 0xC1, 0x08, 0xC1, 0x80, 0x05, 0xC3, 0x80, 0x40, 0xC9, 0x80, 0x40, 0xC9, 0x40,
    0x00, 0xC9, 0x40, 0x00, 0xC9, 0x01, 0xC9, 0x01, 0xC9, 0x01, 0x80, 0xC5, 0x80, 0x04, 0x40, 0x80, 0xC2, 0x80, 0x07, 0x40, 0xC1, 0x0F, 0x40, 0x80,
    0x09, 0x80, 0x40, 0x09, 0x81, 0x08, 0x40, 0xC2, 0x08, 0xC2, 0x08, 0xC1, 0x40, 0x04, 0xC3, 0x40, 0x00, 0xC9, 0x01, 0xC9, 0x01, 0xC9, 0x01, 0xC9,
    0x01, 0x81, 0xC4, 0x80, 0x41, 0x02, 0x40, 0x80, 0xC3, 0x40, 0x06, 0x80, 0xC1, 0x0A, 0x80, 0x28, 0x40, 0x09, 0x80, 0x40, 0x09, 0x41, 0x09, 0xC1,
    0x40, 0x07, 0x40, 0xC2, 0x40, 0x03, 0xC3, 0x01, 0xC9, 0x01, 0xC9, 0x01, 0x40, 0xC6, 0x81, 0x02, 0x40, 0xC4, 0x40, 0x05, 0x40, 0x80, 0xC1, 0x80,
    0x07, 0x40, 0x80, 0xC0, 0x3F, 0x17, 0x80, 0x40, 0x09, 0x41, 0x09, 0xC0, 0x80, 0x05, 0xC3, 0x01, 0x80, 0xC8, 0x02, 0xC5, 0x80, 0x41, 0x02, 0x40,
    0xC4, 0x41, 0x05, 0x80, 0xC1, 0x09, 0x40, 0x80, 0x3F, 0x2F, 0x80, 0x40, 0x09, 0x41, 0x05, 0xC2, 0x80, 0x02, 0x80, 0xC4, 0x41, 0x04, 0x80, 0xC2,
    0x80, 0x07, 0x80, 0xC1, 0x08, 0x40, 0x3F, 0x3F, 0x09, 0x80, 0x40, 0x05, 0x81, 0x05, 0x80, 0xC2, 0x80, 0x07, 0x40, 0xC1, 0x08, 0x40, 0x80, 0x3F,
    0x3F, 0x14, 0x41, 0x05, 0x80, 0x08, 0xC1, 0x40, 0x08, 0xC0, 0x80, 0x3F, 0x3F, 0x27, 0x40, 0x08, 0xC1, 0x09, 0x80, 0x3F, 0x3F, 0x28, 0x40, 0x08,
    0xC1, 0x3F, 0x3F, 0x33, 0x40, 0x08, 0x40, 0x80, 0x3F, 0x3F, 0x33, 0x3F, 0x3F, 0x3F, 0x3F, 0x3F, 0x3F, 0x3F, 0x3F, 0x3F, 0x3F, 0x3F, 0x3F, 0x3F,
    0x3F, 0x3F, 0x3F, 0x3F, 0x3F, 0x3F, 0x3F, 0x3F, 0x3F, 0x3F, 0x19, 0x40, 0x24, 0x3F, 0x3F, 0x3F, 0x3F, 0x3F, 0x3F, 0x2E, 0x40, 0x3F, 0x3F, 0x0F,
    0x21, 0x40, 0x3F, 0x3F, 0x1C, 0x20, 0x40, 0x28, 0x40, 0x3F, 0x33, 0x1E, 0x80, 0x36, 0x40, 0x3F, 0x27, 0x28, 0x40, 0x0A, 0x40, 0x1A, 0x40, 0x0E,
    0x40, 0x0C, 0x40, 0x1B, 0x40, 0x32, 0x04, 0x40, 0x38, 0x80, 0x38, 0x80, 0x0B, 0x40, 0x38, 0x3F, 0x13, 0x40, 0x0A, 0x80, 0x05, 0x40, 0x27, 0x40,
    0x0A, 0x40, 0x0A, 0x40, 0x12, 0x40, 0x02, 0x3F, 0x2F, 0x40, 0x00, 0x40, 0x3F, 0x02, 0x40, 0x08, 0x3F, 0x3F, 0x3F, 0x3F, 0x22, 0x40, 0x3F, 0x1B,
    0x3F, 0x22, 0x40, 0x3F, 0x1B, 0x3F, 0x23, 0x40, 0x3F, 0x1A, 0x3F, 0x24, 0x40, 0x10, 0x40, 0x06, 0x40, 0x02, 0x40, 0x30, 0x41, 0x00, 0x40, 0x06,
    0x3F, 0x31, 0x40, 0x3F, 0x03, 0x40, 0x07, 0x3F, 0x32, 0x40, 0x3F, 0x0B, 0x3F, 0x34, 0x40, 0x13, 0x40, 0x1C, 0x40, 0x16, 0x3F, 0x34, 0x40, 0x27,
    0x40, 0x20, 0x3B, 0xC0, 0x0A, 0xC0, 0x0A, 0x40, 0x20, 0x40, 0x28, 0x40, 0x1E, 0x2F, 0xC0, 0x80, 0x09, 0xC1, 0x09, 0xC1, 0x09, 0xC0, 0x40, 0x09,
    0xC0, 0x0A, 0x80, 0x09, 0x40, 0x3F, 0x07, 0x23, 0x80, 0x40, 0x09, 0xC1, 0x80, 0x08, 0xC2, 0x08, 0xC1, 0x80, 0x08, 0xC1, 0x09, 0xC0, 0x80, 0x09,
    0xC0, 0x09, 0x40, 0x80, 0x0A, 0xC0, 0x0A, 0x80, 0x05, 0x40, 0x03, 0x80, 0x0A, 0x80, 0x40, 0x09, 0x80, 0x0A, 0x23, 0xC1, 0x80, 0x08, 0xC2, 0x40,
    0x07, 0xC2, 0x80, 0x07, 0xC2, 0x40, 0x07, 0xC2, 0x08, 0xC1, 0x09, 0xC0, 0x80, 0x09, 0xC0, 0x0A, 0xC0, 0x40, 0x09, 0xC0, 0x40, 0x09, 0xC0, 0x40,
    0x09, 0xC0, 0x41, 0x08, 0x80, 0x40, 0x09, 0x17, 0x41, 0x09, 0xC2, 0x80, 0x07, 0xC3, 0x07, 0xC3, 0x40, 0x06, 0xC3, 0x07, 0xC2, 0x40, 0x07, 0xC1,
    0x80, 0x08, 0xC1, 0x09, 0xC0, 0x80, 0x09, 0xC1, 0x09, 0xC1, 0x09, 0xC1, 0x09, 0xC1, 0x09, 0xC1, 0x40, 0x08, 0x17, 0x82, 0x40, 0x07, 0xC3, 0x80,
    0x06, 0xC4, 0x06, 0xC4, 0x06, 0xC3, 0x80, 0x06, 0xC2, 0x80, 0x07, 0xC2, 0x08, 0xC1, 0x40, 0x08, 0xC1, 0x09, 0xC1, 0x40, 0x08, 0xC1, 0x40, 0x08,
    0xC1, 0x80, 0x08, 0xC1, 0x80, 0x08, 0xC1, 0x80, 0x08, 0x17, 0xC3, 0x80, 0x06, 0xC4, 0x80, 0x05, 0xC5, 0x05, 0xC4, 0x80, 0x05, 0xC4, 0x06, 0xC3,
    0x07, 0xC2, 0x80, 0x07, 0xC1, 0x80, 0x08, 0xC1, 0x80, 0x08, 0xC1, 0x80, 0x08, 0xC1, 0x80, 0x08, 0xC2, 0x08, 0xC2, 0x08, 0xC2, 0x08, 0x0C, 0x42,
    0x07, 0xC4, 0x80, 0x05, 0xC5, 0x40, 0x04, 0xC5, 0x40, 0x04, 0xC5, 0x05, 0xC4, 0x40, 0x05, 0xC3, 0x40, 0x06, 0xC3, 0x07, 0xC1, 0x80, 0x08, 0xC2,
    0x08, 0xC2, 0x08, 0xC2, 0x08, 0xC2, 0x08, 0xC2, 0x08, 0xC2, 0x08, 0x0C, 0x82, 0x40, 0x06, 0xC5, 0x40, 0x04, 0xC6, 0x04, 0xC6, 0x04, 0xC5, 0x40,
    0x04, 0xC4, 0x80, 0x05, 0xC3, 0x40, 0x06, 0xC3, 0x07, 0xC1, 0x80, 0x40, 0x07, 0xC2, 0x08, 0xC2, 0x08, 0xC2, 0x08, 0xC2, 0x08, 0xC2, 0x08, 0xC2,
    0x08, 0x0C, 0x80, 0xC2, 0x40, 0x05, 0xC5, 0x80, 0x04, 0xC6, 0x04, 0xC6, 0x04, 0xC5, 0x40, 0x04, 0xC4, 0x40, 0x05, 0xC3, 0x40, 0x06, 0x80, 0xC2,
    0x40, 0x06, 0x80, 0xC1, 0x40, 0x07, 0x80, 0xC1, 0x08, 0xC2, 0x40, 0x07, 0xC2, 0x40, 0x07, 0xC2, 0x40, 0x07, 0xC2, 0x40, 0x07, 0xC2, 0x40, 0x07,
    0x0C, 0x80, 0xC2, 0x80, 0x40, 0x04, 0xC6, 0x04, 0xC6, 0x80, 0x03, 0xC6, 0x04, 0xC5, 0x40, 0x04, 0xC4, 0x40, 0x05, 0xC3, 0x40, 0x06, 0x80, 0xC2,
    0x80, 0x06, 0x80, 0xC1, 0x40, 0x07, 0x80, 0xC1, 0x08, 0xC2, 0x40, 0x07, 0xC2, 0x40, 0x07, 0xC2, 0x40, 0x07, 0xC2, 0x40, 0x07, 0xC2, 0x40, 0x07,
    0x0C, 0xC4, 0x80, 0x04, 0xC6, 0x40, 0x03, 0xC6, 0x80, 0x03, 0xC6, 0x04, 0xC5, 0x40, 0x04, 0xC4, 0x40, 0x05, 0xC2, 0x80, 0x40, 0x06, 0x40, 0xC3,
    0x06, 0x40, 0xC1, 0x40, 0x07, 0x40, 0xC1, 0x40, 0x07, 0xC2, 0x40, 0x07, 0xC2, 0x40, 0x07, 0xC2, 0x40, 0x07, 0xC2, 0x40, 0x07, 0xC2, 0x40, 0x07,
    0x02, 0x41, 0x07, 0xC4, 0x80, 0x04, 0xC6, 0x80, 0x03, 0xC6, 0x80, 0x03, 0xC6, 0x04, 0xC5, 0x40, 0x04, 0xC4, 0x06, 0xC2, 0x80, 0x40, 0x06, 0x40,
    0xC3, 0x40, 0x05, 0x40, 0xC1, 0x80, 0x07, 0x40, 0xC1, 0x40, 0x07, 0xC2, 0x80, 0x07, 0xC2, 0x40, 0x07, 0xC2, 0x40, 0x07, 0xC2, 0x80, 0x07, 0xC2,
    0x80, 0x07, 0x02, 0x41, 0x06, 0x40, 0xC4, 0x80, 0x04, 0xC6, 0x40, 0x03, 0xC6, 0x04, 0xC5, 0x40, 0x04, 0xC4, 0x80, 0x05, 0xC3, 0x40, 0x06, 0xC2,
    0x80, 0x40, 0x07, 0xC2, 0x80, 0x40, 0x06, 0xC2, 0x40, 0x06, 0x40, 0xC1, 0x80, 0x07, 0xC2, 0x80, 0x07, 0xC2, 0x80, 0x07, 0xC2, 0x80, 0x07, 0xC3,
    0x07, 0xC3, 0x07, 0x01, 0x42, 0x06, 0x40, 0xC4, 0x80, 0x04, 0xC6, 0x04, 0xC5, 0x80, 0x04, 0xC4, 0x80, 0x05, 0xC3, 0x80, 0x06, 0xC2, 0x80, 0x07,
    0x80, 0xC2, 0x40, 0x07, 0xC2, 0x81, 0x06, 0xC2, 0x40, 0x07, 0xC2, 0x07, 0xC3, 0x07, 0xC3, 0x07, 0xC3, 0x07, 0xC3, 0x07, 0xC3, 0x07, 0x01, 0x42,
    0x06, 0x80, 0xC4, 0x05, 0xC5, 0x05, 0xC4, 0x40, 0x05, 0xC3, 0x07, 0xC2, 0x40, 0x07, 0xC2, 0x80, 0x08, 0x80, 0xC1, 0x40, 0x07, 0xC2, 0x81, 0x06,
    0xC2, 0x80, 0x07, 0xC2, 0x07, 0xC3, 0x07, 0xC3, 0x07, 0xC3, 0x07, 0xC3, 0x40, 0x06, 0xC3, 0x40, 0x06, 0x01, 0x42, 0x06, 0x80, 0xC3, 0x80, 0x05,
    0xC4, 0x06, 0xC3, 0x40, 0x06, 0xC3, 0x07, 0xC2, 0x40, 0x07, 0xC0, 0x80, 0xC0, 0x40, 0x08, 0x40, 0xC1, 0x40, 0x07, 0x80, 0xC2, 0x80, 0x06, 0x80,
    0xC1, 0x80, 0x07, 0x80, 0xC1, 0x07, 0x40, 0xC2, 0x40, 0x06, 0xC3, 0x40, 0x06, 0xC3, 0x40, 0x06, 0xC3, 0x40, 0x06, 0xC3, 0x80, 0x06, 0x01, 0x42,
    0x06, 0x80, 0xC3, 0x40, 0x05, 0xC3, 0x40, 0x06, 0xC3, 0x07, 0xC3, 0x07, 0xC2, 0x40, 0x07, 0x41, 0xC0, 0x40, 0x08, 0x40, 0xC1, 0x40, 0x07, 0x80,
    0xC2, 0x80, 0x06, 0x80, 0xC1, 0x80, 0x07, 0x40, 0xC1, 0x40, 0x06, 0x40, 0xC2, 0x40, 0x06, 0xC3, 0x40, 0x06, 0xC3, 0x40, 0x06, 0xC3, 0x80, 0x06,
    0xC3, 0x80, 0x06, 0x01, 0x41, 0x07, 0x80, 0xC3, 0x06, 0xC3, 0x07, 0xC3, 0x07, 0xC3, 0x40, 0x06, 0x80, 0xC1, 0x80, 0x09, 0xC0, 0x80, 0x09, 0xC1,
    0x40, 0x07, 0x40, 0xC2, 0x40, 0x06, 0x40, 0xC1, 0x80, 0x07, 0x40, 0xC1, 0x40, 0x06, 0x40, 0xC2, 0x80, 0x06, 0xC3, 0x80, 0x06, 0xC3, 0x80, 0x06,
    0xC3, 0x80, 0x06, 0xC4, 0x06, 0x01, 0x41, 0x07, 0x80, 0xC3, 0x06, 0xC2, 0x80, 0x07, 0xC3, 0x07, 0xC3, 0x40, 0x06, 0x80, 0xC1, 0x80, 0x09, 0xC0,
    0x80, 0x09, 0xC1, 0x40, 0x08, 0xC2, 0x41, 0x06, 0xC2, 0x40, 0x07, 0xC1, 0x80, 0x06, 0x40, 0xC2, 0x80, 0x06, 0xC3, 0x80, 0x06, 0xC3, 0x80, 0x06,
    0xC4, 0x06, 0xC4, 0x06, 0x00, 0x42, 0x07, 0x80, 0xC2, 0x80, 0x06, 0xC2, 0x80, 0x07, 0xC3, 0x07, 0xC3, 0x40, 0x06, 0xC2, 0x80, 0x09, 0xC1, 0x09,
    0xC1, 0x80, 0x08, 0xC2, 0x41, 0x06, 0xC2, 0x40, 0x07, 0xC1, 0x80, 0x07, 0xC2, 0x80, 0x06, 0xC4, 0x06, 0xC4, 0x06, 0xC4, 0x06, 0xC4, 0x06, 0x02,
    0x40, 0x07, 0x80, 0xC2, 0x80, 0x06, 0xC3, 0x07, 0xC3, 0x07, 0xC3, 0x80, 0x06, 0xC3, 0x09, 0xC1, 0x09, 0x80, 0xC0, 0x80, 0x08, 0xC2, 0x80, 0x40,
    0x06, 0xC2, 0x40, 0x07, 0xC1, 0x80, 0x07, 0xC3, 0x06, 0xC4, 0x06, 0xC4, 0x06, 0xC4, 0x06, 0xC4, 0x06, 0x0B, 0x40, 0xC3, 0x06, 0xC3, 0x07, 0xC3,
    0x07, 0xC3, 0x80, 0x06, 0xC3, 0x07, 0x40, 0x00, 0x80, 0xC0, 0x09, 0x80, 0xC1, 0x08, 0xC2, 0x80, 0x40, 0x06, 0xC2, 0x40, 0x07, 0xC2, 0x07, 0x80,
    0xC2, 0x06, 0xC4, 0x06, 0xC4, 0x06, 0xC4, 0x06, 0xC4, 0x06, 0x0C, 0x80, 0xC2, 0x06, 0xC3, 0x40, 0x06, 0xC3, 0x40, 0x06, 0xC3, 0x80, 0x06, 0xC3,
    0x07, 0xC0, 0x00, 0x80, 0xC0, 0x09, 0x80, 0xC1, 0x08, 0x80, 0xC1, 0x81, 0x06, 0x80, 0xC1, 0x80, 0x07, 0x80, 0xC1, 0x07, 0x80, 0xC2, 0x06, 0xC4,
    0x06, 0xC4, 0x06, 0xC4, 0x40, 0x05, 0xC4, 0x40, 0x05, 0x03, 0x40, 0x07, 0x80, 0xC2, 0x06, 0xC3, 0x80, 0x06, 0xC3, 0x40, 0x06, 0xC4, 0x06, 0xC3,
    0x07, 0xC0, 0x41, 0xC0, 0x40, 0x06, 0x40, 0x00, 0x40, 0xC1, 0x08, 0x80, 0xC1, 0x80, 0x41, 0x05, 0x80, 0xC1, 0x80, 0x07, 0x40, 0xC1, 0x07, 0x40,
    0xC2, 0x06, 0x80, 0xC3, 0x40, 0x05, 0xC4, 0x40, 0x05, 0xC4, 0x40, 0x05, 0x80, 0xC3, 0x80, 0x05, 0x0C, 0x80, 0xC2, 0x06, 0xC3, 0x80, 0x06, 0xC3,
    0x40, 0x06, 0xC4, 0x06, 0xC3, 0x40, 0x06, 0xC0, 0x41, 0xC0, 0x40, 0x06, 0x40, 0x00, 0x40, 0xC1, 0x08, 0x40, 0xC1, 0x80, 0x41, 0x05, 0x40, 0xC1,
    0x80, 0x07, 0x40, 0xC1, 0x08, 0xC2, 0x40, 0x05, 0x40, 0xC3, 0x40, 0x05, 0xC4, 0x40, 0x05, 0xC4, 0x80, 0x05, 0xC4, 0x80, 0x05, 0x0C, 0x40, 0xC2,
    0x40, 0x05, 0xC4, 0x06, 0xC3, 0x80, 0x06, 0xC4, 0x06, 0xC3, 0x40, 0x06, 0xC1, 0x40, 0xC0, 0x40, 0x06, 0x80, 0x01, 0xC1, 0x40, 0x07, 0x40, 0xC1,
    0x81, 0x40, 0x05, 0x40, 0xC2, 0x08, 0xC1, 0x40, 0x07, 0xC2, 0x40, 0x06, 0xC3, 0x80, 0x05, 0xC4, 0x80, 0x05, 0xC4, 0x80, 0x05, 0xC5, 0x05, 0x0C,
    0x40, 0xC2, 0x40, 0x05, 0x80, 0xC3, 0x06, 0xC3, 0x80, 0x06, 0xC4, 0x06, 0xC3, 0x80, 0x06, 0xC0, 0x80, 0x40, 0xC0, 0x80, 0x06, 0xC0, 0x01, 0xC1,
    0x80, 0x08, 0xC1, 0x81, 0x40, 0x06, 0xC2, 0x40, 0x07, 0xC1, 0x40, 0x07, 0xC2, 0x80, 0x06, 0x80, 0xC2, 0x80, 0x05, 0xC4, 0x80, 0x05, 0xC5, 0x05,
    0xC5, 0x05, 0x0C, 0x40, 0xC2, 0x40, 0x05, 0x80, 0xC3, 0x06, 0xC4, 0x06, 0xC4, 0x06, 0xC3, 0x80, 0x06, 0xC1, 0x40, 0xC0, 0x80, 0x06, 0xC0, 0x01,
    0xC1, 0x80, 0x08, 0xC1, 0x80, 0xC0, 0x40, 0x06, 0xC2, 0x40, 0x07, 0xC1, 0x80, 0x07, 0x80, 0xC1, 0x80, 0x05, 0x40, 0x80, 0xC3, 0x05, 0xC5, 0x05,
    0xC5, 0x05, 0xC5, 0x05, 0x0D, 0x80, 0xC1, 0x80, 0x05, 0x40, 0xC3, 0x06, 0xC4, 0x06, 0xC4, 0x40, 0x05, 0xC4, 0x06, 0xC1, 0x40, 0xC1, 0x06, 0xC0,
    0x40, 0x00, 0xC1, 0x80, 0x05, 0x40, 0x01, 0xC1, 0x80, 0xC0, 0x40, 0x06, 0xC2, 0x40, 0x07, 0xC1, 0x80, 0x07, 0x80, 0xC2, 0x06, 0xC4, 0x05, 0xC5,
    0x05, 0xC5, 0x05, 0xC5, 0x05, 0x0D, 0x80, 0xC1, 0x80, 0x05, 0x40, 0xC3, 0x06, 0xC4, 0x06, 0xC4, 0x40, 0x05, 0xC4, 0x06, 0xC1, 0x40, 0xC1, 0x06,
    0xC0, 0x40, 0x00, 0x80, 0xC1, 0x05, 0x40, 0x01, 0xC2, 0x80, 0x40, 0x06, 0xC2, 0x80, 0x07, 0x80, 0xC1, 0x07, 0x80, 0xC2, 0x05, 0x40, 0xC4, 0x05,
    0xC5, 0x05, 0xC5, 0x05, 0xC5, 0x05, 0x0D, 0x80, 0xC2, 0x05, 0x40, 0xC3, 0x80, 0x05, 0xC4, 0x40, 0x05, 0xC4, 0x80, 0x05, 0xC4, 0x06, 0xC1, 0x40,
    0x80, 0xC0, 0x06, 0xC0, 0x40, 0x00, 0x80, 0xC1, 0x05, 0x40, 0x01, 0x80, 0xC1, 0x80, 0x41, 0x05, 0x80, 0xC1, 0x80, 0x07, 0x80, 0xC1, 0x07, 0x80,
    0xC2, 0x05, 0x80, 0xC4, 0x05, 0xC5, 0x05, 0xC5, 0x05, 0x40, 0xC4, 0x40, 0x04, 0x0D, 0x80, 0xC2, 0x80, 0x05, 0xC4, 0x05, 0xC4, 0x40, 0x05, 0xC5,
    0x05, 0xC4, 0x40, 0x05, 0xC1, 0x40, 0x80, 0xC0, 0x40, 0x05, 0xC0, 0x01, 0x40, 0xC1, 0x08, 0x80, 0xC1, 0x80, 0x41, 0x05, 0x40, 0xC1, 0x80, 0x07,
    0x80, 0xC1, 0x07, 0x80, 0xC2, 0x05, 0x80, 0xC4, 0x05, 0xC5, 0x05, 0xC5, 0x40, 0x05, 0xC4, 0x40, 0x01, 0x40, 0x01, 0x03, 0x40, 0x80, 0x40, 0x06,
    0x80, 0xC4, 0x04, 0xC5, 0x40, 0x03, 0x80, 0xC4, 0x05, 0xC5, 0x05, 0xC4, 0x40, 0x05, 0xC0, 0x40, 0x00, 0x40, 0xC0, 0x80, 0x08, 0x40, 0xC1, 0x40,
    0x07, 0x80, 0xC1, 0x80, 0x40, 0x06, 0x40, 0xC1, 0x80, 0x40, 0x06, 0x40, 0xC1, 0x07, 0x80, 0xC2, 0x05, 0x80, 0xC4, 0x40, 0x04, 0xC5, 0x40, 0x04,
    0xC5, 0x40, 0x04, 0x40, 0xC4, 0x40, 0x04, 0x03, 0x40, 0x82, 0x40, 0x05, 0xC5, 0x80, 0x03, 0xC6, 0x80, 0x02, 0xC5, 0x80, 0x40, 0x03, 0xC4, 0x06,
    0x40, 0x00, 0xC1, 0x40, 0x08, 0x40, 0xC0, 0x40, 0x08, 0x40, 0xC1, 0x40, 0x07, 0x40, 0xC1, 0x40, 0x08, 0xC1, 0x80, 0x40, 0x06, 0x40, 0xC1, 0x07,
    0x80, 0xC2, 0x40, 0x04, 0xC5, 0x40, 0x04, 0xC5, 0x40, 0x04, 0xC5, 0x80, 0x04, 0x40, 0xC4, 0x80, 0x04, 0x04, 0x40, 0x81, 0x40, 0x05, 0x40, 0xC5,
    0x80, 0x02, 0x40, 0xC7, 0x80, 0x01, 0xC8, 0x80, 0x02, 0xC2, 0x81, 0x40, 0x05, 0xC1, 0x40, 0x08, 0x40, 0xC0, 0x80, 0x09, 0xC1, 0x40, 0x08, 0xC2,
    0x40, 0x07, 0x80, 0xC1, 0x40, 0x06, 0x40, 0xC1, 0x40, 0x06, 0x40, 0xC2, 0x40, 0x04, 0x80, 0xC4, 0x40, 0x04, 0xC5, 0x80, 0x04, 0xC5, 0x80, 0x05,
    0xC4, 0x80, 0x04, 0x06, 0x41, 0x06, 0x40, 0xC4, 0x80, 0x03, 0x80, 0xC7, 0x02, 0xC8, 0x02, 0x80, 0xC7, 0x02, 0xC1, 0x40, 0x00, 0x40, 0x06, 0x40,
    0xC0, 0x80, 0x00, 0x40, 0x07, 0xC2, 0x80, 0x07, 0xC1, 0x41, 0x07, 0x80, 0xC1, 0x40, 0x07, 0xC1, 0x41, 0x05, 0x40, 0xC2, 0x40, 0x04, 0x80, 0xC4,
    0x80, 0x04, 0xC5, 0x80, 0x04, 0xC6, 0x05, 0xC5, 0x04, 0x10, 0x80, 0xC2, 0x80, 0x40, 0x04, 0xC6, 0x80, 0x02, 0x40, 0xC7, 0x02, 0x40, 0xC7, 0x02,
    0xC1, 0x81, 0xC4, 0x02, 0x40, 0xC0, 0x80, 0x40, 0xC0, 0x07, 0xC2, 0x80, 0x07, 0xC1, 0x41, 0x07, 0x80, 0xC1, 0x40, 0x07, 0xC1, 0x80, 0x40, 0x06,
    0xC2, 0x80, 0x05, 0x80, 0xC3, 0x80, 0x04, 0xC6, 0x04, 0xC6, 0x04, 0x40, 0xC5, 0x40, 0x03, 0x11, 0x40, 0x81, 0x40, 0x05, 0x40, 0xC5, 0x40, 0x03,
    0xC7, 0x02, 0x40, 0xC7, 0x02, 0xC8, 0x02, 0x40, 0xC7, 0x03, 0xC1, 0x80, 0x40, 0x01, 0x40, 0x04, 0xC1, 0x40, 0x08, 0x80, 0xC1, 0x40, 0x07, 0xC1,
    0x80, 0x40, 0x06, 0x80, 0xC1, 0x80, 0x06, 0x80, 0xC3, 0x04, 0x80, 0xC5, 0x04, 0xC6, 0x05, 0xC5, 0x40, 0x03, 0x1D, 0x83, 0x05, 0x40, 0xC5, 0x80,
    0x03, 0xC7, 0x02, 0xC8, 0x02, 0x40, 0xC7, 0x03, 0xC7, 0x03, 0xC1, 0x41, 0x83, 0x03, 0x80, 0xC1, 0x40, 0x07, 0xC2, 0x40, 0x06, 0x80, 0xC2, 0x06,
    0x80, 0xC3, 0x04, 0x40, 0xC5, 0x04, 0xC6, 0x05, 0xC5, 0x40, 0x03, 0x27, 0x40, 0x81, 0xC2, 0x40, 0x04, 0xC7, 0x02, 0xC8, 0x03, 0xC7, 0x03, 0xC7,
    0x03, 0xC1, 0x80, 0xC4, 0x03, 0x80, 0xC1, 0x41, 0x81, 0x40, 0x03, 0x80, 0xC1, 0x07, 0x40, 0xC2, 0x40, 0x05, 0x80, 0xC3, 0x05, 0xC5, 0x04, 0x80,
    0xC5, 0x40, 0x04, 0xC5, 0x40, 0x03, 0x27, 0x40, 0x80, 0x09, 0xC5, 0x80, 0x03, 0x80, 0xC7, 0x03, 0xC7, 0x03, 0xC7, 0x03, 0x80, 0xC6, 0x03, 0x80,
    0xC1, 0x80, 0xC3, 0x03, 0x80, 0xC1, 0x40, 0x00, 0x42, 0x02, 0x40, 0xC2, 0x40, 0x05, 0x80, 0xC3, 0x05, 0xC5, 0x40, 0x03, 0x40, 0xC5, 0x40, 0x04,
    0x80, 0xC4, 0x80, 0x03, 0x28, 0x80, 0x40, 0x08, 0xC2, 0x07, 0x80, 0xC1, 0x00, 0x80, 0xC1, 0x40, 0x04, 0xC6, 0x80, 0x03, 0x80, 0xC6, 0x03, 0x80,
    0xC6, 0x03, 0x40, 0xC6, 0x03, 0x80, 0xC1, 0x40, 0x80, 0xC2, 0x02, 0x40, 0xC2, 0x40, 0x05, 0x80, 0xC3, 0x40, 0x04, 0xC5, 0x40, 0x03, 0x40, 0xC5,
    0x80, 0x04, 0x80, 0xC4, 0x80, 0x03, 0x27, 0x40, 0x80, 0x40, 0x08, 0x80, 0xC1, 0x08, 0xC1, 0x40, 0x08, 0x80, 0xC0, 0x80, 0x00, 0x81, 0x40, 0x04,
    0x40, 0xC5, 0x80, 0x03, 0x40, 0xC6, 0x03, 0x40, 0xC6, 0x03, 0x40, 0xC1, 0x80, 0xC3, 0x02, 0x40, 0xC2, 0x80, 0x00, 0x80, 0xC0, 0x02, 0x40, 0xC3,
    0x40, 0x04, 0x80, 0xC4, 0x80, 0x04, 0xC5, 0x80, 0x04, 0x80, 0xC5, 0x03, 0x28, 0x81, 0x08, 0x40, 0xC1, 0x40, 0x07, 0xC1, 0x80, 0x08, 0x40, 0xC1,
    0x08, 0x40, 0xC1, 0x42, 0x05, 0x40, 0xC5, 0x80, 0x04, 0xC1, 0x80, 0xC3, 0x03, 0x40, 0xC6, 0x03, 0xC2, 0x81, 0xC1, 0x02, 0x40, 0xC3, 0x80, 0x04,
    0x80, 0xC4, 0x80, 0x04, 0xC5, 0x80, 0x04, 0x80, 0xC5, 0x03, 0x28, 0x40, 0x80, 0x08, 0x40, 0xC1, 0x80, 0x07, 0xC2, 0x09, 0xC1, 0x09, 0xC1, 0x40,
    0x08, 0xC2, 0x40, 0x80, 0x06, 0xC1, 0x40, 0xC3, 0x03, 0x40, 0xC6, 0x03, 0xC2, 0x81, 0xC0, 0x80, 0x40, 0x01, 0x40, 0xC3, 0x80, 0x04, 0x80, 0xC4,
    0x80, 0x04, 0xC6, 0x04, 0x80, 0xC5, 0x03, 0x28, 0x40, 0xC0, 0x40, 0x07, 0x40, 0xC2, 0x07, 0x80, 0xC1, 0x09, 0xC1, 0x09, 0xC1, 0x80, 0x08, 0xC2,
    0x08, 0x80, 0xC0, 0x80, 0xC1, 0x40, 0x05, 0xC6, 0x03, 0xC2, 0x80, 0x40, 0xC0, 0x81, 0x01, 0x80, 0xC4, 0x04, 0x80, 0xC5, 0x04, 0xC6, 0x04, 0x80,
    0xC5, 0x03, 0x29, 0xC0, 0x40, 0x08, 0xC2, 0x02, 0x40, 0x04, 0xC1, 0x09, 0xC1, 0x40, 0x08, 0x80, 0xC1, 0x08, 0xC2, 0x08, 0x80, 0xC1, 0x40, 0x07,
    0xC4, 0x80, 0x40, 0x03, 0xC3, 0x00, 0x40, 0x80, 0xC0, 0x01, 0x40, 0xC4, 0x04, 0x80, 0xC5, 0x04, 0xC6, 0x40, 0x03, 0x40, 0xC5, 0x40, 0x02, 0x29,
    0xC0, 0x80, 0x08, 0x80, 0xC1, 0x08, 0xC1, 0x40, 0x08, 0x80, 0xC0, 0x40, 0x08, 0x80, 0xC1, 0x08, 0x80, 0xC1, 0x08, 0x40, 0xC1, 0x08, 0xC3, 0x80,
    0x40, 0x04, 0x80, 0xC2, 0x01, 0x80, 0xC0, 0x02, 0x80, 0xC3, 0x05, 0xC5, 0x04, 0x80, 0xC5, 0x40, 0x04, 0xC5, 0x80, 0x02, 0x29, 0x81, 0x08, 0x80,
    0xC1, 0x40, 0x07, 0xC1, 0x40, 0x08, 0x80, 0xC0, 0x80, 0x08, 0x40, 0xC1, 0x08, 0x80, 0xC1, 0x08, 0x40, 0xC1, 0x08, 0xC3, 0x80, 0x40, 0x04, 0x80,
    0xC2, 0x01, 0x80, 0xC0, 0x02, 0x80, 0xC3, 0x05, 0xC5, 0x04, 0x40, 0xC5, 0x40, 0x04, 0xC5, 0x80, 0x02, 0x29, 0x81, 0x08, 0x80, 0xC1, 0x40, 0x07,
    0xC1, 0x80, 0x08, 0x80, 0xC0, 0x80, 0x08, 0x40, 0xC1, 0x08, 0x80, 0xC1, 0x09, 0xC1, 0x40, 0x07, 0x80, 0xC3, 0x40, 0x04, 0x40, 0xC2, 0x01, 0x40,
    0xC0, 0x02, 0x80, 0xC3, 0x05, 0xC5, 0x40, 0x03, 0x40, 0xC5, 0x40, 0x04, 0xC5, 0x80, 0x02, 0x29, 0x81, 0x08, 0x40, 0xC1, 0x40, 0x07, 0xC1, 0x80,
    0x08, 0x40, 0xC0, 0x80, 0x08, 0x40, 0xC1, 0x08, 0x40, 0xC1, 0x09, 0xC1, 0x40, 0x07, 0x80, 0xC3, 0x40, 0x04, 0x40, 0xC2, 0x01, 0x40, 0xC0, 0x02,
    0x40, 0xC3, 0x05, 0x80, 0xC4, 0x40, 0x04, 0xC5, 0x40, 0x04, 0xC5, 0x80, 0x02, 0x29, 0x40, 0x80, 0x08, 0x40, 0xC1, 0x40, 0x07, 0xC1, 0x80, 0x08,
    0x40, 0xC0, 0x80, 0x09, 0xC1, 0x08, 0x40, 0xC1, 0x09, 0xC1, 0x80, 0x07, 0x80, 0xC3, 0x40, 0x04, 0x40, 0xC2, 0x01, 0x40, 0xC0, 0x02, 0x40, 0xC3,
    0x05, 0x80, 0xC4, 0x40, 0x04, 0xC5, 0x40, 0x04, 0xC5, 0x40, 0x02, 0x29, 0x40, 0x80, 0x08, 0x40, 0xC1, 0x80, 0x07, 0xC2, 0x08, 0x40, 0xC0, 0x80,
    0x09, 0xC1, 0x08, 0x40, 0xC1, 0x80, 0x08, 0xC1, 0x40, 0x80, 0x06, 0x80, 0xC2, 0x40, 0x80, 0x04, 0x40, 0xC2, 0x01, 0x40, 0xC0, 0x02, 0x80, 0xC3,
    0x02, 0x40, 0x01, 0xC5, 0x40, 0x03, 0x40, 0xC5, 0x40, 0x04, 0xC5, 0x40, 0x02, 0x2A, 0x40, 0x08, 0x40, 0xC1, 0x80, 0x07, 0x80, 0xC1, 0x08, 0x40,
    0xC0, 0x80, 0x09, 0xC2, 0x40, 0x07, 0xC1, 0x00, 0x81, 0x06, 0xC1, 0x01, 0x80, 0x05, 0x80, 0xC2, 0x00, 0xC0, 0x04, 0x40, 0xC2, 0x01, 0x80, 0x03,
    0x80, 0xC3, 0x40, 0x04, 0xC5, 0x40, 0x03, 0x40, 0xC5, 0x40, 0x04, 0x80, 0xC4, 0x80, 0x02, 0x2A, 0x40, 0x08, 0x40, 0xC1, 0x80, 0x07, 0x80, 0xC1,
    0x40, 0x08, 0xC1, 0x80, 0x40, 0x07, 0xC1, 0x41, 0x80, 0x06, 0xC1, 0x01, 0xC0, 0x06, 0xC1, 0x01, 0x80, 0x05, 0x40, 0xC1, 0x80, 0x40, 0x05, 0x40,
    0xC2, 0x40, 0x05, 0x80, 0xC3, 0x40, 0x04, 0xC5, 0x40, 0x03, 0x40, 0xC5, 0x80, 0x04, 0x80, 0xC4, 0x80, 0x02, 0x29, 0x40, 0x80, 0x09, 0xC1, 0x80,
    0x07, 0x40, 0xC2, 0x80, 0x07, 0xC1, 0x00, 0x40, 0xC0, 0x06, 0x80, 0xC0, 0x40, 0x80, 0x07, 0xC1, 0x40, 0x08, 0x80, 0xC0, 0x09, 0xC1, 0x40, 0x07,
    0xC2, 0x40, 0x05, 0x40, 0xC3, 0x80, 0x04, 0xC5, 0x80, 0x04, 0xC5, 0x80, 0x05, 0xC4, 0x80, 0x02, 0x29, 0x40, 0xC0, 0x40, 0x08, 0xC2, 0x80, 0x40,
    0x06, 0xC1, 0x80, 0xC0, 0x40, 0x06, 0x80, 0xC0, 0x40, 0x08, 0x40, 0xC0, 0x80, 0x08, 0xC1, 0x40, 0x08, 0x80, 0xC0, 0x40, 0x08, 0xC1, 0x80, 0x07,
    0xC2, 0x80, 0x05, 0x80, 0xC4, 0x04, 0xC6, 0x04, 0x80, 0xC5, 0x05, 0x80, 0xC4, 0x02, 0x29, 0x40, 0xC0, 0x81, 0x40, 0x06, 0xC2, 0x80, 0x07, 0xC1,
    0x40, 0x08, 0x40, 0xC0, 0x40, 0x08, 0x40, 0xC1, 0x08, 0x80, 0xC0, 0x80, 0x08, 0x80, 0xC0, 0x80, 0x08, 0xC2, 0x06, 0x40, 0xC3, 0x04, 0x40, 0xC5,
    0x04, 0xC6, 0x04, 0x40, 0xC5, 0x05, 0x40, 0xC4, 0x40, 0x01, 0x20, 0x80, 0x07, 0x40, 0xC1, 0x40, 0x07, 0x80, 0xC1, 0x08, 0x80, 0xC0, 0x80, 0x09,
    0xC0, 0x80, 0x09, 0xC1, 0x08, 0x80, 0xC0, 0x80, 0x08, 0x80, 0xC1, 0x08, 0xC2, 0x07, 0x80, 0xC2, 0x05, 0x40, 0xC4, 0x40, 0x03, 0x80, 0xC5, 0x80,
    0x04, 0x80, 0xC5, 0x05, 0x80, 0xC4, 0x01, 0x13, 0x41, 0x09, 0xC0, 0x08, 0x40, 0xC1, 0x08, 0x80, 0xC1, 0x08, 0x80, 0xC0, 0x40, 0x09, 0xC0, 0x80,
    0x08, 0x40, 0xC1, 0x08, 0xC2, 0x08, 0xC2, 0x08, 0xC2, 0x07, 0x40, 0xC2, 0x40, 0x05, 0x40, 0xC3, 0x80, 0x04, 0xC6, 0x04, 0xC6, 0x05, 0x80, 0xC4,
    0x40, 0x00, 0x06, 0x40, 0xC0, 0x09, 0x41, 0x09, 0xC0, 0x09, 0xC1, 0x40, 0x08, 0xC1, 0x80, 0x08, 0xC1, 0x09, 0x40, 0xC0, 0x40, 0x08, 0xC2, 0x07,
    0x40, 0x80, 0xC1, 0x08, 0x40, 0xC1, 0x08, 0x80, 0xC1, 0x08, 0xC2, 0x40, 0x06, 0xC3, 0x80, 0x04, 0x80, 0xC4, 0x80, 0x04, 0xC6, 0x04, 0x40, 0x80,
    0xC4, 0x01, 0x06, 0x81, 0x09, 0x80, 0x0A, 0xC0, 0x09, 0xC1, 0x08, 0x40, 0xC1, 0x40, 0x07, 0x40, 0xC1, 0x09, 0x80, 0xC0, 0x40, 0x08, 0xC2, 0x07,
    0x81, 0xC1, 0x07, 0x40, 0x00, 0xC1, 0x08, 0x40, 0xC1, 0x08, 0xC2, 0x40, 0x06, 0xC3, 0x40, 0x04, 0x40, 0xC4, 0x80, 0x04, 0xC5, 0x80, 0x04, 0x80,
    0xC5, 0x01, 0x28, 0x40, 0xC1, 0x08, 0x80, 0xC1, 0x08, 0x40, 0xC1, 0x08, 0x80, 0xC1, 0x08, 0x40, 0xC2, 0x07, 0x40, 0x80, 0xC1, 0x07, 0x80, 0x00,
    0xC1, 0x07, 0x41, 0xC1, 0x07, 0x40, 0xC2, 0x40, 0x05, 0x40, 0xC3, 0x40, 0x04, 0x80, 0xC4, 0x40, 0x04, 0xC5, 0x40, 0x04, 0x80, 0xC4, 0x80, 0x01,
    0x28, 0x40, 0xC1, 0x08, 0x80, 0xC1, 0x08, 0x80, 0xC1, 0x06, 0x80, 0xC3, 0x07, 0x80, 0xC3, 0x07, 0x40, 0xC2, 0x07, 0x40, 0x80, 0xC1, 0x07, 0x40,
    0x80, 0xC1, 0x07, 0x80, 0xC2, 0x05, 0x40, 0xC4, 0x40, 0x03, 0x80, 0xC5, 0x40, 0x03, 0xC6, 0x80, 0x03, 0x40, 0xC5, 0x80, 0x01, 0x1D, 0x40, 0x09,
    0xC2, 0x08, 0xC2, 0x08, 0xC1, 0x80, 0x03, 0x81, 0xC5, 0x04, 0x40, 0x80, 0xC5, 0x07, 0x40, 0xC2, 0x07, 0x40, 0xC2, 0x08, 0xC2, 0x07, 0x40, 0xC2,
    0x05, 0x40, 0x80, 0xC3, 0x40, 0x03, 0xC6, 0x80, 0x02, 0x80, 0xC7, 0x02, 0x40, 0xC7, 0x01, 0x1C, 0x40, 0x80, 0x09, 0xC2, 0x07, 0x40, 0xC2, 0x07,
    0x80, 0xC1, 0x80, 0x03, 0xC2, 0x80, 0xC3, 0x03, 0xC8, 0x07, 0x40, 0xC2, 0x08, 0xC2, 0x08, 0x80, 0xC1, 0x08, 0xC2, 0x07, 0xC3, 0x40, 0x03, 0x40,
    0x80, 0xC4, 0x80, 0x02, 0x80, 0xC7, 0x02, 0xC8, 0x01, 0x1C, 0xC1, 0x40, 0x07, 0x80, 0xC2, 0x07, 0x80, 0xC2, 0x06, 0x80, 0xC2, 0x80, 0x03, 0x80,
    0x40, 0xC4, 0x80, 0x03, 0xC3, 0x80, 0x00, 0xC2, 0x04, 0x40, 0x00, 0x40, 0x00, 0xC2, 0x06, 0x40, 0x00, 0xC2, 0x08, 0x80, 0xC1, 0x08, 0x80, 0xC1,
    0x40, 0x06, 0x40, 0xC2, 0x80, 0x06, 0xC3, 0x80, 0x04, 0x80, 0xC5, 0x02, 0x40, 0xC7, 0x01, 0x10, 0x41, 0x08, 0x80, 0xC1, 0x80, 0x07, 0xC3, 0x07,
    0xC3, 0x04, 0x43, 0xC2, 0x03, 0xC6, 0x80, 0x03, 0xC1, 0x80, 0x01, 0x40, 0xC2, 0x02, 0x80, 0x40, 0x00, 0x40, 0x01, 0xC2, 0x40, 0x03, 0x41, 0x01,
    0xC2, 0x08, 0xC2, 0x40, 0x08, 0xC1, 0x80, 0x07, 0x80, 0xC2, 0x06, 0x40, 0xC3, 0x06, 0xC4, 0x04, 0x40, 0xC5, 0x40, 0x00, 0x10, 0x81, 0x08, 0x80,
    0xC2, 0x07, 0xC3, 0x40, 0x06, 0x80, 0xC2, 0x40, 0x07, 0xC2, 0x40, 0x02, 0xC7, 0x03, 0xC0, 0x80, 0x41, 0x81, 0xC2, 0x40, 0x01, 0x80, 0x04, 0xC3,
    0x02, 0x40, 0x03, 0x80, 0xC1, 0x80, 0x01, 0x80, 0x04, 0x80, 0xC1, 0x80, 0x07, 0x40, 0xC2, 0x08, 0xC2, 0x07, 0x80, 0xC2, 0x40, 0x05, 0x40, 0xC3,
    0x80, 0x05, 0xC5, 0x00, 0x10, 0x40, 0x81, 0x07, 0x40, 0xC3, 0x06, 0x80, 0xC3, 0x07, 0xC3, 0x07, 0x40, 0xC2, 0x02, 0xC2, 0x82, 0xC1, 0x80, 0x02,
    0xC9, 0x07, 0x80, 0xC3, 0x07, 0xC2, 0x80, 0x07, 0xC2, 0x80, 0x07, 0xC3, 0x40, 0x07, 0xC2, 0x40, 0x06, 0x80, 0xC2, 0x80, 0x05, 0x40, 0xC3, 0x80,
    0x05, 0xC5, 0x12, 0x41, 0x08, 0xC2, 0x80, 0x06, 0x80, 0xC3, 0x06, 0x40, 0xC3, 0x07, 0x80, 0xC2, 0x40, 0x00, 0x46, 0x80, 0xC0, 0x80, 0x01, 0xC9,
    0x80, 0x06, 0x40, 0xC3, 0x80, 0x06, 0x40, 0xC3, 0x07, 0xC2, 0x80, 0x07, 0xC3, 0x07, 0x80, 0xC2, 0x07, 0x80, 0xC2, 0x07, 0xC3, 0x06, 0xC4, 0x1F,
    0x40, 0x80, 0x40, 0x07, 0x40, 0xC2, 0x40, 0x06, 0x80, 0xC3, 0x07, 0xC3, 0x07, 0x40, 0xC1, 0x80, 0xC7, 0x80, 0xC1, 0x80, 0xC0, 0x80, 0x43, 0x81,
    0xC3, 0x00, 0x40, 0x06, 0xC2, 0x41, 0x06, 0x80, 0xC1, 0x08, 0x80, 0xC1, 0x08, 0x80, 0xC1, 0x09, 0xC1, 0x08, 0xC2, 0x07, 0x40, 0xC2, 0x2C, 0xC2,
    0x07, 0x80, 0xC2, 0x07, 0x40, 0xC2, 0x08, 0x80, 0xC1, 0x00, 0x40, 0x86, 0x40, 0xC4, 0x84, 0xC3, 0x42, 0x05, 0x40, 0xC1, 0x00, 0x41, 0x06, 0xC1,
    0x09, 0x80, 0xC0, 0x09, 0x80, 0xC0, 0x09, 0x40, 0xC0, 0x09, 0xC1, 0x08, 0x40, 0xC1, 0x2D, 0x80, 0xC0, 0x08, 0x80, 0xC1, 0x08, 0x80, 0xC1, 0x09,
    0xC1, 0x02, 0x82, 0x44, 0xC0, 0x80, 0xC2, 0x82, 0xC4, 0x43, 0x05, 0x80, 0xC0, 0x02, 0x40, 0x06, 0xC0, 0x0A, 0xC0, 0x0A, 0xC0, 0x0A, 0xC0, 0x09,
    0x40, 0xC0, 0x09, 0x80, 0xC0, 0x2E, 0x80, 0x09, 0x80, 0xC0, 0x09, 0xC1, 0x0A, 0xC0, 0x03, 0x46, 0x82, 0xC2, 0x82, 0xC3, 0x44, 0x05, 0xC0, 0x03,
    0x40, 0x05, 0x40, 0x2E, 0x40, 0x0A, 0xC0, 0x3A, 0x80, 0x0A, 0xC0, 0x10, 0x80, 0x45, 0x82, 0xC2, 0x81, 0xC3, 0x41, 0x80, 0x42, 0x0A, 0x40, 0x3F,
    0x01, 0x3F, 0x19, 0x82, 0x42, 0xC0, 0x82, 0xC7, 0x80, 0x41, 0x81, 0x41, 0x0A, 0x40, 0x3F, 0x00, 0x3F, 0x1A, 0x84, 0xC1, 0x82, 0xC7, 0x82, 0xC1,
    0x42, 0x0A, 0x40, 0x09, 0x40, 0x33, 0x3F, 0x1B, 0x40, 0x80, 0xC5, 0x81, 0xC9, 0x80, 0xC1, 0x83, 0x15, 0x80, 0x40, 0x30, 0x3F, 0x1D, 0x41, 0xC5,
    0x82, 0xCD, 0x80, 0x01, 0x42, 0x03, 0x41, 0x3C, 0x3F, 0x15, 0x43, 0x05, 0xC8, 0x80, 0xCD, 0x00, 0x42, 0x81, 0x41, 0x02, 0x40, 0x3B, 0x3F, 0x1F,
    0xC8, 0x82, 0xCB, 0x81, 0xC6, 0x80, 0x41, 0x3B, 0x3F, 0x1F, 0x40, 0x81, 0xC6, 0x80, 0x40, 0xD7, 0x03, 0x45, 0x31, 0x3F, 0x20, 0x42, 0x82, 0xC1,
    0x81, 0x40, 0xD7, 0x01, 0x42, 0x85, 0x40, 0x2F, 0x08, 0x40, 0xC0, 0x80, 0x09, 0x80, 0x3F, 0x0C, 0x42, 0x83, 0x40, 0xD7, 0x00, 0x41, 0x81, 0xC6,
    0x2F, 0x06, 0x80, 0xC0, 0x80, 0x08, 0xC0, 0x80, 0x09, 0xC1, 0x40, 0x08, 0x40, 0x80, 0x3A, 0x42, 0x00, 0x40, 0x80, 0xD5, 0x40, 0x81, 0xC8, 0x2F,
    0x06, 0xC3, 0x06, 0x80, 0xC1, 0x40, 0x06, 0x40, 0xC1, 0x80, 0x07, 0x81, 0x40, 0x08, 0xC1, 0x09, 0x81, 0x09, 0x40, 0x1F, 0x40, 0x82, 0xD1, 0x80,
    0xCA, 0x03, 0x42, 0x84, 0x23, 0x04, 0x80, 0xC3, 0x06, 0xC3, 0x80, 0x06, 0x80, 0xC2, 0x40, 0x05, 0x40, 0xC1, 0x81, 0x06, 0xC2, 0x07, 0x40, 0xC1,
    0x40, 0x07, 0x80, 0xC0, 0x80, 0x08, 0x80, 0xC0, 0x09, 0x40, 0x80, 0x0C, 0x45, 0x81, 0xD5, 0x41, 0x81, 0xC7, 0x23, 0x05, 0x80, 0xC2, 0x80, 0x05,
    0x80, 0xC3, 0x05, 0x80, 0xC3, 0x05, 0x80, 0xC3, 0x40, 0x06, 0xC3, 0x02, 0x40, 0x02, 0x80, 0xC2, 0x80, 0x06, 0xC1, 0x41, 0x06, 0x80, 0xC0, 0x80,
    0x08, 0xC1, 0x40, 0x08, 0xC1, 0x80, 0x06, 0x81, 0xD5, 0x82, 0xC8, 0x09, 0x41, 0x17, 0x05, 0x80, 0xC2, 0x06, 0x40, 0xC2, 0x80, 0x06, 0xC3, 0x06,
    0x80, 0xC2, 0x40, 0x05, 0x40, 0xC3, 0x05, 0x40, 0xC3, 0x03, 0xC0, 0x01, 0xC3, 0x80, 0x02, 0x81, 0x01, 0xC3, 0x40, 0x02, 0x40, 0x01, 0x40, 0xC3,
    0x06, 0x80, 0xC1, 0x80, 0x06, 0x40, 0xC3, 0x84, 0x40, 0xD8, 0x80, 0x40, 0xC0, 0x40, 0x04, 0x41, 0x80, 0x17, 0x03, 0x80, 0xC2, 0x80, 0x07, 0xC2,
    0x40, 0x06, 0x80, 0xC2, 0x07, 0xC2, 0x80, 0x06, 0x40, 0xC2, 0x03, 0x80, 0x02, 0xC2, 0x80, 0x03, 0xC0, 0x01, 0x80, 0xC2, 0x03, 0x40, 0xC0, 0x00,
    0x40, 0xC3, 0x03, 0xC1, 0x00, 0xC3, 0x40, 0x02, 0xC2, 0x00, 0xC3, 0x40, 0x01, 0x41, 0x00, 0xC0, 0x40, 0xC3, 0x41, 0x02, 0x40, 0xD8, 0x80, 0xC1,
    0x80, 0x03, 0x41, 0x84, 0x08, 0x41, 0x09, 0x03, 0xC4, 0x06, 0xC4, 0x07, 0x80, 0xC1, 0x80, 0x06, 0x40, 0xC2, 0x40, 0x06, 0xC3, 0x02, 0x80, 0x02,
    0x40, 0xC2, 0x80, 0x01, 0x40, 0xC0, 0x02, 0xC3, 0x02, 0xC1, 0x01, 0xC3, 0x02, 0x40, 0xC1, 0x00, 0xC3, 0x80, 0x02, 0x80, 0xC1, 0x00, 0xC3, 0x40,
    0x02, 0xC2, 0x00, 0xC3, 0x02, 0xDB, 0x80, 0xC2, 0x02, 0x41, 0xC2, 0x80, 0xC0, 0x80, 0x04, 0x40, 0xC1, 0x00, 0x40, 0x0A, 0x03, 0xC4, 0x40, 0x05,
    0x40, 0xC3, 0x40, 0x07, 0xC2, 0x07, 0x80, 0xC2, 0x01, 0x80, 0x03, 0x40, 0xC2, 0x80, 0x01, 0xC0, 0x03, 0xC3, 0x01, 0x40, 0xC0, 0x02, 0xC3, 0x40,
    0x01, 0xC1, 0x01, 0x80, 0xC2, 0x80, 0x01, 0xC2, 0x00, 0xC4, 0x01, 0x40, 0xC2, 0x00, 0xC3, 0x40, 0x02, 0xC2, 0x40, 0xC3, 0x02, 0x80, 0xC7, 0x81,
    0x40, 0xD3, 0x40, 0x82, 0xC3, 0x42, 0x04, 0x80, 0xC1, 0x80, 0x07, 0x81, 0x01, 0x04, 0xC3, 0x80, 0x07, 0xC2, 0x40, 0x07, 0xC2, 0x01, 0x40, 0x04,
    0x80, 0xC2, 0x01, 0x80, 0x04, 0xC3, 0x01, 0xC0, 0x03, 0xC3, 0x01, 0x80, 0xC0, 0x02, 0x80, 0xC2, 0x40, 0x01, 0xC1, 0x01, 0x80, 0xC2, 0x80, 0x01,
    0xC2, 0x00, 0xC4, 0x01, 0x40, 0xC2, 0x00, 0xC3, 0x40, 0x02, 0xC2, 0x80, 0xC3, 0x02, 0x80, 0xC6, 0x80, 0x41, 0x00, 0xDB, 0x07, 0x80, 0xC1, 0x80,
    0x0B, 0x03, 0x40, 0xC3, 0x40, 0x07, 0xC2, 0x40, 0x07, 0xC2, 0x01, 0x80, 0x04, 0x80, 0xC2, 0x01, 0xC0, 0x04, 0xC2, 0x80, 0x01, 0xC0, 0x03, 0xC3,
    0x01, 0x80, 0xC0, 0x02, 0x80, 0xC2, 0x40, 0x01, 0xC1, 0x01, 0x80, 0xC2, 0x80, 0x01, 0x80, 0xC1, 0x00, 0x80, 0xC3, 0x01, 0x40, 0xC2, 0x00, 0xC3,
    0x80, 0x02, 0xC2, 0x40, 0xC3, 0x02, 0x40, 0xC7, 0x42, 0xD2, 0x83, 0xC4, 0x08, 0x40, 0x00, 0x40, 0x0B, 0x02, 0x40, 0xC4, 0x40, 0x00, 0xC0, 0x03,
    0x80, 0xC3, 0x01, 0x80, 0x05, 0xC2, 0x01, 0xC0, 0x04, 0x40, 0xC2, 0x01, 0xC0, 0x04, 0xC2, 0x80, 0x00, 0x40, 0xC0, 0x03, 0x40, 0xC2, 0x01, 0x80,
    0xC0, 0x03, 0xC2, 0x40, 0x01, 0xC1, 0x02, 0xC2, 0x80, 0x01, 0x80, 0xC1, 0x01, 0xC3, 0x02, 0xC2, 0x01, 0xC3, 0x02, 0xC2, 0x00, 0xC3, 0x40, 0x01,
    0x40, 0xDA, 0x00, 0x41, 0x04, 0x40, 0x81, 0xC0, 0x17, 0x02, 0xC5, 0x00, 0x80, 0xC0, 0x02, 0x80, 0xC4, 0x00, 0x40, 0xC0, 0x03, 0x40, 0x00, 0xC2,
    0x01, 0xC0, 0x05, 0xC1, 0x80, 0x00, 0x40, 0xC0, 0x04, 0x40, 0xC1, 0x80, 0x00, 0x80, 0xC0, 0x04, 0xC2, 0x01, 0x80, 0xC0, 0x03, 0x80, 0xC1, 0x80,
    0x01, 0xC1, 0x02, 0x40, 0xC2, 0x01, 0x40, 0xC1, 0x02, 0xC2, 0x80, 0x01, 0xC2, 0x01, 0x40, 0xC2, 0x02, 0xC2, 0x41, 0xC3, 0x40, 0x01, 0xCE, 0x80,
    0x40, 0x82, 0x41, 0x81, 0xC2, 0x23, 0x02, 0x80, 0xC4, 0x80, 0xC1, 0x02, 0x80, 0xC4, 0x00, 0x80, 0xC0, 0x03, 0x40, 0x00, 0x80, 0xC1, 0x00, 0x80,
    0xC0, 0x05, 0x80, 0xC0, 0x80, 0x00, 0x40, 0xC0, 0x05, 0xC1, 0x80, 0x00, 0x80, 0xC0, 0x04, 0x40, 0xC1, 0x40, 0x00, 0xC1, 0x04, 0xC2, 0x01, 0xC1,
    0x03, 0x40, 0xC1, 0x40, 0x00, 0x40, 0xC1, 0x03, 0xC2, 0x01, 0x80, 0xC1, 0x02, 0x40, 0xC1, 0x80, 0x01, 0x80, 0xC1, 0x82, 0xC3, 0x80, 0x40, 0xCE,
    0x08, 0x40, 0x81, 0x23, 0x03, 0xC7, 0x03, 0xC4, 0x81, 0xC0, 0x03, 0x42, 0xC1, 0x00, 0x40, 0xC0, 0x06, 0xC1, 0x00, 0x40, 0xC0, 0x05, 0x40, 0xC0,
    0x80, 0x00, 0x40, 0xC0, 0x05, 0x80, 0xC0, 0x80, 0x00, 0x80, 0xC0, 0x05, 0xC1, 0x01, 0x80, 0xC0, 0x04, 0x80, 0xC0, 0x80, 0x01, 0xC1, 0x03, 0x40,
    0xC1, 0x40, 0x00, 0x40, 0xC1, 0x03, 0x40, 0xC1, 0x01, 0x40, 0xC1, 0x82, 0xC9, 0x85, 0x40, 0x80, 0xC2, 0x2F, 0x04, 0x80, 0xC5, 0x03, 0x40, 0xC6,
    0x04, 0x80, 0x40, 0xC1, 0x40, 0x80, 0xC0, 0x06, 0xC1, 0x01, 0xC0, 0x06, 0xC1, 0x01, 0x80, 0x06, 0xC1, 0x01, 0xC0, 0x05, 0x40, 0xC0, 0x80, 0x01,
    0xC0, 0x05, 0xC1, 0x01, 0x80, 0xC0, 0x04, 0x40, 0xC1, 0x01, 0xC1, 0x04, 0x80, 0xC1, 0x01, 0xC1, 0x41, 0x81, 0xC9, 0x80, 0x44, 0x01, 0x81, 0x2F,
    0x05, 0x40, 0xC4, 0x04, 0x40, 0xC5, 0x05, 0xC5, 0x06, 0x40, 0xC0, 0x41, 0xC0, 0x06, 0x40, 0xC0, 0x40, 0x08, 0x40, 0xC0, 0x40, 0x08, 0x80, 0xC0,
    0x01, 0x80, 0x06, 0xC0, 0x80, 0x01, 0xC0, 0x05, 0x80, 0xC0, 0x40, 0x00, 0x80, 0xC0, 0x05, 0xC1, 0x40, 0x00, 0xC1, 0x00, 0x40, 0x80, 0xC9, 0x80,
    0x41, 0x37, 0x06, 0x80, 0xC3, 0x05, 0x40, 0xC4, 0x05, 0x80, 0xC4, 0x07, 0xC3, 0x07, 0xC0, 0x80, 0x40, 0xC0, 0x07, 0xC0, 0x80, 0x09, 0xC0, 0x80,
    0x08, 0x40, 0xC0, 0x01, 0x80, 0x06, 0xC1, 0x01, 0xC0, 0x05, 0x40, 0xC0, 0x80, 0x00, 0x40, 0xC0, 0x80, 0xCA, 0x40, 0x09, 0x40, 0x0A, 0x40, 0x0A,
    0x40, 0x0A, 0x40, 0x0A, 0x80, 0x06, 0x40, 0xC3, 0x07, 0xC3, 0x06, 0xC4, 0x06, 0x40, 0xC3, 0x07, 0x80, 0xC2, 0x07, 0x40, 0xC0, 0x00, 0xC0, 0x07,
    0x40, 0xC0, 0x00, 0x40, 0x07, 0xC0, 0x80, 0x00, 0x80, 0x07, 0xC0, 0x40, 0x00, 0xC0, 0x81, 0xC2, 0x81, 0xC1, 0x01, 0xC0, 0x41, 0x03, 0x40, 0x81,
    0xC2, 0x0A, 0xC0, 0x0A, 0xC0, 0x0A, 0xC0, 0x09, 0x40, 0xC0, 0x09, 0x40, 0xC0, 0x06, 0x40, 0x80, 0xC2, 0x07, 0x40, 0xC2, 0x07, 0xC3, 0x07, 0xC3,
    0x07, 0x80, 0xC2, 0x08, 0xC2, 0x08, 0xC0, 0x00, 0xC0, 0x07, 0x40, 0xC0, 0x00, 0xC0, 0x40, 0x81, 0x41, 0x02, 0x81, 0x40, 0xC0, 0x43, 0x81, 0xC2,
    0x80, 0x40, 0xC0, 0x07, 0x81, 0xC1, 0x09, 0x80, 0xC0, 0x09, 0xC1, 0x09, 0xC1, 0x09, 0xC1, 0x09, 0xC1, 0x07, 0x40, 0xC2, 0x08, 0x80, 0xC1, 0x08,
    0xC2, 0x07, 0x80, 0xC2, 0x07, 0x40, 0xC2, 0x07, 0x40, 0xC2, 0x08, 0xC2, 0x08, 0xC0, 0x40, 0xC0, 0x80, 0xC1, 0x81, 0x40, 0x01, 0x40, 0xC0, 0x80,
    0xC0, 0x03, 0x40, 0x81, 0xC4, 0x07, 0xC3, 0x08, 0x40, 0xC1, 0x08, 0x40, 0xC1, 0x08, 0x80, 0xC1, 0x08, 0x80, 0xC1, 0x08, 0xC2, 0x08, 0x80, 0xC1,
    0x09, 0xC1, 0x08, 0x40, 0xC1, 0x08, 0xC2, 0x08, 0xC2, 0x08, 0xC2, 0x08, 0xC2, 0x08, 0xC3, 0x80, 0xC2, 0x80, 0x40, 0x01, 0xC2, 0x04, 0x40, 0x80,
    0xC4, 0x07, 0xC3, 0x08, 0xC2, 0x08, 0xC2, 0x08, 0xC2, 0x07, 0x40, 0xC2, 0x07, 0x80, 0xC2, 0x09, 0x40, 0xC0, 0x08, 0x40, 0xC1, 0x09, 0xC1, 0x08,
    0x40, 0xC1, 0x08, 0x80, 0xC1, 0x08, 0xC2, 0x07, 0x40, 0xC2, 0x83, 0x40, 0x03, 0xC2, 0x02, 0x40, 0x80, 0xC1, 0x80, 0x40, 0xC2, 0x06, 0x80, 0xC3,
    0x07, 0x40, 0xC2, 0x08, 0xC2, 0x07, 0x40, 0xC2, 0x07, 0x80, 0xC2, 0x07, 0xC3, 0x06, 0x40, 0xC3, 0x0A, 0x40, 0x0A, 0xC0, 0x09, 0xC1, 0x09, 0xC1,
    0x08, 0x40, 0xC1, 0x08, 0x80, 0xC1, 0x82, 0x40, 0x04, 0xC2, 0x42, 0x80, 0xC1, 0x80, 0x00, 0x40, 0xC2, 0x05, 0x80, 0xC4, 0x07, 0x80, 0xC2, 0x07,
    0x80, 0xC2, 0x08, 0xC2, 0x07, 0x40, 0xC2, 0x07, 0xC3, 0x07, 0xC3, 0x06, 0x80, 0xC3, 0x16, 0x40, 0x09, 0x40, 0xC0, 0x09, 0xC1, 0x09, 0xC1, 0x40,
    0x81, 0x40, 0x04, 0x40, 0xC1, 0x80, 0x41, 0x80, 0xC1, 0x40, 0x01, 0x40, 0xC1, 0x05, 0x80, 0xC0, 0x40, 0xC2, 0x07, 0x80, 0xC2, 0x07, 0x80, 0xC2,
    0x07, 0xC3, 0x07, 0x80, 0xC2, 0x07, 0x40, 0xC2, 0x07, 0xC3, 0x07, 0xC3, 0x06, 0x80, 0xC3, 0x22, 0x80, 0x09, 0x80, 0xC0, 0x00, 0x41, 0x06, 0xC2,
    0x81, 0xC1, 0x80, 0x02, 0x40, 0xC1, 0x04, 0x40, 0xC0, 0x80, 0x00, 0x40, 0xC1, 0x06, 0x40, 0xC3, 0x07, 0x40, 0xC2, 0x07, 0x40, 0xC2, 0x07, 0xC3,
    0x06, 0x40, 0xC3, 0x08, 0xC2, 0x07, 0x80, 0xC2, 0x07, 0xC3, 0x06, 0x80, 0xC3, 0x2D, 0x40, 0xC0, 0x41, 0x80, 0x40, 0x05, 0xC1, 0x80, 0x42, 0x80,
    0xC0, 0x80, 0x01, 0x40, 0xC1, 0x05, 0x40, 0xC0, 0x81, 0xC1, 0x07, 0x80, 0xC2, 0x08, 0xC2, 0x07, 0x40, 0xC2, 0x07, 0x80, 0xC2, 0x06, 0x40, 0xC3,
    0x07, 0x81, 0xC1, 0x08, 0xC2, 0x07, 0xC3, 0x06, 0x40, 0xC3, 0x2D, 0x40, 0xC0, 0x01, 0x41, 0x04, 0x40, 0xC2, 0x80, 0x40, 0x81, 0xC0, 0x80, 0x01,
    0x80, 0xC1, 0x05, 0x40, 0xC0, 0x80, 0xC2, 0x07, 0x40, 0xC2, 0x08, 0xC2, 0x07, 0x40, 0xC2, 0x07, 0x80, 0xC2, 0x07, 0xC3, 0x07, 0x80, 0xC2, 0x08,
    0xC2, 0x07, 0x80, 0xC2, 0x07, 0xC3, 0x2D, 0x40, 0x80, 0x08, 0x80, 0xC1, 0x80, 0xC3, 0x80, 0x40, 0x00, 0x40, 0xC2, 0x40, 0x04, 0x40, 0xC4, 0x07,
    0x40, 0xC2, 0x08, 0xC2, 0x07, 0x40, 0xC2, 0x07, 0x80, 0xC2, 0x07, 0x80, 0xC2, 0x07, 0x40, 0xC1, 0x80, 0x08, 0xC1, 0x80, 0x07, 0x80, 0xC1, 0x80,
    0x07, 0xC3, 0x2C, 0x40, 0x81, 0x08, 0xC2, 0x40, 0x80, 0xC2, 0x80, 0x40, 0x00, 0xC3, 0x80, 0x04, 0x40, 0xC4, 0x07, 0xC3, 0x07, 0x40, 0xC2, 0x07,
    0x80, 0xC2, 0x07, 0x40, 0xC2, 0x07, 0x40, 0xC1, 0x80, 0x07, 0x40, 0xC1, 0x08, 0x40, 0xC1, 0x08, 0xC2, 0x40, 0x06, 0x80, 0xC2, 0x40, 0x2C, 0xC1,
    0x40, 0x07, 0xC3, 0x40, 0x80, 0xC2, 0x81, 0x40, 0xC3, 0x80, 0x40, 0x03, 0x40, 0xC3, 0x80, 0x06, 0x40, 0xC2, 0x80, 0x07, 0xC3, 0x07, 0x80, 0xC2,
    0x07, 0x80, 0xC2, 0x07, 0x80, 0xC2, 0x07, 0x80, 0xC1, 0x08, 0xC1, 0x80, 0x07, 0x40, 0xC2, 0x07, 0xC3, 0x00, 0x20, 0x40, 0x09, 0xC2, 0x80, 0x06,
    0x40, 0xC2, 0x41, 0x80, 0xC0, 0x80, 0xC1, 0x80, 0xC3, 0x40, 0x80, 0x40, 0x03, 0x40, 0xC3, 0x07, 0x80, 0xC2, 0x80, 0x07, 0xC3, 0x07, 0xC3, 0x07,
    0xC3, 0x07, 0xC3, 0x07, 0xC1, 0x80, 0x07, 0x80, 0xC1, 0x40, 0x07, 0xC2, 0x80, 0x00, 0x40, 0x04, 0x40, 0xC2, 0x80, 0x00, 0x1F, 0x81, 0x08, 0xC3,
    0x07, 0xC3, 0x00, 0x40, 0x83, 0xC4, 0x40, 0x00, 0x80, 0x04, 0x80, 0xC2, 0x40, 0x07, 0x80, 0xC2, 0x80, 0x06, 0x80, 0xC3, 0x06, 0x80, 0xC2, 0x80,
    0x06, 0x80, 0xC3, 0x06, 0x80, 0xC2, 0x40, 0x06, 0x80, 0xC1, 0x07, 0x40, 0xC2, 0x07, 0x80, 0xC2, 0x01, 0x40, 0x04, 0xC3, 0x40, 0x00, 0x1E, 0xC1,
    0x80, 0x40, 0x06, 0x80, 0xC2, 0x07, 0xC3, 0x01, 0x40, 0x83, 0xC4, 0x01, 0x40, 0x04, 0xC3, 0x40, 0x07, 0xC3, 0x80, 0x06, 0xC3, 0x80, 0x06, 0xC3,
    0x80, 0x06, 0xC4, 0x06, 0xC1, 0x80, 0x07, 0x40, 0xC1, 0x40, 0x07, 0xC2, 0x80, 0x06, 0x40, 0xC3, 0x01, 0x40, 0x03, 0x80, 0xC3, 0x01, 0x12, 0x40,
    0x09, 0xC2, 0x80, 0x07, 0xC2, 0x80, 0x06, 0x40, 0xC2, 0x40, 0x01, 0x84, 0xC3, 0x40, 0x01, 0x40, 0x04, 0xC2, 0x80, 0x07, 0x40, 0xC3, 0x40, 0x05,
    0x40, 0xC3, 0x40, 0x05, 0x40, 0xC4, 0x05, 0x40, 0xC3, 0x80, 0x05, 0x40, 0xC1, 0x08, 0xC2, 0x07, 0x80, 0xC2, 0x40, 0x06, 0xC3, 0x40, 0x06, 0xC3,
    0x80, 0x01, 0x11, 0x40, 0x80, 0x08, 0x40, 0xC2, 0x07, 0x80, 0xC2, 0x40, 0x06, 0xC3, 0x02, 0x84, 0xC3, 0x07, 0x40, 0xC2, 0x80, 0x07, 0xC4, 0x40,
    0x05, 0xC3, 0x81, 0x05, 0x80, 0xC4, 0x05, 0x80, 0xC1, 0x80, 0x41, 0x05, 0xC1, 0x80, 0x07, 0x40, 0xC2, 0x07, 0xC3, 0x06, 0x40, 0xC3, 0x06, 0x80,
    0xC3, 0x02, 0x11, 0x81, 0x08, 0xC3, 0x07, 0xC3, 0x06, 0x40, 0xC2, 0x40, 0x02, 0x83, 0xC3, 0x40, 0x07, 0x80, 0xC2, 0x40, 0x07, 0xC4, 0x06, 0xC3,
    0x40, 0xC0, 0x05, 0xC5, 0x05, 0xC1, 0x81, 0x41, 0x05, 0xC1, 0x40, 0x07, 0xC2, 0x80, 0x06, 0x40, 0xC2, 0x80, 0x06, 0x80, 0xC3, 0x06, 0xC4, 0x02,
    0x11, 0x80, 0x09, 0xC2, 0x80, 0x06, 0x40, 0xC2, 0x40, 0x06, 0x80, 0xC2, 0x03, 0x83, 0xC3, 0x08, 0xC2, 0x80, 0x40, 0x06, 0x80, 0xC3, 0x80, 0x05,
    0x40, 0xC3, 0x40, 0xC0, 0x04, 0x40, 0xC5, 0x05, 0xC1, 0x80, 0x41, 0x05, 0x40, 0xC1, 0x08, 0xC2, 0x40, 0x06, 0x80, 0xC2, 0x40, 0x06, 0xC3, 0x40,
    0x06, 0xC3, 0x80, 0x02, 0x11, 0x40, 0x08, 0x40, 0xC2, 0x40, 0x06, 0x80, 0xC2, 0x07, 0xC3, 0x03, 0x82, 0xC3, 0x80, 0x07, 0x40, 0xC2, 0x40, 0x07,
    0xC4, 0x40, 0x05, 0x80, 0xC2, 0x81, 0xC0, 0x04, 0x40, 0xC2, 0x80, 0xC1, 0x04, 0x40, 0xC1, 0x81, 0x40, 0x05, 0x80, 0xC1, 0x08, 0xC2, 0x07, 0x80,
    0xC2, 0x07, 0xC3, 0x06, 0x40, 0xC3, 0x40, 0x02, 0x1B, 0x40, 0xC1, 0x80, 0x07, 0xC3, 0x07, 0xC2, 0x80, 0x03, 0x40, 0x82, 0xC2, 0x40, 0x03, 0x40,
    0x02, 0xC2, 0x80, 0x08, 0xC3, 0x80, 0x06, 0xC3, 0x80, 0xC0, 0x80, 0x04, 0x80, 0xC2, 0x80, 0xC1, 0x04, 0x80, 0xC2, 0x81, 0x05, 0x80, 0xC0, 0x80,
    0x07, 0x40, 0xC2, 0x07, 0xC3, 0x07, 0xC3, 0x06, 0x40, 0xC3, 0x03, 0x1B, 0x40, 0xC1, 0x80, 0x07, 0xC2, 0x80, 0x06, 0x40, 0xC2, 0x80, 0x03, 0x42,
    0x80, 0xC2, 0x40, 0x03, 0x43, 0xC2, 0x40, 0x08, 0xC3, 0x40, 0x06, 0xC3, 0x80, 0xC0, 0x40, 0x04, 0xC3, 0x80, 0xC1, 0x04, 0x80, 0xC4, 0x05, 0x80,
    0xC0, 0x80, 0x07, 0x40, 0xC1, 0x80, 0x07, 0xC3, 0x07, 0xC3, 0x06, 0x80, 0xC3, 0x03, 0x1B, 0x40, 0xC1, 0x80, 0x07, 0xC2, 0x80, 0x06, 0x40, 0xC2,
    0x80, 0x04, 0x42, 0xC2, 0x40, 0x03, 0x80, 0x41, 0x80, 0xC2, 0x09, 0xC3, 0x40, 0x06, 0xC3, 0x81, 0x05, 0xC3, 0x40, 0xC1, 0x04, 0x80, 0xC4, 0x05,
    0xC1, 0x80, 0x07, 0x40, 0xC1, 0x80, 0x07, 0xC3, 0x07, 0xC3, 0x06, 0x80, 0xC3, 0x03, 0x1B, 0x40, 0xC1, 0x80, 0x07, 0xC2, 0x80, 0x06, 0x40, 0xC2,
    0x80, 0x04, 0x42, 0xC2, 0x40, 0x03, 0x80, 0x41, 0x80, 0xC2, 0x08, 0x40, 0xC3, 0x07, 0xC4, 0x80, 0x05, 0xC3, 0x40, 0xC1, 0x04, 0xC5, 0x40, 0x04,
    0xC1, 0x80, 0x07, 0x40, 0xC1, 0x80, 0x07, 0xC3, 0x07, 0xC3, 0x06, 0x40, 0xC3, 0x03, 0x1B, 0x40, 0xC1, 0x80, 0x07, 0xC2, 0x80, 0x06, 0x40, 0xC2,
    0x80, 0x06, 0x40, 0xC2, 0x40, 0x03, 0x80, 0x41, 0x80, 0xC2, 0x08, 0x40, 0xC2, 0x80, 0x07, 0xC4, 0x40, 0x05, 0xC3, 0x40, 0xC1, 0x04, 0xC5, 0x40,
    0x04, 0xC1, 0x80, 0x08, 0xC1, 0x80, 0x07, 0xC3, 0x07, 0xC3, 0x06, 0x40, 0xC3, 0x03, 0x1B, 0x40, 0xC1, 0x80, 0x07, 0xC2, 0x80, 0x06, 0x40, 0xC2,
    0x80, 0x06, 0x40, 0xC2, 0x40, 0x03, 0x83, 0xC2, 0x08, 0x40, 0xC2, 0x80, 0x07, 0xC4, 0x40, 0x05, 0xC3, 0x40, 0xC0, 0x80, 0x04, 0xC5, 0x40, 0x04,
    0xC1, 0x80, 0x08, 0xC1, 0x80, 0x07, 0xC2, 0x80, 0x07, 0xC3, 0x06, 0x40, 0xC3, 0x03, 0x1B, 0x40, 0xC1, 0x80, 0x07, 0xC2, 0x80, 0x06, 0x40, 0xC2,
    0x80, 0x06, 0x40, 0xC2, 0x40, 0x03, 0x82, 0xC3, 0x08, 0x40, 0xC2, 0x80, 0x07, 0xC4, 0x40, 0x05, 0xC3, 0x00, 0xC0, 0x80, 0x04, 0xC5, 0x80, 0x04,
    0xC1, 0x80, 0x42, 0x05, 0xC1, 0x80, 0x07, 0xC2, 0x80, 0x07, 0xC3, 0x06, 0x80, 0xC3, 0x03, 0x1B, 0x80, 0xC1, 0x80, 0x07, 0xC2, 0x80, 0x06, 0x40,
    0xC2, 0x80, 0x06, 0x40, 0xC2, 0x40, 0x03, 0x82, 0xC3, 0x08, 0x40, 0xC1, 0x80, 0x40, 0x07, 0xC4, 0x06, 0xC3, 0x40, 0xC0, 0x80, 0x04, 0xC5, 0x80,
    0x04, 0xC1, 0x80, 0x41, 0x80, 0x05, 0xC1, 0x80, 0x07, 0xC2, 0x80, 0x07, 0xC3, 0x06, 0x80, 0xC3, 0x03, 0x1B, 0x80, 0xC1, 0x80, 0x07, 0xC2, 0x80,
    0x06, 0x80, 0xC2, 0x80, 0x06, 0x40, 0xC2, 0x40, 0x03, 0x81, 0xC4, 0x08, 0x80, 0xC1, 0x80, 0x40, 0x06, 0x40, 0xC3, 0x80, 0x06, 0xC3, 0x40, 0xC0,
    0x80, 0x04, 0xC3, 0x80, 0xC1, 0x04, 0xC1, 0x82, 0xC0, 0x05, 0xC1, 0x80, 0x07, 0x80, 0xC1, 0x80, 0x07, 0xC3, 0x06, 0x80, 0xC3, 0x03, 0x1B, 0x80,
    0xC1, 0x80, 0x06, 0x40, 0xC2, 0x80, 0x06, 0x80, 0xC2, 0x80, 0x06, 0x80, 0xC2, 0x40, 0x03, 0xC6, 0x08, 0x80, 0xC1, 0x40, 0x07, 0x40, 0xC3, 0x80,
    0x06, 0xC3, 0x80, 0xC0, 0x40, 0x04, 0xC3, 0x80, 0xC1, 0x04, 0xC5, 0x05, 0xC1, 0x40, 0x07, 0x80, 0xC1, 0x80, 0x07, 0xC3, 0x06, 0x80, 0xC3, 0x03,
    0x10, 0x40, 0x09, 0xC2, 0x80, 0x06, 0x40, 0xC2, 0x80, 0x06, 0x80, 0xC2, 0x80, 0x06, 0x80, 0xC2, 0x40, 0x03, 0xC6, 0x07, 0x40, 0xC2, 0x40, 0x07,
    0x80, 0xC3, 0x40, 0x05, 0x40, 0xC3, 0x81, 0x40, 0x04, 0xC3, 0x40, 0xC1, 0x04, 0xC5, 0x80, 0x04, 0xC1, 0x40, 0x01, 0x40, 0x04, 0x80, 0xC1, 0x80,
    0x07, 0xC2, 0x80, 0x06, 0x80, 0xC3, 0x03, 0x10, 0x40, 0x09, 0xC2, 0x80, 0x06, 0x80, 0xC2, 0x80, 0x06, 0xC3, 0x80, 0x06, 0xC3, 0x40, 0x03, 0xC6,
    0x07, 0x40, 0xC2, 0x08, 0x80, 0xC3, 0x40, 0x05, 0x40, 0xC4, 0x80, 0x04, 0x40, 0xC3, 0x40, 0x80, 0xC0, 0x04, 0xC6, 0x04, 0xC1, 0x80, 0x41, 0x80,
    0x04, 0x40, 0xC1, 0x40, 0x07, 0xC2, 0x80, 0x06, 0x80, 0xC3, 0x03, 0x10, 0x40, 0x08, 0x40, 0xC3, 0x06, 0x80, 0xC2, 0x80, 0x06, 0xC3, 0x80, 0x06,
    0xC3, 0x40, 0x03, 0xC0, 0x81, 0xC3, 0x06, 0x40, 0x80, 0xC2, 0x08, 0xC4, 0x06, 0x80, 0xC4, 0x40, 0x04, 0x40, 0xC3, 0x40, 0x80, 0xC0, 0x03, 0x40,
    0xC6, 0x03, 0x40, 0xC1, 0x82, 0xC0, 0x40, 0x03, 0x40, 0xC1, 0x40, 0x07, 0xC2, 0x80, 0x06, 0x80, 0xC2, 0x80, 0x03, 0x0F, 0x40, 0x80, 0x08, 0x80,
    0xC3, 0x06, 0xC3, 0x80, 0x05, 0x40, 0xC3, 0x80, 0x05, 0x40, 0xC3, 0x40, 0x03, 0x81, 0xC4, 0x05, 0x40, 0x80, 0xC2, 0x80, 0x08, 0xC3, 0x80, 0x06,
    0xC5, 0x40, 0x04, 0x80, 0xC3, 0x80, 0xC0, 0x80, 0x03, 0x80, 0xC3, 0x81, 0xC0, 0x03, 0x40, 0xC5, 0x80, 0x03, 0x40, 0xC1, 0x40, 0x01, 0x40, 0x04,
    0xC2, 0x80, 0x06, 0x80, 0xC2, 0x80, 0x03, 0x0F, 0x40, 0x80, 0x08, 0xC4, 0x06, 0xC3, 0x80, 0x05, 0x80, 0xC3, 0x80, 0x05, 0x80, 0xC3, 0x40, 0x03,
    0x81, 0xC4, 0x04, 0x40, 0x81, 0xC2, 0x80, 0x08, 0xC2, 0x80, 0x40, 0x06, 0xC5, 0x05, 0xC4, 0x80, 0xC0, 0x80, 0x03, 0x80, 0xC3, 0x81, 0xC0, 0x03,
    0x80, 0xC6, 0x03, 0x80, 0xC1, 0x40, 0x00, 0x40, 0x80, 0x40, 0x03, 0xC2, 0x40, 0x06, 0x40, 0xC2, 0x80, 0x03, 0x0F, 0x81, 0x08, 0xC3, 0x80, 0x05,
    0x40, 0xC3, 0x80, 0x05, 0x80, 0xC3, 0x80, 0x05, 0x80, 0xC3, 0x40, 0x03, 0x80, 0x40, 0xC4, 0x04, 0x81, 0xC3, 0x80, 0x07, 0x40, 0xC2, 0x80, 0x40,
    0x05, 0x40, 0xC4, 0x80, 0x05, 0xC6, 0x40, 0x03, 0xC4, 0x41, 0xC0, 0x03, 0xC7, 0x03, 0x80, 0xC1, 0x82, 0xC0, 0x80, 0x03, 0xC2, 0x40, 0x06, 0x40,
    0xC2, 0x40, 0x03, 0x0E, 0x40, 0xC1, 0x00, 0x40, 0x05, 0x80, 0xC3, 0x80, 0x05, 0x80, 0xC3, 0x80, 0x05, 0xC4, 0x40, 0x05, 0xC4, 0x40, 0x03, 0x41,
    0xC4, 0x04, 0x80, 0xC4, 0x40, 0x07, 0x80, 0xC2, 0x40, 0x06, 0x80, 0xC4, 0x80, 0x04, 0x40, 0xC5, 0x80, 0x04, 0xC4, 0x40, 0x80, 0xC0, 0x03, 0xC7,
    0x03, 0xC7, 0x03, 0xC2, 0x40, 0x02, 0x40, 0x02, 0x40, 0xC2, 0x40, 0x03, 0x0E, 0x80, 0xC1, 0x41, 0x05, 0xC4, 0x40, 0x05, 0xC4, 0x40, 0x04, 0x40,
    0xC4, 0x40, 0x04, 0x40, 0xC4, 0x04, 0x40, 0x80, 0xC4, 0x04, 0xC5, 0x40, 0x06, 0x40, 0xC2, 0x80, 0x07, 0xC5, 0x40, 0x04, 0x80, 0xC5, 0x80, 0x03,
    0x40, 0xC4, 0x81, 0xC0, 0x03, 0xC4, 0x80, 0x40, 0xC0, 0x03, 0xC7, 0x03, 0xC2, 0x40, 0x00, 0x40, 0x81, 0x03, 0xC2, 0x40, 0x03, 0x0E, 0xC2, 0x40,
    0x80, 0x05, 0xC4, 0x06, 0xC4, 0x40, 0x04, 0x80, 0xC4, 0x05, 0x80, 0xC4, 0x04, 0x40, 0xC4, 0x80, 0x04, 0xC5, 0x40, 0x06, 0x80, 0xC2, 0x80, 0x07,
    0xC5, 0x40, 0x04, 0x80, 0xC5, 0x40, 0x03, 0x80, 0xC4, 0x80, 0xC1, 0x02, 0x40, 0xC4, 0x80, 0x40, 0xC0, 0x03, 0xC7, 0x03, 0xC2, 0x80, 0x40, 0x80,
    0xC1, 0x03, 0xC2, 0x04, 0x0D, 0x40, 0xC1, 0x82, 0x04, 0x40, 0xC4, 0x05, 0x40, 0xC4, 0x40, 0x04, 0xC5, 0x05, 0xC5, 0x04, 0x40, 0xC4, 0x80, 0x04,
    0xC5, 0x06, 0x40, 0xC3, 0x40, 0x07, 0xC4, 0x80, 0x05, 0xC6, 0x40, 0x03, 0xC5, 0x80, 0xC0, 0x80, 0x02, 0x80, 0xC4, 0x80, 0x00, 0xC0, 0x02, 0x40,
    0xC7, 0x02, 0x40, 0xC3, 0x80, 0xC2, 0x02, 0x40, 0xC2, 0x04, 0x03, 0x40, 0x08, 0x80, 0xC1, 0x82, 0x04, 0x80, 0xC4, 0x05, 0x80, 0xC4, 0x40, 0x04,
    0xC5, 0x04, 0x40, 0xC5, 0x04, 0x40, 0xC4, 0x80, 0x04, 0xC5, 0x06, 0x80, 0xC3, 0x40, 0x06, 0x40, 0xC4, 0x80, 0x05, 0xC6, 0x04, 0xC7, 0x80, 0x02,
    0xC5, 0x80, 0x00, 0xC0, 0x02, 0x40, 0xC7, 0x02, 0x40, 0xC7, 0x02, 0x40, 0xC2, 0x03, 0x40, 0x02, 0x41, 0x08, 0xC4, 0x40, 0x04, 0xC5, 0x05, 0xC5,
    0x05, 0xC5, 0x04, 0x80, 0xC5, 0x04, 0x40, 0xC4, 0x40, 0x04, 0xC5, 0x06, 0x80, 0xC3, 0x40, 0x06, 0x80, 0xC4, 0x80, 0x04, 0x40, 0xC6, 0x04, 0xC7,
    0x80, 0x02, 0xC5, 0x80, 0x00, 0xC0, 0x02, 0x80, 0xC7, 0x02, 0x40, 0xC7, 0x02, 0x40, 0xC2, 0x02, 0x40, 0x80, 0x02, 0x41, 0x07, 0x40, 0xC4, 0x40,
    0x04, 0xC4, 0x80, 0x05, 0xC5, 0x04, 0x40, 0xC4, 0x80, 0x04, 0x80, 0xC4, 0x80, 0x04, 0x80, 0xC4, 0x40, 0x04, 0xC5, 0x06, 0x80, 0xC3, 0x40, 0x06,
    0x80, 0xC4, 0x80, 0x04, 0x40, 0xC6, 0x03, 0x40, 0xC7, 0x80, 0x02, 0xC5, 0x80, 0x00, 0xC0, 0x02, 0x80, 0xC7, 0x02, 0x80, 0xC7, 0x02, 0x40, 0xC2,
    0x02, 0x40, 0x80, 0x02, 0x41, 0x07, 0x40, 0xC4, 0x05, 0xC4, 0x80, 0x05, 0xC5, 0x04, 0x40, 0xC4, 0x80, 0x04, 0x80, 0xC4, 0x80, 0x04, 0x80, 0xC4,
    0x40, 0x04, 0xC5, 0x06, 0xC4, 0x40, 0x06, 0x80, 0xC4, 0x80, 0x04, 0x40, 0xC6, 0x03, 0x40, 0xC7, 0x80, 0x02, 0xC5, 0x40, 0x00, 0xC0, 0x02, 0x80,
    0xC7, 0x02, 0x80, 0xC7, 0x02, 0x40, 0xC2, 0x02, 0x41, 0x02, 0x41, 0x07, 0x40, 0xC4, 0x05, 0xC4, 0x80, 0x05, 0xC5, 0x04, 0x40, 0xC4, 0x80, 0x04,
    0x80, 0xC4, 0x80, 0x04, 0x80, 0xC4, 0x05, 0xC5, 0x06, 0xC4, 0x40, 0x06, 0x80, 0xC4, 0x80, 0x04, 0x40, 0xC6, 0x40, 0x02, 0x40, 0xC5, 0x80, 0xC0,
    0x80, 0x02, 0xC5, 0x40, 0x00, 0xC0, 0x02, 0x80, 0xC7, 0x02, 0x80, 0xC7, 0x02, 0x80, 0xC2, 0x02, 0x41, 0x02, 0x80, 0x40, 0x07, 0x80, 0xC4, 0x05,
    0xC4, 0x40, 0x05, 0xC5, 0x04, 0x80, 0xC4, 0x80, 0x04, 0x80, 0xC4, 0x80, 0x04, 0xC5, 0x05, 0xC4, 0x80, 0x06, 0xC4, 0x40, 0x06, 0xC6, 0x04, 0x80,
    0xC6, 0x40, 0x02, 0x40, 0xC5, 0x80, 0xC0, 0x80, 0x02, 0xC5, 0x40, 0x00, 0xC0, 0x02, 0x80, 0xC7, 0x02, 0x80, 0xC7, 0x02, 0x80, 0xC2, 0x03, 0x40,
    0x02, 0x80, 0x08, 0x80, 0xC4, 0x04, 0x40, 0xC4, 0x40, 0x04, 0x40, 0xC5, 0x04, 0x80, 0xC4, 0x40, 0x04, 0x80, 0xC4, 0x80, 0x04, 0xC5, 0x05, 0xC4,
    0x80, 0x06, 0xC4, 0x80, 0x06, 0xC6, 0x04, 0x80, 0xC6, 0x40, 0x02, 0x40, 0xC5, 0x80, 0xC0, 0x80, 0x02, 0xC5, 0x40, 0x00, 0xC0, 0x02, 0x80, 0xC7,
    0x02, 0x80, 0xC7, 0x02, 0x80, 0xC2, 0x03, 0x40, 0x02, 0x80, 0x08, 0x80, 0xC4, 0x04, 0x40, 0xC4, 0x40, 0x04, 0x40, 0xC5, 0x04, 0x80, 0xC4, 0x40,
    0x04, 0x80, 0xC4, 0x80, 0x04, 0xC5, 0x05, 0xC4, 0x80, 0x06, 0xC4, 0x80, 0x06, 0xC6, 0x40, 0x03, 0x80, 0xC6, 0x40, 0x02, 0x40, 0xC5, 0x80, 0xC0,
    0x80, 0x02, 0xC5, 0x40, 0x00, 0xC0, 0x02, 0x80, 0xC7, 0x02, 0x80, 0xC7, 0x02, 0x80, 0xC2, 0x03, 0x40, 0x02, 0x80, 0x08, 0x80, 0xC4, 0x04, 0x40,
    0xC4, 0x40, 0x04, 0x40, 0xC5, 0x04, 0x80, 0xC4, 0x40, 0x04, 0x80, 0xC4, 0x80, 0x04, 0xC5, 0x05, 0xC4, 0x80, 0x06, 0xC4, 0x80, 0x06, 0xC6, 0x40,
    0x03, 0x80, 0xC6, 0x40, 0x02, 0x40, 0xC5, 0x80, 0xC0, 0x80, 0x02, 0xC5, 0x40, 0x00, 0xC0, 0x02, 0x80, 0xC7, 0x02, 0x80, 0xC7, 0x02, 0x80, 0xC2,
    0x02, 0x41, 0x02, 0x40, 0x08, 0x80, 0xC4, 0x04, 0x40, 0xC4, 0x40, 0x05, 0xC5, 0x04, 0x80, 0xC4, 0x80, 0x04, 0x80, 0xC4, 0x80, 0x04, 0xC5, 0x05,
    0x80, 0xC3, 0x80, 0x06, 0xC4, 0x80, 0x06, 0x80, 0xC5, 0x04, 0x40, 0xC6, 0x40, 0x02, 0x40, 0xC5, 0x80, 0xC0, 0x80, 0x02, 0xC5, 0x80, 0x00, 0xC0,
    0x02, 0x80, 0xC7, 0x02, 0x80, 0xC7, 0x02, 0x80, 0xC2, 0x02, 0x41, 0x02, 0x40, 0x08, 0x40, 0xC4, 0x05, 0xC4, 0x80, 0x05, 0xC5, 0x04, 0x40, 0xC4,
    0x80, 0x04, 0x80, 0xC4, 0x80, 0x04, 0xC5, 0x05, 0x80, 0xC4, 0x06, 0xC4, 0x80, 0x06, 0x80, 0xC5, 0x04, 0x40, 0xC6, 0x40, 0x02, 0x40, 0xC7, 0x80,
    0x02, 0xC5, 0x80, 0x00, 0xC0, 0x02, 0x80, 0xC7, 0x02, 0x80, 0xC7, 0x02, 0x80, 0xC2, 0x02, 0x41, 0x02, 0x40, 0x08, 0x40, 0xC4, 0x05, 0xC4, 0x80,
    0x05, 0xC5, 0x04, 0x40, 0xC4, 0x80, 0x04, 0x80, 0xC4, 0x80, 0x04, 0xC5, 0x40, 0x04, 0x80, 0xC4, 0x06, 0xC4, 0x80, 0x06, 0x80, 0xC5, 0x04, 0x40,
    0xC6, 0x04, 0xC7, 0x40, 0x02, 0xC5, 0x80, 0x00, 0xC0, 0x02, 0x80, 0xC7, 0x02, 0x80, 0xC7, 0x02, 0x40, 0xC2, 0x02, 0x40, 0x80, 0x02, 0x40, 0x09,
    0xC2, 0x80, 0xC0, 0x05, 0xC4, 0x80, 0x05, 0xC5, 0x05, 0xC4, 0x80, 0x04, 0x80, 0xC5, 0x04, 0xC5, 0x40, 0x04, 0x80, 0xC4, 0x06, 0xC4, 0x80, 0x06,
    0x80, 0xC5, 0x04, 0x40, 0xC6, 0x04, 0xC7, 0x40, 0x02, 0xC5, 0x80, 0x40, 0xC0, 0x02, 0x80, 0xC4, 0x81, 0xC0, 0x02, 0x80, 0xC7, 0x02, 0x40, 0xC2,
    0x40, 0x01, 0x40, 0x80, 0x0D, 0xC2, 0x80, 0xC0, 0x40, 0x04, 0xC5, 0x05, 0xC5, 0x05, 0xC5, 0x04, 0x80, 0xC5, 0x04, 0xC5, 0x80, 0x04, 0x40, 0xC4,
    0x06, 0xC4, 0x80, 0x06, 0x80, 0xC4, 0x80, 0x05, 0xC6, 0x04, 0xC7, 0x40, 0x02, 0xC5, 0x80, 0x40, 0xC0, 0x02, 0x80, 0xC4, 0x81, 0xC0, 0x02, 0x40,
    0xC7, 0x02, 0x40, 0xC2, 0x40, 0x00, 0x40, 0x80, 0xC0, 0x03, 0x40, 0x08, 0x80, 0xC1, 0x82, 0x04, 0x80, 0xC4, 0x05, 0x80, 0xC4, 0x40, 0x04, 0xC5,
    0x04, 0x40, 0xC5, 0x04, 0xC5, 0x80, 0x04, 0x40, 0xC4, 0x06, 0x80, 0xC3, 0x80, 0x06, 0x40, 0xC4, 0x80, 0x05, 0xC6, 0x04, 0xC7, 0x40, 0x02, 0xC5,
    0x80, 0x40, 0xC0, 0x02, 0x80, 0xC4, 0x80, 0x40, 0xC0, 0x02, 0x40, 0xC7, 0x02, 0x40, 0xC2, 0x40, 0x00, 0x40, 0x80, 0xC0, 0x03, 0x40, 0x08, 0x40,
    0xC2, 0x81, 0x04, 0x40, 0xC4, 0x40, 0x04, 0x40, 0xC4, 0x80, 0x04, 0x80, 0xC4, 0x40, 0x03, 0x40, 0xC5, 0x04, 0xC6, 0x04, 0x40, 0xC4, 0x40, 0x05,
    0x80, 0xC3, 0x80, 0x07, 0xC4, 0x80, 0x05, 0xC6, 0x04, 0xC7, 0x40, 0x02, 0x80, 0xC5, 0x40, 0xC0, 0x02, 0x80, 0xC5, 0x40, 0xC0, 0x02, 0x40, 0xC7,
    0x02, 0x40, 0xC2, 0x80, 0x41, 0x80, 0xC0, 0x0E, 0xC2, 0x81, 0x40, 0x04, 0xC5, 0x05, 0xC5, 0x04, 0x80, 0xC5, 0x04, 0x80, 0xC4, 0x40, 0x03, 0xC6,
    0x04, 0x40, 0xC4, 0x80, 0x05, 0x40, 0xC3, 0x80, 0x07, 0xC4, 0x80, 0x05, 0xC6, 0x40, 0x03, 0x80, 0xC6, 0x40, 0x02, 0x80, 0xC5, 0x40, 0xC0, 0x02,
    0x40, 0xC5, 0x40, 0xC0, 0x02, 0x40, 0xC7, 0x02, 0x40, 0xC2, 0x80, 0x41, 0xC1, 0x04, 0x40, 0x08, 0x80, 0xC2, 0x41, 0x04, 0x80, 0xC4, 0x80, 0x04,
    0x80, 0xC4, 0x04, 0x40, 0xC5, 0x40, 0x03, 0x40, 0xC4, 0x80, 0x03, 0xC6, 0x40, 0x04, 0x80, 0xC4, 0x06, 0x80, 0xC3, 0x07, 0xC4, 0x80, 0x05, 0xC6,
    0x40, 0x03, 0x40, 0xC6, 0x40, 0x02, 0x40, 0xC5, 0x40, 0xC0, 0x02, 0x40, 0xC5, 0x40, 0x80, 0x02, 0x40, 0xC7, 0x03, 0xC3, 0x40, 0x80, 0xC1, 0x04,
    0x40, 0x08, 0x80, 0xC2, 0x41, 0x05, 0xC5, 0x40, 0x03, 0x40, 0xC4, 0x80, 0x03, 0x40, 0xC6, 0x04, 0xC5, 0x03, 0xC7, 0x04, 0x40, 0xC4, 0x40, 0x05,
    0x40, 0xC3, 0x40, 0x06, 0x80, 0xC3, 0x80, 0x40, 0x04, 0x80, 0xC5, 0x80, 0x03, 0x40, 0xC6, 0x80, 0x03, 0xC5, 0x40, 0xC0, 0x03, 0xC5, 0x40, 0x80,
    0x03, 0xC7, 0x03, 0xC3, 0x40, 0x80, 0xC1, 0x05, 0x40, 0x07, 0x40, 0xC3, 0x06, 0x80, 0xC5, 0x04, 0xC5, 0x04, 0xC6, 0x02, 0x40, 0x00, 0x80, 0xC4,
    0x40, 0x02, 0xC7, 0x05, 0xC5, 0x06, 0x40, 0xC2, 0x80, 0x06, 0x40, 0xC4, 0x40, 0x05, 0xC6, 0x04, 0xC6, 0x80, 0x03, 0xC5, 0x80, 0xC0, 0x03, 0xC5,
    0x80, 0x40, 0x03, 0xC7, 0x03, 0xC3, 0x80, 0x40, 0x80, 0xC0, 0x05, 0x41, 0x07, 0xC3, 0x80, 0x05, 0x40, 0xC5, 0x80, 0x03, 0xC5, 0x80, 0x03, 0x40,
    0xC5, 0x80, 0x01, 0x40, 0x00, 0x80, 0xC5, 0x02, 0xC7, 0x80, 0x04, 0x40, 0xC4, 0x40, 0x06, 0xC3, 0x07, 0xC4, 0x80, 0x05, 0xC6, 0x40, 0x03, 0xC7,
    0x03, 0x80, 0xC5, 0x80, 0x03, 0x80, 0xC5, 0x04, 0x80, 0xC6, 0x03, 0x80, 0xC3, 0x40, 0x80, 0xC0, 0x04, 0x40, 0x81, 0x40, 0x06, 0x80, 0xC3, 0x40,
    0x05, 0xC6, 0x03, 0xC6, 0x04, 0x80, 0xC5, 0x01, 0x80, 0x41, 0xC5, 0x02, 0x80, 0xC7, 0x05, 0x80, 0xC3, 0x80, 0x06, 0x40, 0xC2, 0x80, 0x06, 0x80,
    0xC4, 0x40, 0x04, 0x80, 0xC6, 0x03, 0x40, 0xC6, 0x03, 0x40, 0xC5, 0x80, 0x03, 0x40, 0xC5, 0x80, 0x03, 0x40, 0xC6, 0x03, 0x40, 0xC3, 0x41, 0xC0,
    0x04, 0x40, 0x80, 0xC1, 0x06, 0x40, 0xC4, 0x41, 0x03, 0x80, 0xC5, 0x40, 0x02, 0x80, 0xC5, 0x40, 0x03, 0x40, 0xC5, 0x40, 0x00, 0xC0, 0x80, 0x40,
    0xC5, 0x80, 0x01, 0x40, 0x80, 0xC6, 0x05, 0x40, 0xC4, 0x07, 0xC3, 0x06, 0x40, 0xC4, 0x80, 0x05, 0xC3, 0x80, 0xC1, 0x04, 0xC6, 0x04, 0xC6, 0x04,
    0xC6, 0x04, 0xC6, 0x04, 0xC3, 0x80, 0x40, 0x80, 0x04, 0x40, 0xC2, 0x80, 0x06, 0xC5, 0x80, 0x03, 0x40, 0xC5, 0x40, 0x02, 0x40, 0xC6, 0x04, 0xC5,
    0x80, 0x00, 0xC1, 0x80, 0xC6, 0x02, 0x40, 0x80, 0xC5, 0x40, 0x05, 0x40, 0xC3, 0x07, 0xC3, 0x80, 0x06, 0xC5, 0x80, 0x04, 0x80, 0xC5, 0x04, 0x80,
    0xC5, 0x04, 0x80, 0xC5, 0x04, 0x80, 0xC5, 0x04, 0x80, 0xC5, 0x04, 0x80, 0xC3, 0x00, 0x40, 0x05, 0xC3, 0x40, 0x05, 0x80, 0xC5, 0x03, 0x40, 0xC5,
    0x40, 0x03, 0xC6, 0x80, 0x40, 0x02, 0xC6, 0x00, 0xC9, 0x40, 0x02, 0x40, 0x80, 0xC5, 0x06, 0x80, 0xC2, 0x80, 0x06, 0x40, 0xC3, 0x80, 0x05, 0x40,
    0xC5, 0x04, 0x40, 0xC3, 0x80, 0xC0, 0x04, 0x40, 0xC5, 0x04, 0x40, 0xC5, 0x05, 0xC5, 0x05, 0xC5, 0x05, 0xC3, 0x80, 0x00, 0x05, 0xC4, 0x40, 0x05,
    0xC5, 0x03, 0x40, 0xC6, 0x03, 0x40, 0xC6, 0x81, 0x40, 0x00, 0x80, 0xC5, 0x40, 0x80, 0xC9, 0x04, 0x40, 0xC4, 0x07, 0xC3, 0x07, 0xC4, 0x80, 0x05,
    0xC5, 0x05, 0xC4, 0x40, 0x05, 0xC5, 0x05, 0xC5, 0x05, 0x80, 0xC4, 0x05, 0x80, 0xC4, 0x05, 0x80, 0xC3, 0x00, 0x05, 0x40, 0xC4, 0x05, 0x80, 0xC4,
    0x04, 0xC6, 0x04, 0x80, 0xC8, 0x80, 0x40, 0xC5, 0x80, 0x41, 0x80, 0xC7, 0x40, 0x04, 0x80, 0xC4, 0x07, 0xC3, 0x06, 0x40, 0xC4, 0x05, 0x40, 0xC3,
    0x80, 0x05, 0x40, 0xC3, 0x80, 0x05, 0x40, 0xC4, 0x06, 0xC4, 0x06, 0xC4, 0x06, 0xC4, 0x05, 0x40, 0xC3, 0x80, 0x06, 0xC4, 0x05, 0x80, 0xC4, 0x04,
    0x40, 0xC5, 0x05, 0xD1, 0x02, 0x40, 0x80, 0xC6, 0x05, 0x80, 0xC3, 0x80, 0x06, 0x80, 0xC3, 0x06, 0xC4, 0x06, 0x80, 0xC3, 0x06, 0x80, 0xC3, 0x06,
    0x80, 0xC3, 0x06, 0x80, 0xC3, 0x06, 0x80, 0xC3, 0x06, 0x80, 0xC3, 0x06, 0xC4, 0x06, 0x40, 0xC3, 0x05, 0x40, 0xC4, 0x05, 0x80, 0xC4, 0x83, 0x40,
    0x00, 0x80, 0xC5, 0x81, 0xC8, 0x05, 0x80, 0xC4, 0x06, 0x40, 0xC3, 0x07, 0xC3, 0x06, 0x40, 0xC3, 0x07, 0xC3, 0x07, 0xC3, 0x07, 0xC3, 0x07, 0xC3,
    0x07, 0xC3, 0x07, 0xC3, 0x07, 0xC3, 0x07, 0xC3, 0x06, 0xC4, 0x06, 0x80, 0xC9, 0x80, 0xC4, 0x80, 0x40, 0x00, 0x41, 0x80, 0xC5, 0x06, 0x80, 0xC3,
    0x07, 0x40, 0xC2, 0x07, 0x80, 0xC2, 0x07, 0x80, 0xC2, 0x07, 0x40, 0xC2, 0x07, 0x40, 0xC2, 0x07, 0x40, 0xC2, 0x07, 0x40, 0xC2, 0x07, 0x40, 0xC2,
    0x07, 0x40, 0xC2, 0x07, 0x80, 0xC2, 0x07, 0x80, 0xC2, 0x06, 0x80, 0xC3, 0x40, 0x80, 0xC2, 0x80, 0x41, 0xC5, 0x82, 0xC6, 0x06, 0x80, 0xC3, 0x07,
    0x80, 0xC2, 0x08, 0xC2, 0x08, 0xC2, 0x08, 0xC2, 0x08, 0xC2, 0x08, 0xC2, 0x08, 0x80, 0xC1, 0x08, 0x80, 0xC1, 0x08, 0x80, 0xC1, 0x08, 0x80, 0xC1,
    0x08, 0xC2, 0x07, 0x80, 0xC2, 0x00, 0x40, 0x83, 0x40, 0x00, 0x40, 0xCE, 0x80, 0x05, 0x40, 0xC3, 0x07, 0x40, 0xC2, 0x08, 0x40, 0xC1, 0x09, 0xC1,
    0x08, 0x40, 0xC1, 0x09, 0xC1, 0x09, 0xC1, 0x09, 0xC1, 0x09, 0xC1, 0x09, 0xC1, 0x09, 0xC1, 0x09, 0xC1, 0x08, 0x80, 0xC1, 0x42, 0x83, 0x40, 0x00,
    0xCE, 0x80, 0x40, 0x04, 0x40, 0x80, 0xC2, 0x08, 0xC2, 0x08, 0x40, 0xC1, 0x09, 0x40, 0xC0, 0x09, 0x80, 0xC0, 0x09, 0x40, 0xC0, 0x0A, 0xC0, 0x09,
    0x40, 0xC0, 0x09, 0x40, 0xC0, 0x0A, 0xC0, 0x0A, 0xC0, 0x0A, 0xC0, 0x09, 0x40, 0xC0, 0x09, 0xC1, 0xC3, 0x80, 0xC6, 0x81, 0x05, 0x40, 0xC2, 0x08,
    0x40, 0xC1, 0x09, 0xC1, 0x0A, 0x80, 0x0A, 0x80, 0x0A, 0xC0, 0x0A, 0x40, 0x0A, 0x40, 0x0A, 0x40, 0x0A, 0x40, 0x0A, 0x40, 0x0A, 0x40, 0x0A, 0x40,
    0x0A, 0xC0, 0x09, 0x40, 0xC0, 0x00, 0x40, 0x06, 0x40, 0x80, 0xC0, 0x09, 0x80, 0xC0, 0x09, 0x40, 0xC0, 0x0A, 0x80, 0x3F, 0x3F, 0x0E, 0xC0, 0x0A,
    0x80, 0x0A, 0x80, 0x0A, 0x40, 0x3F, 0x3F, 0x1A, 0x40, 0x3F, 0x3F, 0x3F, 0x3F, 0x3F, 0x3F, 0x3F, 0x3F, 0x3F, 0x3F, 0x3F, 0x3F, 0x3F, 0x3F, 0x3F,
    0x3F, 0x3F, 0x3F, 0x3F, 0x3F, 0x3F, 0x3F, 0x3F, 0x1B, 0x40, 0x0A, 0x80, 0x0A, 0xC0, 0x0A, 0x3F, 0x37, 0x40, 0x0A, 0x40, 0x0A, 0x80, 0x0A, 0xC0,
    0x0A, 0xC0, 0x40, 0x09, 0x81, 0x09, 0x80, 0x0A, 0x40, 0x0A, 0x40, 0x0A, 0x40, 0x0A, 0x40, 0x0A, 0x40, 0x0A, 0x40, 0x0A, 0x80, 0x0A, 0x80, 0x0A,
    0xC0, 0x0A, 0xC0, 0x0A, 0xC0, 0x0A, 0xC0, 0x40, 0x09, 0xC0, 0x80, 0x0A, 0xC0, 0x15, 0xC0, 0x0A, 0xC0, 0x0A, 0xC0, 0x0A, 0xC0, 0x0A, 0xC0, 0x0A,
    0xC0, 0x0A, 0xC0, 0x0A, 0xC0, 0x0A, 0xC0, 0x40, 0x09, 0xC0, 0x40, 0x09, 0xC0, 0x80, 0x09, 0xC1, 0x09, 0x40, 0xC0, 0x40, 0x09, 0x40, 0x80, 0x20,
    0xC0, 0x80, 0x09, 0xC0, 0x80, 0x09, 0xC0, 0x80, 0x09, 0xC0, 0x80, 0x09, 0xC0, 0x80, 0x09, 0xC0, 0x80, 0x09, 0xC1, 0x09, 0xC1, 0x09, 0xC1, 0x09,
    0xC1, 0x40, 0x08, 0x40, 0xC0, 0x80, 0x09, 0x80, 0xC0, 0x0A, 0x80, 0x40, 0x2B, 0xC1, 0x09, 0xC1, 0x09, 0xC1, 0x40, 0x08, 0xC1, 0x40, 0x08, 0xC1,
    0x40, 0x08, 0xC1, 0x80, 0x08, 0xC1, 0x80, 0x08, 0xC2, 0x08, 0x40, 0xC1, 0x09, 0x80, 0xC0, 0x40, 0x09, 0xC0, 0x80, 0x0A, 0xC0, 0x37, 0xC2, 0x08,
    0xC2, 0x08, 0xC2, 0x08, 0xC2, 0x08, 0xC2, 0x08, 0x80, 0xC1, 0x40, 0x08, 0xC1, 0x40, 0x08, 0x80, 0xC0, 0x80, 0x09, 0xC1, 0x09, 0x40, 0xC0, 0x0A,
    0x40, 0x80, 0x3F, 0x02, 0xC2, 0x40, 0x07, 0xC2, 0x40, 0x07, 0xC2, 0x40, 0x07, 0x80, 0xC1, 0x80, 0x08, 0xC1, 0x80, 0x08, 0x80, 0xC1, 0x09, 0xC1,
    0x09, 0x80, 0xC0, 0x40, 0x09, 0xC0, 0x80, 0x0A, 0x80, 0x3F, 0x0E, 0xC2, 0x80, 0x07, 0x80, 0xC2, 0x07, 0x40, 0xC2, 0x08, 0xC2, 0x08, 0x40, 0xC1,
    0x40, 0x08, 0xC1, 0x80, 0x09, 0xC1, 0x09, 0x40, 0xC0, 0x0A, 0x41, 0x3F, 0x19, 0x40, 0xC2, 0x08, 0xC2, 0x08, 0x80, 0xC1, 0x40, 0x08, 0xC1, 0x80,
    0x08, 0x80, 0xC1, 0x09, 0xC1, 0x0A, 0xC0, 0x40, 0x0A, 0x80, 0x3F, 0x25, 0x00, 0xC2, 0x40, 0x07, 0x40, 0xC1, 0x40, 0x08, 0xC1, 0x80, 0x08, 0x40,
    0xC1, 0x09, 0x80, 0xC0, 0x0A, 0x81, 0x0A, 0x80, 0x3F, 0x31, 0x00, 0x40, 0xC1, 0x80, 0x08, 0xC1, 0x80, 0x09, 0xC1, 0x09, 0x40, 0xC0, 0x40, 0x09,
    0x81, 0x0A, 0x40, 0x3F, 0x3D, 0x01, 0xC1, 0x80, 0x09, 0xC1, 0x09, 0x40, 0xC0, 0x40, 0x09, 0x40, 0x80, 0x0A, 0x40, 0x3F, 0x3F, 0x09, 0x02, 0xC1,
    0x09, 0x40, 0xC0, 0x40, 0x09, 0x81, 0x0A, 0x40, 0x3F, 0x3F, 0x15, 0x02, 0x80, 0xC0, 0x0A, 0x81, 0x0A, 0x40, 0x3F, 0x3F, 0x21, 0x03, 0xC0, 0x40,
    0x0A, 0x80, 0x3F, 0x3F, 0x2D, 0x04, 0x80, 0x3F, 0x3F, 0x39, 0x3F, 0x3F, 0x3F, 0x3F, 0x3F, 0x3F, 0x3F, 0x3F, 0x3F, 0x3F, 0x3F, 0x3F, 0x3F, 0x3F,
    0x3F, 0x3F, 0x3F, 0x3F, 0x3F, 0x3F, 0x3F, 0x3F, 0x0D, 0x40, 0x3F, 0x30, 0x3F, 0x01, 0x40, 0x3F, 0x3C, 0x3F, 0x01, 0x40, 0x3F, 0x3C, 0x35, 0x80,
    0x3F, 0x3F, 0x08, 0x29, 0x40, 0x0A, 0x40, 0x3F, 0x3F, 0x08, 0x28, 0x40, 0x80, 0x3F, 0x3F, 0x14, 0x1C, 0x40, 0x80, 0x0A, 0x40, 0x3F, 0x3F, 0x14,
    0x1C, 0x81, 0x09, 0x41, 0x3F, 0x3F, 0x14, 0x1C, 0x81, 0x09, 0x80, 0x40, 0x3F, 0x3F, 0x14, 0x1C, 0x40, 0x0A, 0xC1, 0x09, 0x40, 0x3F, 0x3F, 0x09,
    0x28, 0x40, 0x09, 0x40, 0xC1, 0x09, 0x80, 0x40, 0x3F, 0x3C, 0x3F, 0x00, 0xC0, 0x40, 0x08, 0x40, 0xC1, 0x09, 0x80, 0x3F, 0x25, 0x3F, 0x18, 0x80,
    0x40, 0x09, 0xC1, 0x09, 0x41, 0x3F, 0x0C, 0x3F, 0x30, 0xC1, 0x09, 0x41, 0x3F, 0x00, 0x3F, 0x23, 0x40, 0xC1, 0x40, 0x07, 0x40, 0xC1, 0x40, 0x07,
    0x40, 0xC1, 0x40, 0x3F, 0x3F, 0x18, 0x41, 0x08, 0xC3, 0x07, 0xC3, 0x06, 0x40, 0xC3, 0x40, 0x06, 0x80, 0xC1, 0x80, 0x33, 0x3F, 0x17, 0x40, 0x81,
    0x40, 0x06, 0x40, 0xC3, 0x40, 0x06, 0xC3, 0x05, 0x40, 0xC5, 0x40, 0x03, 0x40, 0xC5, 0x40, 0x04, 0x40, 0x83, 0x40, 0x26, 0x3F, 0x17, 0x83, 0x40,
    0x05, 0xC5, 0x05, 0x80, 0xC3, 0x80, 0x04, 0xC7, 0x02, 0x40, 0xC7, 0x40, 0x02, 0xC6, 0x80, 0x05, 0x40, 0x81, 0x40, 0x1B, 0x3F, 0x17, 0x83, 0x40,
    0x04, 0x40, 0xC5, 0x40, 0x04, 0xC5, 0x03, 0x40, 0xC7, 0x40, 0x01, 0xC0, 0x80, 0xC5, 0x80, 0xC0, 0x01, 0xC1, 0x80, 0xC3, 0x80, 0xC1, 0x02, 0x80,
    0xC1, 0x81, 0xC1, 0x80, 0x05, 0x42, 0x10, 0x3F, 0x15, 0x43, 0x80, 0x42, 0x02, 0x40, 0x80, 0xC6, 0x03, 0x80, 0xC5, 0x80, 0x02, 0x81, 0xC5, 0x81,
    0x00, 0xC0, 0x80, 0x00, 0xC5, 0x00, 0x80, 0xC1, 0x80, 0x00, 0xC5, 0x00, 0x80, 0xC0, 0x80, 0xC0, 0x80, 0x00, 0x42, 0x01, 0x80, 0xC0, 0x40, 0x00,
    0x40, 0x80, 0xC1, 0x81, 0xC1, 0x80, 0x0D, 0x3F, 0x0A, 0x40, 0x01, 0x40, 0x05, 0x41, 0x05, 0x40, 0x80, 0x01, 0x80, 0x01, 0x40, 0x81, 0x42, 0xC0,
    0x02, 0x80, 0xC6, 0x01, 0x40, 0x81, 0xC0, 0x82, 0xC1, 0x81, 0x00, 0x80, 0x00, 0x40, 0xC0, 0x83, 0xC0, 0x01, 0xC0, 0x40, 0x01, 0xC5, 0x01, 0x40,
    0x80, 0x02, 0x83, 0x02, 0x82, 0x06, 0x40, 0x81, 0x01, 0x40, 0x81, 0x41, 0x81, 0x40, 0x01, 0x3F, 0x08, 0x40, 0x00, 0x41, 0x00, 0x40, 0x00, 0x41,
    0x01, 0x80, 0x09, 0xC0, 0x80, 0x40, 0x06, 0x41, 0x80, 0x01, 0x80, 0x40, 0xC3, 0x40, 0x80, 0x03, 0xC7, 0x40, 0x02, 0xC0, 0x80, 0x43, 0x80, 0xC0,
    0x03, 0x40, 0xC3, 0x80, 0xC0, 0x40, 0x04, 0x80, 0xC3, 0x80, 0x0E, 0x40, 0x09, 0x40, 0x3F, 0x08, 0x40, 0x05, 0x40, 0x00, 0x42, 0x09, 0x40, 0x80,
    0x08, 0x40, 0x80, 0x00, 0x41, 0x00, 0x80, 0x41, 0xC0, 0x01, 0x40, 0x02, 0x40, 0x80, 0xC3, 0x80, 0x40, 0x02, 0x40, 0xC1, 0x80, 0x41, 0x80, 0xC1,
    0x40, 0x01, 0x40, 0xC0, 0x80, 0x03, 0x80, 0xC0, 0x40, 0x02, 0xC1, 0x80, 0x41, 0x80, 0xC1, 0x04, 0x80, 0xC3, 0x80, 0x0E, 0x3F, 0x09, 0x40, 0x00,
    0x40, 0x02, 0x40, 0x00, 0x40, 0x19, 0x80, 0x07, 0xC0, 0x01, 0x40, 0x00, 0x40, 0xC0, 0x81, 0xC0, 0x40, 0x03, 0x40, 0xC0, 0x80, 0x43, 0xC1, 0x40,
    0x01, 0xC0, 0x80, 0x05, 0x80, 0xC0, 0x00, 0x40, 0xC0, 0x80, 0x05, 0xC1, 0x01, 0x80, 0xC1, 0x80, 0x41, 0x80, 0xC1, 0x40, 0x03, 0x40, 0x83, 0x40,
    0x02, 0x3F, 0x09, 0x40, 0x00, 0x40, 0x03, 0x40, 0x01, 0x40, 0x23, 0x80, 0x01, 0x43, 0x01, 0x40, 0x80, 0x00, 0x83, 0x01, 0x82, 0x40, 0x00, 0x81,
    0x07, 0xC0, 0x80, 0xC0, 0x40, 0x07, 0x80, 0xC2, 0x07, 0xC1, 0x00, 0x80, 0xC0, 0x80, 0x43, 0x80, 0xC0, 0x80, 0x00, 0x3F, 0x13, 0x40, 0x00, 0x40,
    0x00, 0x40, 0x03, 0x40, 0x00, 0x40, 0x23, 0x81, 0x40, 0x04, 0x41, 0x80, 0xC1, 0x01, 0x40, 0x80, 0x01, 0x81, 0x01, 0xC0, 0x40, 0x03, 0x41, 0x03,
    0x41, 0x09, 0x40, 0xC0, 0x40, 0x07, 0x40, 0xC0, 0x3F, 0x17, 0x40, 0x01, 0x40, 0x00, 0x40, 0x01, 0x40, 0x00, 0x40, 0x07, 0x40, 0x23, 0x80, 0x09,
    0x81, 0x01, 0x40, 0x80, 0xC1, 0x80, 0x40, 0x01, 0x40, 0x02, 0x40, 0x02, 0x41, 0x0E, 0x3F, 0x23, 0x40, 0x01, 0x40, 0x00, 0x40, 0x2A, 0x41, 0x07,
    0x40, 0xC3, 0x40, 0x02, 0x40, 0x02, 0x80, 0xC1, 0x80, 0x02, 0x40, 0x02, 0x80, 0x02, 0x40, 0x80, 0x02, 0x3F, 0x2F, 0x40, 0x01, 0x40, 0x1F, 0x42,
    0x07, 0xC1, 0x81, 0xC1, 0x04, 0x40, 0xC1, 0x81, 0xC1, 0x06, 0x83, 0x03, 0x3F, 0x3F, 0x13, 0x43, 0x05, 0x80, 0xC0, 0x80, 0x41, 0x80, 0xC0, 0x80,
    0x03, 0xC1, 0x03, 0xC1, 0x03, 0x80, 0xC5, 0x80, 0x01, 0x3F, 0x3F, 0x13, 0x40, 0x81, 0x40, 0x04, 0x40, 0xC0, 0x80, 0x40, 0xC1, 0x40, 0xC1, 0x40,
    0x01, 0xC1, 0x01, 0xC0, 0x80, 0x01, 0xC1, 0x01, 0xC1, 0x80, 0x03, 0x80, 0xC1, 0x00, 0x3F, 0x3F, 0x08, 0x80, 0x40, 0x07, 0x40, 0x80, 0xC1, 0x41,
    0x03, 0x80, 0xC0, 0x40, 0x00, 0xC1, 0x00, 0x40, 0xC0, 0x80, 0x00, 0xC1, 0x02, 0xC1, 0x02, 0xC3, 0x07, 0xC1, 0x3F, 0x3B, 0x40, 0xC0, 0x80, 0x08,
    0x80, 0xC1, 0x07, 0x41, 0xC0, 0x80, 0x41, 0x02, 0x40, 0x80, 0x40, 0x01, 0xC1, 0x01, 0x40, 0x80, 0x40, 0xC0, 0x03, 0xC1, 0x03, 0xC0, 0x80, 0x03,
    0x41, 0x03, 0x80, 0x3F, 0x2F, 0x40, 0xC0, 0x80, 0x08, 0x80, 0xC1, 0x09, 0xC0, 0x80, 0x09, 0xC1, 0x04, 0x41, 0x02, 0xC1, 0x02, 0x41, 0x04, 0xC1,
    0x09, 0x81, 0x04, 0x3F, 0x24, 0x40, 0x09, 0x80, 0xC1, 0x08, 0x80, 0xC0, 0x80, 0x09, 0xC1, 0x09, 0xC1, 0x09, 0xC1, 0x08, 0x40, 0xC1, 0x08, 0xC3,
    0x03, 0x3F, 0x24, 0x40, 0x09, 0x80, 0xC1, 0x08, 0x40, 0xC0, 0x80, 0x09, 0xC1, 0x09, 0xC1, 0x09, 0xC1, 0x08, 0x40, 0xC1, 0x40, 0x06, 0xC5, 0x02,
    0x3F, 0x2F, 0x40, 0xC1, 0x08, 0x80, 0xC1, 0x09, 0xC1, 0x09, 0xC1, 0x09, 0xC1, 0x07, 0x40, 0x80, 0xC1, 0x80, 0x05, 0x80, 0xC5, 0x80, 0x01, 0x3F,
    0x2F, 0x40, 0xC1, 0x08, 0x40, 0xC1, 0x09, 0xC1, 0x09, 0xC1, 0x08, 0x40, 0xC1, 0x06, 0x40, 0x80, 0xC3, 0x80, 0x40, 0x02, 0x80, 0xC0, 0x80, 0x40,
    0xC1, 0x40, 0x80, 0xC0, 0x40, 0x00, 0x3F, 0x2F, 0x40, 0xC1, 0x08, 0x40, 0xC1, 0x09, 0xC1, 0x09, 0xC1, 0x08, 0x40, 0xC1, 0x40, 0x04, 0x40, 0x80,
    0xC0, 0x80, 0xC1, 0x80, 0xC0, 0x80, 0x40, 0x00, 0x40, 0xC0, 0x80, 0x00, 0x40, 0xC1, 0x40, 0x00, 0x80, 0xC0, 0x40, 0x3F, 0x30, 0xC1, 0x09, 0xC1,
    0x09, 0xC1, 0x08, 0x40, 0xC1, 0x40, 0x06, 0x40, 0x80, 0xC1, 0x80, 0x40, 0x03, 0x81, 0x00, 0x40, 0xC1, 0x40, 0x00, 0x81, 0x00, 0xC0, 0x40, 0x01,
    0x80, 0xC1, 0x80, 0x01, 0x40, 0xC0, 0x3F, 0x30, 0xC1, 0x09, 0xC1, 0x09, 0xC1, 0x08, 0x40, 0xC1, 0x40, 0x07, 0x80, 0xC1, 0x80, 0x03, 0x40, 0x02,
    0x80, 0xC1, 0x80, 0x01, 0x41, 0x03, 0x80, 0xC1, 0x80, 0x03, 0x3F, 0x24, 0x41, 0x09, 0xC1, 0x09, 0xC1, 0x40, 0x08, 0xC1, 0x40, 0x07, 0x40, 0xC1,
    0x40, 0x07, 0x80, 0xC2, 0x07, 0x80, 0xC1, 0x80, 0x07, 0xC3, 0x03, 0x3F, 0x24, 0x41, 0x09, 0xC1, 0x09, 0xC1, 0x40, 0x08, 0xC1, 0x40, 0x07, 0x40,
    0xC1, 0x80, 0x07, 0x80, 0xC2, 0x07, 0x80, 0xC1, 0x80, 0x07, 0xC3, 0x03, 0x3F, 0x24, 0x81, 0x09, 0xC1, 0x09, 0xC1, 0x09, 0xC1, 0x40, 0x07, 0x80,
    0xC1, 0x80, 0x07, 0x80, 0xC2, 0x07, 0x80, 0xC1, 0x80, 0x07, 0xC3, 0x03, 0x3F, 0x24, 0xC1, 0x09, 0xC1, 0x09, 0xC1, 0x08, 0x40, 0xC1, 0x40, 0x07,
    0x80, 0xC1, 0x80, 0x07, 0x80, 0xC2, 0x07, 0x80, 0xC1, 0x80, 0x07, 0xC3, 0x03, 0x3F, 0x24, 0xC1, 0x09, 0xC1, 0x09, 0xC1, 0x40, 0x07, 0x40, 0xC1,
    0x40, 0x07, 0x80, 0xC2, 0x07, 0x80, 0xC1, 0x80, 0x07, 0xC3, 0x07, 0xC3, 0x03, 0x3F, 0x18, 0x41, 0x09, 0xC1, 0x09, 0xC1, 0x09, 0xC1, 0x40, 0x07,
    0x40, 0xC1, 0x80, 0x07, 0x80, 0xC2, 0x07, 0x80, 0xC1, 0x80, 0x07, 0xC3, 0x07, 0xC3, 0x03, 0x3F, 0x18, 0x81, 0x09, 0xC1, 0x09, 0xC1, 0x09, 0xC1,
    0x40, 0x07, 0x40, 0xC1, 0x80, 0x07, 0x80, 0xC2, 0x07, 0x80, 0xC1, 0x80, 0x07, 0xC3, 0x07, 0xC3, 0x03, 0x3F, 0x18, 0xC1, 0x09, 0xC1, 0x09, 0xC1,
    0x08, 0x40, 0xC1, 0x40, 0x07, 0x80, 0xC1, 0x80, 0x07, 0x80, 0xC2, 0x07, 0x80, 0xC1, 0x80, 0x07, 0xC3, 0x06, 0x40, 0xC3, 0x40, 0x02, 0x3F, 0x18,
    0xC1, 0x09, 0xC1, 0x09, 0xC1, 0x08, 0x40, 0xC1, 0x40, 0x07, 0x80, 0xC2, 0x07, 0x80, 0xC1, 0x80, 0x07, 0xC3, 0x07, 0xC3, 0x06, 0x40, 0xC3, 0x40,
    0x02, 0x3F, 0x0C, 0x41, 0x09, 0xC1, 0x09, 0xC1, 0x09, 0xC1, 0x40, 0x07, 0x40, 0xC1, 0x80, 0x07, 0x80, 0xC2, 0x07, 0x80, 0xC1, 0x80, 0x07, 0xC3,
    0x07, 0xC3, 0x06, 0x40, 0xC3, 0x40, 0x02, 0x3F, 0x0C, 0x81, 0x09, 0xC1, 0x09, 0xC1, 0x09, 0xC1, 0x40, 0x07, 0x40, 0xC1, 0x80, 0x07, 0x80, 0xC2,
    0x07, 0x80, 0xC1, 0x80, 0x07, 0xC3, 0x07, 0xC3, 0x06, 0x40, 0xC3, 0x40, 0x02, 0x3F, 0x0C, 0x81, 0x09, 0xC1, 0x09, 0xC1, 0x09, 0xC1, 0x40, 0x07,
    0x40, 0xC1, 0x80, 0x07, 0x80, 0xC2, 0x07, 0x80, 0xC1, 0x80, 0x07, 0xC3, 0x07, 0xC3, 0x06, 0x40, 0xC3, 0x40, 0x02, 0x3F, 0x0B, 0x40, 0xC1, 0x09,
    0xC1, 0x09, 0xC1, 0x09, 0xC1, 0x40, 0x07, 0x40, 0xC1, 0x80, 0x07, 0x80, 0xC2, 0x07, 0x80, 0xC1, 0x80, 0x07, 0xC3, 0x07, 0xC3, 0x06, 0x40, 0xC3,
    0x40, 0x02, 0x3F, 0x0B, 0x40, 0xC1, 0x40, 0x08, 0xC1, 0x09, 0xC1, 0x09, 0xC1, 0x40, 0x07, 0x40, 0xC1, 0x80, 0x07, 0x80, 0xC2, 0x07, 0x80, 0xC1,
    0x80, 0x07, 0xC3, 0x07, 0xC3, 0x06, 0x40, 0xC3, 0x40, 0x02, 0x3F, 0x0B, 0x40, 0xC1, 0x40, 0x08, 0xC1, 0x09, 0xC1, 0x09, 0xC1, 0x40, 0x07, 0x80,
    0xC1, 0x80, 0x07, 0x80, 0xC2, 0x07, 0x80, 0xC1, 0x80, 0x07, 0xC3, 0x07, 0xC3, 0x06, 0x40, 0xC3, 0x40, 0x02, 0x3F, 0x0B, 0x40, 0xC1, 0x40, 0x08,
    0xC1, 0x09, 0xC1, 0x08, 0x40, 0xC1, 0x40, 0x07, 0x80, 0xC1, 0x80, 0x07, 0xC3, 0x07, 0x80, 0xC1, 0x80, 0x07, 0xC3, 0x07, 0xC3, 0x06, 0x40, 0xC3,
    0x40, 0x02, 0x3F, 0x0B, 0x40, 0xC1, 0x40, 0x08, 0xC1, 0x09, 0xC1, 0x08, 0x40, 0xC1, 0x40, 0x07, 0x80, 0xC1, 0x80, 0x07, 0xC3, 0x07, 0x80, 0xC2,
    0x07, 0xC3, 0x07, 0xC3, 0x06, 0x40, 0xC3, 0x40, 0x02, 0x3F, 0x0B, 0x40, 0xC1, 0x40, 0x08, 0xC1, 0x09, 0xC1, 0x08, 0x40, 0xC1, 0x40, 0x07, 0x80,
    0xC1, 0x80, 0x07, 0xC3, 0x07, 0xC3, 0x07, 0xC3, 0x07, 0xC3, 0x06, 0x40, 0xC3, 0x40, 0x02, 0x3F, 0x00, 0x41, 0x08, 0x40, 0xC1, 0x40, 0x08, 0xC1,
    0x09, 0xC1, 0x08, 0x40, 0xC1, 0x40, 0x07, 0x80, 0xC1, 0x80, 0x07, 0xC3, 0x07, 0xC3, 0x07, 0xC3, 0x07, 0xC3, 0x06, 0x40, 0xC3, 0x40, 0x02, 0x3F,
    0x00, 0x41, 0x08, 0x40, 0xC1, 0x40, 0x08, 0xC1, 0x09, 0xC1, 0x08, 0x40, 0xC1, 0x40, 0x07, 0x80, 0xC1, 0x80, 0x07, 0xC3, 0x07, 0xC3, 0x07, 0xC3,
    0x07, 0xC3, 0x06, 0x40, 0xC3, 0x40, 0x02, 0x3F, 0x00, 0x42, 0x07, 0x40, 0xC1, 0x40, 0x08, 0xC1, 0x09, 0xC1, 0x08, 0x40, 0xC1, 0x40, 0x07, 0x80,
    0xC1, 0x80, 0x07, 0xC3, 0x07, 0xC3, 0x07, 0xC3, 0x07, 0xC3, 0x06, 0x40, 0xC3, 0x40, 0x02, 0x3F, 0x43, 0x07, 0x40, 0xC1, 0x40, 0x08, 0xC1, 0x09,
    0xC1, 0x08, 0x40, 0xC1, 0x40, 0x07, 0x80, 0xC1, 0x80, 0x07, 0xC3, 0x07, 0xC3, 0x07, 0xC3, 0x06, 0x40, 0xC3, 0x06, 0x80, 0xC3, 0x40, 0x02, 0x3F,
    0x40, 0x81, 0x40, 0x07, 0x40, 0xC1, 0x40, 0x08, 0xC1, 0x09, 0xC1, 0x08, 0x40, 0xC1, 0x40, 0x07, 0xC2, 0x80, 0x07, 0xC3, 0x07, 0xC3, 0x07, 0xC3,
    0x06, 0x40, 0xC3, 0x06, 0x80, 0xC3, 0x40, 0x02, 0x3F, 0x40, 0x81, 0x40, 0x07, 0x40, 0xC1, 0x40, 0x08, 0xC1, 0x08, 0x40, 0xC1, 0x08, 0x40, 0xC1,
    0x40, 0x07, 0xC2, 0x80, 0x07, 0xC3, 0x06, 0x40, 0xC3, 0x07, 0xC3, 0x06, 0x40, 0xC3, 0x06, 0x80, 0xC3, 0x40, 0x02, 0x3F, 0x82, 0x40, 0x07, 0x40,
    0xC1, 0x40, 0x08, 0xC1, 0x08, 0x40, 0xC1, 0x08, 0x80, 0xC1, 0x40, 0x07, 0xC2, 0x80, 0x07, 0xC3, 0x06, 0x40, 0xC3, 0x07, 0xC3, 0x06, 0x40, 0xC3,
    0x06, 0x80, 0xC3, 0x40, 0x02, 0x3F, 0x81, 0xC0, 0x80, 0x07, 0x40, 0xC1, 0x40, 0x08, 0xC1, 0x08, 0x40, 0xC1, 0x08, 0x80, 0xC1, 0x40, 0x07, 0xC2,
    0x80, 0x07, 0xC3, 0x06, 0x80, 0xC3, 0x40, 0x06, 0xC3, 0x06, 0x40, 0xC3, 0x06, 0x80, 0xC3, 0x40, 0x02, 0x3F, 0xC2, 0x80, 0x07, 0x40, 0xC1, 0x40,
    0x07, 0x40, 0xC1, 0x08, 0x40, 0xC1, 0x08, 0x80, 0xC1, 0x40, 0x07, 0xC2, 0x80, 0x06, 0x40, 0xC3, 0x06, 0x80, 0xC3, 0x40, 0x06, 0xC3, 0x06, 0x40,
    0xC3, 0x06, 0x80, 0xC3, 0x40, 0x02, 0x3F, 0xC2, 0x80, 0x07, 0x40, 0xC1, 0x08, 0x40, 0xC1, 0x08, 0x80, 0xC1, 0x08, 0x80, 0xC1, 0x40, 0x07, 0xC2,
    0x80, 0x06, 0x40, 0xC3, 0x06, 0xC4, 0x40, 0x06, 0xC3, 0x06, 0x40, 0xC3, 0x06, 0x80, 0xC3, 0x40, 0x02, 0x3F, 0xC2, 0x80, 0x07, 0x40, 0xC1, 0x08,
    0x40, 0xC1, 0x08, 0x80, 0xC1, 0x08, 0x80, 0xC1, 0x40, 0x07, 0xC2, 0x80, 0x06, 0x40, 0xC3, 0x40, 0x05, 0xC4, 0x80, 0x06, 0xC3, 0x06, 0x40, 0xC3,
    0x06, 0x80, 0xC3, 0x40, 0x02, 0x35, 0x40, 0x08, 0xC2, 0x80, 0x07, 0x40, 0xC1, 0x08, 0x80, 0xC1, 0x08, 0x80, 0xC1, 0x40, 0x07, 0x80, 0xC1, 0x40,
    0x07, 0xC2, 0x80, 0x06, 0x80, 0xC3, 0x40, 0x05, 0xC4, 0x80, 0x05, 0x40, 0xC3, 0x06, 0x40, 0xC3, 0x06, 0x80, 0xC3, 0x40, 0x02, 0x33, 0x43, 0x07,
    0xC2, 0x80, 0x07, 0x80, 0xC1, 0x08, 0x80, 0xC1, 0x08, 0xC2, 0x40, 0x07, 0xC2, 0x40, 0x07, 0xC2, 0x80, 0x06, 0x80, 0xC3, 0x80, 0x04, 0x40, 0xC4,
    0x80, 0x05, 0x40, 0xC3, 0x06, 0x40, 0xC3, 0x06, 0x80, 0xC3, 0x40, 0x02, 0x33, 0x41, 0x80, 0x40, 0x07, 0xC2, 0x40, 0x07, 0x80, 0xC1, 0x08, 0xC2,
    0x08, 0xC2, 0x40, 0x07, 0xC2, 0x40, 0x07, 0xC2, 0x80, 0x06, 0xC4, 0x80, 0x04, 0x80, 0xC4, 0x80, 0x04, 0x40, 0x80, 0xC3, 0x06, 0x40, 0xC3, 0x06,
    0xC4, 0x40, 0x02, 0x33, 0x82, 0x40, 0x07, 0xC2, 0x40, 0x07, 0x80, 0xC1, 0x08, 0xC2, 0x08, 0xC2, 0x40, 0x07, 0xC2, 0x40, 0x06, 0x40, 0xC2, 0x80,
    0x06, 0xC4, 0x80, 0x04, 0x80, 0xC4, 0x80, 0x04, 0x40, 0x80, 0xC3, 0x06, 0x40, 0xC3, 0x06, 0xC4, 0x40, 0x02, 0x32, 0x40, 0x81, 0xC0, 0x40, 0x06,
    0x40, 0xC2, 0x08, 0xC2, 0x08, 0xC1, 0x80, 0x07, 0x40, 0xC2, 0x40, 0x07, 0xC2, 0x40, 0x06, 0x40, 0xC3, 0x06, 0xC5, 0x04, 0xC5, 0x80, 0x40, 0x03,
    0x81, 0xC3, 0x06, 0x80, 0xC3, 0x06, 0xC4, 0x40, 0x02, 0x32, 0x81, 0xC1, 0x40, 0x06, 0x40, 0xC2, 0x08, 0xC2, 0x08, 0xC1, 0x80, 0x07, 0x80, 0xC2,
    0x40, 0x06, 0x40, 0xC2, 0x40, 0x06, 0x80, 0xC3, 0x05, 0x40, 0xC5, 0x03, 0x40, 0xC5, 0x80, 0x40, 0x02, 0x40, 0xC0, 0x40, 0xC3, 0x06, 0x80, 0xC3,
    0x06, 0xC4, 0x40, 0x02, 0x32, 0x81, 0xC1, 0x07, 0x80, 0xC2, 0x08, 0xC1, 0x80, 0x07, 0x40, 0xC1, 0x80, 0x07, 0xC3, 0x40, 0x06, 0x80, 0xC2, 0x40,
    0x06, 0xC4, 0x05, 0x80, 0xC5, 0x03, 0x80, 0xC5, 0x41, 0x02, 0x80, 0xC0, 0x40, 0xC3, 0x06, 0x80, 0xC3, 0x06, 0xC4, 0x40, 0x02, 0x32, 0xC0, 0x80,
    0xC1, 0x07, 0xC3, 0x07, 0x40, 0xC1, 0x80, 0x07, 0x40, 0xC1, 0x40, 0x07, 0xC3, 0x40, 0x06, 0xC3, 0x80, 0x06, 0xC4, 0x05, 0xC6, 0x03, 0xC1, 0x80,
    0xC3, 0x41, 0x01, 0x40, 0xC0, 0x80, 0x00, 0xC3, 0x06, 0x80, 0xC3, 0x06, 0xC4, 0x40, 0x02, 0x31, 0x40, 0xC0, 0x80, 0xC1, 0x07, 0xC3, 0x07, 0x80,
    0xC1, 0x40, 0x07, 0x80, 0xC1, 0x40, 0x07, 0xC3, 0x40, 0x05, 0x40, 0xC3, 0x80, 0x05, 0x40, 0xC0, 0x80, 0xC2, 0x40, 0x04, 0xC1, 0x80, 0xC3, 0x03,
    0xC1, 0x80, 0xC3, 0x41, 0x01, 0x80, 0xC0, 0x40, 0x00, 0xC3, 0x06, 0x80, 0xC3, 0x06, 0xC4, 0x40, 0x02, 0x31, 0x80, 0xC0, 0x80, 0xC1, 0x06, 0x40,
    0xC2, 0x80, 0x07, 0x80, 0xC1, 0x40, 0x07, 0x80, 0xC1, 0x40, 0x07, 0xC3, 0x40, 0x05, 0x80, 0xC3, 0x80, 0x05, 0x80, 0xC0, 0x80, 0xC2, 0x04, 0x40,
    0xC1, 0x40, 0xC3, 0x02, 0x40, 0xC1, 0x40, 0xC3, 0x80, 0x40, 0x01, 0xC1, 0x01, 0xC3, 0x03, 0x40, 0x01, 0x80, 0xC3, 0x06, 0xC4, 0x03, 0x31, 0x80,
    0xC2, 0x80, 0x06, 0x80, 0xC2, 0x80, 0x07, 0xC2, 0x40, 0x07, 0xC2, 0x40, 0x07, 0xC3, 0x06, 0xC4, 0x80, 0x05, 0xC1, 0x80, 0xC2, 0x04, 0x40, 0xC1,
    0x40, 0xC3, 0x02, 0x40, 0xC1, 0x00, 0xC3, 0x80, 0x02, 0xC1, 0x01, 0xC3, 0x03, 0x80, 0x01, 0x80, 0xC3, 0x06, 0xC4, 0x03, 0x31, 0xC3, 0x80, 0x06,
    0x80, 0xC2, 0x80, 0x07, 0xC2, 0x40, 0x07, 0xC2, 0x08, 0xC3, 0x06, 0xC4, 0x80, 0x05, 0xC5, 0x04, 0x40, 0xC1, 0x80, 0xC3, 0x02, 0x40, 0xC1, 0x00,
    0x80, 0xC2, 0x80, 0x02, 0xC1, 0x40, 0x00, 0xC3, 0x03, 0xC0, 0x01, 0x40, 0xC3, 0x06, 0xC4, 0x03, 0x31, 0xC3, 0x80, 0x06, 0xC3, 0x80, 0x07, 0xC2,
    0x40, 0x07, 0xC2, 0x08, 0xC3, 0x06, 0xC4, 0x80, 0x04, 0x40, 0xC5, 0x04, 0x40, 0xC0, 0x81, 0xC3, 0x03, 0xC1, 0x00, 0x80, 0xC3, 0x02, 0xC1, 0x40,
    0x00, 0xC3, 0x03, 0xC0, 0x01, 0x40, 0xC3, 0x06, 0xC4, 0x03, 0x28, 0x40, 0x06, 0x40, 0xC3, 0x40, 0x06, 0xC3, 0x80, 0x06, 0x40, 0xC2, 0x40, 0x07,
    0xC2, 0x08, 0xC3, 0x06, 0xC4, 0x80, 0x04, 0x80, 0xC5, 0x04, 0x40, 0xC5, 0x80, 0x03, 0xC1, 0x40, 0x80, 0xC3, 0x02, 0xC1, 0x80, 0x00, 0xC3, 0x03,
    0xC0, 0x80, 0x00, 0x40, 0xC3, 0x03, 0x40, 0x01, 0x80, 0xC3, 0x03, 0x28, 0x40, 0x06, 0x40, 0xC3, 0x40, 0x06, 0xC3, 0x80, 0x06, 0x40, 0xC2, 0x40,
    0x06, 0x40, 0xC2, 0x08, 0xC3, 0x06, 0x80, 0xC3, 0x80, 0x05, 0xC5, 0x04, 0x80, 0xC5, 0x80, 0x03, 0xC1, 0x41, 0xC3, 0x02, 0xC2, 0x00, 0xC3, 0x40,
    0x02, 0xC1, 0x00, 0x40, 0xC3, 0x03, 0xC0, 0x01, 0x80, 0xC3, 0x03, 0x27, 0x41, 0x06, 0x80, 0xC3, 0x40, 0x06, 0xC3, 0x80, 0x06, 0x80, 0xC2, 0x40,
    0x06, 0x40, 0xC2, 0x07, 0x40, 0xC3, 0x06, 0x40, 0xC3, 0x80, 0x05, 0xC5, 0x04, 0x40, 0xC5, 0x40, 0x03, 0xC2, 0x80, 0xC3, 0x02, 0x80, 0xC1, 0x00,
    0xC3, 0x40, 0x02, 0xC1, 0x40, 0x00, 0xC3, 0x03, 0xC0, 0x80, 0x00, 0x40, 0xC3, 0x40, 0x02, 0x27, 0x41, 0x06, 0x80, 0xC3, 0x40, 0x06, 0xC3, 0x80,
    0x06, 0x80, 0xC2, 0x40, 0x06, 0x80, 0xC2, 0x07, 0x40, 0xC3, 0x40, 0x05, 0x40, 0xC3, 0x80, 0x05, 0x80, 0xC4, 0x05, 0xC5, 0x40, 0x03, 0x80, 0xC6,
    0x02, 0x40, 0xC6, 0x80, 0x02, 0xC2, 0x40, 0xC3, 0x03, 0xC1, 0x00, 0x40, 0xC3, 0x40, 0x02, 0x27, 0x41, 0x06, 0x80, 0xC3, 0x80, 0x05, 0x40, 0xC4,
    0x06, 0x80, 0xC2, 0x40, 0x06, 0x80, 0xC2, 0x07, 0x40, 0xC3, 0x40, 0x05, 0x40, 0xC3, 0x80, 0x05, 0x80, 0xC4, 0x05, 0xC5, 0x04, 0x80, 0xC6, 0x02,
    0x40, 0xC7, 0x02, 0xC7, 0x40, 0x02, 0xC1, 0x80, 0x00, 0xC3, 0x80, 0x02, 0x27, 0x41, 0x06, 0x80, 0xC4, 0x06, 0xC4, 0x06, 0x80, 0xC2, 0x80, 0x06,
    0x80, 0xC2, 0x40, 0x07, 0xC3, 0x40, 0x06, 0xC4, 0x05, 0x40, 0xC4, 0x05, 0xC5, 0x40, 0x03, 0x40, 0xC6, 0x03, 0xC7, 0x02, 0x80, 0xC6, 0x80, 0x02,
    0xC2, 0x40, 0xC3, 0x80, 0x02, 0x27, 0x40, 0x80, 0x06, 0x80, 0xC4, 0x06, 0xC4, 0x06, 0x40, 0xC3, 0x06, 0x80, 0xC2, 0x40, 0x07, 0xC3, 0x80, 0x06,
    0xC4, 0x06, 0xC4, 0x40, 0x04, 0x80, 0xC4, 0x80, 0x04, 0xC6, 0x03, 0x80, 0xC6, 0x02, 0x40, 0xC7, 0x02, 0xC3, 0x80, 0xC3, 0x02, 0x27, 0x40, 0x80,
    0x40, 0x05, 0x40, 0xC4, 0x06, 0xC4, 0x40, 0x05, 0x40, 0xC3, 0x06, 0x40, 0xC2, 0x80, 0x07, 0xC3, 0x80, 0x06, 0xC4, 0x40, 0x05, 0xC5, 0x05, 0xC5,
    0x04, 0x80, 0xC5, 0x40, 0x02, 0x40, 0xC6, 0x40, 0x02, 0xC7, 0x40, 0x01, 0x80, 0xC7, 0x40, 0x01, 0x25, 0x40, 0x00, 0x40, 0x81, 0x06, 0xC4, 0x80,
    0x05, 0x80, 0xC3, 0x80, 0x06, 0xC3, 0x40, 0x05, 0x40, 0xC3, 0x07, 0xC4, 0x06, 0x80, 0xC4, 0x05, 0x80, 0xC4, 0x05, 0xC5, 0x04, 0x40, 0xC5, 0x80,
    0x03, 0xC6, 0x80, 0x02, 0x80, 0xC6, 0x80, 0x02, 0xC7, 0x80, 0x01, 0x25, 0x40, 0x00, 0x40, 0x81, 0x40, 0x05, 0xC5, 0x05, 0x40, 0xC4, 0x06, 0xC3,
    0x80, 0x06, 0xC3, 0x40, 0x06, 0x80, 0xC3, 0x40, 0x05, 0x80, 0xC4, 0x05, 0x80, 0xC4, 0x80, 0x04, 0xC5, 0x80, 0x03, 0x40, 0xC6, 0x03, 0xC7, 0x03,
    0xC7, 0x02, 0x80, 0xC7, 0x01, 0x25, 0x41, 0x00, 0x80, 0xC0, 0x80, 0x05, 0x40, 0xC4, 0x40, 0x05, 0xC4, 0x40, 0x05, 0x40, 0xC3, 0x06, 0x80, 0xC2,
    0x80, 0x06, 0x40, 0xC3, 0x80, 0x05, 0x40, 0xC4, 0x80, 0x04, 0x40, 0xC5, 0x04, 0xC6, 0x03, 0x40, 0xC7, 0x02, 0xC7, 0x80, 0x02, 0x80, 0xC6, 0x80,
    0x02, 0xC7, 0x80, 0x00, 0x04, 0x41, 0x1F, 0x80, 0x00, 0x40, 0xC1, 0x40, 0x05, 0x80, 0xC4, 0x06, 0xC4, 0x06, 0xC3, 0x80, 0x06, 0xC3, 0x40, 0x06,
    0x80, 0xC3, 0x40, 0x05, 0xC5, 0x40, 0x04, 0xC6, 0x03, 0x80, 0xC6, 0x03, 0xC7, 0x80, 0x01, 0x80, 0xC7, 0x40, 0x01, 0x40, 0xC7, 0x40, 0x01, 0x40,
    0xC7, 0x40, 0x04, 0x41, 0x20, 0xC0, 0x40, 0x80, 0xC1, 0x80, 0x05, 0x80, 0xC4, 0x06, 0xC4, 0x06, 0xC3, 0x80, 0x05, 0x40, 0xC3, 0x40, 0x06, 0xC4,
    0x40, 0x05, 0xC5, 0x40, 0x03, 0x40, 0xC6, 0x03, 0xC7, 0x02, 0x40, 0xC7, 0x02, 0xC8, 0x02, 0xC8, 0x02, 0xC8, 0x04, 0x41, 0x21, 0xC0, 0x81, 0xC2,
    0x05, 0x80, 0xC4, 0x06, 0x80, 0xC3, 0x06, 0xC4, 0x05, 0x80, 0xC3, 0x80, 0x05, 0xC5, 0x80, 0x04, 0xC6, 0x04, 0xC6, 0x04, 0xC6, 0x03, 0x40, 0xC6,
    0x03, 0xC7, 0x03, 0xC7, 0x03, 0xC7, 0x04, 0x41, 0x17, 0x40, 0x01, 0x41, 0x05, 0x40, 0xC0, 0x80, 0xC2, 0x04, 0x41, 0xC4, 0x06, 0x40, 0xC3, 0x06,
    0x80, 0xC3, 0x04, 0x41, 0xC4, 0x04, 0xC6, 0x04, 0xC6, 0x04, 0xC6, 0x04, 0xC6, 0x04, 0xC6, 0x04, 0xC6, 0x04, 0xC6, 0x04, 0xC6, 0x03, 0x43, 0x17,
    0x81, 0x00, 0x80, 0x03, 0x40, 0x01, 0x41, 0xC2, 0x03, 0x43, 0x00, 0xC2, 0x08, 0xC2, 0x08, 0xC2, 0x03, 0x44, 0xC2, 0x03, 0x40, 0xC1, 0x40, 0x00,
    0xC2, 0x03, 0x40, 0xC1, 0x41, 0xC2, 0x03, 0x40, 0xC1, 0x40, 0xC3, 0x03, 0x40, 0xC6, 0x03, 0x40, 0xC6, 0x03, 0x40, 0xC6, 0x03, 0x40, 0xC6, 0x03,
    0x40, 0xC6, 0x03, 0x80, 0x41, 0x80, 0x13, 0x40, 0x01, 0x40, 0x01, 0x80, 0xC0, 0x03, 0x80, 0x01, 0x80, 0x02, 0xC0, 0x03, 0x80, 0x41, 0x80, 0x02,
    0xC0, 0x03, 0x40, 0x01, 0x40, 0x02, 0xC0, 0x03, 0x40, 0x01, 0x40, 0x01, 0x80, 0xC0, 0x03, 0x80, 0x41, 0x80, 0x01, 0x40, 0xC0, 0x03, 0x80, 0xC1,
    0x80, 0x01, 0x80, 0xC0, 0x03, 0x80, 0xC1, 0x80, 0x01, 0xC1, 0x03, 0x80, 0xC1, 0x80, 0x00, 0x80, 0xC1, 0x03, 0x80, 0xC1, 0x80, 0x40, 0xC2, 0x03,
    0x80, 0xC1, 0x80, 0xC3, 0x03, 0x80, 0xC6, 0x03, 0x80, 0xC6, 0x03, 0x80, 0xC6, 0x03, 0xC0, 0x41, 0xC0, 0x07, 0x40, 0x0A, 0x80, 0x01, 0x80, 0x07,
    0xC0, 0x01, 0xC0, 0x07, 0xC0, 0x41, 0xC0, 0x07, 0x80, 0x01, 0x80, 0x07, 0x80, 0x01, 0x80, 0x07, 0xC0, 0x41, 0xC0, 0x07, 0xC3, 0x07, 0xC3, 0x02,
    0x80, 0x03, 0xC3, 0x01, 0x40, 0xC0, 0x03, 0xC3, 0x01, 0xC1, 0x03, 0xC3, 0x00, 0x80, 0xC1, 0x03, 0xC3, 0x00, 0xC2, 0x03, 0xC3, 0x00, 0xC2, 0x03,
    0xC3, 0x00, 0xC2, 0x02, 0x40, 0xC0, 0x41, 0xC0, 0x40, 0x05, 0x41, 0x02, 0x40, 0x05, 0x40, 0x80, 0x01, 0x80, 0x40, 0x05, 0x40, 0xC0, 0x01, 0xC0,
    0x40, 0x05, 0x40, 0xC0, 0x41, 0xC0, 0x40, 0x06, 0x80, 0x01, 0x80, 0x06, 0x40, 0x80, 0x01, 0x80, 0x40, 0x05, 0x40, 0xC0, 0x41, 0xC0, 0x40, 0x05,
    0x40, 0xC3, 0x40, 0x05, 0x40, 0xC3, 0x40, 0x05, 0x40, 0xC3, 0x40, 0x05, 0x40, 0xC3, 0x40, 0x01, 0x80, 0x02, 0x40, 0xC3, 0x40, 0x00, 0x40, 0xC0,
    0x02, 0x40, 0xC3, 0x40, 0x00, 0x80, 0xC0, 0x02, 0x40, 0xC3, 0x40, 0x00, 0xC1, 0x02, 0x40, 0xC3, 0x40, 0x00, 0xC1, 0x02, 0x80, 0xC0, 0x41, 0xC0,
    0x80, 0x05, 0x80, 0x40, 0x02, 0x80, 0x05, 0x81, 0x01, 0x81, 0x05, 0x80, 0xC0, 0x01, 0xC0, 0x80, 0x05, 0x80, 0xC0, 0x41, 0xC0, 0x80, 0x05, 0x40,
    0x80, 0x01, 0x80, 0x40, 0x05, 0x81, 0x01, 0x81, 0x05, 0x80, 0xC0, 0x41, 0xC0, 0x80, 0x05, 0x80, 0xC3, 0x80, 0x05, 0x80, 0xC3, 0x80, 0x05, 0x80,
    0xC3, 0x80, 0x05, 0x80, 0xC3, 0x80, 0x05, 0x80, 0xC3, 0x80, 0x05, 0x80, 0xC3, 0x80, 0x05, 0x80, 0xC3, 0x80, 0x05, 0x80, 0xC3, 0x80, 0x02, 0x02,
    0xC1, 0x41, 0xC1, 0x05, 0xC0, 0x40, 0x02, 0xC0, 0x05, 0xC0, 0x80, 0x01, 0x80, 0xC0, 0x05, 0xC1, 0x01, 0xC1, 0x05, 0xC1, 0x41, 0xC1, 0x05, 0x40,
    0x80, 0x01, 0x80, 0x40, 0x05, 0xC0, 0x80, 0x01, 0x80, 0xC0, 0x05, 0xC1, 0x41, 0xC1, 0x05, 0xC5, 0x05, 0xC5, 0x05, 0xC5, 0x05, 0xC5, 0x05, 0xC5,
    0x05, 0xC5, 0x05, 0xC5, 0x05, 0xC5, 0x02, 0x01, 0x40, 0xC1, 0x41, 0xC1, 0x40, 0x03, 0x40, 0xC0, 0x40, 0x02, 0xC0, 0x40, 0x03, 0x40, 0xC0, 0x80,
    0x01, 0x80, 0xC0, 0x40, 0x03, 0x40, 0xC1, 0x01, 0xC1, 0x40, 0x03, 0x40, 0xC1, 0x41, 0xC1, 0x40, 0x03, 0x40, 0x81, 0x01, 0x81, 0x40, 0x03, 0x40,
    0xC0, 0x80, 0x01, 0x80, 0xC0, 0x40, 0x03, 0x40, 0xC1, 0x41, 0xC1, 0x40, 0x03, 0x40, 0xC5, 0x40, 0x03, 0x40, 0xC5, 0x40, 0x03, 0x40, 0xC5, 0x40,
    0x03, 0x40, 0xC5, 0x40, 0x03, 0x40, 0xC5, 0x40, 0x03, 0x40, 0xC5, 0x40, 0x03, 0x40, 0xC5, 0x40, 0x03, 0x40, 0xC5, 0x40, 0x01, 0x01, 0xC1, 0x80,
    0x41, 0x80, 0xC1, 0x03, 0xC1, 0x40, 0x02, 0xC1, 0x03, 0xC1, 0x80, 0x01, 0x80, 0xC1, 0x03, 0xC2, 0x01, 0xC2, 0x03, 0xC2, 0x41, 0xC2, 0x03, 0xC0,
    0x81, 0x01, 0x81, 0xC0, 0x03, 0xC1, 0x80, 0x01, 0x80, 0xC1, 0x03, 0xC2, 0x41, 0xC2, 0x03, 0xC7, 0x03, 0xC7, 0x03, 0xC7, 0x03, 0xC7, 0x03, 0xC7,
    0x03, 0xC7, 0x03, 0xC7, 0x03, 0xC7, 0x01, 0x00, 0x40, 0xC1, 0x80, 0x01, 0x40, 0xC1, 0x40, 0x01, 0x40, 0xC1, 0x40, 0x02, 0xC1, 0x40, 0x01, 0x40,
    0xC2, 0x01, 0x80, 0xC1, 0x40, 0x01, 0x40, 0xC2, 0x01, 0xC2, 0x40, 0x01, 0x40, 0xC2, 0x41, 0xC2, 0x40, 0x01, 0x40, 0xC0, 0x81, 0x01, 0x80, 0x40,
    0xC0, 0x40, 0x01, 0x40, 0xC1, 0x80, 0x01, 0x80, 0xC1, 0x40, 0x01, 0x40, 0xC2, 0x41, 0xC2, 0x40, 0x01, 0x40, 0xC7, 0x40, 0x01, 0x40, 0xC7, 0x40,
    0x01, 0x40, 0xC7, 0x40, 0x01, 0x40, 0xC7, 0x40, 0x01, 0x40, 0xC7, 0x40, 0x01, 0x40, 0xC7, 0x40, 0x01, 0x40, 0xC7, 0x40, 0x01, 0x40, 0xC7, 0x40,
    0x00, 0x00, 0xC2, 0x03, 0x80, 0xC1, 0x01, 0xC2, 0x40, 0x02, 0xC2, 0x01, 0xC3, 0x01, 0x80, 0xC2, 0x01, 0xC3, 0x40, 0x00, 0xC3, 0x01, 0xC3, 0x40,
    0x00, 0xC3, 0x01, 0xC1, 0x41, 0x01, 0x41, 0x80, 0xC0, 0x01, 0xC2, 0x80, 0x01, 0x40, 0xC2, 0x01, 0xC3, 0x41, 0xC3, 0x01, 0xC9, 0x01, 0xC9, 0x01,
    0xC9, 0x01, 0xC9, 0x01, 0xC9, 0x01, 0xC9, 0x01, 0xC9, 0x01, 0xC9, 0x00, 0x80, 0xC2, 0x03, 0x40, 0xC1, 0x81, 0xC2, 0x40, 0x02, 0xC2, 0x81, 0xC3,
    0x01, 0x80, 0xC2, 0x81, 0xC3, 0x40, 0x00, 0xC3, 0x81, 0xC3, 0x40, 0x00, 0x80, 0xC2, 0x81, 0xC0, 0x80, 0x41, 0x01, 0x41, 0x80, 0xC0, 0x81, 0xC2,
    0x80, 0x01, 0x40, 0xC2, 0x81, 0xC3, 0x40, 0x00, 0xC3, 0x81, 0xC4, 0x80, 0xC3, 0x81, 0xC9, 0x81, 0xC9, 0x81, 0xC9, 0x81, 0xC9, 0x81, 0xC9, 0x81,
    0xC9, 0x81, 0xC9, 0x80, 0xC3, 0x03, 0x40, 0xC6, 0x80, 0x02, 0xC8, 0x01, 0x80, 0xC8, 0x40, 0x00, 0xC9, 0x40, 0x00, 0x40, 0xC5, 0x80, 0x41, 0x02,
    0x41, 0xC5, 0x80, 0x40, 0x00, 0x40, 0xC8, 0x01, 0xCA, 0x40, 0xFF, 0xD8, 0xC3, 0x40, 0x02, 0x40, 0xC7, 0x02, 0xC8, 0x01, 0x80, 0xC8, 0x40, 0x00,
    0x40, 0xC8, 0x40, 0x01, 0xC5, 0x42, 0x02, 0x41, 0x80, 0xC4, 0x80, 0x40, 0x00, 0x40, 0xC8, 0x01, 0x80, 0xC8, 0x80, 0x00, 0xFF, 0xD8, 0xC3, 0x80,
    0x02, 0x80, 0xC7, 0x02, 0xC8, 0x40, 0x00, 0x80, 0xC8, 0x40, 0x01, 0x80, 0xC7, 0x40, 0x01, 0x40, 0x81, 0xC2, 0x42, 0x02, 0x40, 0x80, 0x40, 0xC4,
    0x80, 0x40, 0x01, 0x80, 0xC6, 0x80, 0x01, 0x40, 0xC8, 0x80, 0x00, 0xCA, 0x80, 0xFF, 0xCC, 0xC4, 0x02, 0x80, 0xC7, 0x02, 0xC8, 0x40, 0x00, 0x40,
    0x80, 0xC7, 0x40, 0x02, 0xC7, 0x03, 0x40, 0x80, 0xC2, 0x43, 0x01, 0x40, 0x80, 0x40, 0xC5, 0x80, 0x01, 0x40, 0xC6, 0x03, 0x80, 0xC7, 0x80, 0x00,
    0x40, 0xC9, 0x40, 0x80, 0xFF, 0xCB, 0xC4, 0x02, 0xC8, 0x01, 0x40, 0xC8, 0x40, 0x00, 0x42, 0xC6, 0x03, 0x40, 0xC4, 0x41, 0x03, 0x40, 0xC4, 0x40,
    0x80, 0x40, 0x02, 0xC7, 0x80, 0x02, 0x80, 0xC5, 0x03, 0x40, 0xC6, 0x80, 0x40, 0x01, 0xC9, 0x40, 0x00, 0xFF, 0xCB, 0xC4, 0x02, 0xC8, 0x01, 0x40,
    0xC8, 0x40, 0x00, 0x80, 0x40, 0x00, 0x80, 0xC5, 0x04, 0xC5, 0x40, 0x04, 0xC5, 0x80, 0x40, 0x02, 0xC7, 0x40, 0x02, 0x40, 0xC5, 0x40, 0x03, 0x80,
    0xC5, 0x03, 0x80, 0xC8, 0x40, 0x00, 0x80, 0xFF, 0xCA, 0xC4, 0x02, 0xC8, 0x01, 0x80, 0xC8, 0x01, 0x80, 0x02, 0xC5, 0x04, 0x40, 0xC5, 0x04, 0xC6,
    0x03, 0xC5, 0x06, 0xC5, 0x80, 0x03, 0x80, 0xC5, 0x03, 0x40, 0xC8, 0x40, 0x01, 0xC9, 0x80, 0xFF, 0xC3, 0x80, 0x02, 0xC8, 0x01, 0x80, 0xC0, 0x81,
    0xC5, 0x05, 0xC5, 0x04, 0x40, 0xC5, 0x04, 0xC5, 0x80, 0x03, 0xC6, 0x00, 0x80, 0x03, 0xC3, 0x80, 0x00, 0x41, 0x02, 0x80, 0xC3, 0x81, 0x03, 0x40,
    0x80, 0xC5, 0x40, 0x80, 0x40, 0x01, 0xC9, 0x81, 0xFE, 0xC3, 0x80, 0x02, 0xC7, 0x80, 0x02, 0x42, 0xC5, 0x05, 0xC5, 0x04, 0x80, 0xC5, 0x03, 0x40,
    0xC5, 0x80, 0x03, 0xC5, 0x40, 0x00, 0x40, 0x03, 0xC4, 0x00, 0xC0, 0x80, 0x02, 0xC4, 0x41, 0x80, 0x03, 0x80, 0xC2, 0x40, 0x80, 0xC0, 0x42, 0x01,
    0x40, 0xC8, 0x80, 0x40, 0xFE, 0xC3, 0x40, 0x02, 0x80, 0xC0, 0x80, 0xC4, 0x80, 0x05, 0xC5, 0x04, 0x40, 0xC5, 0x04, 0xC6, 0x03, 0x80, 0xC5, 0x80,
    0x03, 0x80, 0xC4, 0x40, 0x00, 0x41, 0x02, 0xC3, 0x80, 0x00, 0xC1, 0x02, 0xC4, 0x00, 0x80, 0xC0, 0x03, 0x40, 0x80, 0xC1, 0x80, 0x00, 0xC0, 0x40,
    0x04, 0xC2, 0x40, 0xC4, 0x80, 0x40, 0x80, 0xFD, 0xC3, 0x40, 0x02, 0x41, 0x00, 0xC4, 0x80, 0x04, 0x40, 0xC5, 0x04, 0x80, 0xC5, 0x04, 0xC6, 0x03,
    0x80, 0xC5, 0x80, 0x03, 0x41, 0xC3, 0x40, 0x00, 0x80, 0x40, 0x02, 0xC3, 0x40, 0x00, 0xC1, 0x02, 0x80, 0xC3, 0x00, 0x80, 0xC0, 0x40, 0x03, 0x40,
    0xC1, 0x80, 0x00, 0xC0, 0x80, 0x04, 0x40, 0xC0, 0x80, 0x40, 0xC5, 0x41, 0xFD, 0xC3, 0x40, 0x05, 0xC4, 0x80, 0x04, 0x40, 0xC5, 0x04, 0x80, 0xC5,
    0x04, 0xC6, 0x03, 0x81, 0xC4, 0x40, 0x05, 0xC3, 0x01, 0x81, 0x02, 0xC3, 0x40, 0x00, 0xC1, 0x40, 0x02, 0xC0, 0x80, 0xC1, 0x00, 0x80, 0xC0, 0x80,
    0x04, 0x40, 0xC0, 0x80, 0x00, 0xC1, 0x05, 0x80, 0xC0, 0x40, 0x80, 0xC1, 0x40, 0xC1, 0x80, 0x40, 0x80, 0xC0, 0x40, 0x80, 0xF9, 0xC3, 0x40, 0x05,
    0xC4, 0x80, 0x04, 0x40, 0xC4, 0x80, 0x04, 0xC6, 0x03, 0x40, 0xC6, 0x03, 0x40, 0x00, 0x80, 0xC3, 0x01, 0x40, 0x03, 0xC3, 0x01, 0xC0, 0x80, 0x02,
    0x80, 0xC2, 0x40, 0x00, 0x80, 0xC0, 0x40, 0x02, 0x40, 0x80, 0xC1, 0x00, 0x40, 0xC1, 0x05, 0xC1, 0x00, 0xC1, 0x80, 0x05, 0xC0, 0x40, 0x00, 0xC1,
    0x00, 0x40, 0x80, 0xC0, 0x81, 0xC0, 0x80, 0x00, 0xC9, 0x80, 0xEE, 0xC3, 0x80, 0x05, 0xC4, 0x80, 0x04, 0x40, 0xC4, 0x80, 0x04, 0xC6, 0x03, 0x40,
    0x81, 0xC4, 0x05, 0x80, 0xC3, 0x01, 0x80, 0x03, 0xC3, 0x40, 0x00, 0x81, 0x02, 0x40, 0xC2, 0x80, 0x00, 0x40, 0xC0, 0x80, 0x03, 0x40, 0xC1, 0x01,
    0xC1, 0x80, 0x04, 0xC1, 0x00, 0x40, 0xC1, 0x05, 0xC0, 0x80, 0x00, 0x80, 0xC0, 0x80, 0x00, 0x80, 0xC1, 0x81, 0xC0, 0x41, 0xC8, 0x41, 0xED, 0xC3,
    0x80, 0x04, 0x40, 0xC4, 0x80, 0x04, 0x80, 0xC5, 0x04, 0xC6, 0x03, 0x41, 0x80, 0xC4, 0x05, 0x80, 0xC3, 0x01, 0x80, 0x03, 0xC3, 0x40, 0x00, 0x80,
    0xC0, 0x03, 0xC3, 0x00, 0x40, 0xC1, 0x04, 0xC1, 0x40, 0x00, 0xC1, 0x80, 0x04, 0xC1, 0x00, 0x40, 0xC1, 0x05, 0xC1, 0x00, 0x80, 0xC1, 0x00, 0x40,
    0xC1, 0x81, 0xC0, 0x80, 0x00, 0xC2, 0x80, 0xC5, 0x00, 0xED, 0xC3, 0x80, 0x04, 0x40, 0xC5, 0x04, 0xC6, 0x04, 0xC6, 0x03, 0x40, 0x00, 0x80, 0xC4,
    0x05, 0x80, 0xC3, 0x01, 0x80, 0x03, 0xC3, 0x40, 0x00, 0x80, 0xC0, 0x03, 0xC3, 0x00, 0x40, 0xC1, 0x04, 0xC1, 0x40, 0x00, 0xC1, 0x40, 0x04, 0xC1,
    0x41, 0xC1, 0x05, 0xC1, 0x00, 0x40, 0xC1, 0x00, 0x40, 0xC4, 0x80, 0x00, 0xC2, 0x80, 0xC5, 0x00, 0x80, 0xEC, 0xC3, 0x80, 0x04, 0x40, 0xC4, 0x80,
    0x04, 0x80, 0xC5, 0x04, 0x80, 0xC5, 0x05, 0x80, 0xC4, 0x05, 0xC4, 0x01, 0x80, 0x03, 0xC3, 0x40, 0x00, 0x80, 0xC0, 0x03, 0xC3, 0x00, 0x40, 0xC0,
    0x80, 0x04, 0xC1, 0x40, 0x00, 0xC1, 0x05, 0xC1, 0x40, 0x00, 0xC1, 0x05, 0xC1, 0x00, 0x40, 0xC1, 0x00, 0x80, 0xC5, 0x00, 0xC9, 0x41, 0xEC, 0xC3,
    0x40, 0x04, 0x40, 0xC4, 0x80, 0x04, 0x80, 0xC4, 0x80, 0x04, 0x80, 0xC5, 0x05, 0xC4, 0x80, 0x05, 0xC4, 0x01, 0x80, 0x02, 0x40, 0xC3, 0x40, 0x00,
    0xC0, 0x80, 0x03, 0xC3, 0x00, 0x40, 0xC0, 0x05, 0xC1, 0x40, 0x00, 0xC0, 0x80, 0x05, 0xC1, 0x41, 0xC0, 0x40, 0x02, 0x40, 0x01, 0xC1, 0x00, 0x40,
    0xC0, 0x80, 0x00, 0xC6, 0x00, 0xC9, 0x80, 0x40, 0xEC, 0xC3, 0x05, 0x80, 0xC4, 0x05, 0xC5, 0x40, 0x04, 0xC5, 0x80, 0x04, 0x40, 0xC4, 0x40, 0x04,
    0x80, 0xC4, 0x00, 0x41, 0x02, 0xC4, 0x01, 0xC0, 0x03, 0x40, 0x00, 0xC1, 0x80, 0x00, 0x80, 0x40, 0x05, 0xC1, 0x41, 0xC0, 0x06, 0xC1, 0x00, 0x40,
    0xC0, 0x02, 0x80, 0x41, 0x80, 0xC1, 0x00, 0x80, 0xC0, 0x40, 0x80, 0xC6, 0x00, 0xC9, 0x80, 0x40, 0xEC, 0xC2, 0x40, 0x05, 0xC4, 0x80, 0x04, 0x80,
    0xC5, 0x04, 0x80, 0xC5, 0x05, 0xC5, 0x04, 0x40, 0xC4, 0x40, 0x00, 0x40, 0x02, 0x80, 0xC0, 0x80, 0xC2, 0x00, 0x80, 0x05, 0x80, 0xC1, 0x40, 0x00,
    0x80, 0x05, 0x80, 0xC1, 0x00, 0x80, 0x40, 0x05, 0x80, 0xC1, 0x00, 0xC0, 0x40, 0x00, 0x40, 0x82, 0xC2, 0x80, 0x00, 0xC1, 0x80, 0xC6, 0x80, 0x00,
    0xC9, 0x80, 0x40, 0xEC, 0xC1, 0x80, 0x05, 0xC5, 0x04, 0x80, 0xC5, 0x04, 0xC6, 0x05, 0xC5, 0x04, 0x40, 0xC4, 0x80, 0x00, 0x40, 0x02, 0x82, 0xC2,
    0x07, 0xC2, 0x80, 0x00, 0x40, 0x05, 0x80, 0xC1, 0x41, 0x80, 0x04, 0x40, 0xC2, 0x41, 0xC0, 0x00, 0x80, 0xC6, 0x00, 0x80, 0xC9, 0x00, 0x80, 0xC9,
    0x80, 0xED, 0xC1, 0x04, 0x40, 0xC5, 0x04, 0x80, 0xC5, 0x04, 0xC6, 0x04, 0x40, 0xC5, 0x40, 0x03, 0x40, 0xC5, 0x04, 0x80, 0x40, 0xC3, 0x40, 0x06,
    0xC3, 0x00, 0x40, 0x05, 0xC3, 0x00, 0x80, 0x01, 0x42, 0xC3, 0x80, 0x00, 0xC0, 0x40, 0xC7, 0x80, 0x40, 0xC9, 0x80, 0x40, 0xF9, 0xC0, 0x04, 0xC6,
    0x04, 0xC6, 0x03, 0x40, 0xC6, 0x40, 0x03, 0x80, 0xC5, 0x40, 0x03, 0x80, 0xC5, 0x04, 0x81, 0xC3, 0x80, 0x05, 0x80, 0xC3, 0x40, 0x05, 0x80, 0xC3,
    0x00, 0x80, 0x01, 0x82, 0xC4, 0x00, 0xC0, 0x80, 0xC8, 0x00, 0xCA, 0x80, 0xFA, 0x03, 0x40, 0xC6, 0x40, 0x02, 0x40, 0xC6, 0x40, 0x02, 0x80, 0xC6,
    0x80, 0x03, 0xC6, 0x80, 0x03, 0x80, 0xC5, 0x40, 0x03, 0x80, 0xC5, 0x05, 0xC5, 0x05, 0xC5, 0x80, 0x00, 0x40, 0xD4, 0x80, 0xFF, 0xC6, 0x02, 0x80,
    0xC7, 0x02, 0x40, 0xC7, 0x02, 0x80, 0xC7, 0x02, 0x40, 0xC7, 0x03, 0x80, 0xC6, 0x03, 0x80, 0xC6, 0x04, 0xC6, 0x03, 0x40, 0xC6, 0x40, 0x80, 0xFF,
    0xDD, 0x01, 0xC8, 0x40, 0x01, 0x40, 0xC7, 0x40, 0x01, 0x40, 0xC7, 0x40, 0x01, 0x40, 0xC7, 0x40, 0x02, 0x80, 0xC6, 0x40, 0x02, 0x80, 0xC6, 0x40,
    0x02, 0x40, 0xC6, 0x40, 0x02, 0x40, 0xC6, 0x40, 0xCA, 0x40, 0xCA, 0x40, 0xCA, 0x40, 0xCA, 0x40, 0xCA, 0x40, 0xCA, 0x40, 0xCA, 0x40, 0xCA, 0x40,
    0x00, 0x80, 0xC8, 0x01, 0x40, 0xC8, 0x02, 0xC8, 0x02, 0xC8, 0x02, 0xC8, 0x02, 0x40, 0xC7, 0x02, 0xC8, 0x02, 0xC8, 0x00, 0xC0, 0x80, 0xC8, 0x00,
    0xCA, 0x00, 0xCA, 0x00, 0xCA, 0x00, 0xCA, 0x00, 0xCA, 0x00, 0xCA, 0x00, 0xCA, 0x00, 0x00, 0xC8, 0x02, 0xC8, 0x02, 0x80, 0xC7, 0x02, 0x40, 0xC7,
    0x02, 0x80, 0xC7, 0x02, 0x40, 0xC7, 0x01, 0x40, 0xC8, 0x02, 0xC8, 0x01, 0xC9, 0x01, 0xC9, 0x01, 0xC9, 0x01, 0xC9, 0x01, 0xC9, 0x01, 0xC9, 0x01,
    0xC9, 0x01, 0xC9, 0x01, 0x40, 0xC7, 0x80, 0x01, 0x80, 0xC7, 0x80, 0x02, 0xC7, 0x80, 0x02, 0x80, 0xC6, 0x80, 0x02, 0xC7, 0x80, 0x01, 0x40, 0xC7,
    0x80, 0x01, 0x80, 0xC7, 0x80, 0x01, 0xC8, 0x80, 0x01, 0xC8, 0x80, 0x01, 0xC8, 0x80, 0x01, 0xC8, 0x80, 0x01, 0xC8, 0x80, 0x01, 0xC8, 0x80, 0x01,
    0xC8, 0x80, 0x01, 0xC8, 0x80, 0x01, 0xC8, 0x80, 0x01, 0x80, 0xC7, 0x02, 0xC8, 0x02, 0x40, 0xC7, 0x03, 0xC7, 0x02, 0x40, 0xC7, 0x02, 0x80, 0xC7,
    0x02, 0xC8, 0x02, 0xC8, 0x02, 0xC8, 0x02, 0xC8, 0x02, 0xC8, 0x02, 0xC8, 0x02, 0xC8, 0x02, 0xC8, 0x02, 0xC8, 0x02, 0xC8, 0x02, 0x80, 0xC6, 0x40,
    0x02, 0xC7, 0x40, 0x02, 0x80, 0xC6, 0x40, 0x03, 0xC6, 0x40, 0x02, 0x40, 0xC6, 0x40, 0x02, 0xC7, 0x40, 0x02, 0xC7, 0x40, 0x02, 0xC7, 0x40, 0x02,
    0xC7, 0x40, 0x02, 0xC7, 0x40, 0x02, 0xC7, 0x40, 0x02, 0xC7, 0x40, 0x02, 0xC7, 0x40, 0x02, 0xC7, 0x40, 0x02, 0xC7, 0x40, 0x02, 0xC7, 0x40, 0x02,
    0x80, 0xC5, 0x80, 0x03, 0xC6, 0x80, 0x03, 0x80, 0xC5, 0x80, 0x04, 0xC5, 0x80, 0x03, 0x80, 0xC5, 0x80, 0x03, 0xC6, 0x80, 0x03, 0xC6, 0x80, 0x03,
    0xC6, 0x80, 0x03, 0xC6, 0x80, 0x03, 0xC6, 0x80, 0x03, 0xC6, 0x80, 0x03, 0xC6, 0x80, 0x03, 0xC6, 0x80, 0x03, 0xC6, 0x80, 0x02, 0x40, 0xC6, 0x80,
    0x03, 0xC6, 0x80, 0x03, 0xC6, 0x04, 0xC6, 0x04, 0xC6, 0x04, 0x40, 0xC5, 0x04, 0xC6, 0x04, 0xC6, 0x04, 0xC6, 0x04, 0xC6, 0x04, 0xC6, 0x04, 0xC6,
    0x04, 0xC6, 0x04, 0xC6, 0x04, 0xC6, 0x04, 0xC6, 0x04, 0xC6, 0x04, 0xC6, 0x04, 0xC6, 0x04, 0xC6, 0x04, 0xC6, 0x04, 0x80, 0xC5, 0x04, 0xC6, 0x04,
    0xC6, 0x04, 0xC6, 0x04, 0xC6, 0x04, 0xC6, 0x04, 0xC6, 0x04, 0xC6, 0x04, 0xC6, 0x04, 0xC6, 0x04, 0xC6, 0x04, 0xC6, 0x04, 0xC6, 0x04, 0xC5, 0x80,
    0x04, 0xC5, 0x80, 0x04, 0xC5, 0x80, 0x04, 0xC5, 0x80, 0x04, 0xC5, 0x80, 0x04, 0xC5, 0x80, 0x04, 0xC5, 0x80, 0x04, 0xC5, 0x80, 0x04, 0xC5, 0x80,
    0x04, 0xC5, 0x80, 0x04, 0xC5, 0x80, 0x04, 0xC5, 0x80, 0x04, 0xC5, 0x80, 0x04, 0xC5, 0x80, 0x04, 0xC5, 0x80, 0x04, 0xC5, 0x80, 0x04, 0xC5, 0x40,
    0x04, 0xC5, 0x40, 0x04, 0xC5, 0x40, 0x04, 0xC5, 0x40, 0x04, 0xC5, 0x40, 0x04, 0xC5, 0x40, 0x04, 0xC5, 0x40, 0x04, 0xC5, 0x40, 0x04, 0xC5, 0x40,
    0x04, 0xC5, 0x40, 0x04, 0xC5, 0x40, 0x04, 0xC5, 0x40, 0x04, 0xC5, 0x40, 0x04, 0xC5, 0x40, 0x04, 0xC5, 0x40, 0x04, 0xC5, 0x40, 0x04, 0xC5, 0x05,
    0xC5, 0x05, 0xC5, 0x05, 0xC5, 0x05, 0xC5, 0x05, 0xC5, 0x05, 0xC5, 0x05, 0xC5, 0x05, 0xC5, 0x05, 0xC5, 0x05, 0xC5, 0x05, 0xC5, 0x05, 0xC5, 0x05,
    0xC5, 0x05, 0xC5, 0x05, 0xC5, 0x05, 0xC5, 0x05, 0xC5, 0x05, 0xC5, 0x05, 0xC5, 0x05, 0xC5, 0x05, 0xC5, 0x05, 0xC5, 0x05, 0xC5, 0x05, 0xC5, 0x05,
    0xC5, 0x05, 0xC5, 0x05, 0xC5, 0x05, 0xC5, 0x05, 0xC5, 0x05, 0xC5, 0x05, 0xC5, 0x05, 0xC5, 0x05, 0xC5, 0x05, 0xC5, 0x05, 0xC5, 0x05, 0xC5, 0x05,
    0xC5, 0x05, 0xC5, 0x05, 0xC5, 0x05, 0xC5, 0x05, 0xC5, 0x05, 0xC5, 0x05, 0xC5, 0x05, 0xC5, 0x05, 0xC5, 0x05, 0xC5, 0x05, 0xC5, 0x05, 0xC5, 0x05,
    0xC5, 0x05, 0xC5, 0x05, 0xC5, 0x05, 0xC5, 0x05, 0xC5, 0x05, 0xC5, 0x05, 0xC5, 0x05, 0xC5, 0x05, 0xC5, 0x05, 0xC5, 0x05, 0xC5, 0x05, 0xC5, 0x05,
    0xC5, 0x05, 0xC5, 0x05, 0xC5, 0x05, 0xC5, 0x05, 0xC5, 0x05, 0xC5, 0x05, 0xC5, 0x05, 0xC5, 0x05, 0xC5, 0x05, 0xC5, 0x05, 0xC5, 0x05, 0xC5, 0x05,
    0xC5, 0x05, 0xC5, 0x05, 0xC5, 0x05, 0xC5, 0x05, 0xC5, 0x05, 0xC5, 0x05, 0xC5, 0x05, 0xC5, 0x05, 0xC5, 0x05, 0xC5, 0x05, 0xC5, 0x05, 0xC5, 0x05,
    0xC5, 0x05, 0xC5, 0x05, 0xC5, 0x05, 0xC5, 0x05, 0xC5, 0x05, 0xC5, 0x05, 0xC5, 0x05, 0xC5, 0x05, 0xC5, 0x05, 0xC5, 0x05, 0xC5, 0x05, 0xC5, 0x05,
    0xC5, 0x05, 0xC5, 0x05, 0xC5, 0x05, 0xC5, 0x05, 0xC5, 0x05, 0xC5, 0x05, 0xC5, 0x05, 0xC5, 0x05, 0xC5, 0x05, 0xC5, 0x05, 0xC5, 0x05, 0xC5, 0x05,
    0xC5, 0x05, 0xC5, 0x05, 0xC5, 0x05, 0xC5, 0x05, 0xC5, 0x05, 0xC5, 0x05, 0xC5, 0x05, 0xC5, 0x05, 0xC5, 0x05, 0xC5, 0x05, 0xC5, 0x05, 0xC5, 0x05,
    0xC5, 0x05, 0xC5, 0x05, 0xC5, 0x05, 0xC5, 0x05, 0xC5, 0x05, 0xC5, 0x05, 0xC5, 0x05, 0xC5, 0x05, 0xC5, 0x05, 0xC5, 0x05, 0xC5, 0x05, 0xC5, 0x05,
    0xC5, 0x05, 0xC5, 0x05, 0xC5, 0x05, 0xC5, 0x05, 0xC5, 0x05, 0xC5, 0x05, 0xC5, 0x05, 0xC5, 0x05, 0xC5, 0x05, 0xC5, 0x05, 0xC5, 0x05, 0xC5, 0x05,
    0xC5, 0x05, 0xC5, 0x05, 0xC5, 0x05, 0xC5, 0x05, 0xC5, 0x05, 0xC5, 0x05, 0xC5, 0x05, 0xC5, 0x05, 0xC5, 0x05, 0xC5, 0x05, 0xC5, 0x05, 0xC5, 0x05,
    0xC5, 0x05, 0xC5, 0x05, 0xC5, 0x05, 0xC5, 0x05, 0xC5, 0x05, 0xC5, 0x05, 0xC5, 0x05, 0xC5, 0x05, 0xC5, 0x05, 0xC5, 0x05, 0xC5, 0x05, 0xC5, 0x05,
    0xC5, 0x05, 0xC5, 0x05, 0xC5, 0x05, 0xC5, 0x05, 0xC5, 0x05, 0xC5, 0x05, 0xC5, 0x05, 0xC5, 0x05, 0xC5, 0x05, 0xC5, 0x05, 0xC5, 0x05, 0xC5, 0x05,
    0xC5, 0x05, 0xC5, 0x05, 0xC5, 0x05, 0xC5, 0x05, 0xC5, 0x05, 0xC5, 0x05, 0xC5, 0x05, 0xC5, 0x05, 0xC5, 0x05, 0xC5, 0x05, 0xC5, 0x05, 0xC5, 0x05,
    0xC5, 0x05, 0xC5, 0x05, 0xC5, 0x05, 0xC5, 0x05, 0xC5, 0x05, 0xC5, 0x05, 0xC5, 0x05, 0xC5, 0x05, 0xC5, 0x05, 0xC5, 0x05, 0xC5, 0x05, 0xC5, 0x05,
    0xC5, 0x05, 0xC5, 0x05, 0xC5, 0x05, 0xC5, 0x05, 0xC5, 0x05, 0xC5, 0x05, 0xC5, 0x05, 0xC5, 0x05, 0xC5, 0x05, 0xC5, 0x05, 0xC5, 0x05, 0xC5, 0x05,
    0xC5, 0x05, 0xC5, 0x05, 0xC5, 0x05, 0xC5, 0x05, 0xC5, 0x05, 0xC5, 0x05, 0xC5, 0x05, 0xC5, 0x05, 0xC5, 0x05, 0xC5, 0x05, 0xC5, 0x05, 0xC5, 0x05,
    0xC5, 0x05, 0xC5, 0x05, 0xC5, 0x05, 0xC5, 0x05, 0xC5, 0x05, 0xC5, 0x05, 0xC5, 0x05, 0xC5, 0x05, 0xC5, 0x05, 0xC5, 0x05, 0xC5, 0x05, 0xC5, 0x05,
    0xC5, 0x05, 0xC5, 0x05, 0xC5, 0x05, 0xC5, 0x05, 0xC5, 0x05, 0xC5, 0x05, 0xC5, 0x05, 0xC5, 0x05, 0xC5, 0x05, 0xC5, 0x05, 0xC5, 0x05, 0xC5, 0x05,
    0xC5, 0x05, 0xC5, 0x05, 0xC5, 0x05, 0xC5, 0x05, 0xC5, 0x05, 0xC5, 0x05, 0xC5, 0x05, 0xC5, 0x05, 0xC5, 0x05, 0xC5, 0x05, 0xC5, 0x05, 0xC5, 0x05,
    0xC5, 0x05, 0xC5, 0x05, 0xC5, 0x05, 0xC5, 0x05, 0xC5, 0x05, 0xC5, 0x05, 0xC5, 0x05, 0xC5, 0x05, 0xC5, 0x05, 0xC5, 0x05, 0xC5, 0x05, 0xC5, 0x05,
    0xC5, 0x05, 0xC5, 0x05, 0xC5, 0x05, 0xC5, 0x05, 0xC5, 0x05, 0xC5, 0x05, 0xC5, 0x05, 0xC5, 0x05, 0xC5, 0x05, 0xC5, 0x05, 0xC5, 0x05, 0xC5, 0x05,
    0xC5, 0x05, 0xC5, 0x05, 0xC5, 0x05, 0xC5, 0x05, 0xC5, 0x05, 0xC5, 0x05, 0xC5, 0x05, 0xC5, 0x05, 0xC5, 0x05, 0xC5, 0x05, 0xC5, 0x05, 0xC5, 0x05,
    0xC5, 0x05, 0xC5, 0x05, 0xC5, 0x05, 0xC5, 0x05, 0xC5, 0x05, 0xC5, 0x05, 0xC5, 0x05, 0xC5, 0x05, 0xC5, 0x05, 0xC5, 0x05, 0xC5, 0x05, 0xC5, 0x05,
    0xC5, 0x05, 0xC5, 0x05, 0xC5, 0x05, 0xC5, 0x05, 0xC5, 0x05, 0xC5, 0x05, 0xC5, 0x05, 0xC5, 0x05, 0xC5, 0x05, 0xC5, 0x05, 0xC5, 0x05, 0xC5, 0x05,
    0xC5, 0x05, 0xC5, 0x05, 0xC5, 0x05, 0xC5, 0x05, 0xC5, 0x05, 0xC5, 0x05, 0xC5, 0x05, 0xC5, 0x05, 0xC5, 0x05, 0xC5, 0x05, 0xC5, 0x05, 0xC5, 0x05,
    0xC5, 0x05, 0xC5, 0x05, 0xC5, 0x05, 0xC5, 0x05, 0xC5, 0x05, 0xC5, 0x05, 0xC5, 0x05, 0xC5, 0x05, 0xC5, 0x05, 0xC5, 0x05, 0xC5, 0x05, 0xC5, 0x05,
    0xC5, 0x05, 0xC5, 0x05, 0xC5, 0x05, 0xC5, 0x05, 0xC5, 0x05, 0xC5, 0x05, 0xC5, 0x05, 0xC5, 0x05, 0xC5, 0x05, 0xC5, 0x05, 0xC5, 0x05, 0xC5, 0x05,
    0xC5, 0x05, 0xC5, 0x05, 0xC5, 0x05, 0xC5, 0x05, 0xC5, 0x05, 0xC5, 0x05, 0xC5, 0x05, 0xC5, 0x05, 0xC5, 0x05, 0xC5, 0x05, 0xC5, 0x05, 0xC5, 0x05,
    0xC5, 0x05, 0xC5, 0x05, 0xC5, 0x05, 0xC5, 0x05, 0xC5, 0x05, 0xC5, 0x05, 0xC5, 0x05, 0xC5, 0x05, 0xC5, 0x05, 0xC5, 0x05, 0xC5, 0x05, 0xC5, 0x05,
    0xC5, 0x05, 0xC5, 0x05, 0xC5, 0x05, 0xC5, 0x05, 0x80, 0xC4, 0x05, 0xC5, 0x05, 0xC5, 0x05, 0xC5, 0x05, 0xC5, 0x05, 0xC5, 0x05, 0xC5, 0x05, 0xC5,
    0x05, 0xC5, 0x05, 0xC5, 0x05, 0xC5, 0x05, 0xC5, 0x05, 0xC5, 0x05, 0xC5, 0x05, 0xC5, 0x05, 0xC5, 0x05, 0x80, 0xC4, 0x05, 0xC5, 0x05, 0xC5, 0x05,
    0xC5, 0x05, 0xC5, 0x05, 0xC5, 0x05, 0xC5, 0x05, 0xC5, 0x05, 0xC5, 0x05, 0xC5, 0x05, 0xC5, 0x05, 0xC5, 0x05, 0xC5, 0x05, 0xC5, 0x05, 0xC5, 0x05,
    0xC5, 0x05, 0x80, 0xC4, 0x05, 0xC5, 0x05, 0xC5, 0x05, 0xC5, 0x05, 0xC5, 0x05, 0xC5, 0x05, 0xC5, 0x05, 0xC5, 0x05, 0xC5, 0x05, 0xC5, 0x05, 0xC5,
    0x05, 0xC5, 0x05, 0xC5, 0x05, 0xC5, 0x05, 0xC5, 0x05, 0xC5, 0x05, 0x40, 0xC4, 0x05, 0xC5, 0x05, 0xC5, 0x05, 0xC5, 0x05, 0xC5, 0x05, 0xC5, 0x05,
    0xC5, 0x05, 0xC5, 0x05, 0xC5, 0x05, 0xC5, 0x05, 0xC5, 0x05, 0xC5, 0x05, 0xC5, 0x05, 0xC5, 0x05, 0xC5, 0x05, 0xC5, 0x05, 0x40, 0xC4, 0x05, 0xC5,
    0x05, 0xC5, 0x05, 0xC5, 0x05, 0xC5, 0x05, 0xC5, 0x05, 0xC5, 0x05, 0xC5, 0x05, 0xC5, 0x05, 0xC5, 0x05, 0xC5, 0x05, 0xC5, 0x05, 0xC5, 0x05, 0xC5,
    0x05, 0xC5, 0x05, 0xC5, 0x05, 0x40, 0xC4, 0x05, 0xC5, 0x05, 0xC5, 0x05, 0xC5, 0x05, 0xC5, 0x05, 0xC5, 0x05, 0xC5, 0x05, 0xC5, 0x05, 0xC5, 0x05,
    0xC5, 0x05, 0xC5, 0x05, 0xC5, 0x05, 0xC5, 0x05, 0xC5, 0x05, 0xC5, 0x05, 0xC5, 0x05, 0x40, 0xC4, 0x05, 0xC5, 0x05, 0xC5, 0x05, 0xC5, 0x05, 0xC5,
    0x05, 0xC5, 0x05, 0xC5, 0x05, 0xC5, 0x05, 0xC5, 0x05, 0xC5, 0x05, 0xC5, 0x05, 0xC5, 0x05, 0xC5, 0x05, 0xC5, 0x05, 0xC5, 0x05, 0xC5, 0x05, 0x40,
    0xC4, 0x05, 0xC5, 0x05, 0xC5, 0x05, 0xC5, 0x05, 0xC5, 0x05, 0xC5, 0x05, 0xC5, 0x05, 0xC5, 0x05, 0xC5, 0x05, 0xC5, 0x05, 0xC5, 0x05, 0xC5, 0x05,
    0xC5, 0x05, 0xC5, 0x05, 0xC5, 0x05, 0xC5, 0x06, 0xC4, 0x05, 0xC0, 0x80, 0xC3, 0x05, 0xC5, 0x05, 0xC5, 0x05, 0xC5, 0x05, 0xC5, 0x05, 0xC5, 0x05,
    0xC5, 0x04, 0x40, 0xC5, 0x05, 0xC5, 0x05, 0xC5, 0x05, 0xC5, 0x05, 0xC5, 0x05, 0xC5, 0x05, 0xC5, 0x05, 0xC5, 0x06, 0xC4, 0x05, 0xC5, 0x05, 0xC5,
    0x05, 0xC5, 0x05, 0xC5, 0x05, 0xC5, 0x05, 0xC5, 0x05, 0xC5, 0x05, 0xC5, 0x04, 0x40, 0xC5, 0x05, 0xC5, 0x05, 0xC5, 0x40, 0x04, 0xC5, 0x40, 0x04,
    0xC5, 0x40, 0x04, 0xC5, 0x40, 0x04, 0x80, 0xC4, 0x05, 0x40, 0x80, 0xC3, 0x05, 0xC5, 0x05, 0xC5, 0x05, 0xC5, 0x05, 0xC5, 0x05, 0xC5, 0x05, 0xC5,
    0x05, 0xC4, 0x80, 0x05, 0xC4, 0x80, 0x04, 0x40, 0xC4, 0x80, 0x05, 0xC4, 0x80, 0x05, 0xC6, 0x04, 0xC5, 0x80, 0x04, 0xC5, 0x80, 0x04, 0xC5, 0x80,
    0x05, 0x80, 0xC3, 0x40, 0x04, 0xC5, 0x40, 0x04, 0xC5, 0x05, 0xC5, 0x05, 0xC5, 0x05, 0xC5, 0x05, 0xC4, 0x80, 0x05, 0xC4, 0x80, 0x05, 0xC4, 0x40,
    0x05, 0xC4, 0x40, 0x04, 0x40, 0xC4, 0x40, 0x05, 0xC4, 0x06, 0xC6, 0x40, 0x03, 0xC6, 0x40, 0x03, 0xC6, 0x05, 0x80, 0xC4, 0x04, 0x81, 0xC4, 0x04,
    0xC5, 0x80, 0x04, 0xC5, 0x40, 0x04, 0xC5, 0x05, 0xC5, 0x05, 0xC4, 0x80, 0x05, 0xC4, 0x40, 0x05, 0xC4, 0x06, 0xC4, 0x06, 0xC4, 0x06, 0xC3, 0x80,
    0x06, 0xC3, 0x80, 0x06, 0xC7, 0x03, 0xC7, 0x04, 0x40, 0xC5, 0x03, 0x42, 0xC3, 0x80, 0x03, 0xC6, 0x40, 0x03, 0xC6, 0x04, 0xC5, 0x80, 0x04, 0xC5,
    0x05, 0xC5, 0x05, 0xC4, 0x40, 0x05, 0xC4, 0x06, 0xC3, 0x80, 0x06, 0xC3, 0x40, 0x06, 0xC3, 0x07, 0xC3, 0x06, 0x80, 0xC3, 0x07, 0xC8, 0x04, 0x80,
    0xC5, 0x03, 0x40, 0x00, 0x40, 0xC3, 0x80, 0x02, 0x80, 0xC0, 0x80, 0x40, 0xC3, 0x40, 0x02, 0xC7, 0x03, 0xC6, 0x40, 0x03, 0xC6, 0x04, 0xC5, 0x40,
    0x04, 0xC4, 0x80, 0x05, 0xC4, 0x06, 0xC3, 0x80, 0x06, 0xC3, 0x06, 0x40, 0xC2, 0x80, 0x07, 0xC2, 0x40, 0x07, 0xC2, 0x08, 0xC2, 0x06, 0x40, 0xC0,
    0x01, 0x40, 0x80, 0xC5, 0x40, 0x05, 0xC4, 0x40, 0x01, 0x40, 0xC0, 0x02, 0xC3, 0x01, 0xC2, 0x80, 0x41, 0xC2, 0x80, 0x01, 0xC8, 0x02, 0xC7, 0x40,
    0x02, 0xC6, 0x40, 0x03, 0xC5, 0x80, 0x04, 0xC4, 0x80, 0x05, 0xC3, 0x80, 0x06, 0xC2, 0x80, 0x07, 0xC2, 0x06, 0xC0, 0x80, 0xC1, 0x40, 0x06, 0xC3,
    0x08, 0x80, 0xC0, 0x80, 0x09, 0xC0, 0x80, 0x09, 0x06, 0xC4, 0x02, 0x41, 0x02, 0xC3, 0x01, 0x80, 0xC1, 0x40, 0x01, 0x40, 0xC1, 0x81, 0xC3, 0x40,
    0x02, 0xC1, 0x00, 0xC5, 0x80, 0x40, 0x80, 0xC0, 0x40, 0x00, 0xC8, 0x80, 0x01, 0xC7, 0x40, 0x02, 0xC5, 0x80, 0x04, 0xC4, 0x40, 0x05, 0xC2, 0x80,
    0x07, 0xC1, 0x40, 0x03, 0x41, 0x02, 0xC0, 0x80, 0x03, 0x80, 0xC1, 0x40, 0x01, 0xC0, 0x04, 0x40, 0xC1, 0x80, 0x00, 0x81, 0x05, 0x80, 0xC3, 0x07,
    0x80, 0xC2, 0x0B, 0x08, 0x40, 0xC1, 0x03, 0x80, 0x40, 0x03, 0x80, 0xC0, 0x01, 0x40, 0xC3, 0x80, 0x02, 0xC0, 0x00, 0xC6, 0x02, 0xC7, 0x80, 0x02,
    0xC8, 0x40, 0x00, 0x80, 0x40, 0xC9, 0x01, 0xC6, 0x80, 0x40, 0x02, 0xC3, 0x40, 0x06, 0xC1, 0x40, 0x81, 0x40, 0x05, 0xC0, 0x00, 0x80, 0xC1, 0x80,
    0x07, 0xC2, 0x80, 0x07, 0x80, 0xC2, 0x03, 0x80, 0xC0, 0x02, 0xC3, 0x81, 0xC2, 0x02, 0x80, 0xC7, 0x03, 0x40, 0xC6, 0x08, 0x80, 0xC1, 0x09, 0x80,
    0xC0, 0x03, 0x40, 0xC0, 0x80, 0x03, 0xC0, 0x02, 0xC4, 0x80, 0x01, 0x80, 0x40, 0x80, 0xC6, 0x01, 0x40, 0xC7, 0x80, 0x01, 0x40, 0xC7, 0x02, 0x40,
    0xC7, 0x80, 0x02, 0xC2, 0x80, 0x40, 0x06, 0x80, 0xC2, 0x80, 0x06, 0x40, 0xC2, 0x07, 0x40, 0xC1, 0x80, 0x05, 0x40, 0xC0, 0x00, 0xC2, 0x03, 0x40,
    0x80, 0xC1, 0x00, 0xC4, 0x40, 0xC4, 0x00, 0x40, 0xC9, 0x01, 0x40, 0xC8, 0x07, 0x80, 0xC2, 0x08, 0x40, 0xC1, 0x09, 0x80, 0xC0, 0x0A, 0xC0, 0x02,
    0x42, 0x81, 0x02, 0x40, 0xC0, 0x80, 0xC5, 0x80, 0x02, 0xC7, 0x80, 0x02, 0xC3, 0x80, 0xC2, 0x03, 0xC4, 0x06, 0xC3, 0x40, 0x06, 0xC2, 0x08, 0xC2,
    0x02, 0x41, 0x80, 0xC6, 0x80, 0xC6, 0x40, 0xCA, 0x00, 0x80, 0xC9, 0x01, 0x80, 0xC8, 0x06, 0x40, 0xC3, 0x08, 0x40, 0xC1, 0x0A, 0xC0, 0x0A, 0x80,
    0x40, 0x05, 0x40, 0x02, 0x40, 0xC1, 0x80, 0x40, 0x07, 0xC4, 0x40, 0x05, 0xC7, 0x03, 0xC4, 0x06, 0xC4, 0x80, 0x05, 0xC2, 0x80, 0xC1, 0x40, 0x04,
    0xC9, 0x80, 0x00, 0xC3, 0x40, 0xD2, 0x80, 0xCA, 0x00, 0xCA, 0x08, 0x80, 0xC1, 0x09, 0x40, 0xC0, 0x0A, 0x40, 0xC0, 0x0A, 0xC1, 0x03, 0x41, 0x03,
    0xC2, 0x02, 0x40, 0xC0, 0x40, 0x02, 0x81, 0xC1, 0x80, 0x01, 0x40, 0x03, 0xC4, 0x80, 0x05, 0xC5, 0x05, 0xC5, 0x40, 0x03, 0x40, 0xC5, 0x80, 0x04,
    0xC1, 0x80, 0x40, 0xC3, 0x80, 0x02, 0xC2, 0x00, 0x80, 0xC4, 0x01, 0xCA, 0x40, 0xD7, 0x08, 0x40, 0xC1, 0x40, 0x08, 0x40, 0xC0, 0x80, 0x09, 0x40,
    0xC0, 0x40, 0x09, 0xC1, 0x09, 0xC0, 0x81, 0x02, 0x80, 0xC0, 0x80, 0x03, 0x80, 0xC2, 0x01, 0xC0, 0x40, 0x02, 0xC4, 0x80, 0x05, 0xC5, 0x05, 0xC5,
    0x04, 0x80, 0xC1, 0x40, 0xC3, 0x40, 0x01, 0x40, 0x00, 0xC1, 0x40, 0x00, 0xC3, 0x80, 0x02, 0xC1, 0x81, 0xC5, 0x80, 0x00, 0xCA, 0x80, 0xD7, 0x08,
    0x40, 0xC1, 0x40, 0x09, 0xC0, 0x80, 0x0A, 0xC0, 0x0A, 0xC1, 0x09, 0xC0, 0x80, 0x40, 0x80, 0x02, 0x81, 0x02, 0x40, 0xC3, 0x40, 0x00, 0xC1, 0x02,
    0xC5, 0x01, 0x40, 0x02, 0xC5, 0x05, 0xC1, 0x80, 0xC2, 0x05, 0xC1, 0x00, 0x40, 0xC2, 0x03, 0x40, 0xC1, 0x41, 0xC3, 0x40, 0x02, 0xC9, 0x80, 0x00,
    0xCA, 0x80, 0xD7, 0x40, 0x07, 0x40, 0xC1, 0x40, 0x09, 0xC0, 0x80, 0x0A, 0xC0, 0x0A, 0xC0, 0x80, 0x09, 0x80, 0x40, 0xC1, 0x80, 0x06, 0xC4, 0x80,
    0x00, 0xC1, 0x02, 0xC5, 0x00, 0x40, 0xC0, 0x02, 0xC5, 0x05, 0xC1, 0x00, 0x80, 0xC1, 0x05, 0xC1, 0x01, 0xC1, 0x80, 0x03, 0x40, 0xC6, 0x80, 0x03,
    0xC8, 0x81, 0x00, 0xCA, 0x80, 0xCB, 0x80, 0xCA, 0x80, 0x08, 0xC1, 0x40, 0x09, 0x81, 0x0A, 0xC0, 0x0A, 0xC0, 0x40, 0x81, 0x40, 0x06, 0x40, 0xC3,
    0x40, 0x05, 0xC5, 0x01, 0x40, 0x02, 0xC5, 0x40, 0x80, 0xC0, 0x80, 0x01, 0xC1, 0x00, 0xC2, 0x01, 0x80, 0x40, 0x01, 0xC1, 0x01, 0xC1, 0x05, 0xC5,
    0x40, 0x04, 0xC6, 0x04, 0xC7, 0x40, 0x02, 0xCA, 0x80, 0xCB, 0x80, 0xCA, 0xC0, 0x08, 0x80, 0xC0, 0x80, 0x09, 0x40, 0x80, 0x0A, 0x80, 0x00, 0x41,
    0x07, 0xC4, 0x06, 0xC5, 0x05, 0xC5, 0x05, 0xC0, 0x80, 0x40, 0xC2, 0x40, 0x00, 0x81, 0x01, 0xC0, 0x80, 0x00, 0x40, 0xC1, 0x01, 0xC1, 0x01, 0xC1,
    0x80, 0xC2, 0x02, 0x40, 0x01, 0xC5, 0x05, 0xC5, 0x80, 0x04, 0xC6, 0x80, 0x03, 0xC8, 0x81, 0xCC, 0x80, 0xCA, 0xC0, 0x08, 0x40, 0xC0, 0x80, 0x0C,
    0x40, 0x08, 0xC3, 0x80, 0x06, 0xC5, 0x05, 0xC5, 0x40, 0x04, 0xC0, 0x80, 0x40, 0xC2, 0x40, 0x04, 0xC0, 0x40, 0x00, 0x40, 0xC1, 0x40, 0x04, 0xC1,
    0x80, 0xC2, 0x01, 0xC1, 0x01, 0xC4, 0x80, 0x01, 0x80, 0xC0, 0x01, 0xC5, 0x05, 0xC5, 0x05, 0xC5, 0x80, 0x04, 0xC6, 0x80, 0x02, 0x40, 0xCB, 0x80,
    0xCA, 0xC0, 0x09, 0x80, 0x00, 0x41, 0x08, 0xC4, 0x06, 0xC5, 0x05, 0xC5, 0x40, 0x04, 0xC0, 0x40, 0x00, 0xC2, 0x80, 0x04, 0xC0, 0x01, 0x80, 0xC1,
    0x80, 0x04, 0xC1, 0x80, 0xC2, 0x40, 0x04, 0xC5, 0x05, 0xC4, 0x40, 0x01, 0x80, 0xC0, 0x80, 0x00, 0xC4, 0x40, 0x01, 0x40, 0xC0, 0x40, 0x00, 0xC4,
    0x80, 0x05, 0xC5, 0x05, 0xC5, 0x80, 0x04, 0xC7, 0x40, 0x01, 0x40, 0x80, 0xC9, 0x80, 0x40, 0x81, 0x40, 0x07, 0xC4, 0x06, 0xC5, 0x05, 0xC5, 0x80,
    0x04, 0xC0, 0x01, 0xC3, 0x04, 0xC0, 0x01, 0x80, 0xC2, 0x04, 0xC1, 0x80, 0xC2, 0x80, 0x04, 0xC5, 0x40, 0x04, 0xC4, 0x80, 0x05, 0xC4, 0x06, 0xC4,
    0x02, 0x40, 0xC1, 0x00, 0xC4, 0x03, 0xC0, 0x80, 0x00, 0xC4, 0x40, 0x05, 0xC4, 0x80, 0x05, 0xC5, 0x80, 0x04, 0xC7, 0x43, 0xC4, 0x40, 0x05, 0xC5,
    0x40, 0x04, 0xC6, 0x04, 0xC1, 0x40, 0x80, 0xC2, 0x40, 0x03, 0xC0, 0x40, 0x01, 0xC2, 0x40, 0x03, 0xC1, 0x40, 0x80, 0xC2, 0x40, 0x03, 0xC6, 0x04,
    0xC5, 0x40, 0x04, 0xC4, 0x80, 0x05, 0xC4, 0x06, 0xC3, 0x80, 0x02, 0x40, 0x80, 0x01, 0xC3, 0x40, 0x02, 0xC1, 0x40, 0x00, 0xC3, 0x80, 0x02, 0x40,
    0x80, 0x01, 0xC4, 0x06, 0xC4, 0x80, 0x05, 0xC5, 0x80, 0x04, 0xC6, 0x04, 0xC7, 0x03, 0xC2, 0x80, 0xC3, 0x03, 0xC1, 0x40, 0x01, 0xC2, 0x40, 0x02,
    0xC1, 0x80, 0x00, 0x40, 0xC2, 0x40, 0x02, 0xC7, 0x03, 0xC6, 0x80, 0x03, 0xC5, 0x80, 0x04, 0xC4, 0x40, 0x05, 0xC3, 0x40, 0x06, 0xC3, 0x07, 0xC2,
    0x80, 0x02, 0x40, 0xC0, 0x40, 0x01, 0xC2, 0x40, 0x02, 0x80, 0xC0, 0x40, 0x01, 0xC2, 0x80, 0x03, 0x40, 0x02, 0xC3, 0x07, 0xC3, 0x80, 0x06, 0xC8,
    0x02, 0xC8, 0x40, 0x01, 0xC2, 0x80, 0x01, 0xC2, 0x80, 0x01, 0xC2, 0x80, 0x01, 0xC2, 0x80, 0x01, 0xC3, 0x81, 0xC2, 0x80, 0x01, 0xC8, 0x02, 0xC7,
    0x40, 0x02, 0xC6, 0x40, 0x03, 0xC3, 0x80, 0x06, 0xC2, 0x40, 0x07, 0xC1, 0x80, 0x08, 0xC1, 0x40, 0x03, 0x40, 0x03, 0xC1, 0x03, 0xC1, 0x03, 0xC1,
    0x03, 0x80, 0xC0, 0x03, 0xC1, 0x40, 0x08, 0xC2, 0x08, 0xC9, 0x80, 0x00, 0xCA, 0x00, 0xC4, 0x01, 0x40, 0xC2, 0x00, 0xC4, 0x01, 0x40, 0xC2, 0x40,
    0xC5, 0x80, 0xC3, 0x00, 0xC9, 0x80, 0x00, 0xC9, 0x01, 0xC7, 0x40, 0x02, 0xC2, 0x40, 0x07, 0xC1, 0x09, 0xC0, 0x0A, 0xC0, 0x03, 0x40, 0x05, 0x80,
    0x02, 0x40, 0xC0, 0x80, 0x04, 0x80, 0x02, 0x40, 0xC0, 0x80, 0x04, 0xC0, 0x0A, 0xC0, 0x40, 0x09, 0xDE, 0x00, 0x40, 0xC8, 0x80, 0x01, 0x80, 0xC8,
    0x41, 0xDC, 0x82, 0xC4, 0x80, 0x00, 0xC0, 0x05, 0x41, 0x1D, 0x81, 0x09, 0xC1, 0x09, 0x80, 0x40, 0x1E, 0xEB, 0x80, 0x00, 0x80, 0xC8, 0x02, 0xC8,
    0x80, 0x40, 0x80, 0xC1, 0x80, 0x40, 0x80, 0xC7, 0x04, 0x80, 0xC5, 0x05, 0x40, 0xC4, 0x07, 0x42, 0x01, 0x40, 0x80, 0x09, 0x80, 0xC0, 0x80, 0x09,
    0x80, 0x2C, 0xF9, 0x80, 0xC0, 0x02, 0x40, 0xC4, 0x40, 0x06, 0xC3, 0x40, 0x07, 0xC3, 0x80, 0xC0, 0x05, 0x80, 0xC4, 0x80, 0xC0, 0x40, 0x03, 0xC4,
    0x80, 0xC0, 0x40, 0x04, 0x40, 0xC2, 0x3B, 0xE3, 0x02, 0x80, 0xC7, 0x03, 0x40, 0xC6, 0x04, 0x80, 0xC5, 0x05, 0xC3, 0x81, 0xC1, 0x03, 0xC3, 0x01,
    0xC1, 0x03, 0xC3, 0x07, 0x80, 0xC4, 0x06, 0xC4, 0x06, 0x40, 0xC3, 0x08, 0x80, 0xC1, 0x23, 0xCB, 0x02, 0x40, 0xC7, 0x04, 0xC6, 0x04, 0x40, 0xC5,
    0x05, 0xC5, 0x80, 0xC0, 0x40, 0x02, 0x80, 0xC6, 0x40, 0x02, 0x80, 0xC4, 0x00, 0x40, 0x03, 0xC5, 0x05, 0xC3, 0x81, 0x04, 0x40, 0xC2, 0x40, 0x06,
    0x40, 0xC2, 0x80, 0x07, 0xC5, 0x05, 0x80, 0xC4, 0x06, 0x80, 0xC3, 0x07, 0x40, 0xC2, 0x0B, 0x05, 0xC5, 0x06, 0xC4, 0x06, 0x80, 0xC3, 0x00, 0x40,
    0xC0, 0x40, 0x02, 0x40, 0xC3, 0x00, 0x80, 0xC0, 0x80, 0x02, 0x40, 0xC3, 0x01, 0x80, 0x03, 0x80, 0xC3, 0x06, 0xC4, 0x05, 0x80, 0xC4, 0x04, 0x40,
    0xC5, 0x04, 0xC6, 0x03, 0x40, 0xC3, 0x40, 0x80, 0xC0, 0x03, 0x40, 0xC2, 0x02, 0xC0, 0x03, 0x40, 0xC2, 0x80, 0x00, 0x40, 0xC0, 0x04, 0xC6, 0x04,
    0x80, 0xC5, 0x05, 0x80, 0xC4, 0x08, 0xC2, 0x08, 0x80, 0xC1, 0x02, 0x80, 0xC0, 0x40, 0x02, 0x40, 0xC1, 0x02, 0xC1, 0x40, 0x02, 0x40, 0xC1, 0x03,
    0x40, 0x03, 0x80, 0xC1, 0x08, 0xC2, 0x07, 0x80, 0xC2, 0x06, 0xC4, 0x04, 0x80, 0xC5, 0x03, 0xC7, 0x02, 0x80, 0xC7, 0x02, 0xC3, 0x81, 0xC2, 0x01,
    0x40, 0xC2, 0x40, 0x01, 0xC2, 0x01, 0x40, 0xC2, 0x80, 0x01, 0xC2, 0x02, 0xC8, 0x02, 0x80, 0xC7, 0x0A, 0x80, 0x05, 0x40, 0x03, 0x40, 0x04, 0x80,
    0xC0, 0x80, 0x08, 0x80, 0xC0, 0x80, 0x0E, 0x40, 0x0A, 0xC0, 0x09, 0x80, 0xC0, 0x07, 0x40, 0xC2, 0x02, 0x80, 0xC7, 0x01, 0xC9, 0x00, 0xCA, 0x40,
    0xCA, 0x80, 0xC2, 0x40, 0x01, 0xC4, 0x80, 0xC2, 0x40, 0x01, 0xC4, 0x80, 0xC3, 0x40, 0x80, 0xC4, 0x40, 0xCA, 0x1F, 0x80, 0x40, 0x08, 0x80, 0xC1,
    0x09, 0x80, 0x40, 0x1A, 0x40, 0x82, 0x06, 0xC5, 0x80, 0x40, 0x00, 0x40, 0x80, 0xDA, 0x40, 0x00, 0x80, 0xC8, 0x02, 0xC8, 0x40, 0x00, 0x80, 0xDE,
    0x38, 0x80, 0xC0, 0x40, 0x00, 0x40, 0x06, 0xC1, 0x80, 0xC3, 0x40, 0x04, 0x40, 0x00, 0xC4, 0x80, 0x05, 0xC5, 0x40, 0x04, 0xC0, 0x80, 0xC4, 0x40,
    0x03, 0x40, 0x01, 0xC5, 0x82, 0x40, 0x01, 0xC9, 0x80, 0xED, 0x23, 0x81, 0x40, 0x08, 0xC2, 0x80, 0x07, 0xC4, 0x06, 0xC4, 0x40, 0x03, 0x80, 0xC0,
    0x41, 0xC3, 0x03, 0xC1, 0x01, 0xC3, 0x03, 0x40, 0x80, 0x01, 0xC3, 0x40, 0x04, 0xC6, 0x04, 0xC7, 0x03, 0xC8, 0x80, 0x40, 0x00, 0xE3, 0x0B, 0xC2,
    0x40, 0x07, 0xC3, 0x80, 0x06, 0xC4, 0x40, 0x05, 0xC5, 0x07, 0xC3, 0x07, 0x80, 0xC2, 0x05, 0x41, 0xC3, 0x05, 0xC5, 0x03, 0x41, 0xC4, 0x80, 0x03,
    0xC6, 0x80, 0x03, 0xC7, 0x05, 0xC5, 0x40, 0x04, 0xC6, 0x04, 0xC7, 0x40, 0x02, 0xC9, 0x81, 0xC5, 0x40, 0x04, 0xC6, 0x04, 0xC1, 0x80, 0xC3, 0x40,
    0x03, 0xC0, 0x01, 0x40, 0xC2, 0x80, 0x03, 0xC0, 0x01, 0x40, 0xC2, 0x80, 0x03, 0xC0, 0x80, 0x40, 0xC3, 0x40, 0x03, 0xC6, 0x04, 0xC5, 0x40, 0x04,
    0xC4, 0x40, 0x05, 0xC4, 0x06, 0xC3, 0x40, 0x03, 0x41, 0x00, 0xC3, 0x40, 0x02, 0x40, 0xC1, 0x00, 0xC3, 0x40, 0x02, 0x40, 0xC1, 0x00, 0xC3, 0x40,
    0x06, 0xC4, 0x06, 0xC4, 0x40, 0x05, 0xC8, 0x40, 0x01, 0xC2, 0x80, 0x40, 0xC3, 0x80, 0x01, 0xC2, 0x02, 0xC3, 0x01, 0xC2, 0x01, 0x40, 0xC2, 0x80,
    0x01, 0xC3, 0x80, 0xC3, 0x80, 0x01, 0xC8, 0x02, 0xC7, 0x40, 0x02, 0xC5, 0x80, 0x04, 0xC3, 0x80, 0x06, 0xC2, 0x80, 0x07, 0xC2, 0x08, 0xC1, 0x40,
    0x08, 0xC1, 0x03, 0x80, 0xC0, 0x80, 0x02, 0xC1, 0x03, 0x80, 0xC1, 0x02, 0xC1, 0x04, 0x40, 0x03, 0xC1, 0x40, 0x08, 0xD1, 0x00, 0x40, 0xC8, 0x40,
    0x01, 0x80, 0xC7, 0x80, 0x01, 0xDA, 0x80, 0xC9, 0x80, 0x00, 0xC8, 0x40, 0x01, 0xC1, 0x40, 0x08, 0xC0, 0x0A, 0x40, 0x1A, 0xC1, 0x08, 0x40, 0xC1,
    0x40, 0x08, 0x40, 0x80, 0x11, 0xDF, 0x40, 0x00, 0x80, 0xC8, 0x02, 0xC8, 0x01, 0x40, 0xD8, 0x04, 0x80, 0xC5, 0x05, 0x40, 0x80, 0xC2, 0x80, 0x18,
    0x40, 0xC0, 0x80, 0x08, 0x80, 0xC1, 0x09, 0x80, 0x40, 0x1F, 0xEF, 0x81, 0xC7, 0x41, 0x02, 0x40, 0xC4, 0x40, 0x06, 0xC3, 0x80, 0x07, 0xC5, 0x05,
    0x80, 0xC6, 0x04, 0xC6, 0x40, 0x04, 0x80, 0xC2, 0x81, 0x39, 0xD7, 0x01, 0x40, 0xC8, 0x03, 0x80, 0xC6, 0x04, 0xC6, 0x04, 0x40, 0xC5, 0x80, 0x40,
    0x03, 0xC4, 0x80, 0xC1, 0x03, 0xC3, 0x01, 0xC0, 0x80, 0x03, 0xC3, 0x07, 0xC3, 0x80, 0x06, 0x40, 0xC4, 0x06, 0xC4, 0x07, 0xC3, 0x08, 0x40, 0xC1,
    0x17, 0x03, 0x40, 0xC6, 0x04, 0x40, 0xC5, 0x05, 0x80, 0xC4, 0x05, 0x40, 0xC6, 0x40, 0x03, 0xC6, 0x40, 0x03, 0xC4, 0x41, 0x03, 0x40, 0xC4, 0x05,
    0x80, 0xC4, 0x05, 0xC5, 0x04, 0x80, 0xC3, 0x41, 0x04, 0x80, 0xC2, 0x40, 0x06, 0x80, 0xC2, 0x40, 0x06, 0x80, 0xC3, 0x80, 0xC0, 0x05, 0xC5, 0x05,
    0x80, 0xC4, 0x06, 0x80, 0xC3, 0x07, 0x80, 0xC2, 0x07, 0x40, 0xC2, 0x01, 0xC1, 0x40, 0x03, 0xC2, 0x00, 0x40, 0xC1, 0x40, 0x03, 0xC2, 0x01, 0x41,
    0x03, 0x40, 0xC2, 0x07, 0x80, 0xC2, 0x06, 0x40, 0xC3, 0x05, 0x40, 0xC4, 0x04, 0x80, 0xC5, 0x03, 0x80, 0xC6, 0x03, 0xC7, 0x02, 0x80, 0xC3, 0x41,
    0xC1, 0x02, 0x80, 0xC2, 0x40, 0x01, 0x80, 0xC0, 0x02, 0x80, 0xC2, 0x40, 0x01, 0x80, 0xC0, 0x02, 0x80, 0xC3, 0x80, 0xC2, 0x02, 0x40, 0xC7, 0x0A,
    0x40, 0x03, 0x40, 0xC0, 0x80, 0x03, 0x40, 0x03, 0x80, 0xC1, 0x03, 0x40, 0x04, 0x80, 0x40, 0x03, 0x40, 0x0A, 0x80, 0x09, 0x40, 0xC0, 0x08, 0x40,
    0xC1, 0x07, 0x80, 0xC2, 0x03, 0x80, 0xC6, 0x01, 0x40, 0xC8, 0x00, 0x40, 0xC9, 0x00, 0xCA, 0x40, 0xC3, 0x40, 0x00, 0x80, 0xC3, 0x40, 0xC2, 0x80,
    0x02, 0xC3, 0x40, 0xC3, 0x01, 0x40, 0xC3, 0x40, 0xCA, 0x12, 0x40, 0x80, 0x09, 0xC2, 0x08, 0x80, 0xC0, 0x80, 0x27, 0x42, 0x06, 0x80, 0xC4, 0x80,
    0x42, 0x80, 0xDB, 0x80, 0xC9, 0x02, 0xC8, 0x02, 0xC8, 0x80, 0x40, 0x80, 0xD2, 0x2C, 0x40, 0xC0, 0x80, 0x08, 0x80, 0xC1, 0x41, 0x06, 0x40, 0xC0,
    0x80, 0xC3, 0x40, 0x06, 0xC4, 0x40, 0x05, 0xC5, 0x40, 0x04, 0xC0, 0x80, 0xC4, 0x80, 0x05, 0x40, 0xC5, 0x82, 0x02, 0xC8, 0x40, 0x00, 0x40, 0xEC,
    0x23, 0xC1, 0x80, 0x08, 0xC3, 0x07, 0xC4, 0x05, 0x40, 0xC4, 0x40, 0x03, 0x40, 0xC0, 0x00, 0x80, 0xC3, 0x03, 0x80, 0xC0, 0x01, 0xC3, 0x04, 0x80,
    0x00, 0x40, 0xC3, 0x40, 0x04, 0x80, 0xC5, 0x04, 0xC6, 0x80, 0x03, 0xC8, 0x40, 0x01, 0xCA, 0x80, 0xD7, 0xC1, 0x80, 0x40, 0x07, 0xC3, 0x40, 0x06,
    0xC4, 0x40, 0x05, 0xC4, 0x80, 0x05, 0x40, 0x80, 0xC3, 0x07, 0xC3, 0x07, 0xC3, 0x40, 0x04, 0x40, 0x80, 0xC3, 0x05, 0xC5, 0x04, 0x40, 0xC4, 0x80,
    0x03, 0xC6, 0x80, 0x03, 0xC7, 0x04, 0x40, 0xC5, 0x05, 0xC5, 0x80, 0x04, 0xC6, 0x40, 0x03, 0xC7, 0x80, 0x02, 0xC6, 0x40, 0x03, 0xC6, 0x80, 0x03,
    0xC0, 0x01, 0x80, 0xC3, 0x03, 0x40, 0x02, 0xC3, 0x03, 0x80, 0x01, 0x80, 0xC3, 0x03, 0xC6, 0x80, 0x03, 0xC6, 0x04, 0xC5, 0x40, 0x04, 0xC4, 0x40,
    0x05, 0xC3, 0x80, 0x06, 0xC3, 0x40, 0x06, 0xC3, 0x04, 0xC1, 0x00, 0xC3, 0x03, 0x40, 0xC1, 0x40, 0xC3, 0x04, 0x81, 0x00, 0xC3, 0x07, 0xC3, 0x80,
    0x06, 0xC3, 0x80, 0xC4, 0x40, 0x00, 0xC2, 0x02, 0xC3, 0x80, 0x00, 0xC2, 0x02, 0x80, 0xC2, 0x80, 0x00, 0xC2, 0x80, 0x00, 0x40, 0xC3, 0x40, 0x00,
    0xC9, 0x01, 0xC8, 0x40, 0x01, 0xC7, 0x80, 0x02, 0xC6, 0x40, 0x03, 0xC3, 0x80, 0x06, 0xC2, 0x40, 0x07, 0xC1, 0x40, 0x08, 0xC0, 0x80, 0x09, 0xC0,
    0x40, 0x03, 0x40, 0x80, 0x40, 0x02, 0xC0, 0x40, 0x03, 0xC2, 0x02, 0xC0, 0x40, 0x03, 0xC1, 0x80, 0x02, 0xC0, 0x40, 0x09, 0xC6, 0x80, 0xC9, 0x02,
    0xC8, 0x02, 0xC8, 0x40, 0x00, 0x40, 0xE5, 0x80, 0xC8, 0x80, 0x40, 0x00, 0xC0, 0x80, 0x09, 0x40, 0x25, 0x40, 0x80, 0x40, 0x08, 0xC2, 0x08, 0x80,
    0xC0, 0x80, 0x09, 0x40, 0x06, 0xDF, 0x80, 0x01, 0x80, 0xC7, 0x40, 0x01, 0x40, 0xC7, 0x80, 0x01, 0x80, 0xCB, 0x80, 0x41, 0x80, 0xC7, 0x04, 0x80,
    0xC5, 0x05, 0x40, 0xC4, 0x08, 0x42, 0x0C, 0xC1, 0x08, 0x80, 0xC1, 0x40, 0x08, 0xC1, 0x20, 0xEF, 0x01, 0x40, 0xC6, 0x80, 0x04, 0x80, 0xC4, 0x06,
    0xC4, 0x07, 0xC4, 0x41, 0x04, 0x80, 0xC5, 0x80, 0x04, 0xC5, 0x80, 0x05, 0xC3, 0x80, 0x40, 0x06, 0x40, 0x80, 0xC0, 0x2F, 0xCB, 0x00, 0x40, 0x80,
    0xC8, 0x02, 0x40, 0xC7, 0x03, 0x40, 0xC6, 0x04, 0x80, 0xC5, 0x05, 0xC6, 0x04, 0xC6, 0x40, 0x03, 0xC3, 0x80, 0x00, 0x80, 0x04, 0xC3, 0x40, 0x06,
    0xC3, 0x80, 0x06, 0x80, 0xC3, 0x80, 0x06, 0xC4, 0x06, 0x40, 0xC3, 0x07, 0x40, 0xC2, 0x09, 0x81, 0x0B, 0x04, 0x80, 0xC5, 0x05, 0xC5, 0x05, 0x40,
    0xC4, 0x80, 0x40, 0x04, 0xC6, 0x04, 0xC6, 0x04, 0xC4, 0x40, 0x04, 0x40, 0xC4, 0x05, 0x80, 0xC4, 0x05, 0xC5, 0x04, 0x80, 0xC3, 0x80, 0x40, 0x04,
    0x80, 0xC2, 0x80, 0x06, 0x80, 0xC2, 0x80, 0x06, 0x80, 0xC3, 0x40, 0x05, 0x40, 0xC5, 0x05, 0xC5, 0x05, 0x40, 0xC4, 0x07, 0x80, 0xC2, 0x00, 0x40,
    0x80, 0x40, 0x03, 0x40, 0xC2, 0x00, 0xC2, 0x03, 0x40, 0xC2, 0x00, 0xC1, 0x80, 0x03, 0x40, 0xC2, 0x01, 0x40, 0x04, 0x80, 0xC2, 0x07, 0xC3, 0x06,
    0x40, 0xC3, 0x05, 0x40, 0xC4, 0x04, 0x80, 0xC5, 0x03, 0x40, 0xC6, 0x03, 0xC7, 0x02, 0x40, 0xC3, 0x80, 0x40, 0x80, 0xC0, 0x02, 0x80, 0xC3, 0x02,
    0xC0, 0x02, 0x80, 0xC3, 0x02, 0x80, 0x02, 0x40, 0xC3, 0x40, 0x00, 0x40, 0xC0, 0x03, 0xC7, 0x02, 0x40, 0x80, 0x40, 0x04, 0xC0, 0x02, 0xC2, 0x04,
    0x80, 0x02, 0xC2, 0x04, 0xC0, 0x03, 0x40, 0x05, 0xC0, 0x09, 0x40, 0xC0, 0x09, 0xC1, 0x08, 0xC2, 0x06, 0x40, 0xC3, 0x03, 0x40, 0xC6, 0x02, 0x80,
    0xC7, 0x01, 0x80, 0xC8, 0x00, 0x40, 0xC9, 0x00, 0x80, 0xC3, 0x80, 0x40, 0x80, 0xC2, 0x00, 0xC3, 0x80, 0x02, 0xC2, 0x00, 0xC3, 0x80, 0x02, 0xC2,
    0x00, 0xC4, 0x40, 0x00, 0x80, 0xC2, 0x04, 0x80, 0xC0, 0x40, 0x08, 0xC2, 0x08, 0x80, 0xC0, 0x80, 0x32, 0x80, 0x08, 0x40, 0xC1, 0x01, 0x40, 0xC8,
    0x40, 0xE6, 0x80, 0x40, 0xC9, 0x02, 0xC7, 0x80, 0x02, 0xC8, 0x40, 0x00, 0x40, 0xC4, 0x06, 0x40, 0x80, 0x09, 0xC1, 0x80, 0x08, 0xC1, 0x80, 0x08,
    0x40, 0x80, 0x26, 0x40, 0x83, 0x06, 0xC5, 0x80, 0x40, 0x01, 0x40, 0x80, 0xE5, 0x80, 0x00, 0x40, 0xC8, 0x02, 0x80, 0xC7, 0x02, 0x80, 0xC8, 0x40,
    0x80, 0xC6, 0x13, 0x40, 0xC0, 0x80, 0x08, 0xC2, 0x08, 0x80, 0xC1, 0x18, 0xC2, 0x80, 0x07, 0xC4, 0x40, 0x05, 0xC5, 0x40, 0x04, 0xC7, 0x40, 0x02,
    0xCC, 0x80, 0x40, 0xC8, 0x80, 0x02, 0xC7, 0x80, 0x02, 0xC8, 0x40, 0x00, 0x80, 0xD3, 0x20, 0x40, 0xC1, 0x08, 0xC2, 0x41, 0x06, 0x40, 0xC4, 0x40,
    0x07, 0xC3, 0x80, 0x06, 0xC4, 0x80, 0x05, 0xC5, 0x05, 0xC6, 0x04, 0x80, 0x40, 0xC5, 0x40, 0x05, 0xC6, 0x80, 0x40, 0x02, 0xC8, 0x01, 0x40, 0xE0,
    0x23, 0xC0, 0x80, 0x07, 0x80, 0xC3, 0x80, 0x05, 0xC5, 0x80, 0x04, 0x80, 0xC5, 0x40, 0x05, 0xC5, 0x05, 0xC5, 0x05, 0x80, 0xC4, 0x80, 0x06, 0xC4,
    0x06, 0x80, 0xC4, 0x05, 0xC6, 0x80, 0x01, 0xE3, 0x17, 0xC1, 0x80, 0x08, 0xC3, 0x07, 0xC3, 0x80, 0x04, 0x40, 0xC5, 0x40, 0x03, 0x80, 0xC5, 0x80,
    0x04, 0xC6, 0x05, 0x80, 0xC4, 0x06, 0x40, 0xC3, 0x07, 0xC3, 0x80, 0x05, 0x40, 0xC4, 0x04, 0xC7, 0x03, 0xC8, 0x40, 0x01, 0xCA, 0x80, 0xCB, 0x80,
    0x40, 0x09, 0xC2, 0x08, 0xC3, 0x40, 0x06, 0xC4, 0x06, 0xC4, 0x40, 0x05, 0xC5, 0x04, 0xC6, 0x04, 0xC6, 0x04, 0x40, 0x00, 0xC4, 0x06, 0x40, 0xC3,
    0x06, 0x80, 0xC3, 0x05, 0x80, 0xC4, 0x40, 0x04, 0xC6, 0x04, 0xC6, 0x80, 0x03, 0xC7, 0x80, 0x02, 0xC9, 0x80, 0x40, 0xC2, 0x40, 0x07, 0xC3, 0x80,
    0x06, 0xC4, 0x40, 0x05, 0xC5, 0x05, 0xC5, 0x05, 0xC5, 0x04, 0x40, 0xC5, 0x04, 0xC0, 0x40, 0xC4, 0x04, 0xC0, 0x00, 0x80, 0xC3, 0x06, 0x80, 0xC2,
    0x80, 0x05, 0x40, 0xC3, 0x80, 0x05, 0xC5, 0x05, 0xC5, 0x05, 0xC5, 0x80, 0x04, 0xC6, 0x04, 0xC7, 0x40, 0x02, 0xC3, 0x80, 0x06, 0xC4, 0x40, 0x05,
    0xC5, 0x05, 0xC5, 0x40, 0x04, 0xC5, 0x80, 0x04, 0xC5, 0x80, 0x04, 0xC5, 0x40, 0x03, 0x80, 0x00, 0xC4, 0x04, 0xC0, 0x00, 0x80, 0xC2, 0x80, 0x04,
    0x40, 0x00, 0xC3, 0x40, 0x05, 0xC4, 0x40, 0x05, 0xC4, 0x40, 0x05, 0xC4, 0x40, 0x05, 0xC5, 0x05, 0xC5, 0x40, 0x04, 0xC6, 0x04, 0xC4, 0x80, 0x05,
    0xC5, 0x05, 0xC5, 0x40, 0x04, 0xC5, 0x40, 0x04, 0xC5, 0x80, 0x04, 0xC5, 0x40, 0x04, 0x80, 0xC4, 0x40, 0x03, 0x40, 0x00, 0xC4, 0x04, 0xC0, 0x00,
    0xC3, 0x80, 0x04, 0x80, 0x40, 0xC3, 0x40, 0x05, 0xC4, 0x40, 0x05, 0xC4, 0x40, 0x05, 0xC4, 0x40, 0x05, 0xC4, 0x80, 0x05, 0xC5, 0x05, 0xC5, 0x40,
    0x04, 0xC5, 0x05, 0xC5, 0x05, 0xC5, 0x40, 0x04, 0xC5, 0x40, 0x04, 0xC5, 0x40, 0x04, 0xC5, 0x40, 0x04, 0x40, 0xC4, 0x40, 0x05, 0xC4, 0x04, 0xC0,
    0x00, 0xC4, 0x04, 0xC0, 0x80, 0xC3, 0x80, 0x05, 0xC4, 0x80, 0x05, 0xC4, 0x40, 0x05, 0xC4, 0x80, 0x05, 0xC4, 0x80, 0x05, 0xC5, 0x05, 0xC5, 0x05,
    0xC5, 0x05, 0xC5, 0x05, 0xC5, 0x05, 0xC5, 0x05, 0xC5, 0x05, 0xC5, 0x05, 0x40, 0xC4, 0x06, 0xC4, 0x04, 0xC0, 0x00, 0xC4, 0x04, 0xC0, 0x80, 0xC4,
    0x05, 0xC5, 0x05, 0xC5, 0x05, 0xC5, 0x05, 0xC5, 0x05, 0xC5, 0x05, 0xC5, 0x05, 0xC5, 0x05, 0xC5, 0x05, 0xC5, 0x05, 0xC5, 0x05, 0xC5, 0x05, 0xC5,
    0x05, 0x40, 0xC4, 0x06, 0xC4, 0x04, 0xC0, 0x00, 0xC4, 0x04, 0xC0, 0x80, 0xC4, 0x05, 0xC5, 0x05, 0xC5, 0x05, 0xC5, 0x05, 0xC5, 0x05, 0xC5, 0x05,
    0xC5, 0x05, 0xC4, 0x06, 0xC4, 0x06, 0xC4, 0x06, 0xC4, 0x06, 0xC4, 0x06, 0xC4, 0x06, 0xC4, 0x04, 0x40, 0x81, 0xC3, 0x04, 0xC1, 0x80, 0xC3, 0x03,
    0x40, 0xC6, 0x05, 0x80, 0xC4, 0x06, 0xC4, 0x06, 0xC4, 0x06, 0xC4, 0x06, 0xC4, 0x06, 0xC4, 0x06, 0xC3, 0x07, 0xC3, 0x07, 0xC3, 0x07, 0xC3, 0x07,
    0xC3, 0x07, 0xC3, 0x07, 0xC3, 0x04, 0x40, 0x80, 0x40, 0xC3, 0x03, 0x40, 0xC6, 0x03, 0x40, 0xC6, 0x05, 0x80, 0x40, 0xC3, 0x07, 0xC3, 0x07, 0xC3,
    0x07, 0xC3, 0x07, 0xC3, 0x07, 0xC3, 0x07, 0xC1, 0x80, 0x08, 0xC1, 0x80, 0x08, 0xC1, 0x80, 0x08, 0xC1, 0x80, 0x08, 0xC1, 0x80, 0x08, 0xC1, 0x80,
    0x08, 0xC1, 0x80, 0x04, 0x40, 0x80, 0x40, 0x00, 0xC1, 0x80, 0x04, 0xC2, 0x80, 0xC1, 0x80, 0x02, 0x41, 0xC5, 0x80, 0x05, 0x80, 0x40, 0x00, 0xC1,
    0x80, 0x08, 0xC1, 0x80, 0x08, 0xC1, 0x80, 0x08, 0xC1, 0x80, 0x08, 0xC1, 0x80, 0x08, 0xC1, 0x80, 0x08, 0xC1, 0x09, 0xC1, 0x09, 0xC1, 0x09, 0xC1,
    0x09, 0xC1, 0x09, 0xC1, 0x09, 0xC1, 0x04, 0x40, 0xC0, 0x80, 0x01, 0xC1, 0x04, 0xC3, 0x40, 0xC1, 0x01, 0x42, 0xC6, 0x05, 0x40, 0x80, 0x40, 0x00,
    0xC1, 0x09, 0xC1, 0x09, 0xC1, 0x09, 0xC1, 0x09, 0xC1, 0x09, 0xC1, 0x09, 0xC0, 0x80, 0x09, 0xC0, 0x80, 0x09, 0xC0, 0x80, 0x09, 0xC0, 0x80, 0x09,
    0xC0, 0x80, 0x09, 0xC0, 0x80, 0x05, 0x40, 0x02, 0xC0, 0x80, 0x03, 0x80, 0xC2, 0x40, 0x00, 0xC0, 0x80, 0x03, 0x80, 0xC2, 0x80, 0x00, 0xC0, 0x80,
    0x00, 0x42, 0x80, 0xC5, 0x80, 0x05, 0x80, 0xC1, 0x40, 0xC0, 0x80, 0x09, 0xC0, 0x80, 0x09, 0xC0, 0x80, 0x09, 0xC0, 0x80, 0x09, 0xC0, 0x80, 0x09,
    0xC0, 0x80, 0x09, 0xC0, 0x0A, 0xC0, 0x0A, 0xC0, 0x0A, 0xC0, 0x0A, 0xC0, 0x0A, 0xC0, 0x04, 0x81, 0xC0, 0x80, 0x01, 0xC0, 0x03, 0x40, 0xC3, 0x80,
    0x00, 0xC0, 0x04, 0x80, 0xC3, 0x00, 0xC0, 0x42, 0x02, 0x80, 0xC2, 0x80, 0xC0, 0x00, 0x42, 0x80, 0x40, 0x80, 0xC4, 0x06, 0x40, 0x80, 0xC0, 0x40,
    0xC0, 0x0A, 0xC0, 0x0A, 0xC0, 0x0A, 0xC0, 0x0A, 0xC0, 0x0A, 0xC0, 0x0A, 0xC0, 0x0A, 0xC0, 0x0A, 0xC0, 0x0A, 0xC0, 0x06, 0x40, 0x02, 0xC0, 0x03,
    0x40, 0x80, 0xC2, 0x01, 0xC0, 0x04, 0xC3, 0x80, 0x00, 0xC0, 0x05, 0x40, 0xC2, 0x00, 0xC0, 0x05, 0x40, 0xC2, 0x40, 0xC0, 0x00, 0x84, 0xC5, 0x05,
    0x40, 0xC2, 0x80, 0xC0, 0x08, 0x40, 0x00, 0xC0, 0x0A, 0xC0, 0x0A, 0xC0, 0x0A, 0xC0, 0x0A, 0x80, 0x0A, 0x80, 0x0A, 0x80, 0x0A, 0x80, 0x0A, 0x80,
    0x06, 0x40, 0x02, 0x80, 0x04, 0x80, 0xC1, 0x40, 0x01, 0x80, 0x04, 0x40, 0x80, 0xC1, 0x80, 0x00, 0x80, 0x06, 0xC1, 0x40, 0x00, 0x80, 0x05, 0x40,
    0xC1, 0x80, 0x40, 0x80, 0x00, 0x82, 0x41, 0xC4, 0x80, 0x02, 0x40, 0x01, 0x40, 0xC2, 0x81, 0x08, 0x40, 0x00, 0x80, 0x0A, 0x80, 0x0A, 0x80, 0x0A,
    0x80, 0x0A, 0x40, 0x0A, 0x40, 0x0A, 0x40, 0x0A, 0x40, 0x0A, 0x40, 0x0A, 0x40, 0x04, 0x40, 0xC1, 0x02, 0x40, 0x04, 0x40, 0x80, 0xC1, 0x01, 0x40,
    0x06, 0xC0, 0x80, 0x01, 0x40, 0x05, 0x40, 0xC1, 0x40, 0x00, 0x40, 0x00, 0x40, 0x81, 0x41, 0xC4, 0x40, 0x03, 0x40, 0x00, 0x40, 0x80, 0xC0, 0x81,
    0x40, 0x07, 0x40, 0x01, 0x40, 0x0A, 0x40, 0x0A, 0x40, 0x0A, 0x40, 0x0A, 0x3F, 0x02, 0x81, 0x08, 0x40, 0xC1, 0x40, 0x08, 0x40, 0xC0, 0x80, 0x08,
    0x40, 0xC1, 0x40, 0x03, 0x81, 0x41, 0xC4, 0x06, 0x41, 0xC0, 0x40, 0x80, 0x3B, 0x3F, 0x02, 0x80, 0x40, 0x08, 0x80, 0xC1, 0x09, 0x40, 0xC0, 0x80,
    0x08, 0x40, 0xC1, 0x40, 0x03, 0x81, 0x41, 0xC4, 0x06, 0x40, 0x81, 0x40, 0x80, 0x3B, 0x3F, 0x02, 0x41, 0x08, 0x80, 0xC0, 0x80, 0x09, 0x80, 0xC0,
    0x40, 0x08, 0x40, 0xC0, 0x80, 0x04, 0x81, 0x41, 0xC4, 0x06, 0x40, 0x81, 0x40, 0x80, 0x3B, 0x3F, 0x0D, 0x80, 0xC0, 0x80, 0x09, 0x80, 0xC0, 0x09,
    0x80, 0xC0, 0x80, 0x04, 0x81, 0x41, 0xC4, 0x06, 0x40, 0x82, 0xC0, 0x3B, 0x3F, 0x0D, 0x80, 0xC0, 0x40, 0x09, 0xC1, 0x09, 0x80, 0xC0, 0x40, 0x04,
    0x80, 0x42, 0xC2, 0x81, 0x06, 0x80, 0xC3, 0x3B, 0x3F, 0x0D, 0x40, 0x81, 0x09, 0x80, 0xC0, 0x40, 0x08, 0x40, 0xC0, 0x80, 0x04, 0x42, 0x00, 0x80,
    0xC1, 0x80, 0x40, 0x04, 0x40, 0x00, 0x80, 0xC3, 0x08, 0x40, 0x31, 0x3F, 0x0E, 0x81, 0x09, 0x40, 0xC0, 0x40, 0x09, 0xC1, 0x04, 0x41, 0x02, 0xC1,
    0x40, 0x05, 0x41, 0x80, 0xC3, 0x08, 0x80, 0x00, 0x40, 0x2F, 0x3F, 0x0E, 0x80, 0x41, 0x09, 0xC0, 0x80, 0x09, 0x80, 0xC0, 0x40, 0x04, 0x40, 0x02,
    0x80, 0xC0, 0x80, 0x05, 0x42, 0xC3, 0x08, 0x80, 0x40, 0x80, 0x2F, 0x3F, 0x0F, 0x80, 0x40, 0x09, 0x80, 0xC0, 0x40, 0x08, 0x40, 0xC1, 0x04, 0x41,
    0x01, 0x40, 0xC1, 0x40, 0x04, 0x40, 0x80, 0x40, 0xC3, 0x08, 0x82, 0x2F, 0x3F, 0x0F, 0x80, 0x40, 0x0A, 0xC0, 0x80, 0x09, 0xC1, 0x04, 0x41, 0x02,
    0xC1, 0x40, 0x05, 0x41, 0x80, 0xC1, 0x80, 0x08, 0x40, 0xC0, 0x80, 0x2F, 0x40, 0x0A, 0x40, 0x0A, 0x40, 0x0A, 0x40, 0x0A, 0x40, 0x0A, 0x40, 0x0A,
    0x40, 0x07, 0x80, 0x40, 0x00, 0x40, 0x07, 0xC1, 0x00, 0x40, 0x07, 0x80, 0xC0, 0x41, 0x02, 0x40, 0x80, 0x40, 0x01, 0x80, 0xC0, 0x80, 0x40, 0x04,
    0x41, 0x80, 0xC2, 0x40, 0x07, 0x40, 0xC0, 0x80, 0x40, 0x0A, 0x40, 0x0A, 0x40, 0x0A, 0x40, 0x0A, 0x80, 0x0A, 0x80, 0x0A, 0x80, 0x0A, 0x80, 0x0A,
    0x80, 0x0A, 0x80, 0x0A, 0x80, 0x07, 0x80, 0xC0, 0x40, 0x80, 0x07, 0x40, 0xC0, 0x40, 0x80, 0x07, 0x40, 0xC0, 0x40, 0x80, 0x03, 0x40, 0x80, 0x41,
    0x80, 0xC1, 0x80, 0x06, 0x40, 0xC2, 0x80, 0x08, 0x82, 0x0A, 0x80, 0x0A, 0x80, 0x0A, 0x80, 0x0A, 0xC0, 0x0A, 0xC0, 0x0A, 0xC0, 0x0A, 0xC0, 0x0A,
    0xC0, 0x0A, 0xC0, 0x07, 0x80, 0x01, 0xC0, 0x07, 0x40, 0xC0, 0x80, 0xC0, 0x08, 0xC0, 0x40, 0xC0, 0x03, 0x80, 0x40, 0x01, 0x40, 0xC0, 0x80, 0xC0,
    0x04, 0x42, 0xC3, 0x07, 0x80, 0xC2, 0x08, 0x40, 0x80, 0xC0, 0x0A, 0xC0, 0x0A, 0xC0, 0x0A, 0xC0, 0x0A, 0xC0, 0x40, 0x09, 0xC0, 0x40, 0x09, 0xC0,
    0x40, 0x09, 0xC0, 0x40, 0x09, 0xC0, 0x40, 0x09, 0xC0, 0x40, 0x07, 0xC0, 0x80, 0xC0, 0x40, 0x07, 0xC0, 0x80, 0xC0, 0x40, 0x02, 0x40, 0x03, 0xC0,
    0x80, 0xC0, 0x40, 0x03, 0x81, 0x40, 0x80, 0xC2, 0x40, 0x06, 0xC3, 0x40, 0x07, 0x40, 0xC1, 0x40, 0x09, 0xC0, 0x40, 0x09, 0xC0, 0x40, 0x09, 0xC0,
    0x40, 0x09, 0xC0, 0x40, 0x09, 0xC0, 0x80, 0x09, 0xC0, 0x80, 0x09, 0xC0, 0x80, 0x09, 0xC0, 0x80, 0x07, 0x40, 0x00, 0xC0, 0x80, 0x07, 0x80, 0xC1,
    0x80, 0x07, 0x40, 0xC1, 0x80, 0x02, 0x41, 0x02, 0x80, 0xC1, 0x80, 0x03, 0x40, 0x81, 0x40, 0xC2, 0x80, 0x06, 0x40, 0xC2, 0x80, 0x08, 0xC1, 0x80,
    0x09, 0xC0, 0x80, 0x09, 0xC0, 0x80, 0x09, 0xC0, 0x80, 0x09, 0xC0, 0x80, 0x09, 0xC0, 0x80, 0x09, 0xC1, 0x40, 0x08, 0xC1, 0x40, 0x08, 0xC1, 0x40,
    0x06, 0x81, 0xC1, 0x40, 0x07, 0xC2, 0x40, 0x07, 0xC2, 0x40, 0x02, 0x81, 0x40, 0x00, 0x80, 0xC2, 0x40, 0x04, 0x40, 0x80, 0xC3, 0x40, 0x06, 0x40,
    0xC2, 0x40, 0x08, 0xC1, 0x40, 0x08, 0xC1, 0x40, 0x08, 0xC1, 0x40, 0x08, 0xC1, 0x40, 0x08, 0xC1, 0x40, 0x08, 0xC1, 0x40, 0x08, 0xC1, 0x40, 0x08,
    0xC3, 0x40, 0x06, 0xC3, 0x40, 0x06, 0xC3, 0x40, 0x01, 0x40, 0x03, 0xC3, 0x40, 0x02, 0xC0, 0x80, 0x41, 0xC3, 0x40, 0x03, 0x41, 0x80, 0xC3, 0x40,
    0x06, 0xC3, 0x40, 0x06, 0xC3, 0x40, 0x06, 0xC3, 0x40, 0x06, 0xC3, 0x40, 0x06, 0xC3, 0x40, 0x06, 0xC3, 0x40, 0x06, 0xC3, 0x40, 0x06, 0xC3, 0x40,
    0x06, 0xC3, 0x40, 0x06, 0xC3, 0x40, 0x06, 0xC5, 0x80, 0x01, 0x41, 0x00, 0xC5, 0x80, 0x02, 0x40, 0xC6, 0x80, 0x04, 0xC5, 0x80, 0x04, 0xC5, 0x80,
    0x04, 0xC5, 0x80, 0x05, 0x80, 0xC3, 0x80, 0x06, 0xC3, 0x80, 0x06, 0xC3, 0x80, 0x04, 0x40, 0xC4, 0x80, 0x04, 0xC5, 0x80, 0x04, 0xC5, 0x80, 0x04,
    0xC5, 0x80, 0x04, 0xC5, 0x80, 0x04, 0xC5, 0x80, 0x04, 0xC5, 0x80, 0x04, 0xC8, 0x02, 0xC8, 0x02, 0xC8, 0x02, 0xC8, 0x02, 0xC8, 0x02, 0xC0, 0x81,
    0xC5, 0x05, 0x40, 0xC4, 0x06, 0x80, 0xC3, 0x06, 0xC4, 0x02, 0xC0, 0x41, 0x80, 0xC4, 0x02, 0xC8, 0x02, 0xC8, 0x02, 0xC8, 0x02, 0xC8, 0x02, 0xC8,
    0x02, 0xC8, 0x02, 0xCA, 0x40, 0xCA, 0x40, 0xCA, 0x40, 0xCA, 0x40, 0xCA, 0x40, 0xC2, 0x41, 0x80, 0xC4, 0x40, 0xC1, 0x03, 0xC4, 0x40, 0xC1, 0x03,
    0xC4, 0x40, 0xC1, 0x40, 0x02, 0xC4, 0x40, 0xC2, 0x41, 0xC5, 0x40, 0xCA, 0x40, 0xCA, 0x40, 0xCA, 0x40, 0xCA, 0x40, 0xCA, 0x40, 0xCA, 0x40, 0xFF,
    0x80, 0x01, 0x40, 0xC7, 0x03, 0x80, 0xC6, 0x03, 0x80, 0xC6, 0x40, 0x02, 0xC8, 0x41, 0x80, 0xFF, 0xCB, 0xFF, 0x80, 0x02, 0xC7, 0x03, 0x80, 0xC6,
    0x03, 0x80, 0xC6, 0x40, 0x02, 0xC8, 0x81, 0xFF, 0xCC, 0xF5, 0x80, 0xC8, 0x40, 0x02, 0xC7, 0x03, 0x40, 0xC6, 0x03, 0x80, 0xC6, 0x80, 0x02, 0xFF,
    0xD7, 0xF4, 0x81, 0xC8, 0x03, 0xC7, 0x03, 0x40, 0xC6, 0x03, 0x80, 0xC6, 0x80, 0x01, 0x40, 0x80, 0x00, 0xC1, 0x80, 0x42, 0x01, 0x41, 0x00, 0x40,
    0xC1, 0x07, 0x40, 0xC2, 0x06, 0x40, 0xC3, 0x03, 0x40, 0x80, 0xC5, 0x03, 0x40, 0xC6, 0x04, 0xC6, 0x04, 0xC6, 0xFF, 0x80, 0x01, 0x40, 0xC7, 0x03,
    0x40, 0xC6, 0x04, 0x40, 0xC1, 0x43, 0x04, 0x80, 0xC1, 0x07, 0x80, 0xC2, 0x04, 0x41, 0xC4, 0x03, 0x80, 0xC6, 0x03, 0x40, 0xC6, 0x04, 0xC6, 0x04,
    0xC6, 0x04, 0xC6, 0xFF, 0xCD, 0x81, 0xC8, 0x80, 0x02, 0xC7, 0x40, 0x02, 0x80, 0xC1, 0x43, 0x80, 0x03, 0x40, 0xC1, 0x08, 0x80, 0xC1, 0x04, 0x40,
    0x01, 0x80, 0xC2, 0x04, 0xC6, 0x04, 0xC6, 0x04, 0x80, 0xC5, 0x04, 0x40, 0xC5, 0xFF, 0xE6, 0x80, 0x40, 0xC8, 0x80, 0x02, 0xC1, 0x40, 0x03, 0x41,
    0x02, 0xC1, 0x09, 0xC1, 0x05, 0x80, 0x00, 0x40, 0xC2, 0x05, 0xC5, 0x05, 0x80, 0xC4, 0x05, 0x80, 0xC4, 0x00, 0xCA, 0x00, 0xCA, 0x40, 0xFF, 0xD2,
    0x80, 0xC6, 0x01, 0x80, 0xC0, 0x00, 0x40, 0x80, 0x43, 0x80, 0x02, 0xC0, 0x09, 0x40, 0xC0, 0x06, 0x41, 0x80, 0xC1, 0x06, 0x80, 0xC3, 0x06, 0x40,
    0xC3, 0x06, 0x40, 0xC3, 0x01, 0xC9, 0x01, 0x40, 0xC8, 0x02, 0xC8, 0x01, 0x40, 0xC8, 0x00, 0x40, 0xC9, 0x00, 0x80, 0xC9, 0x00, 0x80, 0xC9, 0x00,
    0x80, 0xC9, 0x01, 0xC6, 0x80, 0xC1, 0x01, 0x80, 0xC4, 0x80, 0x01, 0xC0, 0x03, 0x40, 0x05, 0xC0, 0x09, 0x80, 0xC0, 0x07, 0x40, 0xC2, 0x07, 0x40,
    0xC2, 0x07, 0x40, 0xC2, 0x07, 0x80, 0xC2, 0x01, 0x80, 0xC8, 0x02, 0x80, 0xC7, 0x03, 0xC7, 0x03, 0xC7, 0x02, 0x40, 0xC7, 0x02, 0xC8, 0x01, 0x40,
    0xC8, 0x01, 0x40, 0xC8, 0x02, 0xC5, 0x80, 0x40, 0xC0, 0x03, 0x80, 0xC3, 0x01, 0x80, 0x0A, 0xC0, 0x08, 0x80, 0xC1, 0x08, 0x80, 0xC1, 0x08, 0x80,
    0xC1, 0x08, 0xC2, 0x08, 0xC2, 0xCB, 0x41, 0x00, 0x80, 0xC7, 0x03, 0x80, 0xC6, 0x04, 0xC6, 0x04, 0xC6, 0x03, 0x80, 0xC6, 0x03, 0xC7, 0x02, 0x40,
    0xC7, 0x03, 0xC4, 0x80, 0x00, 0x80, 0x40, 0x03, 0xC3, 0x40, 0x00, 0x41, 0x08, 0x40, 0xC0, 0x40, 0x08, 0xC1, 0x40, 0x02, 0x40, 0x04, 0xC1, 0x40,
    0x08, 0xC1, 0x40, 0x07, 0x40, 0xC1, 0x03, 0x80, 0x03, 0xC2, 0xCE, 0x80, 0xC8, 0x02, 0x80, 0xC6, 0x80, 0x03, 0x80, 0xC5, 0x40, 0x03, 0x40, 0xC5,
    0x04, 0x80, 0xC5, 0x03, 0x40, 0xC6, 0x03, 0x80, 0xC6, 0x80, 0x02, 0x80, 0xC4, 0x40, 0x80, 0xC0, 0x40, 0x02, 0x40, 0xC2, 0x80, 0x00, 0x40, 0xC0,
    0x40, 0x07, 0x40, 0xC1, 0x80, 0x07, 0xC2, 0x80, 0x02, 0x40, 0x03, 0x80, 0xC1, 0x40, 0x02, 0x40, 0x03, 0xC2, 0x03, 0x40, 0x03, 0xC2, 0x03, 0x80,
    0x02, 0x80, 0xC1, 0xD9, 0x40, 0x00, 0x40, 0xC7, 0x40, 0x02, 0x80, 0xC6, 0x04, 0xC6, 0x04, 0xC5, 0x80, 0x03, 0xC6, 0x80, 0x02, 0x40, 0xC7, 0x40,
    0x01, 0x40, 0xC4, 0x40, 0x80, 0xC1, 0x02, 0x40, 0xC2, 0x80, 0x00, 0x40, 0xC1, 0x07, 0x40, 0xC2, 0x07, 0x80, 0xC2, 0x02, 0x80, 0x03, 0x80, 0xC2,
    0x02, 0x80, 0x03, 0x80, 0xC1, 0x80, 0x02, 0x80, 0x03, 0xC2, 0x40, 0x02, 0xC0, 0x40, 0x01, 0x80, 0xC1, 0xD9, 0x80, 0x41, 0xC7, 0x80, 0x02, 0x80,
    0xC6, 0x04, 0xC6, 0x04, 0xC6, 0x03, 0xC7, 0x02, 0x40, 0xC7, 0x80, 0x01, 0x40, 0xC4, 0x40, 0x80, 0xC1, 0x02, 0x40, 0xC2, 0x80, 0x00, 0x40, 0xC1,
    0x07, 0x40, 0xC2, 0x07, 0x80, 0xC2, 0x02, 0x80, 0x03, 0x80, 0xC2, 0x02, 0x80, 0x03, 0x80, 0xC1, 0x80, 0x02, 0x80, 0x03, 0x80, 0xC1, 0x40, 0x02,
    0xC0, 0x80, 0x01, 0x40, 0xC1, 0xD9, 0x81, 0x40, 0xC8, 0x02, 0x80, 0xC6, 0x40, 0x03, 0xC6, 0x04, 0xC6, 0x03, 0x80, 0xC6, 0x03, 0xC7, 0x80, 0x02,
    0xC4, 0x40, 0xC2, 0x02, 0x40, 0xC2, 0x40, 0x00, 0x80, 0xC1, 0x04, 0x40, 0x01, 0x40, 0xC2, 0x07, 0x80, 0xC2, 0x02, 0x40, 0x03, 0x80, 0xC2, 0x02,
    0x40, 0x03, 0x80, 0xC1, 0x80, 0x02, 0x80, 0x40, 0x02, 0x80, 0xC1, 0x80, 0x02, 0xC0, 0x80, 0x01, 0x40, 0xC1, 0xDA, 0x81, 0xC8, 0x02, 0x40, 0xC6,
    0x80, 0x03, 0xC6, 0x40, 0x03, 0x80, 0xC5, 0x40, 0x02, 0x40, 0xC6, 0x40, 0x02, 0xC8, 0x02, 0xC3, 0x81, 0xC2, 0x40, 0x01, 0x40, 0xC2, 0x40, 0x00,
    0xC2, 0x40, 0x02, 0x41, 0x01, 0x80, 0xC2, 0x40, 0x06, 0xC3, 0x02, 0x40, 0x03, 0x80, 0xC2, 0x02, 0x40, 0x03, 0x80, 0xC2, 0x02, 0x41, 0x02, 0x40,
    0xC1, 0x80, 0x02, 0x81, 0x01, 0x40, 0xC1, 0xDB, 0x80, 0xC8, 0x40, 0x01, 0x40, 0xC7, 0x03, 0x80, 0xC6, 0x03, 0x80, 0xC5, 0x80, 0x02, 0x40, 0xC6,
    0x80, 0x02, 0xC8, 0x40, 0x01, 0xC3, 0x80, 0xC3, 0x80, 0x01, 0x40, 0xC2, 0x00, 0x40, 0xC2, 0x80, 0x02, 0x80, 0x40, 0x01, 0xC3, 0x80, 0x06, 0xC3,
    0x40, 0x06, 0xC3, 0x40, 0x06, 0x80, 0xC2, 0x02, 0x41, 0x02, 0x40, 0xC2, 0x02, 0x40, 0x80, 0x01, 0x40, 0xC1, 0xE6, 0x02, 0xC7, 0x40, 0x02, 0x80,
    0xC6, 0x03, 0x40, 0xC6, 0x03, 0xC7, 0x02, 0x80, 0xC7, 0x80, 0x01, 0x80, 0xC2, 0x80, 0xC4, 0x02, 0xC1, 0x80, 0x00, 0x80, 0xC3, 0x02, 0x80, 0x40,
    0x00, 0x40, 0xC4, 0x05, 0x40, 0xC3, 0x80, 0x06, 0xC3, 0x80, 0x06, 0x80, 0xC2, 0x40, 0x06, 0x80, 0xC2, 0x03, 0x80, 0x01, 0x40, 0xC1, 0xE6, 0x02,
    0x40, 0xC6, 0x40, 0x02, 0x40, 0xC6, 0x04, 0xC6, 0x03, 0xC7, 0x03, 0xC7, 0x80, 0x01, 0x40, 0xC2, 0x80, 0xC4, 0x02, 0xC1, 0x40, 0x00, 0xC4, 0x02,
    0x80, 0x40, 0x00, 0x80, 0xC4, 0x05, 0x80, 0xC4, 0x06, 0xC4, 0x06, 0xC3, 0x80, 0x06, 0x80, 0xC2, 0x40, 0x02, 0x40, 0x01, 0x40, 0xC1, 0xE6, 0x40,
    0x02, 0x80, 0xC5, 0x80, 0x03, 0xC6, 0x04, 0xC6, 0x03, 0x80, 0xC6, 0x03, 0xC8, 0x02, 0xC8, 0x40, 0x01, 0x80, 0xC0, 0x01, 0xC4, 0x40, 0x01, 0x41,
    0x00, 0x80, 0xC4, 0x40, 0x04, 0xC5, 0x05, 0x40, 0xC4, 0x06, 0xC4, 0x06, 0xC4, 0x05, 0x40, 0xC1, 0xE6, 0x03, 0x40, 0xC5, 0x80, 0x03, 0x80, 0xC5,
    0x40, 0x03, 0x80, 0xC5, 0x40, 0x02, 0x40, 0xC6, 0x40, 0x01, 0x41, 0xC7, 0x40, 0x01, 0x80, 0xC0, 0x80, 0xC5, 0x80, 0x01, 0x40, 0xC0, 0x00, 0x40,
    0xC4, 0x80, 0x04, 0xC5, 0x40, 0x04, 0xC5, 0x40, 0x04, 0x80, 0xC4, 0x05, 0x40, 0xC4, 0x06, 0xC4, 0x05, 0x40, 0xC1, 0xDA, 0x80, 0x40, 0xC9, 0x04,
    0xC5, 0x80, 0x03, 0x40, 0xC5, 0x40, 0x03, 0x40, 0xC5, 0x40, 0x03, 0xC6, 0x80, 0x02, 0x40, 0xC7, 0x80, 0x01, 0x40, 0xC0, 0x80, 0xC5, 0x80, 0x02,
    0x80, 0x00, 0x80, 0xC4, 0x80, 0x03, 0x40, 0xC5, 0x80, 0x03, 0x40, 0xC5, 0x40, 0x04, 0xC5, 0x40, 0x04, 0x80, 0xC4, 0x40, 0x04, 0x40, 0xC4, 0x05,
    0x40, 0xC1, 0xDA, 0x01, 0x41, 0x00, 0x80, 0xC4, 0x80, 0x04, 0x80, 0xC4, 0x40, 0x04, 0xC5, 0x40, 0x04, 0xC5, 0x40, 0x03, 0x80, 0xC5, 0x80, 0x02,
    0x40, 0x80, 0xC6, 0x80, 0x02, 0x81, 0xC5, 0x80, 0x02, 0x40, 0x00, 0x40, 0xC4, 0x80, 0x04, 0x80, 0xC4, 0x80, 0x03, 0x40, 0xC5, 0x80, 0x04, 0xC5,
    0x40, 0x04, 0xC5, 0x05, 0x80, 0xC4, 0x40, 0x04, 0x80, 0xC1, 0xC1, 0x80, 0x00, 0x40, 0x80, 0xC0, 0x81, 0xC4, 0x06, 0x80, 0xC2, 0x80, 0x06, 0xC3,
    0x80, 0x05, 0x40, 0xC3, 0x80, 0x05, 0x40, 0xC4, 0x05, 0xC5, 0x05, 0xC5, 0x40, 0x04, 0xC6, 0x03, 0x40, 0xC0, 0x80, 0xC4, 0x04, 0x40, 0x00, 0x40,
    0xC3, 0x06, 0x40, 0xC3, 0x05, 0x40, 0xC4, 0x40, 0x04, 0xC5, 0x05, 0x40, 0xC4, 0x05, 0x40, 0xC4, 0x06, 0xC1, 0x0A, 0xC0, 0x09, 0xC1, 0x09, 0xC1,
    0x80, 0x08, 0xC1, 0x80, 0x07, 0xC2, 0x80, 0x07, 0xC3, 0x07, 0xC3, 0x07, 0xC3, 0x40, 0x06, 0xC3, 0x07, 0x40, 0x01, 0x80, 0x0A, 0xC0, 0x0A, 0xC0,
    0x0A, 0xC0, 0x0A, 0x40, 0x08, 0xC2, 0x08, 0x80, 0xC0, 0x3F, 0x3F, 0x3F, 0x3F, 0x3F, 0x3F, 0x3F, 0x3F, 0x3F, 0x3F, 0x3F, 0x3F, 0x3F, 0x3F, 0x3F,
    0x3F, 0x3F, 0x3F, 0x3F, 0x3F, 0x3F, 0x3F, 0x3F, 0x3F, 0x3F, 0x3F, 0x3F, 0x3F, 0x3F, 0x3F, 0x3F, 0x3F, 0x3F, 0x3F, 0x3F, 0x3F, 0x3F, 0x3F, 0x3F,
    0x3F, 0x3F, 0x3F, 0x3F, 0x3F, 0x3F, 0x3F, 0x3F, 0x3F, 0x3F, 0x3F, 0x3F, 0x3F, 0x3F, 0x3F, 0x3F, 0x3F, 0x3F, 0x3F, 0x3F, 0x3F, 0x3F, 0x3F, 0x3F,
    0x3F, 0x3F, 0x3F, 0x3F, 0x3F, 0x3F, 0x3F, 0x3F, 0x3F, 0x3F, 0x3F, 0x3F, 0x3F, 0x3F, 0x3F, 0x3F, 0x3F, 0x3F, 0x3F, 0x3F, 0x3F, 0x3F, 0x3F, 0x3F,
    0x3F, 0x3F, 0x3F,
};
